497645 531514 459966 490826 486255 483239 479433 524311 544782 514615 477146 506348 442434 498246 477946 520046 497039 517186 459538 535310 486284 478913 485984 492629 491082 463294 517638 461900 483306 493219 447985 499354 454763 500013 500911 534489 476142 464473 496554 523434 472439 491754 500666 499562 537938 469231 491055 454703 467994 506353 516508 495397 497203 516017 485105 489391 515720 518175 466053 478744 506775 555042 497238 495396 497044 543168 516545 472971 475260 480329 485404 489263 508541 475252 519175 481614 465750 500463 473144 489540 506829 536464 467563 545639 535782 515829 494197 465477 441765 505341 504866 529364 472218 510518 507952 456244 515473 466701 509317 515723 441267 479342 514309 475986 493351 501764 500637 502670 509060 514221 496570 539804 470228 500636 463959 484166 465961 496642 479571 482819 505171 453545 489996 499473 476101 496278 453472 522354 482673 504533 517043 453725 533089 488762 532032 498869 505230 535035 485287 482923 480090 449423 508729 506405 503369 483474 512540 472287 479993 468593 493586 519209 433620 490695 485773 506791 493036 484499 531196 451519 446771 497536 485665 513193 527248 476459 501486 493223 483918 491822 483152 533420 472576 511972 476744 473520 524384 515903 502217 477095 489296 497367 507956 502303 532999 426736 489511 517674 488564 486432 497978 501192 496135 482788 478172 503983 462389 514518 533924 519485 
485614 529089 462939 471427 495276 500262 458515 524177 509799 520213 473748 490006 430819 471882 485729 517023 521764 505227 478633 502962 466170 487496 495945 523395 459019 493630 501708 478150 476185 495013 463744 488560 457601 490728 476003 512761 481221 471093 498608 524167 469929 480503 470701 496278 492532 478324 492985 481737 476845 518823 516645 495497 476697 519647 470773 498979 539932 468228 463231 498494 496916 507818 499764 497727 505806 530811 502613 486189 487690 463536 510981 500035 510910 485032 510479 462357 435807 453614 468005 500084 496362 530164 463875 503596 506661 507646 470349 492629 441872 480127 486641 510628 482644 492662 485656 470741 504178 470277 517205 517598 415031 466948 498694 459925 472534 504150 503137 479601 490384 502963 503972 506181 458397 492162 470160 489277 480361 498767 482233 480108 502928 444070 475182 474016 470532 509301 469338 544326 479142 492877 514809 466987 500405 514923 532170 507938 513404 522781 495128 492759 485814 476649 520194 497873 499579 495775 517946 504133 483831 476872 462103 504762 449132 493016 465982 490085 481535 488799 505197 473829 453877 487881 459092 522845 552117 483751 498294 478150 461596 497149 485072 533691 473854 507744 456524 469709 501492 484033 518520 472261 495236 538007 486521 495810 520371 440153 503365 494038 471378 445359 495559 464934 500507 484994 468792 469509 464120 506033 540606 532385 
561072 568659 497834 546537 538067 540809 515964 572798 560387 589961 513762 520083 496968 523000 525044 555174 529365 540829 513616 546889 532697 537651 548231 561775 516616 518286 584211 529151 521506 556297 522732 541455 499163 544486 542563 553649 520019 532243 556152 535574 524630 522418 523990 564954 567610 524348 548374 501628 511867 553594 551377 548944 522930 548850 534644 564010 566293 530730 491215 568812 543229 588503 562789 562527 548669 596343 563218 501566 543277 522318 529868 524595 570602 517899 572131 519557 510710 531703 504462 531540 537520 577382 535913 588373 556529 576282 547473 519616 486135 531920 552737 582844 556140 547629 528392 513768 582234 536446 546747 561936 460937 527364 538842 513817 519118 570713 561483 526335 538624 560655 553518 565327 547076 546694 511484 563054 516412 576752 520681 509617 558896 486419 555070 541001 507782 554530 519923 587520 536771 548218 571142 519346 541972 544828 599342 570124 552452 571201 522991 570571 533148 490502 545554 541645 550179 535451 599421 515136 527190 535450 541503 551531 485471 551127 503513 529485 536803 539352 583746 511268 507580 573182 512184 535312 586520 495738 541585 515788 522356 523014 519182 605474 537690 563185 505441 516605 581017 564533 557108 513099 543123 539869 546310 550880 562156 475091 536737 563333 536802 489177 558430 518566 544209 524950 512741 524653 508748 546527 568024 570091 
504013 551851 488868 474126 516409 499755 474801 518174 525879 542579 492676 482548 468183 488420 506717 529388 489671 506101 498670 544254 501793 522213 508194 514485 484557 497945 518190 478065 485529 505688 484600 513391 478609 530887 482998 522368 470512 490338 504339 524873 495312 499184 496950 516875 535593 477197 481593 461713 486726 508623 520626 508350 493878 517156 480282 509169 545419 492441 463599 500146 530788 553724 513862 529700 504596 547786 497714 480722 495365 488675 492470 503913 523424 484424 540222 481114 466619 501202 476927 511353 504790 532259 478198 557029 536937 528528 494616 481794 467272 492034 520780 540387 486517 510559 492296 497341 529737 489603 505949 548684 446841 466970 512437 471982 496852 522571 512358 478045 505028 519159 510463 504548 501630 525458 486306 511455 507259 514424 500228 501212 526362 464725 518827 490345 479789 524594 486209 545263 478153 512801 519794 471915 529020 505524 545399 528264 519252 538726 489468 517212 476781 454441 506343 503217 537890 476272 535617 478637 493035 477070 514244 507275 424403 503471 502000 507454 518101 501918 533912 470727 488727 502606 493871 509641 539913 503373 512542 488628 471020 519520 498455 520640 484754 516820 492134 468260 521454 497301 487293 499618 484300 523353 507291 510530 500741 455404 495637 493419 508942 474484 513656 484296 494529 462150 478111 492975 455552 545572 530833 514829 
490893 544023 488003 503575 516698 504291 499818 541848 543846 538829 506530 517359 480705 525846 540931 544868 525699 553854 488830 530819 508614 511384 518719 550813 493708 515094 531655 484463 509962 534951 487999 525242 490384 513634 529307 513069 509278 506859 502490 518909 524366 507515 517774 536739 517433 475024 519599 467430 506979 532476 532670 526774 492833 526206 515462 526103 548263 513156 473145 507779 523416 556887 523311 539576 536151 538787 528796 503591 502368 497598 530929 525497 555132 523330 538705 501186 488070 518305 493113 531122 521467 549883 512309 550622 541312 541823 498965 493263 462547 504953 519014 547444 513196 512319 512727 511968 548315 515511 519827 551943 430877 480819 530848 500208 506624 553335 536375 501520 534406 546500 522135 531223 494357 517848 498932 526360 502630 512308 506219 496858 539541 467709 524466 491142 496928 525592 498180 549954 500999 524227 555808 494963 526836 530800 572688 532801 528207 560811 504813 529644 478096 491632 516530 525213 539962 498595 530776 509530 496564 511795 519128 515869 475673 519111 491014 532889 518691 504580 553720 496259 486218 507659 481123 545285 558193 500252 511256 504258 494794 515603 507071 556740 511191 558913 495852 443485 533433 533988 506134 488017 536142 541002 513083 509307 543454 477288 525339 523943 529978 489714 529412 511761 527745 507166 479228 499217 497760 534351 551753 536847 
487544 503970 464326 484374 483344 494137 481701 522171 523051 538735 471400 478668 453668 484767 513425 512747 494648 509006 458772 488594 465226 488003 496981 514071 465327 477033 491289 460492 497967 494977 479454 491607 454267 501092 500217 515765 493551 464391 498015 501374 489467 467600 492316 501625 493383 452735 475122 444186 480314 516974 517461 480539 473615 532968 502245 505027 499527 471993 444148 478587 491109 513472 498406 493039 488214 512763 521724 447099 490411 484345 499058 469637 501998 493723 510680 457704 441063 475576 465782 503425 518458 526175 465228 522349 514875 509838 484704 473817 448564 505946 511982 520630 488087 494529 498224 471860 511543 464620 491734 503031 390818 479535 495332 470124 488156 496676 494662 482962 478650 511120 520226 493999 475799 494432 479780 512648 471991 497660 486046 475456 490464 444377 501842 486767 470910 509460 464475 515008 463185 517142 525924 458624 513361 475934 540845 486769 507241 517906 465415 517734 508825 442619 504981 500040 509316 504483 515324 485085 486957 463251 469388 503270 460507 497776 450040 485257 507528 486343 546569 442329 451190 496051 461439 495795 529445 470730 491846 486553 479513 497659 474323 519739 485129 545187 478480 450197 520524 506575 504905 468074 511230 514358 477609 508521 537207 433697 507934 498599 477058 453046 490587 457117 496380 485967 490443 483915 474868 510141 513629 508483 
466375 491604 445647 443964 469935 467795 471066 489841 500877 503097 482909 454875 437021 475578 469489 480854 471129 480859 449936 450361 462936 465766 482481 503721 455066 486188 482101 478785 457824 462507 456854 492585 417579 455460 469376 501424 441543 467018 480624 476224 458721 454874 497264 474291 475619 466373 464781 446340 470518 468743 480330 493446 465401 473808 476592 494756 499965 433800 443058 458853 511010 499602 485214 456527 477432 498938 484981 442506 456592 474982 469380 479762 485074 497702 499430 447573 451986 469649 460303 462568 476702 518990 465528 488543 496423 490981 452253 456664 431158 474770 475994 491113 487934 497495 485937 461762 505597 492990 469324 484659 411764 450211 474614 436760 457491 477066 465917 454120 461234 490830 467405 477921 452778 489375 448945 491975 464700 493729 459068 463348 493765 432770 493433 457141 459612 498237 455882 517904 470277 461841 511580 472665 485168 468671 519463 483222 491451 518029 454682 484889 466183 442706 498711 480189 488203 481716 515020 466519 453303 464294 459428 471439 429384 459287 465142 474223 473719 473010 527576 436585 457721 466068 445193 481534 519999 449287 472108 478885 456162 485038 479547 522583 443078 518636 449438 440697 489058 487230 503267 426260 484131 484480 458855 479253 504051 407415 453958 487888 468206 447118 500565 454469 476303 437172 430892 460922 441093 497308 480755 517062 
484211 513375 469710 475883 505410 511270 474709 527673 531992 557028 474489 481975 462693 502024 505147 498160 493328 514510 460334 510750 451222 496173 505885 550245 473286 508896 516249 481325 512433 525600 505422 481177 458644 508474 481235 520860 477502 472164 489776 507764 512821 483960 484218 509893 492820 479962 510630 470549 510430 499034 524606 522899 457385 523064 472575 528511 520009 482688 455246 498714 459063 530884 491970 514154 494766 553917 541350 452218 473257 495275 516396 470135 519301 490460 532430 489121 453919 481315 488491 505605 487191 554711 489204 520542 507352 510500 496275 512702 451375 501054 521145 541540 510710 490628 491745 476514 518510 473535 491817 517715 414843 477332 507963 479401 478125 524416 510005 499622 493642 504049 516512 527020 476878 519302 467376 506729 488366 513451 496375 501222 523092 450055 515619 501564 480706 520429 457001 565105 479478 505128 523412 459539 497353 519213 537090 524505 508798 525418 497335 540005 483191 457757 516483 533630 509774 524180 533314 487617 490267 478975 506530 497442 468230 504360 491690 496253 501698 526723 562605 471681 427566 489626 456758 512684 530372 477157 479932 484842 486586 480415 478606 533681 469544 520374 479393 451722 529611 542801 505583 493834 512939 507301 509183 512110 530847 439887 508838 482300 492772 454583 520412 476607 519606 507775 478615 497576 481630 502766 521837 531362 
474839 518904 461331 466209 483243 475666 470306 504531 528461 532180 457851 479393 442019 486147 483173 504234 484170 513317 467942 509922 470099 467582 504302 521568 485559 490345 514528 481562 460598 478632 454319 476185 467193 485863 487254 499092 453929 480207 498474 509252 468027 465515 481722 482141 502604 484558 496683 450593 461592 466392 497074 482597 446682 492309 489346 505732 492677 470648 421303 488931 508989 519503 489867 481461 523654 528330 491874 478695 460759 462159 479475 491177 514427 487108 507422 492273 451124 461369 474076 484189 481841 530064 461924 530683 519697 498328 479946 480891 452828 507475 477124 494155 469408 510069 492899 465394 498671 459172 497139 522122 415484 447310 501659 485341 489193 508736 492408 466153 491352 503575 505738 490568 469032 494408 474311 519134 468934 512425 505927 456858 491316 457205 485981 468808 483084 507112 475068 520225 478601 499517 511059 495488 476401 479999 521552 499167 481467 519922 459982 500554 463958 435759 486164 490780 524007 470478 492670 488074 474629 466123 511776 475394 446213 495273 467662 486074 480555 486057 521197 463725 461338 477720 484887 515470 529508 467612 491080 456357 454856 491725 489951 526625 483301 505620 464365 464438 517160 488755 514262 481974 492874 498821 483320 494679 522976 434194 481972 497336 478359 436925 501754 472037 497906 462700 467079 467338 446603 508405 503527 504635 
477881 526177 466725 492184 520647 496022 472291 539754 529187 547082 487081 502791 455293 506049 497682 511168 493239 496702 477648 505149 495078 492716 508191 527350 478814 478240 545138 501601 503662 499342 471300 501232 467483 507293 493963 531734 501352 496870 512520 519176 477809 467934 487538 509443 512918 481795 514159 466738 482533 500601 523161 514090 469268 510900 496714 524155 525887 481826 452345 499505 487159 503228 529573 504642 512105 536022 535007 461708 491594 482417 493850 497707 535793 491252 526638 479527 476629 488871 492407 488844 509550 542941 486953 530366 526530 526823 486913 488786 463778 511695 494180 530437 497917 509402 510279 497259 539065 492986 488218 525734 412047 486916 506749 489388 483714 530947 501912 508782 474035 523501 489544 512857 476293 529585 500871 520846 471459 500677 509616 479407 510074 463178 514338 488476 475379 498242 467684 534464 483255 506595 538253 486859 519464 499188 526606 524345 509100 531124 484299 539259 508410 477389 505239 534552 498647 514127 534921 480715 490978 490056 511271 514711 456494 499968 498852 502206 515386 486011 567468 460975 456133 518539 482422 517443 552075 477497 498859 460533 488100 498657 485417 523144 489675 526076 489763 463227 514567 517891 541824 484351 499573 513191 483224 517724 529318 454687 493672 514703 484044 453068 513714 502246 499162 496521 492525 477301 465327 510848 532124 523885 
492333 540998 459203 516771 512708 505103 490606 549751 555238 528234 481342 506851 485227 494785 547347 532359 496175 525642 492368 524637 482098 476682 501325 541178 475524 510015 521722 498845 495724 523417 488818 511863 457731 534234 505996 545058 489739 458434 498020 532051 474167 494330 520465 544036 522309 502329 528283 471067 505901 502519 516554 516288 500039 529833 506317 523364 552538 511450 470703 483741 524957 544564 526207 518661 528529 543526 533977 466114 512237 497822 532778 521508 528192 481887 541016 462949 437653 486541 481792 491932 523110 544129 477503 559337 551724 521179 513209 510263 442873 486878 511975 528412 509830 501150 514050 505260 511450 508975 493061 531557 442111 487528 510866 502645 494627 513079 493676 513536 503980 502345 526536 529808 480584 511213 491984 526312 477516 525119 494203 472866 512470 460327 527365 507587 480791 512406 477737 552332 520067 530307 540031 468713 519338 502426 556751 520199 537605 561486 494503 525282 501295 469614 513793 527029 517317 502345 557803 467095 493834 513337 499890 510386 459479 507718 515628 511044 509214 499135 550418 472434 461099 511065 483461 505826 552537 513394 518596 503426 495705 501532 491974 517395 500308 541230 489100 444419 526995 535949 523559 483967 500461 512172 498329 506401 532722 466358 490201 526476 496354 490295 511756 477953 522571 511457 496009 499313 488977 504139 525603 534689 
438139 470366 430865 442912 474055 430084 452546 442051 484481 483206 446566 439543 401623 432827 438141 471277 467320 455863 455735 454473 447298 450534 469447 460096 446221 444402 487125 425657 456499 451367 441096 452969 425309 460628 468130 478904 436061 441315 449981 467891 426937 444805 466031 472388 449627 422530 450057 419416 445461 439838 491021 448570 421799 455051 441417 462587 464530 448273 432737 446795 449113 495609 474978 468549 460388 455442 456655 414044 443308 428150 448218 443370 488743 447489 459307 426101 406279 438485 422044 462192 451282 494110 437866 462050 481281 471962 432600 451764 393073 457821 456921 476334 461491 452751 446745 419103 481016 442522 444414 483895 384511 450226 439794 408564 443024 462711 463015 445377 442001 463761 471837 446929 442719 474213 454878 464465 441652 471112 454293 454147 474131 412380 467057 445008 419518 468430 435636 485360 435148 456474 474566 433350 468721 447682 519626 444213 467846 477498 411607 475210 430889 405503 461591 463989 464631 446939 492483 457350 452171 453551 433185 433247 422980 445458 436959 455139 461382 474444 487227 420307 425400 460382 428585 490194 481397 438164 440903 442047 426362 470334 479393 469596 421053 467478 430979 407057 464574 464736 482925 419574 452724 437831 450741 448687 453738 430848 446642 455039 456550 418849 444702 457779 434924 467838 449042 435861 422763 478322 440666 470106 
493660 516904 463708 475671 492742 503154 472901 498260 528663 498059 483624 489257 457619 480770 512606 505648 515414 501431 480499 525239 474400 477397 482261 519065 473856 481176 493048 460677 491179 483444 456180 479066 478074 503931 489771 527313 483638 461464 481626 514918 456475 453856 473690 508032 491479 479053 495851 436060 492631 519710 503956 497950 490707 520101 468809 489267 536506 469970 443347 487129 482871 536296 495603 487658 497902 520560 503883 458610 502234 458815 503568 483964 514874 477188 523566 469214 429017 470126 450652 500896 502744 506949 468426 508617 522333 516153 499377 452006 437472 480577 489592 528163 492882 476549 498708 480196 506163 459934 487058 517834 402644 474378 485801 473325 471908 481927 515799 473622 499191 512654 513847 494668 462991 521902 484494 490134 474311 496080 464052 479445 507777 444648 496328 467877 479884 501410 464788 531250 478551 504892 532451 455871 498353 501875 531897 520383 503504 548028 492289 512358 476882 457548 518931 524218 508332 487350 514525 480860 487224 491592 475647 489532 447374 519812 489611 498631 483467 476776 527957 463769 461650 470740 482756 503126 518491 472403 499847 465930 468502 494715 463602 521960 478527 512361 481059 444864 496754 516754 512204 462047 490331 505050 504338 490219 524391 444045 491752 510193 483318 454235 490696 462298 501111 481062 474359 481414 466807 484087 515321 508214 
471380 506482 465762 464696 495950 463460 440209 505752 513965 509518 475592 478882 414444 482431 473262 495783 465571 481470 439225 499932 463810 464471 511991 500181 434190 471726 506472 456895 472978 500796 462554 442635 464894 476272 472519 467330 453353 459341 467655 481946 463100 455734 470538 480809 461224 458113 472301 455825 467443 485897 530463 496979 458347 485328 461601 471679 490061 459618 413664 479122 455416 516217 501533 468502 482064 507126 491105 458902 473246 461301 481639 489569 495728 450846 495546 458293 437618 480170 463705 499137 490024 527545 463468 506190 487278 493867 464576 482050 422755 484016 460309 502191 487294 470826 466012 453644 487616 430068 488756 522443 407669 452638 463998 446308 432160 497736 482746 470523 473621 486699 483104 492683 456201 499910 465295 462811 457855 492609 476552 449813 509540 432672 497079 463865 453226 475274 452476 526574 457969 472650 504461 477301 489195 495059 509155 490305 465726 504136 459115 483799 457011 455789 476184 503057 484517 459858 510070 463373 457895 460374 465889 473879 435728 475659 478338 477742 473535 474785 512197 480705 435782 453775 443422 480716 517922 458491 482124 458221 447511 481004 483090 513660 461147 477194 438266 443054 496614 495153 490778 450397 485784 469269 482260 478990 493113 428476 488968 479249 471335 445176 482972 468252 493121 477227 462095 451404 443668 485479 502252 510301 
475109 512479 467932 499913 487931 482789 475313 522443 516825 524438 489400 469333 462645 476771 513068 508054 463868 492988 483705 521948 464656 476318 499698 521890 475300 489024 493306 469306 480755 509426 461027 474688 439834 514811 468957 508940 477371 478976 489457 512371 446836 442316 480455 469304 515447 470330 440282 446777 473787 496173 521261 499165 472655 500156 481513 500472 508552 478053 449065 493824 510072 510623 479920 483909 461745 509833 476588 486576 476921 472397 486850 493269 497539 467589 531078 479344 461163 473689 457230 483802 488962 520409 470294 523924 512709 495606 487884 477011 418826 478332 497050 516332 499182 499862 478621 470237 524115 474764 500675 504896 418987 464804 489694 445679 446297 503670 483389 476402 496151 490420 508756 505290 466762 511887 474972 485940 488894 516516 491549 477520 501828 456369 504312 493969 481730 515261 447851 521395 477455 477288 513966 437912 521198 496016 535568 512649 501981 533168 483895 494580 457598 463993 512330 485028 511293 506980 528425 480018 481101 483587 487655 491397 421101 484958 449879 480879 490980 507877 535664 478437 477283 468192 478762 504279 522452 486184 506766 476446 485261 499467 470454 513980 479921 495583 470573 465901 499558 507658 489806 465379 490090 502298 482565 485108 524162 439955 506535 485246 479440 447096 475656 480738 499990 456960 465552 489590 448054 518071 499142 516319 
475355 493364 465792 463614 474591 455550 456835 491938 505413 483731 451783 459284 424953 460270 473535 483985 487086 496149 436601 481586 457245 462878 487102 499439 466472 474027 482142 449899 497721 481366 449548 489435 429044 474984 473512 498167 449104 437849 487441 482346 489029 469976 450437 486639 486020 444632 482675 436904 454710 472777 502938 469299 448576 484560 459149 492892 503998 486884 445558 468446 471608 495045 492969 481220 471562 516286 506104 437824 469733 461991 469267 448359 510931 471384 494032 464560 421772 477322 435221 464313 484667 510341 447047 487383 512293 465219 452523 452439 429489 473211 459368 490399 462804 467691 459194 453977 500408 465765 450148 478306 402211 482471 472612 468006 475223 492578 495907 452285 477582 483876 501458 477199 456069 483941 457975 481651 475396 475035 469378 454678 496017 434571 484366 485958 452754 476958 461938 513257 456404 479323 502113 443809 489939 465761 520396 477749 500687 498677 442733 464399 436399 458492 484174 488839 476773 488845 496286 472456 478518 441516 455141 461266 442206 490411 439805 473330 474806 489853 524700 461818 424469 477148 441390 487973 518507 463416 475529 455472 477185 465440 468093 506752 461930 481036 453895 443481 480088 500112 476209 461732 484010 489504 457193 459951 506007 441933 484241 466322 481317 440721 491498 451592 482348 467757 459236 473860 450496 488252 499023 495146 
494272 567348 498234 500362 500105 535894 478342 549593 550093 538553 481910 503782 470341 509855 523502 535286 541098 530945 494000 513373 493385 487027 531849 538075 484645 513852 554949 504326 496526 508102 491080 511224 470243 504269 513932 543737 491510 498060 536439 525640 501227 484363 510847 503311 527790 493167 515856 498230 489028 519145 552889 518134 502540 533752 503257 535157 542618 492645 471959 519303 542391 549988 535130 521941 519306 542609 540567 490871 512985 472831 527738 515805 555635 499543 551112 488523 478258 496795 485324 515047 511282 551585 509461 540821 547948 546411 517261 496338 465683 516997 514804 538936 527245 504182 509821 492052 552864 508789 522512 531751 427836 506706 535565 499518 498174 536164 513556 486114 510085 536648 542099 529523 482071 526404 516071 516363 507805 526500 494656 476562 523216 485893 522039 503784 483937 533097 504120 550946 500380 528262 531550 488875 517989 510017 559985 517977 524637 550673 516804 535917 493231 464673 520449 526071 526705 494973 545373 526341 512210 500271 498876 506907 473706 527333 473871 526721 495072 521564 558062 472787 491115 502884 513290 526463 568277 490038 509626 493792 504873 511479 490403 572568 484994 544819 488659 468177 526767 540845 519445 515589 527543 537631 505290 526093 525576 463499 488478 526516 506608 486678 523494 485301 512942 488623 493779 490226 494643 511889 547977 549551 
456275 513102 464516 480202 480635 485882 466505 509313 523194 495710 446556 466086 441523 466640 484620 530987 468238 508674 458343 505325 470681 468986 470043 516150 472418 486331 502136 458882 464299 486205 442335 479256 451240 504115 494469 501630 450562 448953 483711 481720 463232 466542 493441 499837 509381 456924 477297 457139 459759 488398 472815 478187 456942 507499 503536 485252 495281 465806 452511 509697 470512 525848 513059 503385 500637 504531 471704 456220 483428 464791 483315 469384 514780 474589 524015 466676 447475 474946 456712 475956 491850 520095 480445 512338 522451 509318 472378 465242 432519 471963 484879 493468 461867 465301 466014 444749 508446 480720 489082 510277 407580 450531 486892 494628 469091 509747 489521 479392 505052 469267 482646 496564 478529 501625 484959 483325 481186 505987 498987 462409 489245 432731 512078 486372 474899 494129 467423 526432 451421 473829 495678 447133 494606 481194 531299 467864 513383 518928 482303 507039 486634 438414 484158 479241 501039 486998 513315 478272 461870 484104 510906 475067 439760 493238 451048 474505 464974 489289 525412 445017 447201 488659 482659 508934 537529 468287 499987 477663 477077 490277 488143 504851 481144 504095 459373 425329 494954 484470 495836 494575 496551 486951 503683 497917 523094 436269 478013 491636 484796 444615 498391 467004 504584 487408 463018 489750 467187 508724 514712 506088 
472853 543114 486755 489747 507630 490570 482694 517183 545396 541204 504674 486074 473622 497379 506849 520911 513540 513959 463358 524850 470958 488638 539086 539357 480992 499732 527658 497833 495863 517994 471643 484999 461225 482990 508977 524132 472895 468803 484793 516547 467788 488148 495042 509650 496361 488190 467824 454668 474684 517212 507737 510510 491829 494200 484493 526742 528943 473809 445345 503011 510945 517959 514121 492099 516383 532380 519983 477744 516371 490256 495483 502411 511479 493820 517567 481718 478619 485819 466747 504506 515358 525262 486744 523794 514168 523460 494152 503442 456941 512593 503008 539432 486310 495555 515444 466886 502213 487816 506417 537629 411109 484953 506527 480798 473537 500749 507796 488386 515152 497846 516647 492815 488923 525966 495864 501122 492412 510325 512026 490770 514371 440538 522133 496463 494447 516399 464961 534381 465821 505244 515623 488288 517240 514904 549130 505515 525299 532569 470656 530619 479178 461889 521718 507733 508192 470541 552459 495061 487980 484499 495217 499807 465866 493312 458596 489392 505298 497589 554995 465515 468713 501556 501860 510675 565217 474966 504308 459825 486685 510020 499499 546561 480496 520887 494604 450027 512373 512064 530810 523289 502395 508305 509571 514089 521449 468618 530978 524299 495981 472477 524226 480059 512870 477676 482331 500160 456055 516268 528336 503502 
486423 540113 471835 496018 506079 513247 492222 565536 560776 554828 494435 502486 470079 492678 490646 521095 510347 545452 495261 514493 490541 520473 531467 520197 483701 499149 543726 508260 495897 521733 497977 509890 482346 522999 500920 541716 512187 506519 486437 521793 496595 491180 504574 517086 517614 493611 506983 475698 487249 517602 537078 509397 477088 542937 499418 526572 532896 489675 457674 518966 500596 544155 524251 513827 529360 527190 514909 495411 465390 492584 516000 509245 525101 513673 539016 498267 470754 502028 497774 525666 506758 548908 498500 527293 524483 514885 519845 509978 464655 513231 499692 537957 506036 498345 482059 497054 533180 490302 519272 523023 413914 483780 535034 479623 484802 533575 511071 483932 503888 515212 514876 518656 491562 521042 501866 542629 508779 509344 524074 494344 502456 467952 522337 503126 502921 518192 487621 569166 498380 513312 555033 495555 526750 523664 541466 517476 505930 558353 507037 529056 499079 462995 494479 498376 522944 526447 553443 491197 494770 484384 514047 502818 453829 513542 478535 512101 510186 518140 566559 465000 477631 514559 489807 525642 560665 492029 509675 480843 478287 490904 499164 546590 489511 566903 496750 482780 524086 534119 522012 494249 515820 543609 515493 539747 532139 452523 507370 509554 491875 488142 498771 493748 524233 517327 486860 470789 484485 535673 539566 563247 
475494 495588 462965 468489 484503 462668 473620 503041 517085 526111 473051 488407 428365 481463 478844 488833 495397 486586 469930 499594 492249 462077 474856 516475 465457 478915 506745 466598 472133 476572 463735 488515 472851 476576 495876 516700 455105 486665 494160 477073 468107 466714 474322 492883 500746 460907 467437 451629 471153 457217 506954 485018 471130 477269 477337 501621 511238 441964 453166 473453 477194 512352 497452 511573 504991 518123 505438 460055 475000 467473 506486 469362 494457 478465 504528 474899 454709 478374 451999 461090 485797 521422 462391 489685 512554 496178 484365 452662 434075 487547 478685 502122 490965 482515 488931 471928 513306 462851 470606 504521 405272 455588 490094 458882 462558 497904 483610 491899 472671 489575 496977 492682 459965 499130 469043 485211 475287 485639 460585 463956 505982 442087 482122 464726 456597 477547 465324 519755 458820 488414 509816 460530 490173 488793 522023 487730 494822 520726 474993 504470 444867 453463 507462 492069 487013 493550 495168 474862 460135 479110 485366 490480 441392 477104 462582 477470 475005 511011 514242 468650 455499 479761 475005 506406 534362 483332 485030 447153 458512 478997 454899 512379 471279 501301 464421 442138 507379 486321 509268 438344 478306 494424 482391 485364 510329 443567 488728 477297 483040 455140 479053 472727 493630 474983 467514 467906 465997 511164 502860 514732 
425157 449694 432996 435856 453399 425472 434449 453309 450800 445983 424141 432839 412550 428796 447715 469291 424509 451683 418752 472384 419140 431748 439578 467796 427303 438337 454433 432235 428589 443809 422092 437512 391327 449012 434102 482879 418439 415843 437720 446806 428526 444893 440797 446210 469001 428374 430847 414458 428038 448809 460935 423237 428078 423995 443717 462638 466944 418729 396743 459302 464927 470513 428627 447247 445127 462496 435719 431841 432827 450627 434127 445099 468839 451616 479424 443826 441746 431004 402515 432662 455857 466225 415618 455411 475064 441256 431623 427367 406494 433614 433589 454141 424033 431755 438183 422645 456551 442086 441297 454856 374439 408201 459522 398753 403925 436002 453457 428165 452637 421260 422975 444480 427111 460807 430950 446808 433953 468666 444181 416324 451749 402595 446116 477628 417767 443861 412008 489637 399835 441714 462735 407680 476481 429993 463780 446815 473549 470463 416515 448399 410582 407017 461935 459165 444166 437746 481602 425640 426592 412904 452306 424536 408190 422113 420620 437497 458170 423679 457288 412332 417118 448143 424191 467021 482894 429753 431092 423371 432863 450456 432505 451531 412367 475710 424910 412475 467621 436241 436678 433840 437969 476587 409654 433675 505035 398263 440094 424743 445160 403488 444892 427012 456196 416636 418799 455522 417402 474447 455003 467750 
487657 545066 478951 496070 508436 515862 503884 542463 543847 531534 484648 490482 450449 485054 500943 529944 510172 518277 492292 537722 477131 485641 505844 536026 495364 488296 520133 467066 482871 533194 472088 490706 485117 504899 496839 523910 492019 499095 494640 510384 503950 493376 496956 504173 520278 475691 501255 475342 474491 509418 533589 516721 498275 537269 489189 504895 515859 485487 447651 498027 514351 544007 515131 505160 501453 524787 508700 493105 506372 478494 499948 496968 519322 495347 529579 488566 456313 491158 479447 488732 487530 535383 483180 548926 537672 516027 504704 494484 443504 485910 499552 531109 500292 488465 494937 477313 512844 484859 474493 488812 439164 489901 506260 485902 501224 509750 493697 503396 523936 525952 528585 513312 483869 519054 480886 511719 488722 511017 505699 486103 493271 467722 525154 499588 476666 491602 469985 542985 488846 523086 522589 494428 515395 526982 565421 514014 516635 534656 495817 508411 482933 470635 490388 509338 503606 510302 519747 485895 513100 487581 479650 511889 448113 519539 479534 508099 507279 484078 546560 475187 462025 500850 475851 507376 534256 499614 507294 496458 466866 522359 478756 564180 496789 512858 466462 483530 511932 533423 502467 482586 517399 514958 490262 503180 525003 450499 502060 505754 487871 473600 488565 459159 524694 512122 476872 486766 493125 493677 517913 541065 
489778 531946 498724 513490 513805 483639 485472 562073 549463 541551 500753 507456 483863 501208 510890 540558 502962 521444 481447 545075 488568 508916 535920 542870 492191 502155 539118 490632 496270 494679 505479 517710 475909 508988 506925 544649 480031 508999 502479 530107 486001 496354 500505 487981 540841 501707 498474 461331 489940 522507 532159 506036 494878 525927 507640 561003 522246 493553 440691 518390 528849 545317 525382 517700 521972 541734 510109 504916 488863 501045 519794 499009 524544 517502 535948 491620 463129 488453 475783 517706 531043 532084 513276 548766 551035 536025 512997 490786 458521 517508 499091 539437 497918 488418 531935 504633 563674 514739 506603 541638 441576 466336 518499 501331 509116 529007 520579 514026 523092 517094 511476 513731 481059 529179 508994 521049 498639 503133 513563 476476 484166 487637 513952 506872 487204 520436 485604 541364 485799 503109 562491 492633 536022 500222 577897 525424 526831 567838 499712 524843 478511 478547 496390 519072 528981 522007 567301 510379 489199 479853 487179 500185 463460 520648 502267 498221 526989 502128 560148 489840 466731 520106 505586 519271 549768 493516 506927 484515 475410 510750 495719 556895 496761 538813 511028 491930 532158 516416 535293 487173 517273 527685 515255 541349 564013 457152 502275 514880 519190 477199 492010 507957 519972 495492 491592 486505 496227 540815 541696 541740 
503524 525753 463166 479968 514728 510612 481350 525024 522746 527002 460582 502081 490102 489973 484117 504382 496521 509161 484335 521081 489966 485607 503454 537658 467437 500201 506861 481872 492518 484370 480088 489796 465332 525309 479009 520120 476386 477521 510219 517375 464200 470880 503075 513880 500136 467714 519595 450234 504639 511408 523165 468911 504527 524446 493690 509648 525852 500789 438276 517741 508337 555165 492308 503359 511866 547936 508422 483647 465589 505494 513863 477345 522903 485254 520438 489683 467184 481027 457709 513809 507606 514042 471872 498123 517468 501560 504421 481947 472161 481397 505198 514400 497674 505554 479685 466186 527446 475535 487900 516224 411806 446030 490191 457043 465467 491936 498485 500485 508110 514352 518598 467839 488932 515684 479938 517269 483681 510532 495605 473168 514115 444480 487328 480248 496265 500731 448577 536685 458898 509670 538060 471791 506689 520974 543357 513430 520975 535252 484929 500265 476240 460010 532967 523911 516788 488395 517918 471964 496565 481306 478319 507861 469100 501626 471228 487301 507325 486768 545853 461636 449924 493120 468606 496077 530973 471927 497127 496169 474884 511227 475723 529803 475500 519453 480079 480691 526388 512576 521011 462221 496446 513587 492381 515066 528212 429778 477024 479777 506680 438708 520177 481481 514472 485386 479468 488032 457693 508550 516376 531989 
441662 472458 447513 447782 440642 432379 419368 474834 470240 476247 424400 453025 416735 448070 459594 463981 436576 468532 418053 467598 419546 432874 473760 462974 452330 436117 459274 441855 441295 459137 429785 432154 437975 456270 455678 477414 425038 434162 450482 475916 433891 422760 448743 465707 453603 422570 442433 437533 417567 467697 472297 463539 419513 461835 432291 477858 469375 450903 399409 469460 456154 476909 447807 467117 467729 476128 454328 427778 443131 437722 435037 433873 471368 435728 463510 447132 426733 438583 400669 453360 448708 478268 421180 468440 480609 452790 444426 449570 401001 455139 484742 481347 439273 436009 432945 414205 473659 455638 459123 485120 395271 428920 446871 425469 425883 454855 479889 450340 448936 468710 465463 450558 414296 465391 443580 452230 434657 456447 446254 417426 456905 419904 456843 443812 427081 443685 427947 503094 442745 454032 476782 425409 445494 433528 484902 461037 470048 485741 434879 475447 421954 412217 430711 455093 436135 437358 474508 433152 434383 431656 465762 437878 422347 467784 424194 466749 458105 426799 494004 433501 423991 469297 423905 444082 492847 443124 445422 428438 440992 471713 451211 487580 410844 475449 443928 407645 466581 473309 441632 418783 479628 476453 442200 458516 478678 407503 457242 450781 468816 410918 458030 438527 466806 427311 445038 444774 434138 449356 464765 465930 
478657 523100 466039 475540 499164 482622 471132 518724 541289 519365 484595 476587 458890 495859 482327 498540 511916 512679 468417 495269 469340 496658 515443 527750 479338 479005 523582 482575 483455 493060 456355 513013 461333 489863 476173 515023 498767 479378 483257 498599 474393 473143 471659 511035 511910 468438 497355 453959 477532 484447 506796 501239 483537 515791 484948 510054 521228 478129 439293 483064 490985 504817 509711 500091 498339 523172 498072 482019 465516 466771 489230 479374 504098 494999 502245 458895 451319 471689 464320 475351 500213 520633 478212 532317 481686 491464 474348 478287 449328 476734 483839 530715 496336 496330 485604 466944 513172 492349 492674 529047 434174 473231 499834 485640 476492 504937 514111 492057 492075 497273 499705 478004 471982 501766 482438 518809 469353 477377 498139 476095 496661 433325 502166 488368 481761 498658 465798 532964 485159 483777 527735 468903 504307 502058 529509 504712 503264 525347 482049 511266 450882 458067 477382 501915 492104 501675 522397 481915 483649 457512 477535 489785 445379 505149 484892 502621 479059 488106 553228 465647 463493 502353 468513 521348 536646 469526 487690 456218 451166 474184 472792 523998 490375 504649 466458 460375 503148 517409 520490 481443 475612 492540 488830 488876 545209 440940 494877 489646 484694 460771 492605 475347 501760 492162 484086 483036 460704 499541 544822 513042 
490291 553670 492485 481532 512550 514216 462198 547503 546704 542849 518040 499394 479106 512661 513876 509519 531727 522415 489445 524912 489944 508452 515644 531611 482283 491556 535005 494742 486246 528826 489989 512344 464032 506352 491157 543262 489758 506405 506470 511525 498730 478745 516385 507835 528146 496777 508265 488142 474510 540188 523705 513957 505128 547457 513146 538157 546231 488315 465010 504097 547147 544517 549006 532870 508902 534556 522045 473420 506787 483653 486437 502474 537962 496470 535628 485753 479494 509882 474881 509820 511048 529683 490584 542187 531079 531739 487050 508286 473050 526472 518363 538186 486934 497271 491730 498142 522266 509986 500794 532655 448808 478735 517820 489096 506115 543784 522951 502716 506114 513267 525705 503753 489825 511402 502762 534085 497079 508178 522995 477058 526358 475777 523308 501612 478617 516522 475090 565757 493608 500426 536440 486997 544676 513508 548138 526382 513338 551066 512089 528288 516246 466730 516305 498696 524697 496649 545735 502769 492528 489929 511066 505182 465694 509078 492441 500866 515612 492400 579139 457705 472940 518150 504760 518579 544952 505069 497315 491750 483946 520537 491139 537899 502102 554294 500618 473979 526543 527113 512436 501628 509912 531727 517362 518369 532001 476644 519806 518033 520490 486600 507711 492346 531260 498058 482016 518159 492510 506854 548734 550202 
494905 521318 491572 474495 502786 476296 457736 523685 514462 506607 468438 497082 449142 485721 497954 506468 466972 490808 484005 507629 471427 509351 498340 505981 474616 480902 508355 482285 461898 489169 483618 473994 453203 505684 481027 513211 486272 474182 504485 496521 458926 468768 469894 497194 529218 491262 489512 467667 469674 478564 505852 505231 468742 513558 470671 508262 503376 463243 450046 496945 480430 520202 502733 501903 493163 537507 505647 461830 459532 496627 486987 507462 512533 461186 516242 473976 453494 494906 461075 500631 486511 536267 487161 502529 497978 502919 496554 472762 432337 491312 505701 517381 495796 486164 462400 469488 507981 470880 525900 525940 424363 471727 511769 469613 464214 529697 501828 496709 494795 485815 481900 517146 471800 492350 483923 496007 476325 514837 478816 479365 508943 457897 504773 510251 461824 490185 457718 539207 492173 474166 523376 472878 516185 469748 528201 509841 502927 511897 477184 505910 468053 456115 485478 500031 490987 476122 527181 458158 463558 472246 474775 496169 443957 480492 480579 484264 475449 492659 531418 478951 480098 502458 486814 508349 564784 499866 484092 468545 458219 492536 503386 498634 471889 490076 475269 465425 510230 489354 496262 489237 478264 495099 481237 484478 503624 429496 489885 493569 485925 455891 488024 474781 499389 476221 490779 486601 463542 501644 508002 512224 
471722 516264 468067 493701 499669 498255 455904 528652 525446 525393 476165 479825 468392 500341 509961 510429 506883 506614 453283 518470 453052 477836 489158 512764 470720 483399 494594 465441 467841 507317 468649 496148 469945 468964 466683 518874 472184 487826 526681 517463 498403 468788 487700 485106 495054 475516 463545 449206 477847 525110 510093 501594 507607 519379 478791 528510 528908 459512 452376 494045 503818 531111 486313 486247 485361 531682 480532 454498 465352 478058 478985 502853 513607 465881 514327 468587 477060 475040 459350 494614 478151 531305 476481 502747 500893 495297 491723 477713 447044 488612 507390 524568 474850 481334 497395 487819 500598 495852 505824 515257 433518 440696 511724 461489 467780 513674 486233 470853 503056 508004 483853 505033 467522 514336 480436 492964 469944 505722 494142 467155 481070 452756 519969 493130 488213 501822 459177 524614 453992 507002 511187 472368 515414 477133 532026 512244 495968 531216 490727 508788 486219 445212 487263 475946 481444 467102 521885 480559 478893 465112 472459 475033 454244 497990 473180 499529 486968 466121 544726 443593 471273 477947 482702 482745 515210 488604 494232 491259 484107 501619 472152 536160 455424 514601 491152 443714 514287 497352 488900 480864 488141 508974 498960 486009 529362 416028 491330 498838 469345 448100 518756 504881 500808 485789 479952 490437 450323 493209 518919 537499 
505138 535297 488605 477075 514446 485927 474600 517587 530240 548497 486373 483937 446101 494933 484711 505943 494162 513497 490033 512463 485208 501453 511070 537409 489208 493869 532449 497721 485855 505566 470742 510414 471491 486066 491291 532931 480998 490643 526597 530829 480907 494828 497367 519799 522455 490088 468083 450604 499123 501552 521287 517847 514319 521912 503493 550759 543216 474571 469342 506906 503913 529597 501603 519768 510044 549206 485428 486219 489202 472863 501491 474673 530219 479757 517004 494902 472329 511445 478926 494509 501488 543466 470142 515455 509195 508523 497568 508588 458067 491403 513146 523515 509481 489573 493004 479643 527266 502154 498664 503405 445430 496009 515394 479837 483009 520612 498986 512250 515437 482953 512973 508109 483875 505261 487048 490762 472776 536272 487660 486392 509820 440004 513214 487378 494482 512633 464776 535866 476941 496375 544570 483925 520590 480897 536621 526536 513361 539160 470690 517359 486083 447927 532308 502649 512783 497577 520067 507357 492006 457611 489471 505185 459413 518182 496036 508421 508165 500694 524771 471190 474173 510393 490573 495296 542470 497550 515359 479869 483204 489000 482720 529865 470853 510259 470701 453232 515445 515815 505089 485308 496713 509091 508036 497498 528300 449633 496487 517581 493162 451398 502811 491736 509498 500067 486612 490548 471786 511059 523964 537021 
501623 541787 478308 495854 514699 508163 489199 540566 559811 563708 502373 519134 487273 497420 514172 526692 522421 527925 486837 556222 509938 516591 524328 555701 503514 500314 535575 478366 497450 552566 498110 508742 481727 517445 529295 541621 514803 506873 521498 531805 525353 501052 499666 515990 530046 500371 499746 460394 480221 523215 521669 514272 493217 536855 498997 561384 557890 515121 469819 502980 521845 563050 532395 536299 535683 544800 545265 476856 499908 489158 504364 518658 545171 487535 530331 520452 485134 500753 506260 520134 500633 540709 490060 554424 537490 527108 512294 502220 450334 482465 506510 516639 523874 522873 504396 510778 530509 495318 535729 518155 461215 492980 523412 503319 489529 537807 518519 499342 517130 534980 502935 534403 499107 505035 498253 508927 478870 506332 507195 477966 533011 455183 523295 492257 495156 523261 460897 558749 532409 525580 524018 485589 526510 532777 542458 537082 530304 560939 526174 534186 488646 482922 542422 542285 513740 522987 549892 505818 498300 528476 521209 522329 471904 491504 517554 514269 525785 512881 559713 486414 477520 525184 507117 521423 556105 491114 505985 514535 475906 504044 473901 554874 496844 524577 501222 459056 529073 539176 509443 467221 500846 512005 523524 515900 528350 471927 522936 536684 508469 483658 510117 516721 534943 501999 493267 491594 499265 520005 548714 551245 
493755 522522 460129 490187 508188 492349 468880 519812 520151 544738 474278 493093 470259 510437 489554 527382 494501 498394 475597 509382 485208 514919 508003 525156 492277 489066 509261 487980 485669 499427 487347 488549 459705 511848 498456 540584 491335 490945 494856 510843 467209 479352 504374 495445 528412 474278 498041 450270 479106 485128 499354 492613 499476 525931 499643 534670 519514 479569 444947 483444 493206 533382 519360 502291 503494 522869 513571 474211 476825 481859 495667 469182 506571 489447 538698 482016 462862 492992 458728 504166 497576 528533 484156 519723 521588 513760 476767 491510 458926 511403 514097 515180 515561 513498 496029 477220 517599 490502 494234 534604 433065 472235 517975 477845 498008 507255 515206 490443 494793 501783 519788 491298 479142 501209 498978 518656 467480 495796 491587 490470 503638 444698 514786 498283 478831 514711 459236 533367 482147 503952 539749 472860 512231 498171 552488 537260 506565 557311 473461 539678 490070 461663 509203 516768 509290 512043 528103 476865 486858 479823 507849 486014 453874 496298 487163 486541 490056 500637 562826 449804 471240 510849 470978 519125 534135 473122 496488 469809 474878 480449 485713 515844 488185 518983 477359 476829 497284 533025 523036 474253 530475 508424 504679 510319 537829 454495 520940 513205 486984 451797 497283 487980 491536 492659 469369 500253 495948 484605 532339 514555 
491752 523910 485281 517354 517653 525120 509796 543041 553044 545832 496532 518282 493468 518123 516728 535908 522664 519472 479445 537217 502045 476792 520065 538111 487142 518454 534038 495741 542371 522505 483095 495119 480151 513933 520492 540769 467438 477855 515660 531346 505379 494626 523667 534675 504473 501068 505005 478254 509131 520478 553817 524128 495072 529120 517238 533651 563406 503217 476216 521932 516909 533870 548398 526170 535091 553134 521433 474302 502020 499036 502792 497607 535526 508294 543056 500236 476964 487518 503506 511798 525932 547690 496135 528353 541387 533608 526464 502028 470709 514805 527160 538562 515462 519063 514005 516651 548136 504720 524711 540395 440751 504754 500202 506923 469022 524680 527296 500123 530373 527406 538314 523307 516054 517046 507309 525437 515537 525685 513915 490056 560074 458694 530308 520110 514598 518106 517717 568342 491454 514747 516828 489799 538160 523986 570705 533931 548978 551913 490431 528674 530830 490329 535436 540531 513153 487725 543878 540016 504197 483192 524944 499339 485616 511146 490293 514533 519523 537056 563684 491683 491220 517712 518697 510177 572328 514908 531614 510016 506129 510270 506890 561944 505804 512737 501013 469657 546156 545448 519042 488969 519312 543366 533648 531327 547097 460623 533440 523962 502413 490656 546190 501665 547007 516988 514413 518268 480867 549921 539241 542250 
520606 539176 490785 509623 530632 517890 485926 547373 564265 547102 492297 495608 487716 521366 536982 525921 509882 536306 530037 530107 497501 531937 527846 559499 498351 513704 547560 516766 501652 542272 498779 503640 491835 538587 507672 553700 509376 497582 523063 534512 488638 489931 501975 527707 552962 489595 514175 490924 517094 545243 546020 533050 520990 518400 505314 528055 549920 496334 469770 528135 517094 557393 535460 518508 524471 543976 538513 507680 505855 490449 525625 519924 540866 495299 562555 484861 477241 513144 480406 513415 532040 583885 478545 540546 546789 541305 511736 507471 475446 519188 550353 558667 516274 516898 518781 487875 537509 495394 506884 546614 444714 491589 518473 493556 498619 553899 526365 520874 505124 553831 528662 522724 493161 539508 501473 540390 513455 537645 524944 495353 522935 461734 517122 520555 498602 536331 492420 556333 489080 501953 546131 480056 557065 538203 574807 544134 538112 551947 503867 538921 509665 482144 553812 532519 533267 534812 567202 505853 509114 493377 535555 528441 460938 522018 493719 535097 509703 535430 588148 488731 476698 512904 506581 543592 572632 498509 522036 522348 500710 521248 522588 544556 491935 552966 508494 475837 542400 533301 551301 499127 516264 550735 531127 530497 551552 468478 523510 526313 517003 503016 521519 506814 516763 497508 519063 496878 487488 530011 543430 543611 
518142 540328 493221 510195 504137 511017 465079 552238 553620 556180 486447 519923 486596 494771 525396 539913 515153 519656 507716 507958 488489 511294 509232 529900 497054 499814 514245 499259 515181 522117 488140 504023 465913 535715 491910 550013 501420 477473 529485 536277 494124 487045 475392 503625 537703 489938 531356 475319 509854 487170 522500 507167 492112 538803 520619 543785 537648 506917 454797 532737 496272 550575 525077 505920 514330 553128 516363 502959 489868 484557 507504 510635 535856 487843 543511 497918 476835 492195 483560 511392 518666 535927 478695 515133 530799 497401 504618 487282 477304 505413 516668 553922 498779 539634 517106 489626 536594 509625 512263 542900 447813 474512 518135 500330 483305 516708 541520 498153 513669 518665 541209 530875 482432 526408 511909 502784 512195 538996 498375 495996 512280 459142 510750 517140 480691 537832 483691 536559 485960 506029 536874 474829 531436 514249 540024 529866 540404 550292 511606 539239 488283 479139 522319 523493 520995 542494 545406 493670 489948 496993 485036 515893 464538 516101 494179 507924 504546 502316 558843 495765 467733 513149 505866 528550 564588 483511 526076 479949 482692 501996 492087 537179 516978 499633 486559 474072 545402 532476 526628 474738 520328 538931 493698 512228 538592 458663 523321 494116 505061 481622 523414 495533 524720 509381 510186 516530 486211 527563 520445 552847 
453177 525961 461102 487011 505379 501480 468037 534983 506548 527685 469647 492486 455520 487744 502076 502691 494934 512646 476553 502490 467900 497317 505829 528081 484184 472569 520006 492664 496530 503114 459784 476086 473588 494121 480162 520163 495563 498958 489306 504634 478230 473764 485298 509647 517308 473110 486513 469048 489464 494679 512964 490394 462852 507112 474534 518093 529679 476360 441504 490472 486747 526448 500714 516484 506613 523284 500801 465465 480776 436932 493600 495179 497632 486242 534220 476235 449735 490140 462333 505392 475214 529162 499588 511288 517080 500583 487959 452665 447999 492071 489318 523829 478321 472234 494371 494745 500669 482284 514480 523886 426675 487574 503309 472534 470564 537576 495423 479015 481305 495633 508216 490300 465141 515373 492281 506355 475015 484402 504241 490176 504585 428665 503092 479808 472500 489829 455719 521415 475413 491017 518014 467897 511232 511398 529958 513613 515880 523844 505510 506172 474068 466043 504792 492791 483702 490231 510022 474910 488463 499906 488379 483380 431798 491910 458265 496578 501848 499454 523997 450603 442519 484717 477440 516035 544385 459873 475533 481137 480649 487633 483909 512068 493995 513215 445260 435742 481367 488012 511888 478303 492789 496551 479077 493306 508252 439527 515312 490093 467835 441763 465566 462352 493310 485360 472491 509495 472161 513372 534587 513171 
446536 474377 410944 423867 442188 430816 416506 461029 462444 457340 433712 431888 393625 419600 439286 451627 426970 453781 416118 433012 433569 424303 441830 458622 414052 413816 448128 434347 435664 440980 415759 417147 402302 424646 436464 479885 409007 414438 445649 479078 417988 414524 445905 432371 450851 413086 439689 416704 425566 440065 465639 417739 410602 464271 427172 445952 446375 431009 374979 435361 449128 479885 434626 451278 443292 464174 455369 416757 438811 431147 430220 447930 458859 427907 473823 421291 418481 426214 419496 442592 429654 468885 413809 452241 473362 440204 428833 426197 410445 441901 437045 454464 394565 426213 449478 419859 433673 438225 430608 459616 369581 426338 452287 418392 427835 465134 446860 433167 458304 437914 471486 458110 401211 434084 435533 425168 432076 456306 446970 414336 456547 414483 438013 446034 421107 463780 421757 474016 418249 442491 463853 408531 457995 429263 467297 478405 460146 476667 437127 444441 444628 414274 436174 448742 441478 422053 465826 443071 418943 417855 442463 438365 407365 434999 429568 446321 448337 416467 472087 396402 404783 427450 426060 441305 473177 439828 463471 410067 427290 439949 421040 467558 418979 453878 424590 414590 428467 449862 412851 409883 446099 457441 436353 433501 465014 396223 448133 454950 434479 387189 446710 435881 441578 436521 430084 439136 420306 422273 463304 469606 
479165 498737 475302 491319 512183 483178 461338 512761 526464 515354 481384 482206 429435 469768 491875 509479 494445 508318 478118 509060 477040 463215 485802 516544 474902 485713 526628 465219 488311 511684 472950 479494 439375 498598 469012 500596 483821 454409 502020 505683 454009 463842 484800 512404 511209 458693 488150 461325 470327 480677 513970 480439 457937 516610 491210 483992 513808 457472 429023 500930 507191 498878 512105 510444 496014 526634 491532 468352 485879 469370 504382 465818 521364 463916 529588 485622 449928 489792 453287 500724 514413 548625 456589 531491 516780 497387 496039 507585 436509 501100 489696 540160 508137 481227 475159 465847 519427 463942 476447 517127 393067 482220 495710 475809 474054 512353 499194 480292 472443 497107 519547 503007 466190 497676 474733 485445 465121 516551 474650 474718 492471 428255 505633 465110 467644 505667 479124 516978 486070 490868 522908 468614 513063 475081 549982 505444 501125 526911 475122 489650 488476 466958 501356 509382 500329 479014 535166 481478 470877 475138 473176 511818 452425 486041 449336 513677 477039 496221 543960 488351 457714 507353 474103 509714 531681 472644 471653 484382 461947 481945 471012 529030 479514 524299 444560 472210 513445 504835 505082 459340 490867 502826 489085 485026 503943 440904 492820 488331 476396 447294 497095 442839 510501 482557 475690 467680 455631 498575 504408 519540 
490302 518685 472292 512770 502169 474105 466456 545906 539080 537354 467212 519722 468260 499210 520585 527160 506710 517910 490027 507185 485952 494737 529022 534306 487363 489738 527718 479711 516054 493061 461979 496020 462626 496646 513542 543876 461493 495634 498808 529885 505667 485448 490457 527774 524084 478465 509877 481446 489133 515653 541181 522035 492143 529127 497963 524568 518896 519986 459579 531840 491247 529487 531482 517418 509999 538966 522822 481614 505001 480750 491289 488046 544379 510040 522008 477467 448501 498977 497269 496848 504602 543902 501688 524542 536152 527774 505012 481885 447951 496361 509349 531804 502242 492154 504427 494441 526094 498590 504048 533315 452414 488696 520442 470653 462746 531600 512465 500651 519278 530305 530565 516572 475231 515074 472206 511477 500970 514971 481572 504315 534246 448822 506747 509530 468569 532442 490402 550981 476484 499263 546166 478826 512674 517283 553654 522857 532082 533542 496919 529221 489384 473533 513280 532620 501213 522323 548964 507182 485465 476428 497404 485690 457349 513670 469188 511315 509137 512079 539708 461465 474470 502789 482661 496732 537938 450643 525342 499080 474096 492972 512896 540307 496929 530349 492461 463020 524421 520643 506608 474470 506063 541379 490561 508306 520227 454564 512172 488107 514927 467234 530074 487995 489985 498960 493311 492730 490263 518850 530336 538951 
446463 467242 413691 431509 444306 454958 437313 464943 468574 479998 434892 415036 429681 424597 450827 461839 447896 430421 444552 450764 440831 430488 450291 476354 415533 431011 470784 436440 431177 468857 439923 438336 414380 445764 418140 445516 442548 435013 432190 453503 438600 426957 422837 440468 412725 411161 433049 401437 427191 438744 471495 473807 419590 460937 430769 464678 463464 433658 405496 450877 442911 464305 448851 472387 468455 469721 441855 396951 424380 439046 438648 415198 497590 432252 467522 422276 406708 441625 420809 457078 441106 471920 407309 461787 461194 460613 425163 437440 391351 428268 442804 471644 441940 451926 430415 437469 461822 429015 454187 480614 385181 425330 429611 426582 434217 452603 432215 423806 407163 457818 458379 450548 420582 440401 440722 458384 420944 447689 437007 438588 449676 397494 460875 433526 407653 475512 417637 494812 433061 449050 443123 427383 443368 442693 470760 476910 459498 469376 453910 452674 434056 413211 446769 447841 448733 467209 468631 432081 435063 417182 437084 440281 404277 438017 424061 456704 445330 445736 477943 410170 428612 461389 426091 448303 465799 435606 453251 426693 411296 447355 436699 474580 416131 469110 430185 405490 464587 460787 424813 422157 434415 449207 423557 450263 475985 387194 456018 459993 443371 413076 437150 419037 446886 437027 430973 431129 412777 467085 460159 464270 
493135 529472 479653 486724 499951 487521 467845 516495 520146 537292 497869 492695 441756 490558 499075 504008 520522 503154 485519 522549 489942 482758 525355 516186 488705 477967 511904 478907 511081 522163 486233 505364 451323 513296 485339 530725 459308 495470 507737 522244 496112 504942 494415 513823 516995 505355 501496 472970 490705 514763 518899 500430 490567 536079 491926 512674 510283 478976 468711 521849 509391 535964 522872 505393 493190 540422 496481 478550 489307 486902 501879 480498 516356 503110 531807 489336 476220 488874 470328 492908 499915 546049 495628 520066 511494 517836 499372 474023 451882 495926 511508 512623 491184 492742 504232 486689 523862 496184 513577 513287 419371 474674 517591 495695 491405 512371 503840 482327 494585 504042 526081 497600 477731 497040 481947 507901 501191 513115 512730 481114 528017 463692 514815 497086 485415 528766 480897 564383 507372 506415 514429 495298 509719 519210 533650 522708 518543 517604 505580 526391 481136 471098 515647 525797 518670 503335 537450 512925 480554 478434 497356 492158 472386 521372 463827 492034 525746 494853 532811 482494 470969 511648 485637 513364 547731 490969 515546 484639 472709 503432 485205 531422 483994 519785 491949 467932 499327 511157 498348 464765 505231 509940 505168 513812 530006 478182 520963 508856 492626 454408 511690 473625 515360 489980 489412 498453 479418 514814 546538 530553 
493879 504771 479187 483238 503901 485466 454397 536406 519792 520042 466254 484029 463250 470129 490474 521614 483579 506740 461001 503284 468132 477773 518512 522880 471274 483830 506775 472922 478700 506745 474028 480085 443210 498207 486149 520064 493318 462593 494503 512174 463657 471800 479974 492782 501592 466666 480518 441964 476275 498769 500438 493472 480722 487696 506438 520034 517088 482012 425574 486619 497430 532826 511571 491039 511484 523746 491231 447774 468885 481894 492552 471014 498015 465354 513255 460068 453640 466926 459055 494495 489984 513984 484733 534193 509983 503276 466566 476840 426508 495572 490055 498739 514623 505817 482664 481163 519251 484862 493385 529888 428980 464894 489521 470995 477010 502630 492006 497196 484866 520373 519765 484424 446743 504074 464194 515658 476558 489539 481776 475748 478577 435277 503748 499191 458748 505620 455156 527004 483607 489912 522227 480238 499763 505836 538035 495428 508130 532647 466542 514508 448932 477334 495999 508735 501093 498678 516308 480333 495645 478739 475765 487051 438531 490801 453512 483033 492140 489796 539063 468658 467828 489334 462426 507276 522831 466485 490477 481476 480305 508967 486524 517453 474211 513625 468547 460763 518357 499656 508610 458134 507358 491958 474290 495333 523396 427900 499410 499296 493669 454196 512264 495183 501394 470390 475528 479472 458824 509308 505872 517429 
468529 496499 448691 455372 476060 487913 441365 510743 500006 494930 456446 488020 432039 476414 473162 501055 484962 482071 454238 481726 471425 464958 479757 497932 463133 464540 490868 466894 450314 488542 477145 467168 452467 478334 479859 513250 461456 468512 488375 477679 482590 468606 470195 475208 499935 455961 472705 436862 454239 483435 483910 479153 459935 492621 480510 476752 493535 462133 407098 493559 476137 499117 486851 485949 493689 479473 479780 459892 468577 455136 494404 491607 508255 448331 510046 461467 437537 479599 446283 475056 470314 507749 479055 496953 510355 482344 468188 473441 428666 467007 473876 495775 479570 462565 475380 453325 486212 474680 476046 488296 405866 455153 484734 471111 473224 492233 456347 473724 484740 499682 502456 503109 457313 484973 469756 469526 455349 487781 494339 450874 481985 423785 475712 480776 459095 480402 457274 511134 467023 480855 495894 443214 476835 475556 505775 499635 503392 510188 454231 501618 471438 452380 455559 471515 470512 478821 507962 462394 461101 451095 466638 473341 446100 487404 458796 458205 465582 484653 526119 438501 453118 471316 458323 480404 503757 469007 489573 452933 435910 461819 459126 519266 462397 505199 456611 453285 486292 481052 492166 453546 481855 475687 472996 485969 486119 429525 473905 491149 454605 447698 476396 462606 491717 450102 476894 457829 445784 484181 500968 520168 
478472 514029 474871 495585 501817 493809 469530 523019 530881 533190 498837 463185 440354 490952 502072 498400 520790 528414 466398 489685 468283 482213 493425 529454 457020 481108 504209 468793 491869 517923 474715 492415 453807 497455 486436 533875 465245 478771 512184 499507 488159 465364 497861 485684 508273 468416 507088 483653 467647 505935 526099 487992 468008 522243 479256 500864 513677 479638 435216 505897 520544 519058 509722 495052 486218 539598 496273 482049 496508 472970 484317 502775 508589 504739 541291 455274 463682 465918 462590 488837 479472 518532 496279 498279 515933 513428 478478 505874 440717 482825 496604 515522 496720 492897 522686 462018 519742 488462 505851 511043 423417 450206 543596 477404 454613 509294 501945 508627 477617 518270 506895 499746 458630 507150 471838 517350 488732 507897 521969 442621 511024 463308 509983 483669 486923 499297 497979 549066 478803 498013 528622 478380 501040 480089 530405 502702 494971 528906 485328 528750 477173 454870 487466 496410 505629 474276 526591 502663 472419 465254 498367 485156 442053 498293 473590 495117 493223 502115 532742 481860 486991 471861 509677 508508 538234 489910 512832 474074 474129 506550 481015 524736 488134 534101 483542 455245 509245 491716 501106 474675 496424 500260 490280 500542 543773 443848 508652 473494 522047 450672 509244 486444 523606 477620 465182 482459 492324 520980 546128 506302 
502766 562636 489686 496205 510477 500338 475699 547068 534624 579996 500195 533384 479693 487592 523052 537954 504513 530853 507797 523350 511352 507460 523794 547252 494916 488689 526881 504553 506664 529626 507929 504717 501005 520822 507761 511613 498868 508919 496632 529418 504291 506392 516677 514163 526496 466571 492034 483583 491505 527526 528102 523570 493360 523494 508915 536395 525021 509649 450870 538241 528848 542125 518802 527439 514806 540179 518871 483667 511590 492261 516262 507559 529692 500437 533123 497990 470359 527737 496304 530527 506201 556475 494195 563273 530569 527509 503704 512490 495616 501600 523841 557802 510550 529388 517641 478579 531009 490516 508997 538884 441465 505019 533863 463291 514490 540930 514754 501908 508187 510582 542959 516090 494774 523801 489617 511611 494567 528873 520805 509071 523103 443846 530480 493910 477941 518396 481726 547919 508631 518518 552984 491709 528435 515878 537550 523405 526761 533026 495664 530857 483375 475344 514385 505536 518950 499600 543531 485389 491351 491384 508597 515466 466772 507111 462337 513677 517152 490073 554299 468305 479419 516770 482709 501304 544669 495284 513909 477172 486438 511521 497221 546354 485019 552596 485017 472722 528022 526357 506582 502083 521778 517551 525379 507678 522304 459310 531735 521162 492382 485482 529839 486836 496181 475105 487594 500684 480879 524731 550700 529928 
496389 548697 463934 486020 493031 495628 460083 511949 518349 509482 485638 488014 446426 471379 477627 503465 481447 495087 463229 485011 475419 487584 494017 514391 484459 462388 527407 478966 492364 502468 470439 488987 462861 505050 475613 498679 485210 486337 516462 510602 463280 494288 496068 492843 518517 465482 514933 473072 480545 484245 532322 501967 477836 513243 493908 486760 518070 499024 448037 501717 476847 521091 509890 506464 497323 534002 528553 489650 489903 465200 482592 500516 522116 485967 535683 481899 455554 486567 452156 490151 511892 523730 474758 541419 531589 517830 473833 470360 466938 480006 515069 517106 472921 503001 497989 446069 519928 492828 494412 506591 410252 476349 504396 472680 486392 515086 484707 484676 500598 495226 505115 499238 491915 517641 466700 505711 478057 515239 499662 488917 507928 447030 516889 493566 472921 506873 468620 529441 483578 513097 494999 466820 511972 497953 529042 504181 502671 528645 475014 517079 488876 453651 487796 511582 505040 478360 521948 470660 499350 478637 485487 470647 461494 467438 474317 516936 486419 483098 526177 455633 471332 488645 482134 513459 537873 497629 483956 464093 483314 500636 478206 504503 472028 485896 459292 469069 512072 509490 494437 495212 519119 511434 463641 477497 532862 432892 511096 488431 494846 451217 518838 479247 473253 490066 486638 509243 475992 491409 526484 523817 
448553 523650 455167 488387 489875 476807 474652 488712 515867 523989 493978 488191 439198 473032 493278 493965 477413 524810 451928 512577 475524 474306 487595 527437 473309 474055 501878 458283 486690 499552 450567 477698 445904 499203 488057 517901 455754 479457 498348 500167 460467 470088 472075 495304 504457 471104 470858 458313 473217 457083 516313 469874 475643 518740 492855 489836 492710 478841 418246 488717 511173 520867 489663 497806 487157 522937 489115 482787 482446 473311 494908 474615 505197 483480 513230 488771 433041 471071 465713 473424 488231 505195 466369 521541 528415 495478 487629 492458 448625 490721 481059 489512 484852 468455 486931 458862 497921 455086 481828 508643 415572 491879 515786 463282 467571 519953 465565 489452 466486 502575 498592 494102 461482 481497 466395 479781 487443 507362 481412 459720 490374 435594 497756 481993 487075 496882 454717 557739 480036 477457 532247 453694 480500 493638 515265 487102 499528 527047 487031 499734 480294 446652 511001 483044 511176 480146 514862 473865 460101 449161 487519 466870 453819 472315 473648 477335 510718 497554 512528 454777 452325 475596 488930 463310 518876 469502 488733 473595 451008 505330 460831 531049 449278 514758 440143 460414 499878 501734 502903 464236 485243 499440 478204 477887 517248 439683 503851 498556 483300 453330 498833 480859 481872 466588 473764 467385 465852 510319 509391 506406 
491393 539825 482663 505921 519687 491989 462339 523531 550427 563512 501219 507000 455056 506071 510949 538782 494512 529861 483391 508292 502397 506032 511256 555475 507759 521148 535809 482559 506910 525803 469402 527360 468145 521740 524034 534217 487979 477926 529549 518338 499134 487971 515638 540024 515729 479288 511356 495418 486644 506028 545171 518674 508328 515321 492425 532899 524471 497132 463801 511730 531825 552046 529858 529025 527928 559444 505644 469096 499055 503486 488884 505347 544608 463363 524082 502965 472018 525591 497256 512886 496383 546969 474898 520986 542575 530107 489070 489423 476991 512043 514000 533175 495363 525740 522779 490319 522992 517458 507133 551968 431156 487097 519268 471167 476280 529897 501053 513287 514634 539065 517550 520367 491857 525455 501420 543563 501340 519146 497251 471208 521602 482718 514407 497382 488409 519749 494144 522878 505072 523019 545980 497103 522014 500459 541181 520601 524257 528785 475533 530474 481133 448872 517157 526314 517792 497496 544697 481589 495541 489812 496572 494482 466041 501839 502934 516699 513503 517521 554720 479335 463656 518376 505831 507261 559140 496275 507967 485277 481662 524091 500074 539902 487548 529980 473003 473734 515482 524873 528223 503871 500051 507219 498317 504042 546725 451890 496244 508595 508012 467225 538504 500977 516416 508772 497318 488056 494107 510702 540595 516250 
486796 534132 497790 491319 529267 513720 523921 543274 560133 547731 479580 503574 468958 498459 499919 548414 515669 522361 490321 528597 479091 505632 526468 541922 499798 501093 539282 500801 526587 516730 476717 507281 490125 517278 511359 523955 490174 512432 515293 521907 510062 480217 510081 509959 517500 490657 491957 484432 510836 530077 554787 507628 470447 538472 500243 529252 555191 489365 477848 516286 519972 549878 534973 524987 527276 532716 514020 491083 493714 509540 511679 501812 535852 527462 536847 495080 490092 505179 499845 519093 520044 571942 516027 523773 564067 515840 519901 494420 440927 521436 501634 544785 518261 525162 522408 504399 536965 516593 511256 523029 416546 488520 542860 488940 491993 545882 538685 520960 504309 527853 534865 519752 459416 513068 493727 526976 485618 530174 526464 488542 525500 466230 525422 533253 495906 526336 495712 567829 495510 504736 531950 508082 541561 511017 570866 525931 514333 559022 512824 514244 496868 479357 525731 530505 529291 496367 524745 507900 500744 505029 505868 524585 484354 514067 502510 520521 519600 505411 571170 486204 464852 513308 503045 537186 577876 491406 495648 505497 512958 528914 515559 535584 476753 536037 503272 478086 512241 521233 526823 478311 534663 510420 503543 520761 575431 461856 516034 510126 507518 508144 504396 510736 531911 518952 489421 495438 514620 523099 534337 548402 
486863 501963 456335 478606 476156 481274 480987 500547 496872 520804 466462 475536 456191 473012 495512 503093 480380 497870 474758 478169 459028 470110 474057 490368 450039 497261 502589 459943 492616 482043 463368 499318 441102 504469 470795 486039 467711 465362 487009 496533 473104 453900 510131 503380 479887 433929 488316 445674 463593 485761 497051 468733 444975 493848 477695 486628 507670 485833 446899 493554 497561 524666 482293 494959 483922 514411 489422 468149 479313 509102 477304 481860 511316 481177 502241 462277 440661 464280 462994 486932 470127 494738 473238 510176 504750 499256 481759 477451 439817 489681 507328 514097 485214 466403 477908 452570 515490 471938 477575 483805 402093 465418 480575 459113 471687 504257 493978 463651 466381 515341 499447 497691 449488 489539 461873 500291 469705 513176 484505 487415 500909 429335 494099 481187 470068 494130 474024 536377 482369 483688 512215 448059 477007 476208 522306 509075 502208 518497 462676 492220 451373 445958 488315 502572 484539 477686 506653 467717 454483 478285 471163 483273 438671 501132 463688 500727 473111 488368 531594 451356 462063 484651 467909 480062 511122 467112 480010 465189 448080 473196 481597 509015 449379 516446 462922 439730 493620 521211 502981 450529 473170 470884 485066 485953 491889 433580 459598 480347 484610 423542 496661 450046 487325 452993 470205 469876 457464 484713 528906 505700 
504394 525572 481417 480889 492267 509343 483305 506686 544873 523741 511517 481407 439589 502601 486966 520595 511275 501645 468966 541012 478124 493722 515767 522917 498887 488895 543312 487749 493240 509757 478782 492646 475608 510323 491212 503847 480821 500383 490145 508267 492512 482337 473885 500058 518128 489146 478623 447816 469268 513455 544238 488583 481156 503961 507242 519348 514827 475066 462949 491596 504522 517437 500550 520372 526405 515360 507613 488231 510618 473614 492574 488184 542792 514218 524960 469523 476293 487535 484913 500002 518488 545670 484896 512855 532397 521033 479457 495634 467064 496919 499849 529124 474207 487395 485155 490378 519735 484887 507273 497056 416929 493200 508195 482480 459787 514430 489574 463269 505465 501796 495223 500453 478198 507383 487568 492899 467167 515904 526159 490626 517113 466036 508684 488678 483149 514953 475911 536201 478908 506151 528713 496038 529336 497596 541941 523909 504088 553287 483751 505693 470825 472003 512117 499843 504348 496351 545201 510411 497024 473405 497810 488896 443735 495928 477212 501899 495929 497001 529695 453862 476965 499952 469053 519431 537855 471386 486575 483219 476664 499741 511556 552161 444927 540182 469994 452780 519586 512521 497218 477864 497843 504049 502494 515128 535350 443434 507180 496561 492782 478431 502161 489489 505382 507106 480781 486165 489704 502315 531190 514249 
486747 515009 474932 465005 486197 487750 465642 500274 517623 506633 469534 472705 452147 489951 513829 490501 467276 496766 457566 487625 467368 488115 479497 516416 478223 480763 506130 471974 460170 478229 462258 451480 451048 489057 478098 519584 480393 464954 463975 479505 446922 456213 493862 480698 503680 473857 469922 454205 459550 482587 509167 488621 459652 507331 474235 495569 500624 457195 424532 486604 492221 504180 498753 492911 472935 515273 486140 446798 474861 475951 476216 479896 515911 455275 522414 460160 458937 467867 470807 496882 495017 521976 466703 492984 506866 476268 473970 471866 443725 477970 492848 523723 479826 479577 485413 459079 493814 485233 490805 495928 408632 480112 492632 455696 469071 490184 479805 480626 474160 483698 501985 484810 451447 499083 475494 484016 472285 481923 487729 483684 486817 436826 507707 485169 464018 486309 469025 517803 479704 482184 515492 464230 518470 501095 527984 491492 483930 517878 472422 512228 435727 468433 495722 482017 471926 482024 530918 476328 466921 474064 457830 494278 461142 488967 444879 494379 475654 480926 532710 461118 465812 492432 478650 504442 546342 457967 468352 448060 468774 494594 475137 518015 483265 500005 478073 465218 491550 500665 487805 487285 502813 479908 473648 500761 516863 435417 504399 470132 468094 440703 485710 450595 491617 486163 494664 485392 470763 479176 511045 496493 
465651 505454 468479 499471 519655 486279 458596 488524 502292 492058 472392 479904 453016 482850 489601 502944 506152 479263 475048 514258 468275 472593 503380 512947 485085 486448 511942 480639 484395 490247 470441 524564 451863 510378 511389 525236 470590 477321 502948 509537 472547 477648 497312 501681 512784 465696 469821 451569 466204 494576 522268 493987 476413 493281 514336 524693 502214 473498 456785 491605 508721 525936 497203 478131 504525 517160 493439 474823 476587 470055 496044 497688 520197 480217 505404 468630 457313 476441 458570 491901 495500 521182 494602 509189 526051 528977 487129 455352 426843 483528 514900 503011 475183 496851 480504 499100 512937 488417 521364 508883 388151 480142 498558 455129 474581 528116 481787 477829 498953 520452 512492 481739 456426 491203 460858 496407 468596 498680 486148 471648 504366 455962 505733 492122 454491 511377 475697 542159 474915 488538 556737 484488 491895 489046 540116 502144 506819 531089 463858 515133 447416 449623 512024 495997 509939 492728 535826 474935 489922 472056 493113 490181 449939 503836 486861 481540 497961 484750 537302 484258 467936 498768 457345 507396 527470 468303 487698 483359 478382 488150 479024 527587 465954 519131 480263 446701 535619 486257 510690 454998 478393 501293 457750 502515 546124 444255 486676 485158 497356 448726 502540 485289 492833 479674 460039 474674 470164 513928 532024 522992 
508884 527950 463685 484627 492974 500877 466279 538476 541409 562188 493073 509741 487863 504404 520807 519397 480185 523632 461528 500482 494318 498828 521233 529533 478303 474349 513849 480739 507619 522247 496449 483448 484410 503209 497452 532394 457423 499560 489145 505196 502305 480890 497337 504520 509672 485829 495357 460409 487310 527912 519622 508673 493207 506949 497991 518545 515097 494377 461545 521026 492120 531944 510303 517265 494739 545305 522495 472127 485511 492820 491371 491500 525380 478685 524888 466351 476672 478380 479381 500402 500780 533455 496710 537023 527258 513298 481830 503892 448866 479565 505067 518038 494702 498133 506023 476370 533864 486465 517902 534151 423311 451596 518042 476424 497387 534224 504430 492759 505629 516972 518421 495781 477964 500727 476159 504166 482630 511738 494601 486239 531820 457682 513589 495369 474279 519154 483451 539870 471419 495353 510268 477599 544804 521003 560317 534864 501695 507939 464607 515470 514752 478697 504199 538227 499548 502942 546220 509788 470004 496596 501465 493029 470969 503151 459874 478351 502008 496848 544709 491237 478028 495182 491619 523467 553692 475138 494517 510587 489028 477585 489176 532520 488321 516428 501507 469068 528420 526426 517821 491341 515732 504102 515387 504654 532943 436030 521766 512452 475646 482189 518414 500183 513375 491361 496844 502244 497024 522625 529308 522893 
447521 486254 438662 461422 463974 462122 468223 503466 519800 490011 425733 457124 429873 463163 461268 514174 482492 483039 436362 461300 462588 465401 460449 498706 464707 470085 496265 447036 477256 462751 445091 484276 448404 472010 473331 472377 443940 462838 459958 486870 469779 464980 474818 488509 456324 432106 462685 450333 450949 469296 475745 471651 456446 479281 457762 482789 489075 462604 429896 479823 476252 502033 488736 468454 499095 511046 465173 431769 453067 458770 452550 454002 499981 476350 486396 476111 437198 458814 445215 492070 443592 504177 461152 509684 495649 505885 460256 457285 441470 454557 484692 491592 468284 456602 476459 441084 485404 454071 485190 485151 417613 434999 488247 461836 448972 476858 494779 452854 476971 461994 491847 460838 447602 498964 438450 472506 465931 476157 460738 451658 474512 426169 474462 454741 470770 478765 447614 514438 416604 477818 483098 432832 469442 472356 498431 464037 492302 493607 456533 485741 417669 417854 481672 473063 476597 449060 493788 458391 462870 434542 470376 441951 425671 475546 445531 481681 473049 457580 507954 438544 443728 470471 446114 462207 504584 438364 462612 480671 450671 486452 490493 497207 464204 498295 467232 420637 502561 472026 474378 463099 482666 487567 463133 483039 502354 420191 463452 469156 464437 428416 499817 446978 477845 437217 462677 463844 432563 474028 509949 489174 
483808 507833 449665 477976 484046 478551 446663 516465 519646 525649 476822 479062 424085 478497 473782 489963 479065 484578 452905 504390 486807 442477 493254 507503 440080 476516 517753 462760 472985 516062 482877 490090 449135 494950 474917 526934 458980 468550 486393 471631 478569 450273 479351 501139 492665 474375 494273 441214 461789 488100 514375 490365 474213 518914 484553 503304 514794 458227 450609 473386 474504 506723 507171 494101 478946 523836 510239 463390 478918 465033 492837 481220 503400 470632 536554 462698 466125 467325 465940 487392 471695 511031 470468 496902 515493 514326 464947 495908 460898 503739 495997 503908 470778 493049 477584 480271 510723 475294 474495 518521 425661 480595 497634 472169 465042 510939 503960 463716 495260 490982 518068 507200 469888 491107 475120 481765 461260 498214 505088 456706 501099 436955 525665 483596 480548 492692 470829 530771 477202 482466 500876 462860 487787 485559 539001 511581 516330 513537 477505 515001 470132 448959 495593 503736 501434 491495 518607 471825 477359 474360 487380 486418 430885 482439 477656 482346 473348 508528 524738 467212 455097 478285 474172 500582 520225 463443 501963 460216 459111 471233 460586 521219 464015 495894 466255 439663 515664 512999 500348 456608 485944 485309 494689 511883 500632 451479 499053 508437 485986 437751 487034 475286 495415 468413 474900 491918 473439 490772 529830 511420 
491575 515747 473632 480822 488550 471130 472233 526106 525193 531676 452195 473927 489200 458348 488068 499868 491660 478463 471414 498430 476305 481706 512745 513037 465376 489984 518261 476232 482639 504873 484116 484535 454251 513842 478392 512957 481114 495777 485622 522673 470634 455440 486262 479462 508081 463123 477702 440990 472626 499106 498596 503791 471881 491281 465091 519762 527214 497907 440756 511620 486173 523143 503895 493344 497577 532850 515983 455568 465201 472205 478488 488351 513341 476072 513692 467247 453429 459440 443397 491986 498242 506800 463553 503838 498816 502026 460202 477800 443240 463395 492939 510861 491737 482356 512990 483153 522075 474497 486099 523060 413946 450469 479474 470468 471430 497781 481157 464985 467391 498039 503263 482552 469262 493008 483195 486825 485994 494873 503120 490138 484298 435759 519951 499676 471187 492403 435881 527921 476177 513186 513222 457683 491416 471260 526854 515041 510327 525455 477746 498481 440194 452208 486131 482055 485129 507642 536866 466071 493501 485862 463564 489483 437530 493727 469631 499795 505720 499766 535022 479711 462338 477062 459596 499211 556455 491126 485887 464188 475725 480981 468918 519069 462029 491845 473484 438644 510032 496216 507552 459219 490968 493366 486312 511523 518322 437498 495832 484234 486622 439026 489750 471789 491664 439621 463275 461012 451132 513125 497703 511674 
433625 472936 448719 436395 437540 445532 422291 484665 475169 458826 446702 452528 419338 440274 484004 483137 452826 443866 443575 479055 438084 464909 436342 471967 447636 446144 490700 443498 446847 459157 427742 446064 413486 476401 461014 482961 441750 453427 479642 473264 448814 432357 447739 470530 474278 420178 449969 436524 427303 446842 463905 451078 442816 463636 471709 479043 467451 444285 406001 478078 452374 515448 465629 450997 448868 479190 453470 423527 433531 437514 468079 437353 492158 460729 501509 431892 445431 443869 440803 451727 446503 483261 451676 466078 469181 486906 459686 424760 423597 444209 473946 477736 453062 444933 439458 446091 467767 450902 460312 469022 400631 428301 453421 440075 453926 477644 470653 452764 456443 482464 485283 447656 426770 492931 429853 451370 439495 459788 474914 431107 448022 394825 453770 453696 426649 473805 431546 515122 437827 470138 460239 430392 464120 478100 498686 473461 477637 469202 442695 478017 440411 429761 461681 459054 482715 464339 473559 437192 431339 445068 457709 458363 402957 455663 403032 466334 458506 452366 486382 427433 420220 460338 454899 495569 489960 438277 431218 459946 428624 440026 465022 488245 429475 472231 440806 414331 484310 470842 461082 442479 468568 461427 440705 466621 489757 404018 457345 446162 454699 428777 454984 442975 457483 453156 446007 455311 427936 465030 486916 491562 
534053 562577 504601 537809 564491 555795 523691 581408 570802 586526 516515 552354 502629 544940 543755 572434 553548 551180 520924 578635 507007 510244 523712 561249 521863 537664 570592 515597 545224 540985 511763 550928 517711 560087 514665 586328 518031 536564 541572 570324 528567 525250 567080 539523 557240 514706 555160 502894 530731 545526 581976 530476 523247 549716 551416 563172 571406 537501 505840 552818 549093 581925 567031 545856 567910 586824 545798 520021 522412 530539 537519 543936 581326 539365 592617 520660 511282 503246 507798 560920 535710 575194 523569 580665 561370 564148 543249 527970 494716 542627 541796 578064 523936 546143 531939 528984 568425 505710 541837 550366 450014 516940 552398 519125 523513 563297 567677 518774 543684 551660 548782 537151 512584 563446 526590 567431 514073 557313 549097 522861 563789 489597 578319 535610 514151 557042 515734 595083 516521 546638 574570 522274 554912 548995 598880 570226 548000 596455 528315 557198 530423 502109 544623 545098 550752 517488 569282 542556 514297 530005 551169 547733 484529 545198 509431 543770 547668 542122 584537 492651 507143 551439 524326 550624 573543 508074 548896 513928 525400 535227 527697 579846 520618 560952 511064 505691 550033 572998 571387 506036 552832 544092 534633 545887 579886 494684 552906 549249 529265 494384 540860 541215 539174 553257 520698 541680 507594 552584 568457 566126 
447091 481687 432857 462493 474696 443143 437630 494882 475068 486419 442284 455882 412381 464967 466146 502811 448300 469164 460120 453217 456814 447978 449930 476233 424735 456975 466746 435346 444668 484092 433357 450975 444266 458985 458520 479185 446113 441454 463550 482029 457513 460375 458226 466409 467595 411232 435878 417757 438259 483729 467641 472916 463432 489993 454453 466727 475492 439209 426255 473241 471099 488732 490678 462690 450490 490069 476976 433081 457561 438316 447379 441098 464119 433036 465569 450913 434233 457945 411636 454188 454854 493652 435909 465146 480839 464116 450597 450931 423032 456710 470874 469220 464967 474580 459848 449560 466526 436257 457524 485522 399634 431505 478660 423521 433527 473989 444331 455212 472788 480786 464628 467019 430868 457613 444183 467201 449166 465998 439327 452578 481937 402661 464000 433344 449249 478143 447131 489975 444408 475760 474348 446244 491813 463404 485089 464144 473642 476067 422857 481548 413249 420124 492592 458337 473757 451870 479937 460495 452885 426756 447859 452349 412367 446311 426500 449191 469343 457442 499124 437737 412003 444135 443870 441608 490667 450535 485110 438497 447759 460487 453949 471768 424708 466230 459261 405820 470482 480138 460496 442384 447716 464504 456266 460442 474725 418156 477914 474037 473058 408714 473022 451217 440758 439806 433755 430909 441785 481310 475448 459649 
482171 526462 460372 499382 497165 488759 466737 531034 530057 544872 474741 488144 430958 478013 478614 522711 493858 501335 481046 526080 468692 482163 508884 526564 480111 485656 530656 487194 487926 521515 485312 484918 430564 509218 485850 535636 488645 478279 515760 517446 466078 457828 510386 501248 537711 497716 479764 450881 483512 516891 514977 496784 478379 521203 492113 509170 533407 473820 464018 507878 508874 546768 518833 512157 500140 543846 521170 464447 484470 483495 498649 504242 515414 473739 543400 477901 473130 470311 489157 485184 488734 553689 476510 515079 530032 529087 505383 511697 446714 494049 494525 527248 494568 501398 496948 456099 522475 466712 538455 513423 436909 484805 506771 466133 462651 528114 508363 486659 501474 509430 511193 491452 490142 515604 470369 511874 489804 513271 506512 464138 480849 451466 519093 504140 467204 522882 456944 535598 488538 495778 508471 477838 512704 501713 550480 526419 534134 523343 491889 515302 490640 469935 524099 488150 498368 489550 543412 505042 487132 478245 493636 505894 455354 470158 454824 507282 500460 511449 545737 472746 479476 490933 488432 520233 545755 483477 502385 499948 487348 497912 490331 535340 474979 503386 489074 479743 514140 508892 520824 486264 488737 505908 505877 506787 544352 423297 512388 493027 497263 453647 491751 482251 513323 488349 485681 482113 471658 513116 520046 546264 
490168 551276 479758 534745 538558 541320 497986 553087 555082 553187 522205 538964 467776 521978 533119 542529 534401 574151 491477 538474 498966 525006 505551 540855 505054 512364 542787 488224 518655 535018 481321 505102 475963 541436 499897 542104 505737 506924 524922 531057 509751 492163 514474 516378 538384 495264 537008 510667 486494 537405 530144 523301 509286 536139 514275 526289 525432 512062 470105 533951 542985 559913 537137 527457 509931 550305 535656 496574 530218 517894 511314 516179 529684 512292 553780 486380 488574 494349 491018 525886 510841 549119 502432 545428 533339 537511 526262 523951 486345 510116 516384 532175 507034 505787 494906 506061 535478 475840 519001 535721 449512 509695 541229 494470 495078 557793 542467 508474 533672 537683 524949 531820 483223 533145 514086 523836 516067 528347 523864 485471 539635 469820 537937 512117 506544 520813 488333 576154 506227 509532 538754 482294 541243 540495 550978 528894 523878 557002 509309 543709 490306 478908 522892 536317 537515 493531 536570 500998 507477 513588 524138 516317 450857 523119 509494 512565 525011 527765 557664 487271 478307 501958 510762 525335 565969 504198 533302 497895 511828 522508 502340 541335 503208 552978 498521 483475 518446 545087 545528 491009 534886 506379 517875 520398 545783 486423 510258 528272 510881 496815 517919 516860 523809 503053 497105 521100 486910 542883 567888 555497 
438771 480750 439377 465389 456951 461993 427315 480951 482125 495556 450391 442422 417035 467947 470405 487131 451963 478097 445571 477625 437759 465597 482215 489625 461115 431178 476367 443488 484571 479823 429300 481760 415628 461704 458519 496063 426521 454489 459005 493836 449189 454111 474690 476060 479613 447092 467433 439044 430169 448666 495574 463580 446044 487776 459679 474962 482871 439130 425274 497932 478189 501926 456960 454794 489872 501906 454654 444326 465346 453712 464468 456513 501737 455127 469785 464974 461600 455216 431241 450946 494978 480203 433498 452476 482070 494934 436677 453623 400135 475513 461768 481865 456399 467392 449682 447736 474111 459072 470738 469286 384189 428272 465779 441128 434299 477962 467340 458268 468638 465928 483506 448968 435258 473662 444111 482881 448257 461912 463579 462068 463537 453159 459789 472268 444017 482038 436174 489010 431646 476759 489226 454239 479784 479976 500308 479575 483342 505466 456069 461109 447896 447138 469971 481583 465590 473478 528010 453430 460836 469094 445116 447609 425765 467802 441037 477275 477799 442117 495794 437720 439510 487121 443380 484756 481780 430486 449672 435046 443549 464629 461223 462445 444215 513893 456998 424428 507530 471719 484062 460131 475719 473763 458386 466479 508322 429702 458581 465948 467235 439005 500810 454350 467160 461823 420449 469618 439567 487081 500248 491581 
458669 492350 466333 479633 493457 461407 449293 494150 523031 476345 461287 475025 446498 472427 479195 496212 463194 489841 447544 471345 458938 463512 484483 515899 468813 459333 481702 459889 473267 491722 468681 449545 425279 481559 465361 481765 428009 446982 457067 495344 450596 479966 459259 469063 483090 442836 474716 438417 456958 454715 506339 453746 440726 485199 469070 505052 477754 448919 431271 483439 455504 491225 470493 486064 469129 498018 468902 451421 451332 464188 477367 476894 513868 465409 510662 467138 433803 448564 446704 464496 468382 510579 447308 487339 479226 500634 478173 444214 417449 471217 478161 495257 445691 458261 458989 450143 499510 478242 476260 486531 413197 448078 475235 442320 451692 480909 490159 453938 479099 471344 498996 481840 458465 471918 455950 474565 472093 478094 495502 444656 498514 430926 471316 458144 449265 498874 457782 522868 454930 473896 477685 444215 471523 471118 503460 494264 482529 488014 468484 486913 470248 424795 489213 459796 485612 452492 517016 441872 451109 440943 470008 444975 454554 459907 436205 455650 472129 453186 501407 441770 459251 489636 466138 475351 517717 457731 482405 444670 439635 460735 469873 479650 431697 494699 448692 442945 484130 492730 463347 477170 486275 460786 478189 461088 508173 432373 485804 477559 473226 446117 492749 466890 476730 465189 457535 478186 433011 473984 495972 500192 
456175 499051 466760 487945 485745 480554 462865 520222 511028 509763 471507 480347 452201 480570 502540 502274 501885 495378 477335 499707 477049 482378 494485 503685 476842 486585 502904 476437 466181 515688 463005 487338 458152 480115 478874 511777 475810 464336 492494 491582 463213 460718 473818 483817 497870 473757 470855 448048 463132 495248 495988 508850 462381 510728 487322 496730 511886 462060 449074 491046 490236 517425 514362 488359 485310 498151 520592 448154 478176 464653 482322 473708 507979 480912 505471 468990 450290 488509 444946 497217 492708 507384 471419 510393 505923 504147 482372 449032 420375 488473 516640 514660 492362 478653 484964 498681 496090 461129 517750 514355 424603 467241 499724 482578 460272 508878 484948 453678 479194 502257 497430 517366 458507 485452 466515 489184 459927 503167 465814 462521 480004 436409 473366 464046 479415 496781 449802 554626 481339 465835 521955 447502 509325 488917 532080 485037 493372 532010 481255 513549 457997 445395 506958 461742 493189 503046 520029 462953 481222 482271 459592 493227 442997 485450 466924 488904 487581 506704 536733 465340 449791 493758 488621 481131 549164 465287 494369 475735 469908 466319 472587 536164 468912 516176 478602 446019 521288 491502 509904 474510 486673 495289 497981 477558 518355 425777 491043 506589 464171 461649 473399 481432 504047 482783 468430 477917 451204 510597 514745 548582 
523255 545532 494560 505284 510563 496115 475045 535036 549521 542799 485194 497259 467080 493369 522984 541893 499351 533981 509673 531015 493182 502542 513353 535642 497981 510630 520763 482179 514350 500698 492799 521377 471124 533398 513249 507340 488884 471931 520691 518640 498565 500629 513125 530707 528680 473500 518336 478360 467598 527916 529106 534288 504225 526662 544926 526834 544129 491191 462714 545419 523625 555189 528207 510675 522869 550164 512832 498643 523693 521138 523268 496927 538016 504778 533358 484976 492647 532582 480027 530338 507610 559777 495957 543405 540154 541029 513679 534746 466121 512993 527120 539371 512520 524024 509547 484342 542168 511887 530030 539965 434102 503597 507420 487415 492398 550730 513645 524651 511821 548842 519795 538531 488059 520700 504269 525134 492884 541902 516165 502269 524109 459569 526149 498585 475393 531508 508041 572185 496237 507501 552878 502024 538504 509508 559909 522031 532670 547753 496132 534790 479719 460739 528982 516815 520242 524394 537235 517735 490824 495882 516277 536640 494387 529541 475932 529457 517936 498680 541340 495114 487570 526015 499719 530942 567554 497932 550650 501286 482417 512865 493882 550314 496190 558722 481638 465136 526803 534327 514566 501270 513320 519261 525560 508025 546040 468613 523591 528304 522772 465775 520787 497452 523415 493632 509189 481798 488844 536353 554693 545138 
500707 532786 475904 503673 502391 517059 499983 541615 550766 548863 495323 503517 462211 494393 519071 567170 500140 546242 507737 502014 504171 492910 540748 529072 497980 495712 531354 502054 509815 519719 502771 491335 470289 513035 527753 538175 484655 512546 497452 532472 500803 487012 479903 554423 524644 491125 501078 460373 508482 524884 513493 500638 503142 525520 493739 532214 528979 494627 449216 515101 499088 548714 524100 524139 516108 552500 525418 485686 497378 486571 506168 491755 520434 507973 530417 498629 458187 496434 463773 509132 509821 560705 491379 526982 546152 523135 496269 502682 473117 521090 535525 538760 505419 493656 506509 511091 540950 507725 512001 550059 436143 508894 517048 502395 516291 521745 518258 500774 528401 508053 521245 520109 482656 521848 502345 492888 513591 522221 516256 503783 516273 459285 516100 502596 512131 519425 478112 564075 498469 513956 542227 494801 502689 510127 544894 521068 537496 559247 489243 526141 477462 459693 508953 506174 519157 522185 543438 513310 502952 491337 524962 503337 448582 516984 480656 509519 521323 531350 545438 479199 480568 507503 485731 528742 557928 484734 510674 491671 494028 498071 510527 561345 460460 523953 474301 469668 523954 530871 511072 497715 514807 528428 513841 547359 536751 440988 518967 526357 506382 472935 520339 507380 502807 500119 483557 504750 503693 521740 554261 536955 
464406 486195 436201 449850 455083 466355 444781 507864 492991 510365 460732 463376 432208 457337 468841 489905 468510 486221 467785 486556 442611 458019 498906 473864 469719 448766 489719 488616 477628 473465 450412 499693 426394 465974 473276 511188 451520 468523 478100 463989 461282 452766 460589 476096 500373 470697 447459 443529 435320 462786 500633 480507 474464 494242 463783 505486 494012 451224 435767 485636 456877 502951 505109 472600 488486 501752 497752 453372 462228 449318 485770 479119 501499 485325 498501 463849 477569 475332 453603 457373 453008 539306 451931 486093 488120 489694 489289 429107 441501 479939 481574 506414 474453 485844 474005 455143 488276 471616 483734 495428 408529 446864 491051 465959 454249 485142 484131 469108 489387 477351 497643 466366 442684 476171 458946 485019 452033 466579 466727 445721 473304 423525 472937 486267 433755 492835 453098 512968 470079 478312 502560 460845 504620 476232 504686 477889 489799 536131 454386 470964 472220 430153 488911 496651 492456 492456 511697 461240 449983 470021 441576 474318 417988 460380 442357 479510 468774 484732 518156 442912 434153 476415 449023 480217 522909 443321 477899 465053 446438 470119 468413 492290 447937 497514 454884 439458 485176 477994 496807 430292 482449 501860 476407 495470 518653 421479 438810 496696 466782 471932 473942 457180 470112 474546 457037 472030 467378 488956 495294 515699 
476107 511914 466601 438766 486765 474302 486878 524944 516421 528861 486914 486437 463248 490568 497090 510140 486612 540435 491566 514519 474685 478571 519657 516469 468237 493681 516456 479765 491534 494216 472415 498956 453437 473944 471271 513884 480541 478214 528845 516653 492313 474321 476754 498569 515701 479674 497078 465591 480896 491190 513601 513362 482068 509138 490311 526130 519201 499310 438758 491612 513746 516064 491667 509720 488512 523823 528547 460558 489031 488613 502658 492462 515444 494215 501667 487496 455622 484689 474080 475515 513822 524635 450050 527183 525331 501072 485238 481404 464893 482555 479913 530209 494922 482956 498859 462144 500698 470474 488930 511249 443449 482524 491689 474516 475397 507318 481179 490443 488697 494414 495332 530590 478091 509149 480382 524046 487418 504469 501232 476164 521757 450539 484898 488554 474892 489908 466702 524278 474658 494913 513190 490296 510238 507284 518934 489466 505709 535045 465093 480911 465693 447475 521961 517592 476281 494270 523206 464688 475055 471004 503920 502447 442901 495865 472565 506601 497625 496547 517551 448020 452475 502692 474088 500401 539603 491134 502184 482798 476461 491362 475137 518803 473053 528919 463377 457224 519804 497510 509378 474500 482687 507882 500667 472764 514479 446171 477416 493257 488093 461694 510466 471044 511563 500012 475851 485567 469780 503296 526945 506189 
463580 507627 438810 475530 489024 487759 470838 524967 488806 529122 448132 466156 457551 459116 478838 502826 477154 521864 446579 503158 461547 476662 493093 499892 434505 482156 514626 457845 485937 497611 451192 486185 439128 477492 472664 498226 476894 456161 486904 506042 477394 483935 484902 487648 492829 443286 461969 447282 468500 501872 488149 478848 471824 494682 456139 511063 514146 464637 441802 497916 505505 524110 478483 504836 489743 516275 497685 463669 466932 480858 480865 454532 490082 459365 498277 472870 436614 481373 430413 480061 479139 499744 455995 503066 517177 499331 486354 472789 436913 487058 486004 520835 485226 462754 484229 477317 493493 464374 472268 493043 411270 441537 490129 464869 482729 513838 473385 504791 485802 513442 482949 482558 446999 499335 463358 498958 476731 510127 460525 461799 481877 437271 470214 488201 480826 498995 441283 509803 458721 491661 503814 454823 505675 471755 504644 492997 504991 520207 471784 502360 484688 411274 478651 498174 490691 493392 541860 456509 476790 456795 473342 476783 459694 475994 462623 495677 484812 452807 538909 444604 439661 499780 470553 462866 535760 481227 479573 468950 462427 466995 471694 507064 473389 497329 484597 446055 502847 493063 503851 472929 471793 479872 475001 479100 534622 423050 483302 482209 450074 462249 505279 467391 495854 485848 464979 472381 438403 490433 516662 497856 
489616 522909 459260 511647 521868 493125 482996 497313 531630 541888 487821 512815 461322 480645 500127 531819 517770 518420 495262 510993 518374 471706 496775 532373 489033 474780 537056 467678 487170 492501 476106 510617 456641 499431 520496 541367 489926 484383 506773 510018 496907 494455 514555 515760 514878 463744 491074 469125 485783 509378 517538 492135 492090 531062 492439 516306 517256 490502 456817 503425 506078 524107 515545 496484 489764 552946 510294 465117 470584 468727 505597 502660 519922 497543 525162 490426 458013 501423 473716 511825 497086 546081 495112 537806 531517 522711 511529 472940 441968 478385 490593 516066 508615 486599 492706 485837 521062 477056 505043 517882 421699 468720 527963 465504 486787 525742 505410 495120 540721 514052 501247 512554 484304 501887 489504 506907 501869 517735 499978 464674 501775 458819 507461 503540 458296 513828 470167 540263 495989 519710 543623 463717 517295 497133 527277 511948 508689 525578 498869 516787 497977 458826 495838 506353 523500 509072 521259 501322 488207 473596 486085 502528 459713 504632 477935 500097 480302 498510 539279 464495 472944 497198 484637 518249 549881 475273 503310 486941 491697 503722 479117 541227 512146 518598 476575 482672 519434 501348 498860 473897 486876 524994 468858 501916 536098 437423 485795 501533 506273 469164 518367 500689 516211 504571 491056 503148 471945 523648 534014 532255 
454786 509950 477683 460235 462404 479553 453063 514264 499930 505477 490735 473779 437409 476026 481965 499548 501986 483725 454718 503788 452008 472361 514471 511573 451480 457587 503968 471590 455378 477340 466601 478800 447288 475654 468117 518562 461725 466566 475836 491729 465066 462117 473193 451779 493979 460535 466724 462121 454914 477926 494443 487764 491705 492759 466874 501760 481166 465228 421648 497645 497597 508397 478157 476022 473720 501279 494448 453906 483982 466438 461309 471391 491511 478741 497894 448673 449481 476524 465557 468031 484797 516100 489133 493145 479869 496024 453495 479018 432989 464078 475374 501275 449788 471901 481161 440656 483536 483358 476534 492196 419515 453332 493566 461023 476077 498204 488479 486269 495748 486141 497997 462560 444270 502290 471685 495290 467503 464548 508696 463522 467265 457752 501991 504170 452785 478593 453218 524478 452506 488913 519660 472906 479701 481328 512697 487385 497768 511748 459978 480808 459792 467148 461070 491187 498640 463459 513430 485092 466279 448717 461412 463427 426540 473027 475545 477606 480261 461182 515240 436604 448823 449032 463378 487458 506606 480578 465496 461897 465331 491461 491506 518369 466263 505177 476036 450249 508873 486575 471252 484610 488965 487271 452064 502788 533700 434003 501910 497279 478031 449246 496010 462562 493846 465401 456998 492353 447597 499767 507755 511721 
516117 501104 462719 494688 499073 497610 470484 514056 522250 518153 466742 488304 476152 489489 497525 524384 466737 512094 467149 492788 505047 484015 474445 530894 449264 489484 505346 482021 488875 503652 492714 523606 457969 505830 510214 506467 483482 465921 481126 509809 481213 488919 475403 510927 505552 478526 499465 459996 466960 486813 501733 503242 488915 496292 495681 490832 525509 472799 450131 483740 504334 512090 499772 486149 510867 549672 513580 463724 472007 493254 476061 485089 516778 498804 519357 482388 470592 500552 464946 492137 502970 509071 498271 531249 513207 502624 490465 467708 447124 490616 498476 522577 483341 481704 494100 460270 533414 521331 481431 514823 407640 468405 512731 474423 501314 520682 518717 504081 498518 495805 504698 508346 478313 527059 493374 510528 470496 507643 486310 473631 496798 430328 519135 487565 481147 503032 464038 538405 460235 488355 528559 465296 528221 496489 564258 500939 486506 537340 453671 513940 476195 449240 503813 496598 504305 476952 515523 448871 480883 457707 483382 486013 462512 486571 472657 491138 480787 492450 534387 471064 448474 503580 474265 509680 539436 479456 461161 485457 465811 479019 482599 539812 476757 533456 460606 443037 518111 515905 495992 484113 489953 526007 482617 519899 513352 444422 473702 504918 504422 474296 512716 482360 528095 481960 477873 493437 460063 515341 511331 517173 
460072 504885 450007 485207 499207 505112 449627 508495 520109 510196 466812 488540 455947 493661 506422 488592 504845 514541 463659 523778 487973 467795 498466 499210 460454 475625 499397 476015 493284 492750 476383 480065 465763 500828 485374 523090 468481 459945 488965 484914 484895 472672 497457 501453 494651 468688 487216 438740 469723 505300 506187 507756 480668 492516 498392 518137 509368 464436 445514 472329 497764 514809 507472 503242 498144 500634 523796 458490 481172 468850 491836 494651 522586 473228 518389 453451 475529 484083 455927 473278 487828 528408 472150 507895 523550 507292 508748 486389 443684 477367 496839 516233 504004 479348 466364 468789 518782 463970 490582 506592 429208 465125 489076 487649 461077 502306 479229 471229 496600 507848 522240 502386 474420 492229 491556 498386 457843 510743 482884 469999 492186 437628 501636 491667 478952 493889 449671 516519 473146 488529 524992 471754 514410 489144 525424 503153 497135 529440 476367 513862 478388 439021 503613 508185 499297 485075 536667 484843 491502 476272 490842 463727 464109 501370 462976 490967 495210 514712 531935 483091 467025 492049 488160 510526 544295 502827 499011 480310 483756 468772 463276 525054 465981 538111 457471 456366 506988 511294 512418 458541 504481 494059 512226 499177 509442 450011 491967 501527 486862 474496 505667 464663 495426 481055 493616 497977 472874 499080 523673 515906 
486386 505197 463470 483575 485626 485506 460474 518695 517422 503562 464012 482769 435014 479882 497605 499797 481163 514907 470986 508903 473842 476281 491192 496527 476718 497178 484980 466326 468446 492034 488252 490924 457819 463215 486129 521251 472717 444682 492767 514189 485033 449333 485723 518056 514752 478261 508147 466984 469043 511912 500174 514020 449594 518631 474248 483974 518173 487964 438929 493120 474079 521551 523891 505363 488504 520410 501169 462477 472956 453172 505042 481996 539660 467712 517554 492425 460702 477301 456310 474472 487442 525188 471301 490731 532695 492925 482588 464528 442254 462267 491186 518167 474036 481864 497195 483701 510995 467864 512042 493772 413435 467571 499735 478351 481750 503215 495619 481681 509612 533299 498029 502261 465726 496632 489978 487820 458249 479815 486544 461260 498127 461187 478799 486334 455149 490507 467466 536019 497239 495598 506024 444134 504448 489429 543712 479209 520062 525397 468217 504272 463798 458628 516215 509840 501272 490147 527218 491390 480256 486608 463236 488062 462425 490063 454890 482254 447438 487088 539046 455616 452312 494573 456451 490594 537403 479786 496564 488408 469003 480782 465772 542075 477769 522646 475676 440464 519567 516769 503326 474057 474853 510209 483077 502174 511397 417674 462423 501472 486767 445331 497685 471451 517580 490059 481331 487102 454363 490236 520636 531978 
469723 519805 463058 484927 483210 487839 453797 533120 530725 513901 475418 480435 454606 474273 501612 513212 489478 508171 459684 507896 477148 475177 494285 495193 478457 479321 517824 462621 471625 490506 460391 475383 451306 489401 476280 504201 466819 478371 499235 501629 480785 478548 516143 505501 493211 473220 484291 453230 460281 513714 513037 492716 489239 521841 493978 500738 508582 492616 427139 503902 485194 533621 506253 491095 495787 525779 500647 446227 485321 487542 485406 499513 527479 487845 525606 487083 481216 502898 458217 497975 527906 531919 472203 513752 505534 500604 485061 480441 449753 489497 515039 530233 483601 479376 502852 473787 499529 453004 501585 513750 409224 476758 476690 473093 470743 497165 482144 465673 497590 504761 494081 489810 466870 505251 514948 504441 482522 494386 504165 471171 517734 460578 520448 488035 476583 503835 470307 538663 454148 513276 532300 467950 501862 502999 518314 515782 497410 523774 478163 501024 473930 471922 506361 501615 486496 494036 520361 476380 467855 471094 474123 501771 463801 520639 461838 500379 496352 487087 544729 468479 472501 496429 478121 493644 547368 469163 511328 482807 493102 503175 472497 523238 483204 511195 458316 460486 525003 503013 500317 482627 507718 494836 482709 495737 529501 433917 492059 494010 484053 439061 496333 467338 514073 491522 475433 474430 464231 499536 524005 534712 
501578 532355 484700 507281 525750 517874 520769 540961 549963 555650 500037 514187 486557 510847 525758 564925 510167 544479 501121 533212 503052 499778 547438 564347 489064 494606 559998 499986 518018 510328 511816 507182 484322 497073 518541 533602 498741 490900 508083 557658 501870 505784 510344 546302 512480 494269 493063 486469 518992 542698 550151 490180 508691 532104 490177 553576 558481 505992 482492 525979 543094 532734 528780 530860 544000 558377 525178 478570 498076 515666 519765 500434 556110 524887 547413 523240 474887 493019 501163 540093 533245 557799 506786 560459 552952 537135 522130 503060 473751 537603 513221 548588 509477 500966 508283 516704 569549 502692 527527 544702 446571 491430 528276 491598 501210 543715 533061 534399 526503 527007 515757 533153 468691 549194 502666 522528 519834 526903 509490 488728 518197 466653 516394 524448 498350 526662 491313 573753 505203 535747 538736 493041 529658 512197 573867 548067 540478 549956 492515 517158 529612 472879 542299 516830 521027 499793 550086 515267 513348 491946 501199 512595 477009 523058 480666 512051 520313 505501 559629 477709 486585 520667 498542 537906 563974 504758 488167 503096 503708 537259 523003 552076 502364 547521 494467 483982 538644 543141 541400 490635 513079 537371 499255 531518 570315 449822 514813 517593 512088 497100 538924 503624 559449 519558 498697 522621 479702 531970 558287 563696 
487597 526682 464451 454349 496586 463532 463852 521154 532255 526309 473799 505849 474085 490489 479183 478191 494474 530115 462237 493367 479005 482063 472184 534836 471389 481615 493514 488718 479007 529149 470568 509504 467774 483718 498494 522034 473365 479873 488296 500435 463740 462359 501025 503391 508234 457957 486916 471114 484659 511538 519370 487333 484619 535473 498354 499857 526031 499246 447976 500058 498889 547709 500785 494753 490673 534275 515502 470373 471073 477554 511703 479964 507023 494158 541519 491380 475721 491574 449194 485347 487624 529675 473226 512431 516956 502600 491669 463879 440684 489879 499878 515993 485086 502535 488797 473685 496562 485240 489607 507362 418660 464163 505037 465678 484831 518499 501438 487327 507296 504975 507740 515543 467692 474156 478239 506885 470754 484921 507980 457310 515171 447996 501445 509089 480701 513112 452904 532991 492104 495379 520623 456111 515778 501353 534523 503900 511090 520251 491424 486128 486203 465328 518880 503128 493119 489603 497562 470897 480349 472641 485544 497935 447802 486281 473304 498902 491296 503922 543429 449181 447821 474009 468606 513477 546669 472918 498025 484953 471336 488371 479132 519071 483414 523556 465781 452233 497397 521459 512102 469509 491478 501149 506984 495835 520345 443162 491448 508183 476251 455859 479489 478953 521024 472280 483868 488831 472074 492885 534038 510630 
472326 490185 442931 464926 470646 472066 459386 510312 507370 554165 472449 486407 442702 476233 504672 515182 478805 493553 455732 511121 474809 470653 471737 491182 461050 459958 509533 471052 479735 495638 464582 500335 466720 470671 498525 546545 472727 463587 482109 488200 469499 474039 481857 507926 493180 464987 479850 460111 474721 492269 508793 495402 483234 500839 489902 505478 504183 456796 442384 498489 490697 531634 517144 506652 483408 515415 497080 450516 480066 464607 509867 484298 512971 473950 534549 451993 467699 474406 448301 486684 473296 524881 468636 518281 504577 497461 488144 483140 447748 478004 493693 498078 485377 480986 498064 476383 510809 468085 495134 511392 395948 458842 507687 462797 469710 491742 502146 475725 500369 512043 490080 506521 479785 482139 479482 498798 478285 488721 469906 462992 475339 448607 503945 485429 460833 508561 457561 516324 478688 495409 505450 441644 504783 466930 536197 509180 493021 532901 462950 502840 484218 460163 477274 487910 511785 457155 506094 484776 462578 477714 462533 503626 425112 488143 448899 501768 483289 486272 518372 438739 443450 473023 479695 491717 524039 470541 495932 469926 462017 480339 445526 528792 471181 540427 475510 464920 513482 482996 499596 463136 472962 481825 503282 496826 515898 428655 483899 493932 495173 443578 468863 488407 491316 474977 478456 486763 443336 530994 507534 517738 
471012 501057 461373 472906 495299 480248 429139 496416 510091 500807 457690 480312 462608 476250 492259 502109 456632 493763 458379 483393 467697 474523 472771 505635 452752 451716 486296 469065 476530 490194 456030 489333 457510 495431 475411 496177 462489 439172 507546 503625 458764 461352 469512 480266 514084 462329 470657 447479 473641 496274 497849 485429 464163 475968 483684 523165 495510 478505 420833 481506 474104 507558 484116 492807 504965 510540 493915 442765 459330 464864 467252 480921 495937 452599 502619 458642 444476 476707 434794 491226 493725 480569 473654 505531 517153 487103 454708 449854 437631 468441 480089 511576 474633 475907 451814 464557 503981 473204 478727 497338 400837 439955 470993 452582 481664 502713 480197 470489 475903 481342 469878 492608 451817 500510 467121 476733 458669 496615 473657 459498 488845 434096 506587 482684 450459 488073 437917 494654 455170 481394 521108 456344 493999 476098 512475 497563 477041 526127 462880 488570 480607 435923 478295 486340 464471 472973 517376 458880 464601 459620 491443 474327 442782 481714 457042 468621 464442 476469 531941 447457 453254 481960 451017 500472 498204 464282 477156 443815 482686 468806 475596 493119 474634 511470 476679 438701 489391 504738 499364 452706 497680 476507 483297 470007 529811 410847 469492 496702 465819 454297 490579 456583 477173 480393 463117 481965 450868 501802 509850 486929 
498305 543829 500002 538116 528468 531473 477384 539598 563256 547439 491456 516068 471593 531574 526776 546298 529700 519910 468794 521429 506092 495304 547855 532901 503415 505015 550827 498876 527828 515484 474761 530078 473660 526262 506329 533216 486228 494680 527667 519892 519105 489390 504366 512188 529355 473836 526487 478361 494852 518529 544587 523162 493367 521874 494834 523519 551630 495650 458077 540359 512198 553308 524439 533544 528838 568004 538996 489427 503918 495896 495869 531336 534524 512575 532894 503232 476213 507498 473449 510219 522646 540456 470242 541401 530714 543985 515310 506478 454039 514360 506905 536978 511776 516659 532048 496142 524317 481577 523516 554692 451005 483681 519650 519268 487292 518793 531434 501924 525130 524635 518835 521847 506168 530243 501490 521475 505910 551755 507133 501010 530118 486909 518210 515426 483331 527843 495018 552421 504144 528400 537218 504449 529270 524593 550759 535502 536837 554889 505117 533959 502173 452016 509758 529722 526122 504349 557666 511338 506703 491631 521036 503543 464661 507581 508450 521129 520495 522685 557968 500239 494627 526642 509534 509657 572408 499481 516306 487518 483763 508253 511953 559613 506155 528815 509983 490873 555471 521207 529271 504401 512792 523361 509240 518282 550404 463838 515811 516138 509801 500155 535691 487314 522546 503572 497646 501040 470705 538680 545571 547719 
491555 518492 474659 503710 511732 500365 461069 542300 525284 536496 476471 503236 474218 493905 504828 535292 496417 504540 477529 533041 485980 478783 499253 505069 482629 488050 518657 483783 495193 500108 484228 491881 467777 508536 499895 519386 465926 472215 504341 495854 484336 480113 476109 492046 508506 473084 487790 471417 459459 508375 501024 544616 474127 508809 497264 531306 524540 479746 450464 520684 490429 523282 518183 496573 513843 507141 508556 465465 487200 480295 503721 482878 532565 481374 533090 491661 459514 487702 459050 501629 489881 526823 458920 518275 516847 522679 508256 494125 443823 492943 505606 524770 505371 501696 496744 495671 521946 475405 492058 523657 424949 482336 500274 493003 472440 496495 515763 498216 499956 510829 519321 524740 473656 522433 476274 513777 471361 523355 481756 477976 513125 423651 504088 490914 480747 512742 463450 532757 490154 504806 501268 472235 524383 492666 547855 523217 520317 546785 481020 526445 480616 459231 517865 496459 507513 500787 520990 487568 469344 466289 493558 497690 450599 498473 454039 499777 481179 506381 538018 469976 466771 506307 502148 489777 549111 481474 506419 470988 455615 476860 490863 553425 463686 522151 486645 467426 521523 510183 512060 473483 507681 501267 515149 514949 506063 454031 511472 503018 494553 461401 517476 474947 502390 477044 482662 481702 461203 512702 513337 508163 
484550 517817 473665 490986 491897 483884 462406 531632 533231 514099 485623 489990 443757 492344 506202 536208 495111 519665 467608 510213 483016 460593 494788 516694 470230 502334 517316 461850 478164 516452 478325 486456 468007 501078 487785 508055 481606 480793 501241 492903 482719 464587 495107 505510 496416 469644 481176 457711 471035 501267 506051 505846 485210 488870 494677 496877 512569 474742 440465 494138 503818 524922 534564 493350 508367 530902 500907 451346 475559 477313 479912 466069 492503 480151 537125 467140 460340 486721 449179 518701 494579 522271 463796 532630 518590 508835 476239 482284 462306 482960 515213 517928 512136 482314 485765 480949 522338 481756 505836 519978 436286 486879 504074 472564 489063 532875 478807 489340 482181 524340 501004 486506 465697 503078 493950 512822 459640 524937 486860 475635 502671 437394 526349 475887 469426 485291 474658 543499 474253 503138 512553 473297 495416 501340 549672 526558 504962 527221 484942 501945 459862 468945 506900 483545 502775 481565 492530 483983 489272 467560 488351 482718 453641 483406 479862 501481 484339 491191 533775 471955 484534 483840 484504 518072 529867 480543 490736 481522 493997 502612 486150 534944 464882 519179 470501 467660 507727 501049 500523 484175 500875 494050 489637 496601 520997 441940 508822 507045 491604 480837 511892 480305 516774 476806 482906 477152 458553 498549 521321 520824 
506467 534208 496641 492512 499538 497476 472255 536803 526973 542099 486656 518347 457671 500203 505869 528805 503943 512420 479416 530439 480649 477673 510037 532737 496164 504134 520748 479185 514936 531921 479985 498626 479142 522512 481853 531361 475622 496608 518988 551318 493842 494820 507347 503323 511739 486168 501507 465225 504069 517108 560138 499686 491030 517052 492278 529762 530682 493878 490787 514962 494211 523491 495643 494424 520227 538660 488569 478679 484621 493238 516975 498916 527412 514267 519880 502735 477600 471795 498271 512727 502263 543703 499923 515856 534085 527379 500928 477850 459392 502969 507774 538736 505043 522511 517145 481586 532769 474560 509514 513872 435141 461686 511066 478575 475751 503578 506127 495684 502771 507222 517898 510593 471626 539184 475095 507087 495499 516921 503497 504073 528515 473775 519758 494600 482389 534581 485080 534818 479359 525869 528183 486591 521440 516610 560397 540345 517035 546941 491614 517057 458296 476039 509233 523172 520200 500553 526522 486252 504865 484311 496550 512590 456270 533884 473257 525133 516631 471452 561525 484658 493229 499909 473021 521374 529538 475421 514006 493545 479743 529294 497105 535699 470760 511952 496043 483208 535015 522627 518726 494757 513604 524669 493640 507152 552913 454814 513076 497997 501587 460948 536840 497104 503417 493842 487749 488499 471508 524453 521724 535570 
489053 523397 478662 485899 503503 499953 470753 541617 544100 522022 463411 519454 463989 468023 515512 510446 497674 526939 468603 525005 467219 488128 509458 523788 466106 481534 505460 482063 525986 504655 461589 498734 457438 523037 506595 500993 475115 479865 502628 499403 496450 460744 488884 500229 528641 478591 493434 458914 466723 495188 524989 494941 475283 506726 505282 534566 513557 484920 441788 497211 517025 545116 510847 498864 486926 523981 527987 478933 480926 470560 513652 502102 510635 508049 523400 475492 448507 478967 476929 485065 489329 518797 497830 557164 532136 502210 487287 477283 440043 488254 499361 530904 483079 510270 478298 494807 503985 481318 498559 513260 431559 477606 500152 495433 497525 539584 501456 478330 510225 504448 526423 507878 428649 516839 471472 499919 494470 509522 502323 484371 517871 436847 515863 485400 477982 489573 475655 533001 467677 490203 550888 487637 519547 507633 550346 525818 514548 526458 478453 511879 482123 480393 506553 511723 515370 519033 498341 483337 494248 465577 515375 512218 453944 510536 477239 487985 516220 481534 535127 487267 456020 468219 489413 517795 540448 458863 506928 478770 486285 478845 483823 528267 477193 508702 480754 466799 512568 511773 523023 490292 518043 504761 514471 463100 531938 448611 518004 516409 467009 453070 512611 482794 506837 482829 462631 471954 500295 522641 553070 519578 
432900 487895 455873 465640 475512 470038 441391 490421 472754 484732 449315 424437 428938 460370 465343 493035 449113 489211 425866 464132 437863 441891 470038 478923 413672 455799 464185 416156 439259 478454 438024 460955 407316 462322 448998 479830 428094 438205 462372 473558 458005 449467 441273 484265 451950 438906 446888 436367 434112 484563 470552 479452 435536 471977 443918 475116 472641 428525 407886 482972 463904 473953 465475 461196 452604 488229 455042 427615 449954 450256 449807 438287 460627 442830 481378 441120 438892 454261 441919 456871 450690 495259 445183 501013 450975 480574 480022 424925 431309 462139 453579 494658 474888 448621 459051 451107 488138 437907 453516 497778 394151 420381 452916 429875 429033 469848 467001 468282 448298 473585 479168 454238 422308 474404 446082 482810 462041 474331 452834 443232 487298 420097 459181 444983 453654 468102 432290 488259 410305 468660 462704 439377 470549 454623 498530 482017 466381 469150 456508 473653 460148 415554 484942 460904 492586 439477 470854 443597 459147 424576 445358 448812 416367 458821 434126 457724 462374 459049 488728 428333 425241 450651 448196 451610 489507 447041 458845 427044 436102 466430 452673 488852 440148 479913 432996 407586 468316 463628 473423 450395 432052 472301 457421 460547 481406 396280 459425 467320 451672 441595 477194 449185 474574 436261 431173 455957 414443 468770 476680 465743 
483990 509311 472391 478756 488053 485957 459589 523548 514071 531765 447914 481075 426432 476175 497978 508223 475734 502878 491013 492371 473088 466834 472232 516005 455658 476365 480078 466572 486486 496842 472504 486545 492365 500513 471172 478451 467786 457117 517339 494601 483206 450130 482232 488412 494141 455171 472327 460329 467432 489157 508527 488414 467864 504664 469488 497945 495168 474893 451662 493611 462885 500712 477984 497121 511816 505258 489192 468125 467699 486536 491822 482248 514053 490955 509078 485231 479790 480631 454952 501639 473535 529898 489913 499915 527095 506699 472710 475432 432417 466226 498882 514094 491360 492309 470392 453860 489444 439336 501849 501566 420893 448974 499882 475138 454920 512268 495289 494715 472538 497561 494361 501626 442962 513069 467035 479943 458179 493636 481094 465104 502278 435665 500815 479086 474641 494503 455038 522152 467566 490760 513552 461300 486743 480138 523298 489965 509473 510953 480738 491268 473532 452635 514932 484723 483439 469067 495348 467928 474252 460218 500665 496353 428734 468515 441101 484838 476957 471566 523132 461812 458168 492995 461149 491813 505049 468912 494308 488457 481229 494146 487696 498463 454067 517397 456329 439798 482140 508127 485744 448223 499941 505764 474027 477718 516620 428769 491916 488485 468837 469064 510369 450355 504679 456930 459690 473379 471056 479064 508315 500431 
505420 541319 493429 483806 516755 511469 493691 538892 545203 558925 492914 494619 466155 527723 514203 528865 499555 526932 484078 539943 506951 519898 503779 521685 503861 516010 512186 506552 499455 505921 467230 519506 461982 531700 503062 566223 521402 499348 524298 553882 493266 478466 517323 524785 539460 482981 513910 466398 493929 528744 539155 508187 489553 533688 498157 530539 546971 499088 468278 520098 512921 563135 519801 518728 525979 547495 513990 483108 481433 487049 518150 516670 551733 498013 563092 502184 500986 487360 490437 520160 526325 547365 513643 526053 543672 525215 507797 484268 485498 496245 512704 545232 515609 522585 524983 497336 526103 496829 531856 533263 437308 482773 520509 511551 495712 525631 531620 502584 507242 517625 515266 532623 487188 537993 516505 542499 489806 521576 523515 499904 527388 461342 517894 522440 505902 524700 479289 549718 503626 518369 546795 473793 518493 498216 562881 562129 518066 576235 505586 525315 490668 489067 516722 512852 522241 496588 537676 506692 522743 507018 508104 546878 473826 532388 496982 543106 513572 489613 545889 479105 484794 510269 504652 543563 556254 496599 510879 484625 505473 521284 492345 558241 503106 534232 489719 457546 539893 525922 521574 498913 514861 516833 519420 525200 560405 445350 499685 505274 522320 467897 510616 496361 528408 508578 505367 509705 469937 528258 536461 547214 
445129 469178 442387 446829 482459 438909 424172 466027 493923 494423 439661 450561 448211 470014 477657 486509 447838 487200 437873 473375 453741 461518 472409 495488 446343 458339 453222 424902 452130 470040 430734 461134 420104 461041 455503 494411 456883 451614 459827 482502 462025 412729 466419 483886 484334 439296 450830 411417 438448 461817 470174 484698 426518 479810 435758 484806 486348 461738 390957 452087 480701 502247 468614 474670 462147 496200 478441 422269 445975 441368 453866 464562 478818 450906 486292 436509 432216 456374 446239 439911 452973 490289 449068 499040 468215 477724 445544 451257 416388 443653 444804 503370 464324 457252 444051 438724 492309 450607 477285 510333 400765 451617 478315 420137 439291 488255 466296 463076 441150 489899 473957 445979 437908 463307 442481 478020 449897 465762 468522 444106 474059 405192 478729 449441 420168 459328 429141 500629 448493 470980 488795 437001 467938 462009 499562 482968 477114 495192 446087 452906 444028 431935 444000 473758 480717 466898 494970 440284 458739 463080 441614 456490 423068 453978 445601 471283 460829 462597 496484 442222 444921 440512 427724 475916 492955 439362 444001 440989 437839 470601 441154 462763 451010 480051 431428 387821 476884 463180 476152 416343 438481 440413 467167 467201 480714 406745 475522 464562 444602 430688 465977 439054 472635 420891 429156 462845 421849 483724 471743 478844 
464840 507693 428042 483553 471771 482747 466970 502614 504609 516203 448702 487692 441149 449303 483873 505981 459571 496719 486088 490681 457727 475262 474602 486781 451502 457818 491668 459975 459819 481839 457103 468330 426730 507624 466815 504387 489846 456335 438654 487811 452913 444848 474779 494241 492988 448624 456909 449890 460880 484384 484668 472273 455019 484689 468053 491169 493094 470656 433750 483383 487567 521511 493606 474942 487354 483169 486283 431105 446242 472913 451914 459508 498916 452945 491909 455325 438457 466782 444647 481757 493090 499196 465604 504602 498915 494155 463515 474150 422716 465868 471600 493071 461148 479174 447170 455193 507045 474421 492987 494907 416274 464212 490306 443800 469091 504791 496910 456461 468764 463580 490804 502820 451253 471730 450918 490085 467024 490812 469951 470048 476163 416938 494600 483545 454992 471918 446008 518954 481399 463781 513147 444754 469702 497137 524249 483376 501149 507736 463096 497350 444670 437347 464216 466793 467110 482205 498575 457698 467704 444935 481839 489202 440290 489634 460871 473153 492249 470495 496220 444253 440850 483540 462658 486230 532520 457410 478404 451227 469939 478597 458918 503164 457403 491477 469067 438621 506497 506917 476021 459962 477081 486030 477850 488580 518019 430464 489137 482512 481366 445510 469604 472628 480541 463128 466221 468807 453812 494922 508533 507414 
472849 507959 488604 482109 511141 495294 466013 516411 525682 531384 493166 468491 431649 502297 502534 509618 494790 504145 478793 503681 462174 487304 484842 532142 485432 473475 501282 465793 489699 512703 479074 493652 466998 501557 484057 521165 470092 474527 489701 503300 485116 484764 477638 514250 474226 460072 494622 462179 478888 481172 517915 496195 468075 513597 503268 505742 505247 475095 452358 488445 508588 528359 496105 485944 491051 539850 518710 452880 471766 473728 472313 476639 508979 481699 520079 493484 477815 485730 483309 496757 495528 510450 477148 513466 520172 509301 480751 479710 458691 505695 499269 530894 504026 508254 483586 476309 501299 486944 496079 483533 434162 460089 497988 464804 489326 516175 503053 456668 496900 488504 503754 490744 476603 510818 478762 477239 479787 506225 506471 475554 497573 466184 487578 483263 468751 494733 491827 543740 471984 498598 507178 485085 513486 511233 554858 502812 514358 525107 458495 520265 466982 466997 496358 504899 498830 498756 518688 495752 467019 468368 506337 473255 450856 489929 461972 476375 501897 495587 534328 456179 442866 492249 470391 502261 518925 469357 494210 466323 457138 488895 493298 518297 480655 507879 466288 455432 518694 528323 488059 475007 504609 515893 466688 485032 515402 442752 489526 512662 492540 459991 504121 474582 508561 508428 478027 490952 470911 508044 529180 516648 
471052 513430 470222 497490 517102 499879 474888 538102 538073 522220 476200 515053 465537 492319 514482 524235 483513 500704 476449 515586 481267 491422 504525 537516 472814 486566 514749 497456 526384 523982 481842 490827 457196 506505 512468 522291 488047 450690 490060 510973 477782 477254 477810 495026 504207 476886 487583 457626 471914 513544 517428 478212 495580 524360 482555 505429 541069 485180 464355 511549 491584 524706 505612 500194 485399 521592 506002 459384 483795 495428 498224 485958 511531 490614 514211 483039 473378 477023 468750 496240 498727 532394 486778 515756 532160 500840 529057 471818 433807 509562 497000 517311 505049 510242 500716 484251 528955 498028 486083 522050 424804 472220 517051 479917 478595 534393 501470 501486 476025 521781 511655 515060 466236 520705 487992 530046 499195 505322 505428 449361 494645 446565 496943 529157 484618 495212 487283 544330 479474 511673 510325 456539 520883 500965 523766 509302 516945 522375 486176 511276 476299 448734 511770 497854 507666 487707 521470 468284 490494 475854 484832 483401 463589 519078 473576 482287 518709 502584 539362 475059 466261 476376 501884 517375 546263 478827 477044 502187 475419 501614 495510 520677 492579 510733 483557 475077 520262 531228 518698 500539 489014 490259 479133 516386 545934 450008 499529 511734 498094 478845 496459 478523 525300 461926 493378 486612 450518 521396 529608 546336 
460578 497195 445612 453605 471538 468599 458856 500266 518090 520330 478458 475191 433024 498993 463127 507190 453129 488594 485734 482134 455352 474826 472388 497123 479772 479034 515087 484005 498508 477196 457631 474296 428190 466515 487755 490895 449470 461642 473918 483906 454794 450940 477901 490274 484712 475416 452210 448825 475867 471958 516250 476423 470342 511235 478939 497404 504530 459833 433402 486679 480039 519930 495942 463454 485402 512120 475028 466275 467962 474290 471294 473926 517490 454724 480332 456650 470064 487701 464710 480393 479687 533284 471625 490192 507527 482243 467025 459973 428718 509203 487055 514979 470581 496988 481261 477560 517067 488035 491562 513783 409937 469820 477838 438481 457217 498568 497641 475066 499169 479429 497281 484263 447699 484057 460645 498117 466885 492162 477130 480744 507834 441686 467942 472653 446022 496899 464759 504800 462694 468367 510353 434074 488387 466495 540329 498741 517541 503887 470361 486664 457684 451016 495978 480069 488480 467193 511092 476542 462071 467532 468640 484839 454428 492491 464177 481168 519826 464821 521316 449920 442934 469578 460328 488157 536006 448707 462772 479359 464874 472149 481164 519687 454346 486800 450671 450716 481652 513298 493044 469888 466188 487710 487088 489555 501524 415240 484443 491114 474669 438527 489772 459378 486750 459306 457266 475347 450745 490894 494650 512205 
482716 510829 434976 458982 481712 464042 446389 488017 492312 501336 455993 477356 456193 475252 476981 498999 461340 492102 457292 484095 477999 471496 497288 490904 459581 458878 508655 472231 461907 470702 449636 472637 451508 461419 482483 492162 469917 482156 468365 487523 448157 448075 481937 492827 469963 436526 475298 444126 474378 477303 494452 472862 470253 494298 461546 488627 507459 480223 440704 495212 473542 520789 482901 488367 483123 508576 467597 446494 454540 459164 472135 460941 517502 481789 496739 456132 425038 470870 437966 479487 492081 507136 454814 485897 491479 507003 463119 451126 430879 482459 472652 504647 491681 460246 468597 450050 515458 485469 474611 523305 409978 456196 473502 449629 448138 461517 474615 466819 470986 483919 490529 477138 434875 497429 470377 479683 475202 486684 460269 466862 486276 426154 469213 484906 464233 496267 445264 505819 469575 459400 503226 432000 495835 473076 499197 475158 488324 513367 480435 486967 438551 420295 482355 476185 482759 455367 520400 474169 466335 477154 450134 456387 450527 485293 436266 490347 468309 483182 530462 436578 446197 489995 458255 468517 512909 455750 459444 433675 458071 495393 468858 496636 449455 486050 460666 432438 481099 493136 497433 460278 458558 458375 466553 491333 499620 403681 449241 475603 472028 425542 480434 456247 476165 470883 469706 472004 449846 490438 512924 491483 
470324 524896 460314 480698 489913 490929 471492 531640 532531 530267 490840 465321 401693 475143 490896 524220 502003 509640 460093 524276 491255 502954 499400 496657 493156 488167 507933 449980 498173 504334 451763 488332 453992 478482 474818 523486 488875 486221 497786 496870 497035 500660 484374 503004 496578 481418 471952 443916 461961 498996 517340 502911 485512 509626 477915 500451 507799 466571 448927 468080 499361 515896 508906 497146 499663 525672 494995 444027 499311 473845 507659 480026 523295 470563 524094 472348 456171 494565 455853 501266 504375 527310 458297 521888 524506 498107 488004 488326 442899 504591 489134 516243 493073 486435 495228 489625 509800 462590 485300 502587 413515 484974 520725 489300 496275 500684 493570 480228 463475 510526 512616 514560 465988 506231 472897 494454 462610 525211 466749 450194 495355 436589 515448 487200 475220 495521 488334 539685 478704 501546 513785 459107 529324 495995 544869 506632 502106 525380 465721 509712 483704 468584 498785 505649 513891 491711 523609 484692 466813 447648 495412 478586 414853 488784 481575 501037 483506 501192 536465 461585 467023 498461 481767 501089 529750 496305 496027 481011 474312 489978 464261 538125 477501 504056 460429 456090 496176 510226 493403 465299 503811 488844 489198 483123 511264 450654 497225 510210 474404 455495 472378 482014 482753 469209 469272 482616 473001 507901 521319 526152 
492287 528703 463996 504892 521747 504342 449470 514137 530012 513189 486979 492389 448627 478221 489403 518792 508657 505056 468977 528609 474516 480231 523992 510472 467725 499836 516032 496818 506251 501116 483474 492884 450163 515625 496875 531245 457456 464988 505555 501394 470092 463611 488036 498849 517466 501064 482177 450953 472028 499020 529788 493804 482840 512661 494419 525992 515737 494890 459536 507232 505549 545574 510183 514296 481285 541507 490358 468888 488759 480187 503478 483617 514805 488276 523289 487957 478920 494597 486804 486712 512112 537603 478884 502307 527603 526111 493163 487404 454600 510478 495123 526044 493117 506171 502417 469512 551267 490982 514825 536383 452950 482025 495855 467459 471554 517463 502203 489749 518593 514008 512845 503958 474608 506579 496929 488308 487605 508112 505513 480882 494196 457397 491247 526883 502734 522832 468507 532932 489391 512717 543505 485669 531957 492889 539542 501429 531897 515571 487706 510213 480588 446223 528875 507255 528592 499210 536290 519084 503339 468778 460400 486963 441630 480327 495807 489459 497927 514219 525733 486592 464466 484519 502591 518288 552998 505200 518072 489659 477645 497737 498975 544580 476200 511989 488848 466091 515210 499735 506959 462796 500294 517405 497633 492069 538994 445188 506351 499803 489676 482197 520647 490631 520106 494811 480808 501878 478943 527629 544000 525858 
509255 520029 496733 492952 508284 487503 483084 540328 528122 567714 472906 475177 464698 496528 508984 512664 499258 518527 469822 508199 493831 519581 503427 517973 482356 507809 512748 481825 456097 523467 491288 501817 458228 483897 500389 529736 491624 494279 504988 513285 485642 471536 498715 501543 510448 480397 519637 481277 494068 518030 502171 509646 489636 523479 472827 520622 545064 490135 457803 534000 517843 536411 513302 519982 509779 542415 509718 483729 475748 492305 472436 470598 522283 489106 539733 491073 465374 480420 492341 505172 495553 542313 465667 535018 515000 519201 485027 504177 457071 492674 487945 543710 530657 517218 497518 477741 537693 497091 481319 530554 445434 479752 503270 492527 490095 525526 534843 519717 501597 532861 495862 498716 467040 517194 492531 532855 494217 512988 498250 480533 507347 472193 518255 493555 481260 508009 479238 535281 493356 497158 522053 492658 522258 505036 543144 510560 511421 530637 510155 531792 488014 460717 511222 503821 539553 521013 529380 498921 495308 494074 489585 500719 459493 500955 481244 498564 512086 510779 548722 458087 461823 527366 492784 511831 518710 478503 495336 472475 483930 533108 493641 547572 501684 533852 473874 475357 536912 515005 521163 483388 500043 539238 495849 519063 520199 457609 501037 491989 498982 478262 500809 482806 516871 492607 495727 495519 455568 516997 522012 530373 
495211 522338 471594 467457 475272 483002 465885 509010 540826 508890 467918 477219 437155 488972 495428 514495 490833 491750 466345 482220 468152 471034 492112 510857 470348 467551 504212 473075 473778 482237 446651 471229 475481 479639 466971 495873 474186 460419 466762 493651 470980 483773 470968 484777 495413 451899 459814 443788 474638 490614 513201 501138 460588 484002 466582 512066 525253 469630 427835 496734 491774 525216 493093 511959 510007 515785 464993 463771 470622 487300 480195 475284 511902 465558 503585 476727 474283 478058 461671 485539 483811 533125 468135 534687 495191 486758 473295 468195 448578 486425 485892 521073 491131 500502 480131 459338 513133 470400 496605 498938 427872 462248 488756 475212 470771 491182 495274 472984 471802 481714 511395 498785 462137 496267 495522 494396 464958 504640 465742 471687 498805 437222 513148 485151 460865 496456 476745 516316 464603 479734 505667 451387 491674 457117 509251 511073 491863 522110 470308 500942 468547 438920 493860 504080 490066 458922 503995 473113 491772 459148 465054 469134 441592 499040 462370 492225 488161 483478 516495 451051 446037 470079 459694 492206 531670 471936 487245 460981 479232 491179 472472 504042 461964 513203 469670 450879 473600 499728 494250 458607 501240 483308 488033 474511 504414 444983 477809 508918 472740 445672 494012 465642 491499 474682 472063 472904 449977 487197 508687 507256 
463366 510295 453898 478268 470783 452779 461133 516551 498724 523730 464425 480592 450342 458396 466292 507309 474316 505260 458234 476914 463966 475660 498975 499931 445525 468648 495364 464058 461788 484335 462899 469042 441222 471717 469871 484320 472669 485806 491501 513055 465592 470587 492550 486485 496344 454745 491555 474092 458568 503332 489414 493869 468047 500394 447690 501367 492882 477349 418156 509623 492704 504194 499840 485430 479272 515693 503758 441897 474285 466275 472062 470263 496876 444396 503758 467844 444640 482027 458769 479402 479938 521723 456229 517336 502987 478857 457337 481557 426241 462400 486315 515511 479450 483580 474476 474788 508074 466388 475149 512898 411426 445256 492846 456168 471405 501224 486312 487018 489514 488660 476346 493215 451516 485855 463643 477294 461079 475633 489181 458819 510285 430604 503146 470999 439280 485639 437603 519538 476888 482196 511283 467323 491979 473464 520064 510128 482707 516492 463548 481503 484141 446632 479513 491004 486351 493600 514782 451519 459381 484491 464060 480811 464585 483911 450604 500437 479449 472325 512858 437148 455615 497242 471875 473254 534359 468327 487011 452141 455385 477315 469780 509668 456208 485377 456606 453767 516929 494067 484037 454760 489849 486491 478021 492745 495527 421383 488456 479602 474725 440628 499655 486093 491912 472400 458394 451649 447196 480661 507917 495616 
443880 485209 444101 448015 460571 450352 423699 484039 480138 475418 425345 440873 420658 466885 468026 483633 472857 475190 422256 452396 448286 443815 468182 483243 433523 435332 483662 431008 426261 466915 442386 456074 449351 468426 449838 497215 435190 463668 460774 473708 452456 437105 436095 448413 457106 421676 448391 418755 443747 478073 482868 460678 433833 491692 452085 469568 488127 445342 423297 460683 466421 471203 451628 451505 463919 493203 480322 438617 435025 437028 453071 466472 474054 451329 481573 439051 412300 428340 457265 460352 456252 492641 437474 490095 478316 486673 459719 433234 424445 475736 452869 477176 444739 459527 469451 447224 473911 445812 471173 472338 413941 415053 468382 446763 454687 473553 476332 435342 452207 479585 464113 478361 417295 481345 433527 454721 446502 470771 452831 420407 456444 427737 465100 443164 418337 475554 439894 494957 434024 470321 475782 448385 470028 475589 478856 469152 473032 483329 454354 476839 451703 418256 438411 451008 466187 441245 497845 435375 432672 435048 450936 435310 385928 444724 462126 448268 443139 440033 499170 413911 425401 461708 444252 468563 492042 434714 469839 432517 428277 456872 454894 483407 427634 468055 453520 416783 459593 474922 477750 420757 465632 488355 423944 477410 492828 423019 446696 445945 446379 444974 460596 437652 462188 440741 459843 438926 428351 453388 486156 494524 
511537 553029 503698 535464 540705 528250 512810 547143 576435 560965 492758 518227 476135 522706 521170 540192 537379 534822 520541 525950 487831 493817 543649 572335 493608 527228 547432 523600 518400 544765 501675 500424 474121 534273 520127 546107 493122 495964 511223 530745 501045 499362 506070 539851 553562 506978 542182 500321 524665 498348 544626 520139 497642 523986 505462 540183 544895 518057 468912 509657 536263 562953 537468 535976 555117 563936 552010 500849 524206 521310 520406 512414 535326 516568 546227 500459 490863 503895 504236 524780 527633 582535 528221 551037 561021 554047 491698 533911 472775 520175 532994 545494 513243 516886 514512 501074 555512 523210 507685 548047 450519 496386 531399 520284 500824 546985 526851 526729 536494 531414 537442 534959 496401 539054 512468 511646 499882 528831 527586 507462 539247 474186 540318 504823 499624 535922 469251 576450 510839 516296 549198 513181 528353 528589 584868 557494 535710 566002 516012 529016 490623 494872 508018 536207 549462 509670 544064 504713 536004 531836 533039 521664 482507 535898 517896 520871 541031 546883 576415 522018 473750 553882 493843 533051 557416 503262 533899 518022 504280 525217 532801 578422 486817 541225 501540 483571 546899 553840 522801 511217 541138 540068 524554 535633 572471 472850 518991 532134 534062 481905 536366 497946 549375 517460 509694 514963 520430 524487 532163 558724 
501391 551457 487481 500168 503132 532017 500557 555650 551182 564272 486778 507727 482561 505289 523072 550082 488256 549787 506756 519838 482537 489615 525780 547570 494634 505727 549948 501271 499510 518493 469104 505640 480814 525087 496347 546132 498154 495952 515065 521012 485465 498319 503356 521114 512500 482108 486901 475184 511801 513442 545120 511850 493125 525955 503277 529875 537060 503877 453967 524033 506270 541485 532936 529728 515651 535003 524629 486032 497033 486934 521214 488369 541529 490718 519134 490846 461397 514413 479351 514726 519660 545403 495719 533070 531666 513276 512052 501416 464005 508473 519257 548758 494734 489120 519752 492832 547126 502724 506489 535072 417552 507273 514921 485264 478491 528082 502639 501686 513426 517764 518320 512786 481540 514307 497263 532618 496940 515636 502654 497072 523404 456299 505031 493350 485653 522976 485841 541446 487628 511234 546250 489346 525796 498060 550472 519912 530415 570140 480887 503944 488218 477065 522490 515617 499134 513463 543809 483824 492262 500848 508340 526339 452229 517863 484502 525329 488250 521945 565435 480029 481269 520258 492778 510667 560355 484428 507551 480046 497121 515823 500501 534631 467293 519968 488873 470362 527815 531398 535524 508551 501234 530357 516738 523051 530684 443965 490165 510756 496808 478330 526569 479855 503570 512144 477827 488268 486846 546424 538857 515450 
453908 508139 431266 444099 473358 454816 441238 512689 506596 517889 460342 475442 439756 466112 485922 477295 481851 492296 472178 493818 461311 454089 508002 506337 452165 459744 475560 475094 481076 474810 449716 448038 456770 455796 467327 492456 460869 470219 448908 490138 444482 452976 478789 456797 478277 465669 465079 427402 474006 480636 487632 483219 460628 461897 459167 502975 500110 460271 425863 459557 484768 522608 485948 480602 490462 493837 488981 450369 452593 469030 460668 478082 477469 471619 491602 471774 417439 448167 446926 480537 492395 512589 450382 491092 481956 473529 454491 464271 434846 477581 482183 480851 459005 473879 465449 441461 480795 472339 482438 490446 415686 461279 485837 449323 443702 494471 491894 476746 486646 464370 487439 467396 441847 474136 455760 499309 475520 468271 490674 460793 490709 419386 491645 466238 471405 481179 438481 516442 473294 482654 507080 458902 484651 507299 489279 487190 507275 523613 460677 471545 445039 448781 491392 476407 475880 474675 476722 474123 466256 450868 478729 470880 439045 470785 444104 489617 489463 475106 516980 433510 439289 468618 444085 469637 522520 478238 484473 446187 458742 479918 472282 498951 439591 487114 468571 435990 469441 478713 478944 446855 490414 483550 463061 485840 501314 422049 500945 493552 449451 433673 491971 466789 467624 469576 464677 456874 441864 489595 509543 515201 
485414 544221 475285 494074 495001 508702 487997 516284 543636 536213 494434 503027 456422 499130 522980 524362 511962 540724 489670 530822 481120 520773 498402 524745 503455 496269 538212 485668 505168 522374 473145 504273 477961 518005 515753 526182 487733 490809 491472 513810 497880 484321 504892 519668 526031 490853 484670 460870 496663 521333 511386 521092 486806 533372 500293 525744 538353 486497 446790 496418 514795 542480 501286 514298 532406 553732 494108 501292 496583 495354 520413 491313 549845 489582 533408 490800 476653 496469 480418 496515 512055 552083 469282 521271 525414 521815 474205 511144 445094 509296 515443 532904 478182 496930 497441 514231 514779 505990 517703 524832 426055 491084 533705 485746 515198 551301 532461 510846 508388 525293 530109 494345 467290 494299 481274 518068 486081 536310 513102 495342 510385 447119 527759 509893 493723 517517 497634 567212 496661 502587 545183 476287 519618 518451 546034 521786 528444 541405 489853 512434 493607 481143 500438 515281 539791 495019 558453 508993 474638 498782 505865 499996 460172 504398 496011 500051 512349 490386 537319 500177 473808 501946 482999 514966 553791 499457 509491 502399 483265 518398 497980 548103 487304 523459 479692 458101 517290 536056 515920 487439 517954 530467 518983 517703 548565 471772 519823 515793 493179 482575 513515 491899 498265 497028 476431 480296 479359 534865 547378 528810 
530587 575601 508105 487895 515047 521143 494717 556999 569307 559213 521519 538266 458841 518681 511960 525716 536505 564071 499982 542289 524219 528178 528646 553973 536588 509801 551357 490316 518884 538656 483156 514253 502674 519149 526583 552157 515808 536382 498610 552547 513028 517288 513991 522758 542436 505972 511671 495702 510717 540240 554263 532244 507004 534929 516795 556738 550685 505480 467795 534034 539921 563162 550718 525066 548694 561444 529933 505311 507354 504783 529644 513288 538427 522043 555315 515314 480631 523363 503269 527579 514735 575259 520308 539243 559915 550555 499967 510559 470741 509122 525472 571432 543449 525218 520952 510128 557824 505270 561407 541066 465257 504172 542573 500590 502163 554771 532235 505240 538239 528075 554392 526645 493077 529668 487149 523977 512846 534131 536825 512574 567079 484686 535666 505926 498568 536918 499229 566500 510312 514014 568539 507956 534609 528229 568801 538138 536122 569874 526738 530478 499922 492169 544650 525566 544394 530472 566946 525073 509321 512819 522278 525227 482431 529486 501986 539003 522115 510597 572008 477331 496440 530832 501477 543472 569776 502758 531421 515073 516112 522787 502461 561943 496237 537895 520036 499393 529138 539694 554628 511210 533630 529052 530990 538525 565833 461202 536233 547328 508995 495073 552134 512329 535891 509369 491362 517654 496692 531232 571186 561459 
465765 492910 455027 494507 486843 483778 483291 501668 510803 500707 475420 471626 422022 454966 493644 526632 487736 492252 462086 485420 477712 486925 489595 494233 465547 497032 503877 450997 472685 514639 451463 461929 451287 498870 495796 508138 477363 477421 497657 489895 450635 469166 491270 485908 499307 446573 488455 449541 462092 504687 510554 483886 459668 488604 483032 470278 498607 462984 437487 464311 475870 521279 505816 493893 496833 508040 502510 458959 483766 478878 479350 494729 506494 475275 526178 486472 433546 469575 462129 489021 493580 523639 443485 503830 515638 496409 482595 454895 437275 480183 491938 494747 471882 481664 502223 449390 500051 458248 482636 502185 411948 484486 509587 474203 474488 492111 480290 475966 487522 521346 492826 503268 474101 497036 479672 497977 472710 500691 489295 466986 496459 450334 489572 486449 465877 496891 461969 554388 489960 502457 511432 463082 497716 496981 495363 464812 494868 514382 469253 510972 460595 454525 494709 490866 503495 489238 521478 460200 457135 499372 480572 470290 444339 464925 480808 479440 468290 502563 533254 456840 454468 500160 475268 497589 549785 489369 495972 464528 470978 500103 485904 524054 474291 513310 442325 464294 500278 513244 487982 455168 494106 476423 464484 479486 515058 428108 503455 470460 465882 432644 476286 485619 477105 489269 466509 485060 452175 490650 523191 524675 
474057 490589 438983 463688 495782 459345 454039 517106 504241 497351 462063 482356 428440 473524 487784 494411 484473 487226 466833 506393 465163 464725 473060 498024 457093 481897 471505 471819 487393 463231 454209 470030 446556 472052 485944 503292 451805 469689 475192 490429 449199 478654 485571 491153 488284 470830 483879 450369 474061 468013 479587 481254 448460 476248 448683 484952 481948 448242 436090 466534 461694 504009 519413 482972 493665 511100 504056 428250 460406 458979 465253 456871 499760 459733 490015 451252 428209 461112 437420 495972 473069 515760 455809 480016 499226 465079 478385 456179 424224 463199 472953 475832 474167 464051 461061 439240 472968 484871 483329 512118 398303 463544 498637 485351 463174 496529 489169 469927 470483 478854 511335 472005 467367 474959 448349 489030 458646 469082 441545 449672 491620 406285 502574 461069 462515 477870 455570 503026 479711 480270 512175 472291 489969 483054 521342 481633 483437 519828 442067 505452 444020 447955 491200 508352 458589 471163 471340 470853 466480 460571 455128 467112 460292 480680 423517 475170 455354 501229 509568 464229 444873 476901 467858 474990 525056 466452 468343 470082 463299 473554 478823 503386 476672 500444 450528 437636 499660 493473 484332 456119 479875 477736 502193 487661 494974 442992 474133 478090 461411 415619 483297 459789 467544 466105 463299 471890 448390 494792 495655 472246 
532107 553715 507369 515036 520529 514483 508368 540421 551523 555637 504272 510148 488656 519421 532330 549348 518502 536895 516010 530008 517576 523236 512455 534299 528953 521773 534541 515753 509769 541645 518150 522325 499987 522928 535237 557347 491695 512231 519091 537140 494765 516732 526227 537139 538664 502917 553187 493744 503856 516723 554473 549383 503592 537256 537033 530822 528125 502610 476340 538899 514638 573801 529462 542866 541362 542019 542657 500099 535421 516873 527109 499599 571787 532599 574470 507830 502546 519156 499315 542281 513071 568207 505377 559643 556559 558519 513784 500745 468307 523553 532377 536972 503869 516977 494523 513762 539503 516294 522940 551303 445136 517657 517250 512275 510954 536777 537706 506654 525665 538353 538708 544968 508221 537152 524765 539315 516255 521819 533220 513391 557216 493385 533711 534787 497290 562038 477223 589581 516298 533788 552113 503148 556303 528247 567830 535416 531725 556978 519447 527096 507351 490950 530030 525167 556296 527101 555613 519583 524976 531683 523074 510983 499340 539205 499568 530672 523900 528549 561406 485787 488264 558886 500333 549654 559674 518203 531723 501243 479551 524185 539811 558407 511765 566730 497721 485407 561804 555911 513544 502325 520305 544399 513427 539996 566499 468030 516462 528786 504220 488100 510347 517157 536668 531163 523385 528816 482706 532843 537221 562797 
463433 498196 432825 460429 479768 482563 447524 487122 494844 510882 426771 474302 428994 454456 455138 476559 479255 471118 452131 463824 451002 453076 470751 489858 444079 466694 485063 464681 461173 483364 453028 479680 427659 463815 479033 516633 462451 425245 481022 477377 468551 433220 457496 477465 480863 453151 480441 417671 458133 468340 474065 455509 473815 486282 448507 490556 487157 458132 451336 459586 487696 517190 496288 479696 484496 504535 478724 453536 452825 451648 463524 458241 471072 469289 494245 455120 443610 442726 433427 452613 461813 498764 448008 480208 506293 473226 459983 454045 420597 447392 458460 488277 465393 496604 457513 444464 480278 448177 467529 476134 422077 467873 496559 468631 433511 482330 469473 458250 494849 493156 481470 457615 452753 475061 462669 480544 453472 481506 472661 438173 462543 414012 463172 466350 465267 462900 449369 503567 455853 471698 495055 447624 466639 475462 494392 476781 496347 504216 458831 475395 435816 441371 488740 461944 487088 468674 470597 460987 486907 448391 450264 456663 425705 460325 420198 458840 459204 492610 511125 452464 441719 454106 468895 489383 514840 445471 483633 452293 470605 465441 461774 519213 473587 494795 448345 433197 489600 481406 460304 457995 463987 479407 470852 461417 497515 414719 473743 457508 459924 448714 479109 448080 502453 454239 461512 469871 443639 488040 503273 504781 
464152 509387 456070 491624 471940 466732 464526 501379 519152 521957 481089 478567 443633 469192 477394 489589 482560 479551 478165 498616 465803 476395 500452 491700 459114 487616 483630 475833 501599 497748 450510 469715 450386 480769 484406 500069 456699 474167 476332 506713 464618 466652 464451 491974 487959 454985 472479 446845 466399 475231 515608 482377 447036 486628 467403 518415 500757 460291 445330 498136 461772 500727 509486 495255 468390 503712 493604 471108 477833 450302 471456 478752 515324 466611 491242 456920 453895 469045 466066 471472 466529 516333 444612 484069 502228 488615 477523 454215 432041 472592 477737 501731 474803 484675 482987 474562 505155 478420 493758 512303 406013 429377 497968 443128 441522 493262 479425 460909 484166 499774 510624 479949 457073 483032 458002 492492 479455 484422 481302 468314 490187 439138 491096 466174 471088 488224 456044 524944 484905 488568 506626 460468 505329 481379 509783 503324 487907 527989 463103 505942 463019 436530 496128 483967 499156 485457 505102 448532 480189 468411 471296 468918 451799 484837 443868 479773 477326 475122 520127 446034 457560 485295 464055 496554 536928 475743 497700 455150 460789 483676 459873 512650 471661 498328 451374 443610 485776 491110 494391 476928 470337 508877 484212 478761 518194 431487 495599 488470 481642 446875 491797 475033 479173 455930 447378 468605 437411 497317 491465 515345 
465610 524224 469515 496581 502385 489565 469949 525296 529345 529795 477990 501284 450325 484975 505030 532014 511722 510112 475342 530839 485462 490430 526621 525871 473788 495508 516680 476875 482447 498400 465280 487130 467344 489185 525853 526728 452820 482794 481450 469884 493271 475843 490725 498828 486470 453608 477820 466082 470347 480896 525016 480658 500717 514986 487440 507954 503225 491761 430923 503434 508578 535349 504652 502397 517580 513230 507200 491942 484187 490792 500672 511273 529998 472174 516741 493753 453614 487999 476245 487774 479115 532869 446822 523372 512005 512149 496767 476615 452854 496645 497785 513796 487246 503181 505777 489043 522173 501547 482409 499889 415271 471655 511043 478199 475427 510455 514533 502240 521009 513572 514669 488638 456162 513538 474886 495109 480235 500262 493882 457290 511335 440488 501709 502376 474067 503773 479404 547268 494794 508002 524359 478519 505238 508846 534067 507748 509550 535820 476729 497431 472911 447771 522195 497105 527319 497052 527330 470538 480665 465225 485959 471874 451128 485225 484487 499237 494863 496704 539928 462522 451364 495270 483286 495516 529380 474348 486272 488387 466083 488517 480053 553587 462623 528117 460836 450268 526922 494650 506965 467382 502989 513393 481687 503992 537114 441280 507490 493741 501986 481636 499383 482851 504663 485598 467052 488776 472780 502639 530794 525687 
483919 482375 444463 432887 445929 454636 422133 492212 489204 497874 418781 443293 433084 458750 453961 488296 445776 487753 432062 462695 452398 478913 466870 487206 416266 469331 461681 441804 465700 470753 445319 470028 454522 468094 455475 472710 459651 453821 467571 481271 476952 434082 455113 474024 471160 425092 426103 422633 428620 459513 487237 477451 457987 469462 463431 478530 481569 438849 412253 454548 459245 479194 484793 481547 460428 487862 500809 426625 444369 468237 469479 456869 477620 459739 487511 443849 438984 447503 425692 448557 457487 493019 447839 463317 490132 463325 451935 443386 427399 454941 475695 492750 468410 454241 465702 440674 457941 438526 461789 486331 396806 439889 449406 455196 449608 469904 454664 449021 463658 484153 475309 449403 433605 507129 446781 476418 432533 479212 459440 457240 466019 389143 470573 446098 438551 459500 451843 505437 432847 470905 492924 428212 486729 454846 517815 471765 473869 507585 441252 460768 441282 429988 474246 450425 461842 474838 485683 433629 436628 428974 466697 471115 409008 448282 438792 459479 449529 462021 497333 410219 438069 463795 444383 465021 503576 447236 465293 451909 445116 454646 448714 482316 423548 476407 433004 414019 472052 486352 482499 429970 453376 468718 472238 457702 468843 409192 458983 477860 439163 440592 482189 448088 478851 455302 432476 445938 444413 492640 472737 485304 
476410 528048 443408 471196 487630 476805 461292 521766 509031 526087 471139 470767 453384 480223 495192 505850 465769 494577 481240 484012 457397 475419 476112 496994 452580 475244 500843 447353 482109 502751 464245 496664 441119 467568 466029 518493 469208 465068 488251 491845 473243 472394 506973 472309 498367 458779 463330 439535 463399 504520 506972 496651 484210 494587 477858 489465 488379 472222 432714 506140 494891 530958 486918 480251 484939 534893 479631 453414 476563 493924 473716 460736 495771 472441 521831 478393 446136 477996 435754 484837 492876 525967 469520 514785 500493 517003 493413 462222 434746 489500 505167 525422 490059 487211 465667 455885 509321 465057 483011 486779 418654 471191 498518 453103 464074 506144 503951 485089 479847 494676 511858 488971 456757 495492 449861 524342 462055 509628 481316 491829 500894 434235 502705 490290 454211 501543 455752 516973 458105 490487 502193 453276 490971 487179 524925 518897 494362 504527 473950 486099 481035 453684 492142 495201 492011 472311 499332 460752 480309 465643 455208 495640 443668 494082 445162 485199 477997 479960 526300 456353 464243 478828 472131 494187 507135 466088 484451 475865 478548 473649 472067 503599 470648 514032 478369 450997 501650 507049 476998 467058 485159 475924 481464 485207 499520 425821 496537 486728 477009 429397 492762 458857 499870 457730 478828 493744 448098 508100 503486 522555 
458502 487749 468326 483576 491335 489963 460062 496880 483992 526655 445979 463495 457659 456124 490224 513948 470606 490004 453022 520438 473575 461290 476517 492060 464319 496166 510713 456033 464562 493721 469756 480419 464848 488264 487280 517539 452761 463950 487509 478884 465467 467990 468674 512802 473243 466095 492636 433720 483633 483061 490809 465180 469451 502182 474781 496945 513461 458343 437165 492266 474198 522398 485350 495621 501489 519680 503948 460527 464854 449641 471224 469396 525323 462965 521612 473702 437931 465922 441422 493462 469562 501426 454316 515596 509377 497925 482377 454718 442202 459961 492812 506226 492463 454808 472351 465532 518795 473267 474268 496416 399628 459441 489145 456276 464006 496862 490787 471276 487783 500060 481262 450997 477642 477832 470341 494981 460619 500644 463255 458000 491173 444816 499767 480132 453926 483686 448319 525855 455638 503774 517432 445637 474284 446137 524228 481441 509512 526525 467628 492990 467321 434963 487985 477434 491670 479024 490998 464856 466953 471397 480616 476251 433150 469045 459555 485827 492823 489984 522852 440941 457386 490805 451686 487457 531316 472114 467093 468374 462471 485932 460298 518741 459332 496456 450504 446510 502838 486227 497261 467663 460351 491706 481419 502399 489007 429309 487910 465855 473414 459457 495634 469791 489301 464652 449106 474289 427687 508211 480482 501716 
501424 550336 501096 511829 501960 485871 471765 534859 566180 536936 514724 510191 477233 517258 513714 552245 510644 541244 487848 516561 482398 517596 507228 541284 498446 512234 519230 507712 498632 533618 488488 532310 478711 524692 502466 533439 482439 498555 518481 530160 505746 501121 499176 500146 522991 478485 512535 496421 488662 528181 541182 500025 496145 506064 511853 564236 532383 488971 472470 517854 520338 551025 534092 521264 511726 557284 507544 483361 501685 511695 512180 492706 525941 509498 540603 507490 482812 492256 478129 517177 483829 559951 505806 517055 533964 524669 513305 479218 480986 537627 513932 535257 504703 507040 512374 514343 528969 519011 498463 539316 451012 477008 508386 493665 491571 508854 528764 473067 522380 534809 515422 524650 490457 525754 500473 514874 514435 515216 519336 492160 515862 472489 502001 511025 491495 520296 487909 567050 516920 527384 545938 477511 526460 506859 533403 531562 524624 551692 489306 522381 470511 474318 519463 504556 531898 497174 541254 499334 510085 473382 504795 499372 451392 502001 493756 498171 522230 511849 534362 472051 462019 500952 490498 510658 579492 502848 503493 480214 485287 496943 502214 543531 470024 542878 488744 464221 529331 546313 517277 485847 521273 525237 518247 504654 542498 460185 493671 517246 507917 458882 498393 496017 526981 501374 492543 490018 491154 529734 548433 536634 
458605 505591 440207 449348 479390 466485 421245 481494 491584 515703 458265 427702 430906 465398 491281 469191 470454 493996 436208 468070 450127 451917 480610 481164 433093 476964 475981 443965 444335 507560 462230 471801 433328 468065 460192 503602 458497 459135 475311 469102 454867 454618 479515 473858 478810 452196 458100 406703 450972 483866 495866 478966 454927 501804 458110 490334 497218 438398 419334 467935 488577 516188 456481 468362 472004 514292 489713 437933 458358 462793 449435 481328 504350 445513 485128 465881 447259 469228 450708 483085 481730 488760 444690 500597 475128 489719 465306 467594 420452 472420 463463 499329 472204 448810 467595 431048 486846 459507 478309 492512 403094 446448 483278 434325 452232 493355 472759 456290 462495 465714 484469 473174 461238 480927 452058 484276 466189 476549 482972 453636 479295 445330 489442 459585 455701 497137 433513 509118 448010 483405 499882 436141 484782 479578 512708 493868 468095 498779 445594 472808 471103 430199 466340 457036 491043 458409 503479 442154 463427 457688 465038 473036 439378 475780 461327 487080 485118 481196 543234 449732 449312 470397 459949 472749 516379 454157 467069 437464 443509 478533 438804 492216 450387 490287 461700 430429 491939 485419 481977 459510 470437 458135 466422 482348 480574 417129 480481 458839 455337 429790 479944 456735 482905 441561 473343 470040 425955 479766 490090 506367 
478830 492959 451437 463549 482084 478481 469243 508083 526174 526223 469043 471361 437974 469561 481116 487834 487738 497679 456808 479301 456018 476371 505662 523221 458682 461776 505279 482265 500808 484165 450319 474117 453984 488673 474376 519789 465328 469677 476782 490644 467884 454081 472392 511470 486323 464100 500013 461844 485837 451841 512906 474053 480051 488090 492197 491152 526374 457837 439555 477309 491124 507045 509803 495445 496043 518993 529178 439384 465243 440173 477144 466484 501700 482785 508191 456543 427380 462355 460277 496492 482323 513040 465989 496652 518633 508308 456690 463409 437706 494783 484587 487950 490422 473733 468406 477272 506353 481684 490916 512280 409821 463773 482574 468922 458882 507826 502865 454260 498545 485414 513419 498317 456509 489613 474592 490831 475829 469864 476702 469412 499883 453798 502196 495177 472457 509603 469819 517221 500091 474991 504556 459570 494227 494714 525571 510514 500359 531877 471527 502824 487568 445054 494282 507273 504036 466886 522038 487036 458889 483744 469053 470749 447135 499299 459873 478407 486204 491967 520101 439526 435163 486989 472955 478679 530867 482730 479803 444547 456244 486075 472138 511942 458021 508496 459893 430488 494272 511744 484621 465169 483269 495911 470403 503592 517355 431873 476863 513595 504950 459124 492630 464183 490164 474352 452524 495259 475462 495715 512571 500661 
497609 540814 458241 507817 489366 508782 477276 543565 547750 525880 488347 495135 448314 511305 503272 541529 506521 528797 503375 523757 489713 478193 509161 524208 512727 492259 516554 497846 498750 501016 485059 504476 473989 517140 502520 515968 488017 514742 510573 494519 494884 514794 493962 495426 512398 489771 508262 475407 474345 504402 517414 513365 491141 518380 527023 518880 512083 461733 462292 515755 502904 549059 526275 499077 534985 528203 508330 483107 516142 500276 500739 507212 533694 507674 529377 482107 489835 504178 466304 505279 499931 548878 480654 523290 524013 510125 498887 491229 445251 503424 499853 514233 515944 507772 508094 475047 532431 491051 512972 512021 439960 461876 510579 490325 484226 522125 524619 503975 515098 512425 525103 505450 478005 520828 497110 532598 487925 525733 506871 481439 509069 470537 514271 506956 474937 516493 478952 531626 484658 498359 539164 494153 527673 514296 548903 512868 513839 541328 498498 524647 493965 467933 501414 500006 521923 507922 524050 514006 508255 499726 490692 506274 462132 509998 467647 521026 508930 507236 552036 470421 507091 508837 499010 526797 540171 480547 516517 493988 483393 512036 500270 543894 497702 538430 474993 454698 536340 512999 522692 473427 536011 518401 471644 506604 547786 445669 498945 522056 526637 474459 492712 485605 512936 492787 497714 512591 456524 520110 537521 566342 
492843 541042 483429 498537 510197 489398 490290 530061 526050 524920 497043 500912 476600 522336 528733 529201 533314 540587 497203 520933 496467 481833 489563 532843 477247 511260 523485 501798 479478 520045 490936 519371 466212 492985 486997 527240 481620 478169 504718 529615 497544 492353 517566 514408 516065 504893 507868 473140 496611 508327 542852 509170 491789 546094 486639 489279 520494 498151 457441 536743 537637 544791 513536 497112 519175 534801 526118 492011 516601 496020 508366 500253 534384 492126 535042 480478 463874 490921 483211 510036 492509 545907 513258 540075 552618 525572 495438 513123 457250 494019 502716 534442 494681 494525 512027 493121 501110 505999 509380 529223 437383 481906 522926 486178 504134 534511 514369 504430 508578 538095 519172 521873 474437 520620 481943 502537 491183 516935 507603 469307 507124 448494 516264 498104 474723 510757 487217 549130 487735 501694 552437 487255 520248 517622 573059 526607 518065 541167 487552 502197 485663 475053 488261 503983 508788 517992 517385 495157 509733 482407 481185 521151 464726 524653 504754 514986 510474 503857 549217 474448 488864 490973 503896 516645 537321 494462 505503 502697 482949 516803 504742 560470 490778 530489 489370 441703 524143 529181 518160 493195 506302 532420 511186 525692 544705 473906 501917 511517 508687 480648 493753 489019 525673 473068 486046 485897 485275 523407 539648 551427 
488144 509299 473474 497490 503997 502254 469279 531861 527687 532966 484012 487597 453249 496421 511697 514283 487435 512731 470472 518674 495119 506431 501692 535975 468590 492630 501973 477930 488553 498900 471756 502777 453787 502581 502739 528978 487241 483020 495496 502283 491197 486310 474577 512784 512887 471085 477137 471906 485045 498677 531065 468089 476005 504194 479009 513917 525681 475021 453241 494611 499546 524559 510035 493685 511097 534329 525733 460722 497409 500613 499571 490312 505563 484874 542855 452895 468837 499571 455774 515382 514136 530969 487381 517945 508480 518745 509864 471867 450346 483166 506761 524445 505023 487217 501190 472780 522421 505722 491181 509883 411563 473729 516166 481468 479101 525871 515451 496216 485574 490207 501899 514549 490948 509907 475964 507631 480408 490900 493764 468138 511603 432888 510586 497054 473708 497675 479329 542669 480406 481430 545427 452277 512741 494523 521492 502799 508651 527918 493044 513170 489550 456864 502914 484322 492242 490317 541165 474933 473770 492794 484152 502176 445064 475645 470734 499502 513167 512063 542391 474153 458452 507148 476577 488806 544080 497953 493477 471463 486757 490460 477478 526175 473427 531938 477732 466460 502809 499841 516303 472882 494700 500869 499125 481123 535886 429290 488752 504793 484090 481757 503579 503211 478932 478184 473291 485552 470367 521880 515712 516382 
497371 502078 449299 488835 508697 478992 457313 515817 514820 515427 495311 488729 444656 492449 473768 508670 460704 524025 478063 496452 467699 487834 481953 513501 473548 470766 504775 502562 483550 504597 486182 476981 445051 488366 476249 484498 485903 491957 479784 499035 466136 472693 464207 491905 498231 468457 481565 454318 457596 505070 514260 485117 464798 504460 480686 508532 505404 480492 434862 490085 497493 474086 499189 487616 507244 546292 494216 456080 489025 457829 488281 477185 521772 473656 509740 464119 454913 472446 459504 501981 503194 541233 458870 520155 530217 494124 474895 495193 438903 466251 482579 515378 480796 471889 478344 467277 536750 479359 490111 510903 411352 474999 512275 470400 479562 518746 501814 504331 497992 518603 486862 491022 459166 466049 460845 490770 468429 471875 506881 469072 481673 449964 499999 482419 443645 497566 467900 507384 482528 492500 519685 465552 510279 482877 525540 532737 496737 508115 470985 489789 489668 468137 481453 509094 502152 484864 511010 497524 468108 486209 469291 493229 438408 488225 452019 497518 490132 473646 532944 468525 480160 485867 482316 512029 543464 467412 484960 446827 471715 491252 497685 498465 486370 528953 459823 460534 490609 508923 505142 473238 500181 501953 491038 503359 504529 438997 497541 514153 479919 455622 501942 464242 474441 435967 457311 475810 466825 500207 527185 491833 
509084 548530 483175 490082 479122 508147 499007 556476 553243 549967 484423 499961 487680 492756 505049 519747 482356 535035 514200 512627 498244 501023 522861 519809 492218 511210 521134 495849 509725 531950 484539 503594 463048 499518 512434 531878 487064 488745 498505 525659 501107 488393 494099 516194 518057 474995 520692 490680 496254 525384 539396 522858 517467 531084 511278 541380 534640 498171 463063 550839 512543 560125 502746 509980 531688 566564 509350 494418 508478 507136 505169 497546 536138 509308 524650 502503 479769 498259 457038 498276 514598 549778 489977 538426 522906 528978 489707 510712 443364 489740 521927 537219 493375 500725 516609 487980 525783 494146 525788 526860 439184 474983 524572 504202 496017 513531 526662 522126 525204 494597 528200 513686 468976 518785 494531 524404 487553 508076 520584 527446 548876 474165 534053 510987 488909 546971 475485 570565 490594 500506 539268 477985 497604 522422 569030 537242 539726 552865 510443 504589 487227 463240 535975 518794 503089 509716 527683 493767 496528 488178 510613 517691 471394 527563 472089 537990 526932 492297 556641 489370 479743 503449 487560 534253 576135 486333 511152 522061 486647 491968 499025 562508 472871 542919 502432 466798 546194 527425 507409 509507 519210 524389 530837 520449 544140 455481 512259 505184 498923 479467 536675 504079 529606 503572 497476 491135 485102 529459 537955 551080 
447356 526481 443560 487477 489899 472670 445398 512946 516345 489005 460109 469427 432379 472586 466878 504273 502557 495565 477210 486204 455711 463700 488633 496888 455505 485323 512738 468774 461931 474523 443466 478910 420562 474697 468112 503460 452071 479416 489880 497291 442751 470524 470283 466329 506491 461899 473105 461070 447502 474177 498921 503117 466153 489724 473131 506958 488702 471331 403995 487453 489211 505961 491418 485774 497818 494323 471469 467667 476878 436741 489514 474684 497829 455454 516671 452442 461699 479978 459348 480859 487232 504028 477504 489277 508040 492401 477139 466440 437417 486504 477275 515736 478383 480925 470572 457544 485034 480509 480928 515123 414216 450487 502494 464601 450756 485791 472492 476301 479381 470045 510042 490326 447801 480338 461110 468892 455390 488478 471452 471145 479461 432947 489553 465383 440501 479505 456321 498625 452025 497626 509786 463788 497960 484744 542424 509078 481349 529826 466207 503847 440738 434175 476948 477723 479901 466237 506880 452503 463816 469061 471444 473177 429191 489366 466908 483494 470862 471766 519212 447928 451798 482495 456035 500529 531141 459036 495326 452518 446032 469222 470600 502724 462365 490575 446742 439238 477309 485080 512405 461638 491432 482277 478685 497890 504293 429317 463482 476450 459055 442712 480039 452286 478986 480744 456943 462714 437027 476100 485742 511437 
468263 509984 456780 491215 475711 486081 462397 509884 517883 521748 457048 479785 449733 456973 491791 508865 465206 502086 473084 500084 455623 478739 463118 507172 457964 496216 515508 467632 497855 499001 455973 472469 429974 484401 466101 494531 473293 461420 459651 477472 457958 468188 477425 485873 490927 445740 484534 447900 457271 467958 511131 488861 459930 503320 489802 496279 500858 452785 436586 506076 480277 518975 497276 476754 490355 519049 484704 464669 471043 459275 491326 458369 511765 457445 505623 465433 441079 476708 461085 476590 458363 507711 437873 494245 516572 493214 470781 489932 437210 472901 488150 506651 480714 485849 461604 474556 517262 473301 484544 501747 425833 457565 499473 462333 461091 518144 482233 482211 489963 493622 492611 490797 468331 480900 470320 511354 460913 504187 484748 479759 507924 439269 475880 470884 455604 501637 478848 517716 470740 464601 506195 452975 525032 469942 537151 481111 487767 506872 487362 498469 478445 439309 487607 492313 503459 487122 511006 470759 472102 468687 476554 468495 462461 481309 461419 496934 458267 471528 519086 450167 455776 488919 485843 490877 529555 472645 492130 477468 454939 485514 486381 502664 474498 496507 477459 439938 520926 511046 473490 487147 472323 486783 499277 467325 511152 424583 505116 478967 483806 452391 482984 474135 490118 466945 473304 473983 448695 510195 514342 499013 
495382 514868 478046 482945 476594 477787 492243 507402 545225 548599 509416 482813 460848 468435 509150 517557 512033 494000 498518 497697 491949 477619 491261 523314 479260 493941 506659 473032 474759 504871 469084 505526 473536 494008 485802 537183 498445 474883 474077 497800 473144 489430 494882 492776 496035 451963 504868 454706 476783 490691 516371 489894 479554 506383 508772 523494 511522 480031 441672 485882 492588 529310 526437 510010 497064 535992 518073 455675 478686 495735 486657 480686 526671 486713 537176 472051 462832 464965 463795 519086 509451 508808 472367 517400 522991 513522 472399 483248 477933 486757 507437 515986 474131 491128 489508 481824 517962 470730 486714 508106 413269 473326 509296 485041 489591 506595 497261 492063 515418 521518 490789 496222 474194 519310 480836 498207 465667 510290 487063 485865 500432 459511 514782 479011 475561 525849 488999 545557 496510 502574 525290 456793 508364 488447 532858 500582 507405 546554 477337 499897 449528 466216 496138 494647 517545 507167 518312 487796 472805 472776 490568 508977 443414 499866 470797 499159 486800 499171 540946 459183 455253 504050 460968 506604 533572 487510 505705 470932 476970 508309 473926 531830 482833 522815 483711 454798 527904 533134 483202 457272 507911 506693 471649 505709 526267 459262 497862 496626 504279 454814 501577 484809 497710 490077 499435 496247 472276 517025 513472 508989 
485035 512551 464779 487337 492778 475751 450920 514677 536414 524717 465437 496883 452824 487153 478297 512739 488651 493063 458540 500577 473693 482500 486854 507719 445361 499119 498379 468382 487709 490501 468493 485817 441771 493497 496961 507068 464372 478884 472575 508384 488462 468778 498980 502652 491997 453710 491790 442871 442840 489833 511414 491601 453069 509544 476252 513936 500296 469334 435508 488502 505236 528866 503478 506603 500076 512274 492026 456818 465628 486668 462126 489008 513296 485976 538202 479249 456552 502464 488035 484312 490993 524495 455717 500380 507509 500432 472383 475263 441949 466492 464825 527717 472830 477977 482410 478463 506532 500487 476100 497175 424676 464330 496789 487402 472552 490215 483859 478539 488578 483787 491914 490474 458124 483839 488720 486372 466729 483615 503087 465414 486861 424462 520650 485210 459118 496445 483424 517848 485030 498753 511477 480949 517702 494292 538854 511042 506562 527141 476058 485365 474786 470284 468036 491538 499984 484233 513268 473188 461598 475175 484759 479274 443676 477739 464785 494334 485668 474596 543530 451522 452465 490746 460732 485921 518728 480361 480203 484016 465060 476929 488197 518060 472673 523689 481958 454318 498282 498781 494755 463307 487934 486998 496776 511535 508499 415227 496931 504430 455246 441198 489787 468427 506503 471276 469429 469774 470463 494890 507979 525568 
460558 489188 460288 476349 467574 485702 456213 471358 518121 488619 470509 465146 439822 470559 490028 496089 478927 496541 456723 507582 463748 455534 502843 502059 465525 481807 499369 451670 472941 475658 459865 471696 432282 499624 490269 497847 452374 443670 474995 514579 461506 448082 476638 490021 496001 442280 469326 429966 445871 482890 499089 489825 455327 496351 462928 511734 498600 459880 430429 474473 499294 520938 507605 488854 484485 490821 472323 451750 462927 444376 485364 462219 498869 461716 518107 487025 446580 471398 470936 476583 467470 503999 444657 509226 505836 496038 481552 460187 438825 476162 488479 501347 474020 464636 453789 456619 496163 472323 464290 476811 419243 456434 472736 458086 477097 489586 480560 459876 477725 510650 508593 463958 444507 501690 466694 498947 465230 483004 474625 456630 474667 443080 478247 469990 441816 480427 450540 531237 478682 494479 497928 451975 490950 491583 524920 493182 484431 531730 478199 485118 455160 440365 497151 489706 499918 471007 513450 490503 472634 463394 470409 459980 451855 480802 449290 478769 468779 465619 526291 451108 440561 463541 450023 478343 501837 469162 468678 445301 454311 496197 461703 503389 450064 514631 452649 435745 489985 524431 476224 455959 485291 492000 468873 478222 510826 433528 461238 505672 478426 467682 500776 461637 489491 482539 452024 463417 424896 471766 508232 508994 
468293 500696 448334 447015 470258 445755 439446 509892 516275 506684 438138 467318 432264 452011 475296 486880 456853 461771 451665 480264 442710 467791 476411 492609 465847 454407 468789 476086 469290 475666 477881 465807 429726 473587 437352 507694 446795 451264 479674 504895 456275 443035 469507 474315 487564 462643 471355 440998 479881 470677 483873 462012 468322 487815 451298 495117 498507 467776 403413 482860 463431 506271 484831 468307 474492 503554 497636 424782 439046 434224 462898 470274 492376 449842 516198 467553 431210 446994 442066 470899 456127 516710 455749 496065 512547 475275 476157 476305 427497 460492 465455 496876 469654 500975 450414 450135 487819 461037 486344 496778 432186 443157 481605 466634 446176 478741 485446 449137 465458 471337 474236 469860 445454 506527 454638 469119 456999 485868 455133 428025 452100 423736 463153 456750 438512 474610 463360 516771 466615 484100 481945 448770 464120 480024 511469 498716 491415 511153 470710 484098 453759 456747 487209 486595 500909 473371 503421 450142 443976 461242 475860 464326 419331 466831 456552 474537 472770 465344 492039 442624 446540 443191 453262 490598 511421 436084 464585 468102 449894 473357 457544 479403 449850 487036 478704 442090 504221 496251 484871 442960 473006 474191 487401 485944 487161 416346 461180 461584 450747 426591 464829 458896 478135 451734 447323 462799 452041 485326 485891 522049 
530274 558158 502454 512326 534631 523869 498182 574202 565584 561369 516413 519470 486169 526175 532199 549981 542677 564123 496086 541113 517023 530816 552103 563518 490478 529342 541197 498419 518186 546018 477147 527721 495377 526770 503213 570424 527040 518793 539043 539332 518930 502390 511917 534836 553204 488742 521258 509942 504481 558947 549183 557199 523729 547374 521950 545136 571495 520930 490260 516875 531994 566203 557772 556342 530146 559668 547490 489818 515357 519485 523043 519845 553875 508674 559179 496708 493279 518836 500418 535692 543023 583845 515368 556385 565059 542613 531291 514262 458034 526078 534512 543579 507756 526101 531740 513882 550912 532105 521762 570484 447668 525321 535881 534784 513787 557875 538952 518141 539257 556718 537884 558673 512218 554454 522365 530490 514829 539962 517731 512171 532416 472303 549080 545628 492818 531003 498558 585125 521033 513230 555660 488583 553882 526596 587739 553496 539543 584364 492070 534703 528720 486428 525927 539623 540183 508217 581512 504911 517025 522316 519916 538662 483087 556643 511377 521238 531195 531566 581891 496652 486401 541337 508360 539607 592574 540010 543504 520587 525599 521021 501043 563991 511413 543077 505115 497671 553032 551238 547579 507522 540370 527016 522372 543243 566431 483261 519807 539051 522586 488898 538082 519247 555389 529344 506702 520832 491526 554987 556196 571888 
478446 530168 467472 511336 493715 500002 476125 528409 522460 508725 474646 501647 457462 480939 517372 521285 499104 498174 460807 506734 458651 489081 497858 513364 463459 494192 525190 489789 480959 523921 494463 491291 461100 520727 499009 530946 489955 483661 511702 521498 474844 475819 481330 509966 500712 480127 508060 467568 490421 512698 520773 482324 465629 510430 487981 514725 522271 482646 451098 498769 514961 560152 515455 498496 508903 523537 510155 477368 504941 498878 487991 515600 538380 487181 534757 468937 480407 478527 465842 498745 502552 514870 491266 531401 523342 505263 482189 476604 427637 469973 494553 530425 474235 489665 489747 486184 507573 474594 519066 513437 439866 452497 508599 468985 463480 520933 498559 485458 520139 515377 492216 491853 470407 510287 475411 508114 460487 516044 483276 456006 520068 444709 500859 505898 466974 511484 470359 551851 470653 481339 532371 461705 526251 489549 530464 514264 508074 534445 481702 517588 489124 469610 518550 503869 507535 501132 519985 465279 508404 485570 486104 490192 457809 487320 462214 474000 498924 498374 534548 472597 467557 482566 483811 493657 541655 485711 488383 490149 487724 512191 478623 534239 490954 525250 495421 448459 529785 509647 509115 468673 495686 515429 470246 465764 533673 421838 486002 491597 485147 470782 501322 497590 519563 490591 478721 504706 444390 503500 524588 535233 
430925 474573 424531 439799 455187 458083 420946 489240 481042 468001 410122 465863 393363 447856 435719 492361 479502 470663 426737 443318 431651 416843 452552 467979 404006 446975 495322 446476 462391 447958 437009 439143 424603 451446 438060 468758 428127 454013 443451 458231 459410 444070 464785 455091 470453 429201 444695 423394 434842 466893 475003 451727 432863 466379 452020 464927 475298 443665 400308 457940 482781 494208 465189 456050 450833 468275 466889 420643 457139 435022 445745 438964 465191 438795 459592 442863 405639 442825 431072 461691 456102 496239 440342 471313 479003 473832 448379 442758 411176 458238 441357 482415 452287 445660 443026 440370 470779 432487 442269 464997 407198 438367 451294 422694 461201 476038 456245 431773 464701 454078 475748 461340 444221 465730 441737 471015 431352 468857 436310 436339 465318 409656 470030 457607 440342 449585 429953 484663 420722 456704 486510 445217 459636 444588 485935 465615 451936 468229 420049 452386 436988 398673 460312 464101 469561 441961 471774 432418 435099 432704 451182 435046 409511 447115 440138 452182 475219 446621 473642 428983 415317 441986 446724 451930 500255 426461 470566 431868 433541 425203 439143 477282 419851 467158 436797 405054 476125 454754 463767 435126 452347 455557 453397 442810 463068 439573 439483 446601 431217 413373 467340 424762 456858 434184 426463 444191 432705 466545 480942 468237 
473686 522446 464429 461505 484268 496352 464557 489830 500204 533114 490172 461159 432982 463818 489652 509470 475623 497839 461398 492895 441241 486588 493965 522893 467751 462084 510077 459011 472067 496459 472982 480935 469518 506964 464181 517395 492883 461392 466502 502794 459253 475932 481100 486193 493787 445483 457544 437400 456837 489592 512110 494555 460194 503856 494993 500645 517399 470016 439719 490378 509287 523957 486229 485761 482145 527596 489833 444937 475697 484237 477688 467662 506728 472150 511170 484312 456381 474819 472446 491875 486174 522932 458244 515966 502223 501734 475257 482983 440457 489689 488045 510859 484781 494280 460643 471909 500440 460003 483706 486211 408266 479896 504611 454157 479791 507174 496003 482538 477257 498365 510169 498375 444403 514611 462316 521044 462848 491758 487897 483982 477259 436696 488680 496017 453741 495863 472131 526213 474260 487814 520114 441303 514879 504022 513738 490147 502131 522053 474677 487645 470723 454800 498473 499276 513074 483049 537427 468054 464760 478059 478881 481261 430414 477588 445772 481519 487086 492663 537894 459330 428741 488608 478114 486652 509159 463122 473246 454504 464815 503536 465923 518706 462500 511764 460459 460360 492892 507849 475260 478561 470533 484466 457563 483924 519125 415904 481472 481491 477094 453779 486927 484410 487349 486455 464927 484615 462746 507837 516629 517566 
451128 491481 461000 474090 472314 477500 443016 488449 518136 487832 433520 467004 453253 474114 487623 499058 469209 488482 463934 487549 473440 460281 490441 504036 489907 461215 489479 460217 466568 478239 446617 474653 419839 481593 480244 493761 462776 450306 452958 504248 427346 459496 465833 476403 501765 457348 463026 433725 457492 476013 494401 464785 450107 508976 470197 500791 493855 454579 438179 512715 479665 483449 479211 485896 492251 495595 481211 445000 474723 447337 475069 469213 492976 459081 492464 463444 458380 464630 436754 473098 493339 521030 460189 483958 487560 484455 486953 468975 410704 467031 492422 508422 479860 462628 472949 437319 488767 466541 493604 487463 394778 459492 485778 460632 448709 489948 490842 466191 488931 470902 497163 468091 452143 490406 474531 489791 471898 468414 501985 462243 477796 441162 476865 457088 429384 491173 461595 504692 449189 470412 510045 441753 509138 472386 522625 478957 488138 513879 464997 476450 459405 446327 477976 463921 470434 464461 520618 467927 469069 468830 473784 486545 434841 477927 453725 476140 464951 473459 537323 452746 445287 479102 470228 498780 523600 451616 449051 475592 458181 467720 476831 488201 452465 499225 471666 440444 483310 480849 503911 475926 469982 486322 483420 469957 516034 431164 474815 487029 477104 432877 492736 482161 488290 466228 456656 462854 427349 486517 470026 494825 
484165 534453 473408 493059 505096 490876 495935 519524 505087 517521 476032 462197 439018 471071 466896 525540 496354 498556 486620 516350 470381 490011 521064 514533 473136 517188 524568 488921 484088 498608 489902 491365 437803 496381 470308 519834 475394 475201 495643 530819 469092 478757 496823 493050 513445 462410 499989 457134 475557 469700 529065 483805 457238 508357 476250 513458 503367 469691 442402 503859 515818 536011 498699 525161 515488 524629 478045 488975 470550 494605 487877 478030 525533 475762 537308 483650 456913 471377 469876 486824 503922 527955 464009 502549 516330 516495 465987 504099 469468 505785 480388 514013 482015 510683 482088 500284 505493 489156 482101 514056 412947 475486 502043 486861 482207 515241 473918 481752 496430 491070 520953 488678 456672 523117 478562 487985 472572 520290 504532 490008 490744 458127 488970 481276 478777 509106 482556 524603 473538 493636 521704 495746 488736 488084 553320 519048 499845 536687 478560 508094 452944 446127 487130 503333 506682 494146 513712 468145 510545 469400 498800 479124 458492 482931 461472 490257 489926 484650 530668 446534 457227 508007 460543 525970 533788 504018 501375 437579 477443 509999 501219 509499 471119 533299 459325 447740 516048 504143 491821 471858 494598 500156 482794 495297 524618 457566 486030 478284 478212 453602 488591 474368 502500 490411 461764 488299 459935 507848 528710 514153 
491585 523070 485811 509024 515257 523269 482166 542565 550583 540902 468994 504846 485483 513063 510633 534605 503165 521245 471367 524694 485291 490586 515358 530859 494682 501444 532184 499170 510289 510197 491639 526211 467910 518723 509165 549740 483200 488894 514176 525027 486370 502682 517543 479222 543460 495837 516422 447300 501501 525758 523524 500956 479818 528549 482616 515589 529293 491721 469414 518327 507479 550084 507858 500372 527645 565306 511334 503319 490512 494164 502003 516064 517635 500555 534866 507186 479321 462197 477108 485077 504724 546043 491281 537120 519908 535384 503165 488020 466328 533011 538410 516032 494964 530533 505599 491752 539548 495510 507423 531891 419268 492235 536581 497696 487894 531851 523103 512838 535934 515189 529236 511409 500415 522626 496745 554039 507388 511677 513370 510906 512551 467315 510785 497013 495748 499179 460911 561872 495138 523391 531007 494478 541763 499762 548363 518454 512772 541522 480174 534336 485695 479114 488494 528642 536982 513159 539512 472201 535468 508574 498481 490123 458702 537062 477834 509153 504939 507931 555217 487622 475765 505429 489518 532429 556347 498140 509203 478225 486176 509873 493379 524167 500867 521332 477713 482268 524736 506516 519441 512996 529968 533366 518884 534302 543320 452047 512419 500184 508945 461181 531809 500947 521036 493267 503073 510725 477780 531644 539801 538392 
465317 499409 454374 463924 467013 459001 428235 484092 483620 476910 442782 468187 420889 459390 479617 475035 460981 467441 433281 459460 436557 443362 457014 484186 425756 450009 469517 450822 473441 455290 444020 449721 433460 473021 458512 494673 432947 432901 463174 493903 423206 452400 481720 450429 459610 436596 437137 420771 431288 434782 485347 459711 451730 496029 462022 480223 470081 437092 413362 457474 474188 500684 456510 451355 480964 485269 461225 422033 450377 457304 462986 459005 476399 455137 475704 432337 442593 445467 448404 457361 463752 497539 435824 445959 462712 460245 470801 452581 414266 442518 459343 461943 433895 457996 453271 444814 461927 443801 470565 453398 388384 450934 467870 450911 422306 464739 431428 427181 469567 457447 465378 475300 426037 479575 468375 455504 447193 471583 464908 424381 459562 421394 472729 451865 453142 487068 433999 500251 448902 466641 508453 441821 482864 450629 470093 474385 452639 494425 432417 474283 435271 431427 469188 455903 447077 450653 498269 435889 445334 453927 445415 458706 438964 467331 453412 467780 461502 446941 503509 433732 434720 445458 468931 457497 486760 447627 486202 427513 458927 467411 455751 478338 424173 471812 452996 399687 486795 475054 445595 449789 458873 457576 451219 450747 510876 409538 452868 452165 464454 423145 482441 456793 466550 461450 433942 430568 437248 477412 482779 504850 
505897 540760 472600 498731 481734 497607 485607 511821 530766 515386 486530 482949 469581 485107 519873 508966 505053 515244 483360 501443 487335 490152 499231 529243 466351 481188 507702 473990 491129 490507 474969 503125 451461 483466 492530 525548 497810 486929 488741 520811 503839 461407 508216 506941 505989 457093 476294 457196 489758 497809 515087 495523 482754 518505 481178 514439 525559 479973 456886 499697 521689 530189 517537 500806 488608 538707 508744 457459 474517 482891 504622 477422 534519 505673 524871 492928 464754 499878 471595 495656 479112 549705 490190 514100 511649 508981 501724 479493 464144 480480 516624 522803 483995 459389 494335 472892 530402 492055 497730 518961 427429 484743 518242 485483 490643 503114 512537 479747 503773 503768 492917 488734 455629 506460 492346 508223 480551 497585 475543 473141 506504 430163 510950 500466 466595 511126 476473 550003 477364 489757 531988 432060 530182 501914 529196 518523 517943 537935 487977 498733 454385 468162 528529 493341 519983 502816 530978 489838 477210 476049 482756 513273 467177 513251 462166 508599 500613 494723 554795 465160 451560 479921 467301 495306 547345 483788 488165 497744 498847 492514 478257 526296 460643 527548 498528 458688 498760 509372 494771 498813 493218 509110 501000 504975 536365 429826 482853 512911 506537 455995 521468 496638 504554 467009 469247 488218 478591 516952 527864 530861 
468635 504439 449570 474750 480674 476714 461862 479918 521901 529416 456379 458194 450568 457186 480452 486820 489273 486836 456304 487823 483559 483298 471672 503974 468055 461497 497791 450409 478298 499323 450777 488166 453447 482388 474091 504274 486817 443853 474012 480404 482773 454071 495809 509908 482055 448255 464654 443539 459617 481966 493979 492780 465542 510960 480216 495071 508262 477011 458840 454820 494223 506613 500894 515947 474477 501696 502985 439594 463016 473510 451941 463031 498355 466993 495956 474807 476706 493460 443384 482511 491617 526208 460653 506476 518695 497972 466847 447107 436005 492539 501953 506042 486771 489176 488984 481914 511727 461984 483478 500253 402639 459638 492141 465774 464483 498464 503667 477473 503858 485752 516752 478930 462607 499131 466492 487993 471001 502069 469378 485499 464632 433287 489401 471441 473007 503805 454804 543082 472958 458545 499957 430595 499912 484864 538112 487169 494269 520103 470864 495611 458783 435552 491637 484826 509959 486164 517824 459500 488592 450511 460773 489350 423022 478175 467065 488847 498490 484917 540230 453933 448491 484622 467973 501314 519135 440952 460829 488531 466295 487206 470521 523571 471109 512253 468893 460870 498214 508214 508992 432866 489358 500746 473281 484550 509680 408200 487204 490820 495860 463724 501723 489902 496262 489405 463519 492169 478318 492157 499245 520840 
495351 521929 451161 489170 489662 483438 464211 510282 524738 523496 469967 482530 419807 483186 494807 523290 470875 518112 473774 489070 479858 477120 504624 487327 473751 469263 500987 472041 476249 497924 472563 485668 463985 505682 472904 513748 440784 475840 506262 504049 478002 485494 484704 493707 489218 480815 515444 460649 456512 480859 532837 499526 476516 507059 486009 481357 496909 487458 421946 486953 498972 533951 504822 510021 494158 530490 502328 470357 469312 498573 473315 496033 533492 472380 513177 475596 475504 488855 446141 480996 479980 524144 480552 524358 538787 492819 465152 504547 446184 504870 483775 503085 492357 501176 482160 461854 497289 457724 493143 520883 426621 477884 495440 462932 478073 503969 486176 480228 498505 487977 503797 505032 457029 498965 477676 485528 485923 503838 484082 477577 512970 444492 490172 500108 466034 496635 472096 533984 469244 507776 514663 477663 491365 475170 518717 496059 501023 522632 442890 496840 469191 448942 482412 505220 498044 472734 527522 501795 480828 467600 502934 478849 447811 479914 459227 493955 497080 503148 509047 451969 470954 501179 480652 506886 527340 472118 504770 456956 444982 514617 480344 523357 446477 490629 441221 440856 512492 494017 502692 472610 503227 502520 469294 471469 497707 427822 474766 491792 480483 467956 477226 473316 479482 493141 491127 483435 453550 495202 503343 531736 
505966 524490 467080 493800 487279 479482 484359 534028 523137 517987 466714 500169 462859 477193 511066 509362 516872 513462 478793 496783 497589 489252 510107 517794 469383 482491 521515 466521 486214 489305 471020 513832 467502 488245 467385 522626 493318 477055 515537 506729 474627 475753 495590 513179 533659 475828 518492 458622 469446 516016 517557 494332 500540 507033 496571 501485 533571 495353 457643 510138 502786 522366 516610 528763 498849 534198 539278 476836 481051 492920 504277 497687 516820 512705 525508 471423 463933 468945 447448 494908 492923 541675 484737 526255 532494 517132 496711 471754 460385 483078 513628 515851 501041 512067 502660 484019 526306 465173 492314 522716 428664 478585 505636 480807 472479 514642 489724 471314 486235 520504 522762 516312 484999 508342 499388 517317 469825 515119 494364 474040 513169 435598 517186 495244 483578 501108 456877 537589 491493 495185 536003 470595 500101 484899 535034 513268 499059 549895 473661 505749 453942 458180 498867 495941 493252 498857 528655 464981 495474 486048 486991 493991 464529 506926 464664 497071 494982 500645 526546 472935 473534 505795 477477 515043 556534 484862 507963 470316 487930 482631 472394 523669 475230 525311 464086 475598 519205 502275 498156 487024 500147 502642 508535 513949 535827 455570 484261 484395 502529 478923 500985 490503 513380 479872 478519 488192 483110 507705 537079 535734 
468042 505255 436982 472706 494766 475503 480784 518467 521258 520162 474753 478206 443358 469615 475591 503528 482438 515342 482789 492728 475307 475651 486882 501499 470215 500046 492533 486872 497278 510783 473652 490060 464778 495449 472167 518579 480497 481988 486993 504887 456285 490365 475326 492002 516322 457950 487563 464276 461782 469412 502055 500368 471395 508891 494418 514032 496729 467710 428853 489057 483972 519961 521297 460085 494861 499228 533703 462953 473673 468683 482592 464954 504709 465752 518209 459124 467370 490068 470712 510646 484342 521568 471663 525573 514685 493612 473631 483801 452091 505586 485034 508142 512066 509374 482997 471722 485176 466840 493856 530764 429764 486684 513169 478309 470545 521956 486696 482086 480140 503116 516679 503408 463730 506568 445704 492366 474084 505259 468531 480610 512229 425199 508507 489438 454744 504478 487068 523613 474351 473928 534594 455878 517632 497436 525624 514739 521149 517386 461561 523178 466461 459610 488683 513206 501262 504801 528204 467114 472995 479167 488455 491315 459374 492518 462063 482630 516944 506458 539519 471472 455807 486028 470300 475794 533495 455015 494514 481696 457443 458068 466111 516562 479376 492306 456366 458735 525742 534931 523396 461213 467157 483785 500820 477187 522961 443301 495134 497252 461656 452670 493181 473326 473562 468034 469548 465193 435520 492723 505791 492431 
456538 474705 430446 443470 463543 453886 447770 511126 482786 502922 458939 461408 416078 463099 493283 491499 463854 476656 428981 478880 452263 448712 468162 476644 460428 475311 468512 448243 451389 507107 441223 474107 453282 445250 471176 490609 438015 455179 462889 458406 472739 451320 476629 472467 479855 446988 467474 427511 453580 488642 480195 463635 443613 478446 473657 469745 491029 450323 428460 478011 475839 508363 485367 482296 465068 492813 479798 454177 480441 467783 454951 474812 491192 464204 502622 441739 425088 465732 442524 457322 476241 490180 448677 503826 490731 474899 455362 447951 418687 460377 464203 470342 461048 470940 483988 462634 471539 444487 466080 499212 407197 453125 477656 451755 451237 476280 477525 441804 476675 486927 471197 465940 433320 471332 436853 487030 460783 484108 486477 436912 472445 445563 482092 469577 457077 472214 456694 518760 462203 444759 486619 440870 488743 467076 508932 467396 486425 487428 421175 462246 444979 447786 444202 468143 469382 454339 518441 463567 442053 472255 455116 476158 424464 465442 451161 452230 480973 451645 518397 446851 446468 462547 453068 460760 504377 464575 492547 448261 441935 459533 454703 500544 451475 491466 430986 436854 485401 479559 491817 448723 464512 474008 449642 465638 484104 411906 477276 456130 457199 442169 463021 463821 469686 442618 464399 464989 444470 482734 495220 501101 
491070 530132 487131 477895 507375 499133 508961 531848 532228 523815 497727 489134 467510 495047 510735 514035 491041 510925 484946 531188 487490 498775 500836 524151 482994 509582 524549 496099 502028 504997 472346 519123 471814 501891 491800 518814 485985 491675 504537 490160 476862 494048 495060 515077 525068 495962 473167 463555 477333 504893 518289 507419 479396 518426 483934 514357 534752 459781 474671 500754 500520 510752 534985 527767 508773 530942 516307 479651 482065 469652 508336 484118 514117 514467 501222 481247 480137 504307 484306 501351 482802 545588 487593 530335 520469 495643 507075 470743 449192 507471 509992 527730 487142 484342 484769 491446 524385 488269 494219 526374 421160 488779 507673 474682 475731 510562 500119 496652 492393 525296 516443 487858 485817 512002 494195 524599 488028 503226 490623 480855 511616 446578 505389 478278 503183 483055 477011 560764 487218 498781 530267 480647 546856 501471 545773 493524 510182 544779 479219 523206 465602 479113 511620 499854 521831 499502 521577 464663 476886 488539 480379 509639 461629 504286 458072 506296 500389 489767 546871 477849 466853 516239 477492 506640 564364 495146 484570 502542 479550 500850 503066 536917 520774 513959 471525 468200 511000 519379 502518 478197 497060 520137 502665 493952 538117 442735 502970 495071 492556 461980 498398 461127 522183 500346 461903 493387 481443 528261 524732 522195 
481835 503692 424262 443636 462461 471806 439870 483597 494227 497665 444050 461571 429531 441158 456831 466691 445084 471062 445470 467293 433390 459715 477380 467551 446446 445943 474268 451301 468160 469731 470892 445469 437389 456280 449360 498561 450431 450527 422747 467870 456705 438726 438500 465973 436431 446864 468580 426783 465682 470254 465086 463299 442419 468380 459547 472111 472657 444361 419224 490854 465307 494101 470042 476922 473316 495958 474122 420167 457544 471586 442827 455778 496800 449453 483501 442646 430263 437462 449080 461358 458391 521755 456305 474764 477617 473495 464945 472576 427818 449768 471533 487150 447229 452644 454151 437887 479725 449124 489984 498449 395906 445878 453125 452172 440231 475294 485611 447256 449290 478578 465505 458982 433573 467214 445972 468842 455698 481681 460775 443576 464041 422017 481351 470262 448895 487253 452577 525422 461205 444667 484708 437599 472504 456421 512032 469674 475812 505919 440597 477291 438137 419229 457911 469006 453098 459239 494523 458361 453606 447251 459709 469220 434355 475960 441755 469583 460745 453498 508295 433508 423114 453025 435357 474901 523114 442850 466365 442268 447140 458406 452320 488969 454199 469969 448365 441177 471856 499233 468463 444744 467082 477782 476883 483782 478698 412198 464614 468610 456352 452774 466123 451817 463167 443022 466351 455453 431248 469213 482153 501927 
506005 532740 470335 475648 503567 493327 483051 532047 537187 526571 482161 501692 465632 506291 503185 492995 494346 503676 484076 521046 495368 515525 532141 516816 470668 477838 509736 485732 506168 498737 463167 494066 491836 501397 476720 534365 462590 481867 492854 511972 484758 470466 487017 515409 510752 469933 482472 467286 493354 512363 528513 508325 502775 541844 485575 511396 531563 499657 448591 532670 488135 541464 523821 525037 495403 539164 493639 478468 477711 472710 501364 494329 527447 495743 499567 473664 467293 489377 486164 500300 501755 524255 477451 495595 512713 495823 493712 475920 447197 482068 502724 531133 482862 506131 497609 477262 531649 480900 497947 533121 405451 466838 495486 466586 481406 489282 510025 473169 514718 513592 528083 483935 457381 516893 503046 491128 495885 512607 494952 480714 518259 481126 510098 499683 471074 518813 467571 557294 510140 498086 520191 472355 518369 525676 531550 528192 509284 535645 493523 514297 463037 457882 506004 509133 502747 473147 552973 524030 491941 478116 494672 497388 448799 526889 488557 500314 506389 488324 542822 456646 464696 500698 476198 518028 535291 473558 508197 476697 479958 513789 485431 518212 476215 484348 483200 438449 518061 531940 520483 475858 499204 490009 486480 513635 529775 459099 492820 506735 515782 458083 503294 489999 496080 498622 481851 490401 479567 510193 525532 529633 
470844 478449 427912 438505 446854 458178 417062 483844 499417 491952 443629 437297 407545 434627 461323 479450 465788 447235 446940 488070 464265 439880 451260 468354 423832 453864 472541 436285 445121 466404 424466 464857 436114 462392 473273 490785 454854 435807 461297 467100 445861 472208 451485 476570 465910 442329 480580 432703 432435 479162 466606 479828 444242 475716 483806 470705 498048 447390 421817 455567 459522 508946 485384 481767 463149 493756 485165 419161 476123 435521 464120 462619 522523 447642 506765 430547 424927 460442 455450 462976 474772 488060 451672 504936 495178 478857 440855 454257 412619 455155 452534 490620 453517 462352 456060 442694 482658 455334 459010 485978 376541 448801 464193 454123 459251 486889 467197 453226 454967 467383 486588 466018 433593 480915 462532 469585 435820 464096 437979 440064 471070 417942 488328 472928 413212 470746 453521 505895 443357 473525 493989 432041 485976 465015 495572 474321 483028 502719 438037 482018 468474 462250 468625 474003 477952 464987 477141 449419 450444 467727 438416 457521 424135 488744 415085 470662 453134 492489 484154 440721 416128 460715 430018 481539 502911 464203 450673 452964 432558 461119 439906 484022 459017 486469 426083 424348 500884 475769 468865 433520 452972 474576 449293 497581 472096 412325 456997 467453 460329 416792 464183 436031 487356 456169 458240 456546 425655 490522 475848 497063 
501228 546685 491400 495515 494669 516562 494662 542688 548447 524073 466594 489793 489390 490951 512406 520836 521514 536288 472051 510471 499251 489151 519438 520377 488430 499247 522680 493126 487198 491699 471346 489134 462919 524655 519627 507355 485171 487651 496649 510833 482305 474577 499978 505736 521735 489561 489992 461523 480601 514046 505961 515887 485183 529047 512659 532425 543012 499174 449669 514608 508108 519558 511263 516753 518338 553446 521950 491827 493215 478997 512353 487316 531324 490282 517786 485762 463231 503570 458187 491730 504654 534448 483922 532385 513076 505154 513813 488773 460099 504656 532666 527742 518256 493283 493253 487903 542659 500447 514077 530940 445843 456216 495621 479036 509822 529200 522730 510365 493110 494939 523449 501341 482041 522202 489702 527958 477032 504694 497691 495037 526939 435895 539644 502627 491755 511433 471101 565815 482236 508033 548858 468182 512117 485425 545108 520204 507622 546985 489921 523804 498194 468478 515350 514330 500958 503497 520665 481837 476036 476519 507846 515129 460255 500763 492330 507356 501147 494861 558497 496567 483719 497222 472749 522509 544854 484625 502529 488588 487904 492434 490004 538866 487775 517073 503687 463453 513037 516125 518936 478325 517511 524857 492908 515093 540480 455231 509558 519457 505534 473595 521525 495245 521430 467982 488887 501933 493892 536536 522818 521110 
446392 466926 433946 448567 449496 472053 453266 512357 515737 516320 444251 449976 431265 456589 462786 479400 478202 475425 458652 482525 438837 453401 461913 493561 450502 438131 483054 470634 463563 482120 444393 463813 436789 481230 457554 497817 456989 458398 446220 465438 454696 425240 460869 462587 469063 442596 462838 427768 463048 479763 500844 443901 426906 490999 448161 481955 505993 469471 422101 467108 461112 498777 468925 478221 494595 493462 486988 438015 437983 429783 466547 444317 493505 467111 519479 451318 447623 442253 446004 479014 472650 502590 464517 498693 509396 477510 448385 466674 422145 451296 448566 501864 445150 473582 469602 453968 465111 426349 471447 470975 398407 429139 499866 451696 451539 497284 483980 452001 460631 472239 464787 466372 444783 468361 453982 465759 429978 446649 477681 444750 456762 408816 461738 458584 436480 472421 450114 508133 444685 473709 488456 440926 498529 496012 502900 499127 469911 497854 448091 464346 461706 461715 457631 475406 480350 481975 479114 460346 431356 454302 478302 477398 403981 447368 438017 469461 478845 458039 516047 432418 402990 454234 457072 477389 500984 441973 477056 465793 435975 471397 464404 499996 451533 500376 453419 430970 477387 475427 457173 437883 478426 521748 460181 478435 510388 417886 475189 445367 461987 451848 472479 438221 488032 460950 446042 443645 453013 480282 479928 491561 
462532 535765 449860 463233 476597 470995 451187 535776 509620 513638 466746 484503 423998 478210 496500 504956 468189 490530 446006 487916 458793 466011 476104 497836 469075 471118 495545 448425 467716 485993 476492 466317 466784 482319 462350 506980 461302 471434 469364 466949 464144 457819 460994 469319 468166 444383 447122 453175 448238 474858 502653 479326 458544 500966 470972 485272 487935 448868 427286 493243 468554 515944 477385 479941 491492 505474 485639 440341 477502 464948 475603 473536 495020 465497 492860 448642 437148 457603 442986 475011 480025 514142 445688 494679 479960 490587 482819 460800 420924 460796 469464 504251 473345 457442 492856 447775 490020 446916 476404 479578 422250 461050 471223 459032 463992 482485 470270 454140 471564 483780 485769 484651 441433 490251 455916 465747 451618 483357 465664 467416 479990 438560 472112 478207 435263 484080 472872 505761 458104 469855 503988 450950 480415 497572 503173 492316 499253 492470 479117 482615 448652 464498 488093 470683 443663 471120 507977 457798 451326 465604 443887 492202 424281 474450 437528 469403 486507 459290 507612 433097 437214 466247 469719 483072 524728 434547 481210 459629 447819 468005 465849 511135 456424 488252 447344 452697 482032 492094 487094 457511 468730 482537 451140 471574 486287 428013 492201 488331 452737 463046 468248 443906 475981 439304 462859 456833 461894 466279 508100 486669 
466467 499379 448228 473938 484594 466536 461876 487140 490466 464787 448223 446945 441046 437115 478395 479677 443031 469139 450022 463171 452865 461876 467163 491392 451715 449839 479354 438965 443761 477585 427913 481373 429252 482602 475485 490701 440205 439996 455808 480215 442653 440896 444897 467861 483313 426487 444648 415231 436395 494152 465743 462713 438829 472741 433635 483966 506903 464952 415903 465522 465502 489615 484328 476715 468423 501059 486580 423481 463173 448861 452245 471645 475679 440724 482229 446476 417735 454679 448467 460358 466323 482888 433332 515344 482054 476313 471464 428902 406143 451493 472625 478271 449931 453598 438201 448433 483951 451934 446067 475992 405360 452977 470286 435589 448790 486964 461375 450135 457185 489350 466167 464669 445935 461568 428012 465843 451813 478425 448780 416989 480629 396862 464539 454738 438537 458180 442447 522100 456995 487932 477770 430428 481287 467144 491650 471469 483563 504091 442185 467401 434072 431638 474630 460738 475342 473426 485234 436935 449346 449133 444665 476411 425999 478739 447745 444169 451669 444178 502044 432428 413314 455000 436769 463165 513408 471651 463593 435513 440345 462753 428295 478447 465455 472273 456658 423920 464165 491767 447171 450322 447431 473479 447854 451886 497558 429523 461680 476543 457115 432224 457903 432934 472756 435684 428263 444241 438686 463573 483173 481731 
458615 474789 447087 455414 463606 467464 427077 498789 468883 480466 479491 448571 424499 468560 473567 471200 484755 487778 406013 448562 422531 458483 490710 479652 453260 458242 491298 472033 452912 491182 434853 468983 425190 468238 465361 502581 460338 464695 469370 470831 439553 442041 454246 436117 481395 442419 442365 415619 436251 472030 481736 471048 452983 478215 454482 503882 487188 476801 406962 489707 478135 508349 470229 454521 467983 486029 483125 438857 477061 444270 461673 448584 498048 473420 504604 448451 447465 459692 428731 462466 487351 495443 451737 488983 476056 486370 461492 440450 424289 450518 476057 483365 466388 470092 459556 458906 489253 439990 456208 467408 417561 445785 462780 455707 426275 484687 461746 452022 465197 487145 461122 458756 431804 485772 442499 474251 450653 470010 465005 456915 484200 421533 483422 476052 445847 472327 432813 508851 461677 467700 498048 434922 489933 466178 496948 480429 462314 495030 450986 457156 448870 429256 477350 467247 487662 478580 510181 446295 473153 455984 458659 452360 406708 467600 453465 466553 489109 473588 501331 439336 457840 470236 454640 468652 471328 432752 486756 444756 462549 450684 449341 500936 447283 487175 450539 428805 486834 481228 495948 419323 485380 464547 432118 473359 499346 421741 479808 477030 471712 427044 482965 458449 458045 455195 446033 455481 426328 492843 494140 509846 
452503 510557 432362 482155 479577 455027 442953 491699 498877 503108 436909 477781 437032 466978 475393 502032 451266 479814 435653 477947 444621 445077 475615 500766 454573 470577 492293 457186 443707 492539 438640 472352 430339 491372 469644 500173 430453 456525 483101 467362 449870 470804 447411 473822 481361 440430 474553 450400 443324 457610 498093 469931 454614 479146 454896 485870 487172 455403 424989 487325 483084 522446 482948 490259 494275 512519 481074 461207 459136 452292 443732 453880 505007 452508 501542 451380 429124 480927 444041 461461 454190 487229 436483 506136 494627 498846 462643 459001 410144 461967 463539 496367 460574 468571 462603 437349 504927 462334 468407 496520 428843 439677 475895 429037 440278 486016 469357 461115 475268 472214 484960 480459 432367 481742 430897 483320 452986 485124 471908 446226 480907 439067 481070 481520 445767 490539 448488 486490 460759 451686 475142 460401 490813 480653 520272 495437 492166 479051 461337 483172 458307 434195 455321 483384 476616 468350 507356 452672 458153 468132 460319 461756 427159 462733 426629 451972 470907 463878 492432 452919 451206 478251 455498 484234 502050 431008 461030 437681 433340 464132 455324 503038 444742 464438 445038 425100 494031 463228 484355 464469 475168 458958 453182 456033 484232 411154 476116 473991 461384 442554 462102 441505 486466 458985 467201 473524 441506 481352 489299 475060 
472066 497115 478648 470133 479016 473857 454726 511678 534799 505025 489465 491170 463356 499669 517069 490668 470254 513402 448070 489314 491872 492209 483296 529024 489715 485436 503556 479788 479760 511132 479036 494618 459141 494963 496890 500308 464805 475196 485610 501985 483563 460530 480274 490637 526087 473510 496106 455687 474129 500953 518993 482627 470869 502810 470784 509811 492779 465207 436779 505363 486516 514118 515523 485631 498880 504864 497370 470726 459640 469834 490128 487468 518569 505773 539126 480683 455029 484161 462573 478576 488404 526549 479351 506427 522581 502186 484282 452104 443834 467430 496896 510470 497522 470401 489151 454201 518281 488522 498674 510972 427718 470001 504090 468299 480179 513165 508098 491990 470909 513653 483849 488603 482670 490919 490991 496854 480984 484172 483091 463865 506866 449037 509348 481364 446003 496846 480848 526008 497256 498518 518619 451000 503454 478556 543921 516941 507728 512935 489157 503542 465809 453141 500328 486429 508900 482320 528171 484088 458389 470090 484953 473308 455109 487755 462511 488535 494676 487932 552529 467779 478353 477950 474610 485252 523252 474682 473462 494159 453169 471334 482839 515114 461150 529890 480846 459270 488623 512478 507772 470984 486943 497831 499462 477298 525370 448138 498352 506594 490275 465483 495365 477054 481313 474478 459272 459052 455441 498613 510363 515827 
463390 469424 451505 429055 474186 466539 441521 480935 497417 491267 454901 435861 429437 457160 468169 459151 483694 485236 429118 469997 465588 479818 468785 484496 434359 458910 486631 440561 464916 483995 448306 472179 442874 462117 468012 493155 454252 454779 476169 475375 462339 446784 465451 501692 485844 457579 487245 423929 481268 467880 489553 479431 449011 476542 462348 456025 513427 465269 414333 475509 472561 485503 485906 483326 472323 511813 494646 445890 444358 451545 479872 461922 487856 480049 495702 464884 453254 459194 441548 461402 492136 509457 458981 471734 499043 489985 456026 462171 455680 470350 472797 505411 476808 452600 482475 461609 495908 452093 479910 508551 390209 445732 469622 450039 471388 494940 485393 466904 476076 492639 477595 471396 455973 487107 465400 497205 473043 471647 454356 471170 483108 437017 474477 444645 463439 481656 430880 515108 450437 472271 505941 457225 484512 463544 513281 479975 484617 497344 448272 486952 440929 437776 490533 484859 512232 468436 521677 465878 456815 455089 461476 463153 436497 477656 472313 482410 471178 482839 518408 449168 433108 472926 454623 489211 523087 467333 461391 452900 447462 470769 452594 484579 449023 481033 444848 445808 498238 463286 493110 463082 448159 481341 462030 485416 495596 405274 459543 457098 466866 429266 495588 457749 486146 457653 447149 460184 444053 501646 496526 490263 
504263 509093 470973 496235 510445 509259 492891 543889 536607 532618 499939 499834 468663 499591 487485 512514 489032 524319 477266 510498 491564 484148 511401 526554 502376 496126 526508 501437 511421 511589 485856 526965 473829 502863 514200 534215 479288 488822 500447 522954 502623 490305 481175 519349 508767 476373 503598 475338 480556 482128 539305 494265 493927 507025 485733 530621 532448 497692 472003 501834 491955 540287 530222 517398 505010 556748 531570 483407 509799 484321 494007 497326 541157 510716 522143 460652 471701 510013 466640 504769 519749 518691 489095 521754 522440 506142 493805 483501 462162 485472 512544 526470 493159 505123 510717 487025 516993 486917 495291 521831 429704 474641 504103 494779 493780 513399 504065 490534 519078 494485 518067 513776 477548 511821 478544 510802 489018 517074 492528 482594 524828 462620 502714 493726 479642 493195 499035 529577 472407 493193 555091 478906 530739 497436 563375 522724 501489 548957 492092 523892 474058 454683 505570 504800 494953 512374 530705 496536 498946 478576 499730 511075 454186 506325 491190 508858 503998 515505 540197 478382 470430 501331 471339 520596 567645 493855 526130 493779 467374 483191 486923 552332 480940 522706 470777 463315 515934 521181 512265 479723 497438 510893 491251 492493 544440 457152 500258 525156 531528 469158 513888 486448 495823 511779 477894 490933 484907 523445 529288 534525 
468748 555108 479979 498775 497460 515779 501207 554295 541343 527715 486205 497789 472542 498849 527701 537698 507258 536422 473295 503839 482582 503071 518740 545346 482484 519319 536875 494224 506512 514346 484327 501253 492069 515593 495452 550717 498865 506639 501184 525472 479478 494135 506867 511355 500707 475004 488573 464702 503936 499426 534373 509438 489012 532717 490523 537863 522237 484757 460485 519762 511032 541421 511992 504592 505683 532710 532388 481549 509393 498438 518582 499385 536349 525492 540478 487174 451477 472966 471468 508480 504317 539942 486793 517062 509373 549286 519307 489971 438020 522873 521816 512571 490618 488061 502032 476585 532101 501554 525869 529461 462312 480703 505178 490059 463226 516537 510172 491151 509850 507469 517801 513655 485263 558400 477726 541976 508825 509885 499708 493722 512328 467522 518904 519702 517678 516498 474878 568988 491308 507114 540054 483161 525363 527230 538068 509663 526656 526332 487328 531700 490908 476589 521691 498484 527208 509427 554085 487156 499112 493761 475636 491166 449723 507821 488095 505657 515451 512309 547948 472308 486705 497132 494359 498415 555913 495889 515854 483163 492524 506924 497592 532134 474041 516369 500621 467300 530591 539657 531197 499323 519701 510742 493607 507846 543482 443281 510186 509855 506940 480815 516778 500489 518688 502736 482213 493900 465064 536311 536618 548000 
509732 525746 477731 489673 494215 471042 483949 511954 537995 525977 488794 483544 456591 491960 508116 532846 472505 516106 461917 510701 474494 501697 514012 530146 486971 470739 502825 505664 469997 502173 490643 511674 438732 506547 515598 512905 491970 489854 488525 515056 486917 497536 499039 500531 510536 479824 462906 470151 482695 507048 509932 495838 483911 510954 490303 507291 512547 480152 431400 508038 511399 532481 507033 497437 502587 540717 529863 455521 487584 501178 499806 478229 501183 501827 509970 476944 467744 513972 461696 491651 524485 529980 485041 541431 518346 509841 482014 494115 439947 513168 507808 513783 501158 479028 481846 492485 513300 482886 510770 519597 414447 487149 495809 500467 511695 516596 505345 494514 496834 493803 506883 517952 471180 501078 479519 494808 478069 502279 492805 478654 505117 458827 533212 501516 491046 530849 476224 549320 493773 485986 535443 473527 514328 494918 544442 505009 516036 528184 458018 502726 477566 459255 507769 505944 500288 496952 535048 487286 462475 449815 502914 513727 453648 480571 491406 508548 517260 501916 531142 464273 462307 500154 480565 495687 541578 478834 482158 470567 464722 503984 491789 543979 465388 505378 493679 461313 527162 524460 521662 470626 491806 517111 495742 488098 532100 446876 498679 517499 482574 470882 483749 483824 505211 490511 472329 481686 471529 505031 517170 522781 
508776 529431 499248 510056 502508 507971 488781 542630 535970 567883 481651 499467 469030 498632 516979 532741 503429 532333 497517 537876 514716 521738 527826 531814 497808 514457 546418 509539 516764 535429 507481 527906 473627 503706 532871 547655 483170 504955 524588 516213 503256 489206 496528 528638 537852 495741 494158 491514 506783 519225 541067 534141 502948 529621 498028 520785 533266 489438 478123 547754 498467 561673 532287 517303 532951 553960 531651 494053 481427 498239 519664 496174 547330 517852 551387 490441 493270 506904 491865 483480 503219 547903 498725 521820 540883 537833 489108 494041 462159 513923 539125 531243 544418 529837 518591 502883 557803 501589 527140 522505 440131 486661 527266 503113 516467 548573 522805 521353 515575 525759 529533 523229 495202 544575 498873 528314 503359 536093 522492 516165 535142 458279 526877 512595 498123 536318 496041 564254 499462 507929 546178 493874 536236 520170 558019 527623 512671 543812 490329 550119 510210 491439 515722 518400 547321 523538 581843 492251 510645 495447 513887 500960 465521 510988 481390 529023 508794 529339 571973 486381 490465 517361 496872 559162 562699 505014 505866 521833 494663 505004 533163 569957 505299 546688 490732 482869 550719 509194 532346 521361 518549 527300 534233 519724 569662 445695 525212 505935 532301 481302 508868 489779 526264 499229 472356 522504 478003 544669 556026 554546 
477745 527875 465976 468504 481808 471001 445813 500563 505691 515618 459368 460070 431040 463901 490353 507905 495603 493186 484033 495511 473760 496734 469656 503194 440348 467747 495580 472199 478596 491711 463153 479491 469981 471798 489134 518888 458691 464627 489114 481822 483021 475305 473810 498610 486399 441954 476755 468368 460996 489799 500074 485359 448137 490079 464626 495745 496671 454594 419788 504443 490225 514912 501487 486362 482383 525805 486119 466227 483355 468008 457654 481569 516371 464561 518394 481464 452976 477140 433507 492084 479357 508866 452583 506489 509161 504964 472984 486080 452054 477533 490247 512928 475867 471750 487191 455932 490471 468353 479169 522286 415036 451459 507940 457748 466749 495150 520598 491426 489205 475651 489650 494556 476966 516753 453980 476027 483466 511426 466564 477826 483363 416613 486143 470913 468975 491986 485447 539695 465741 478290 523196 442585 498813 475968 529238 506453 485945 500938 455129 493531 482452 428178 468591 481882 501849 454038 532164 448236 471352 459119 494339 491492 447645 482642 458420 494085 481150 452520 524184 467919 444654 485648 474352 494900 544663 459847 482511 457803 447871 470630 476951 504619 475375 507910 474859 428520 503219 474329 498359 472002 487488 498466 488277 478267 516594 410367 485753 478776 467991 448045 499409 473723 478379 462691 452601 474039 443501 505274 514843 505712 
500764 541709 470001 517531 515378 507813 484829 525456 540872 556737 497052 485939 466871 485650 511602 523260 496183 514154 506191 516129 493023 504328 526456 542183 478034 498806 528819 499308 482459 525170 485834 525775 469353 519726 507966 529725 481705 493109 502951 479036 477983 498456 502240 504730 512933 465416 499443 482370 487084 517344 526015 516060 502304 532542 487529 521277 527574 486872 467594 525737 500310 545563 531173 524544 502014 550644 521931 480913 499887 495517 499110 497869 531511 482258 534097 469910 461994 502392 483500 510744 520626 538256 463591 556033 518344 542129 503964 517080 452567 489588 513601 525853 497991 496016 511345 464798 534215 507267 496994 542815 430395 488591 516291 479835 497899 533566 538020 505778 513876 530904 509275 529509 501773 509415 491936 523285 500555 517082 502215 476256 517803 450527 529746 514317 484689 509577 496069 558102 498844 506499 541429 458873 528289 525159 551709 517283 522709 531651 488493 519269 485428 473041 511709 501029 512560 494269 533940 480438 508884 479572 493664 505534 455332 521590 492244 510988 498095 538406 537360 479748 453605 536660 495082 524759 559077 498987 525726 491173 493695 507653 492249 538856 504661 537905 471581 470546 525253 538949 504715 493004 501161 514400 512688 506306 538259 474910 509419 504188 528255 475504 501008 496664 510765 488010 487019 506492 462334 537206 562956 515205 
496415 513318 483176 476827 495883 498208 466331 504014 510466 515212 474294 475926 450493 489415 479652 521132 471546 530948 452546 491113 485711 490066 492217 511107 460916 483353 496752 472660 486840 506607 478166 501046 434109 480432 479276 526985 477639 451919 490378 491935 486297 464746 478285 490094 516665 452477 473152 457505 471817 529651 498374 491533 481392 483679 473996 511142 516507 464632 433452 506289 498602 530671 498105 499288 469114 521488 496557 474017 478695 471470 464285 461177 511117 466567 528820 485748 456012 479723 436458 488228 496610 509969 473188 522517 515044 500774 472849 451518 456539 484883 495606 503463 480687 459201 481398 452210 499025 483881 475468 484974 414153 471813 506420 479141 455627 507828 504100 500622 504302 497663 514764 514852 469134 498429 476822 507183 488199 521686 494250 475964 502554 429192 488949 519884 494013 487948 461518 532771 451201 465567 508184 439463 528253 473744 525622 489850 488182 530569 468790 487378 473991 438158 498199 507156 493018 482936 520122 473848 486096 450196 479279 469475 444446 486882 479072 488952 475357 478556 532085 452343 438703 488412 476372 484296 542967 489445 489814 459596 475407 488857 477846 519594 472450 510902 476708 460539 483790 495547 477298 461643 503168 504948 491626 487588 536284 433398 486189 481750 489004 453479 501892 465665 504904 473771 472030 500705 486609 494525 530213 519331 
444328 470877 423708 456389 461141 461778 415910 468765 479522 489972 436720 443845 420093 454322 470592 467975 471181 467356 414179 461005 429120 435926 455185 471936 428596 469622 458807 443464 485414 453641 429517 440016 411241 476310 468561 486562 422913 425821 458616 470411 441562 430023 450478 490298 478152 457114 445048 424135 430240 455138 471060 485211 439941 457146 444754 481665 490730 444856 425933 442780 460850 473679 472354 473177 440267 515215 472711 410756 447540 442082 448966 455460 475344 450629 475572 432407 437346 457377 443429 462462 435254 497110 446652 481479 455200 470978 470077 439876 422909 429851 450886 476485 449803 440539 447368 441666 504312 442840 441946 475850 406579 439893 468655 427869 429114 490522 455064 451231 452010 473647 464146 450388 432970 473356 446132 460657 450026 473141 434852 449917 468105 389721 498816 454903 445349 463240 402906 485634 432543 451897 490740 427563 469470 455642 499632 488551 458239 471075 435285 482951 440505 427250 476871 479985 465807 455654 483196 458541 440118 440877 435261 441941 406273 438234 426635 465355 475342 475885 504702 428120 421052 440469 441595 456872 511788 425227 463515 450652 462251 463025 440649 495148 429068 467243 432458 414687 460618 467419 475314 433084 450314 471639 443729 474007 481283 408147 468314 458410 444569 415194 501685 449687 470650 407173 427219 445275 433683 473914 464389 469382 
455834 488938 442878 435846 468530 448520 451534 488096 516640 499951 439801 468494 425145 457001 457465 489741 468411 488145 458151 492836 451349 457649 479429 490865 449566 465742 498836 451007 451718 472925 452075 476891 434098 465776 479223 485811 462761 465984 470643 470986 450320 456901 443983 464495 463747 445887 470211 433168 460914 474503 483382 447248 441692 475200 453527 500351 498151 445316 416927 469698 483351 488954 489070 466112 490459 501735 483290 461924 457538 467128 469151 452984 507731 467077 509837 459013 459493 457638 449595 470126 471212 517386 441837 493302 503716 484186 453086 458213 423166 474297 450254 485841 476369 482470 479464 450455 479309 473061 465014 478515 400147 436492 503510 463935 453393 491825 471510 461752 450606 483196 452780 462268 445038 470337 462871 476537 442796 485008 470776 445819 483673 414122 478015 475129 452304 480436 450524 505707 473477 490641 476335 457738 494118 459796 482563 464755 475344 488376 462853 474924 430149 418020 491391 482248 487661 448770 484169 453993 452297 459986 443807 465722 435042 451517 442267 463773 469785 471799 494677 428216 424056 468976 448043 478178 532160 454861 446862 460708 442709 470596 461089 505197 440310 502482 449544 424942 470254 480578 497752 443269 463296 471446 459307 476245 497588 413542 445369 464045 465448 447320 468400 449503 479276 453071 446404 442858 426687 462951 482868 484809 
464888 507302 455322 480642 459999 473476 448180 506577 512969 513534 481856 445441 420114 466228 487514 500021 493029 487765 450355 488762 461072 472651 476829 494018 488631 470799 501243 474372 478916 492058 463019 506744 441808 476428 476111 503047 478844 488226 474609 501001 480190 462209 471151 477071 501921 480196 479099 435895 460192 486102 517933 496349 452378 511791 500191 481381 507715 462947 434202 513652 490122 499904 504656 476384 463867 510786 462842 474286 483446 464735 498816 490260 499133 501819 514973 463649 477317 452853 459387 476668 491025 528375 471855 504202 510975 501229 465132 465001 429604 484351 499963 503093 475657 487764 490394 469713 524999 490739 504301 506402 416518 469592 509575 472993 443530 498716 483416 461863 485118 491563 491907 480850 466230 485092 480928 486206 473876 488242 507671 486038 487433 456572 504401 472022 471009 509511 490839 529805 466359 476410 510528 454032 499181 483010 513371 486757 512737 507087 462363 518739 462108 453401 504287 484154 512248 497536 516386 494182 480439 474104 472197 478365 442770 493743 441645 485744 487428 486100 525225 449433 463111 489155 482057 485176 522097 478213 487125 482093 469510 499198 461464 535390 456845 514010 472524 444936 521512 471827 499027 467223 508079 527794 478700 491479 521293 432303 498779 497575 494393 431772 484059 484120 494684 478051 484178 466958 466893 518397 518352 507488 
524220 541906 497463 505813 510309 510029 505515 551116 568696 585063 514204 502119 488165 508938 520500 566672 507181 533073 527911 532349 505020 538790 537487 535092 523131 523216 556940 503471 518765 533178 504592 523095 472445 536807 509943 554135 513728 492468 533958 531324 499413 510768 524632 524681 546316 490245 515094 496397 479000 522722 554134 532096 498063 529972 504869 549860 522250 515934 453618 517857 528816 578894 546689 540299 531541 562201 530158 493349 496058 507588 488355 506118 564852 493905 560780 507522 504572 514715 494824 524964 520479 565675 501523 565731 559027 530022 514652 493987 482058 538465 545335 558701 508008 549092 525221 503097 535196 508139 531160 561402 458349 500365 537980 503138 518853 549909 546009 524636 515596 545270 557411 518004 477525 538413 505451 546593 504286 532169 540271 505362 533477 470756 515004 510585 475883 549225 523389 556669 503708 546591 534853 499751 549174 523376 577293 540795 555162 559108 490182 537666 495399 480492 506180 542520 550322 532028 561542 503278 501065 504159 521626 515258 461928 528964 490634 527612 527447 508241 568934 487691 490380 530784 501527 548649 582426 503768 520570 502729 483269 539443 520676 548757 516630 529827 483270 492549 526724 564107 524715 490047 515843 520584 525616 531893 543454 459907 519066 530369 523913 490044 509591 514232 520887 517701 513543 517615 505040 524175 541204 531926 
464424 531075 469143 494676 495700 503875 477238 539137 525954 530804 468439 483374 439393 473659 467834 511566 481538 503206 496692 488620 478511 485704 497361 512447 466312 500323 512556 484727 509717 519464 453596 499970 475318 485820 480756 500112 479219 480797 511197 506306 465724 486148 478585 486792 510808 464553 479949 460465 460464 490491 508538 499998 476759 499444 481069 512185 502880 473034 450330 477101 452866 497755 519740 497779 500522 523770 500218 465211 482375 465488 473893 488178 515626 485083 503468 464904 465667 484508 467247 474778 503888 534319 472228 502039 499980 503817 496121 458801 448987 470606 483140 520495 469700 478741 501933 456328 527731 478782 474606 497391 402205 464490 501527 502540 460063 503394 480255 485708 503462 497484 505639 499930 484744 519060 467939 505810 483445 498512 502136 470363 496067 430245 510365 478170 462557 495916 480665 495939 460515 502109 526585 463256 499846 494631 517666 498996 497032 525074 462696 508591 464276 450895 497352 494464 482589 462459 520535 465610 483766 460287 476891 485153 422357 494590 448472 494597 476895 498608 559426 471530 466296 485515 476433 496076 538730 467752 502618 478000 463390 482519 490699 520481 504126 502903 456747 458958 503548 525019 500496 486958 472629 499517 487611 482041 504944 432528 483595 495773 473179 440120 494506 446066 478728 468071 460598 471824 459630 518803 514954 504322 
488562 516552 471326 465372 505756 495327 475167 517405 545638 542853 469408 473877 443520 477393 475547 507709 475088 501384 499165 479693 493957 500503 490731 518412 493154 483139 512734 487281 494985 486141 460986 476884 457998 514880 484399 512180 459427 483290 487243 504344 462937 461221 468924 486373 505120 453948 487668 462444 477904 481596 534511 492772 448785 519917 474002 511750 497337 460992 437997 501776 480611 523250 511567 500492 490678 512170 499788 468922 475873 463305 488222 486388 511951 467983 532942 478919 476730 483931 475026 491826 485443 550827 460124 512216 536568 500395 472568 466047 451770 495541 482185 504009 473765 502005 481211 466339 524955 497180 482400 525765 437195 449627 499257 469942 472072 518744 506576 490689 493888 497366 508492 499382 465191 519974 471545 508177 473071 514860 488440 481064 496803 435200 468696 456674 463680 515310 472792 524381 486382 490024 511048 463255 518343 493707 535848 525945 485251 526041 484726 490216 463077 481670 499119 493334 509663 506279 501093 488010 467736 472328 475358 507305 438832 497267 459930 513431 487134 469179 546803 462565 471043 482130 482665 517906 546038 455604 500358 475513 471934 518072 493503 514576 480570 514543 470584 466385 487401 516588 482960 483109 503953 513223 499292 489456 528086 421631 496908 485266 477914 463925 492924 471672 487237 472694 467902 479378 479114 494489 504270 521572 
464251 535087 465234 474319 493617 487162 480389 516610 519862 538775 484546 492188 445850 489475 498442 520226 509567 503096 487760 515674 482067 493978 509732 533918 482842 476544 528428 484496 503617 512423 479685 471285 469429 516817 471667 497813 491323 501727 495608 500297 493096 479841 508023 491851 495098 463198 480821 459361 468995 504797 536891 486054 474810 508454 502286 488587 513394 498701 428370 508855 492994 518957 496759 494520 510236 523568 517577 476395 483230 467167 503680 486437 507985 475049 527019 507423 470178 484390 461973 505548 489360 549269 467644 533185 520963 497548 499838 508026 472479 475843 483258 529967 474194 508661 492716 461174 490545 465661 503660 516096 416092 494790 501295 461336 494212 511742 496295 476051 511781 513075 507224 500623 486524 516156 488592 512564 480448 506100 534469 481814 504536 447952 490950 490485 472880 492860 471742 533018 488659 519833 521803 468457 503609 522270 534031 521219 515652 505692 474493 509038 483881 459999 491660 510659 512658 488697 543667 477504 481024 488221 501816 490126 461686 474604 465749 500326 509161 493741 542914 481912 466633 487326 489229 506917 532288 472203 492402 487063 481323 484799 480722 529392 477883 518077 476335 460887 509603 520275 486165 472468 506983 499339 487678 491227 529551 448939 512982 479476 475590 457712 491523 473903 492337 486990 483444 475897 487735 506679 539340 522258 
501546 498687 460801 476887 479062 489484 467693 510683 504502 507781 464879 505422 464360 479537 493709 518699 477572 499038 467164 496689 482045 478357 481368 512983 462727 484577 507725 492348 466806 519222 484188 469542 460458 509889 477925 517643 472063 471461 503263 528059 468316 476886 489233 504212 486016 466767 497973 426149 492618 510298 508449 476892 482701 501005 494292 510100 523729 482549 443621 515720 479478 506679 503069 491894 510513 536475 490935 460210 469244 469782 480287 476121 520599 460737 522771 486088 463917 458522 454090 488417 484829 516878 470411 494452 502464 498426 471187 484589 456588 476323 492674 534865 493189 502646 468422 480480 513374 471058 502474 521734 427166 456078 502473 449054 466645 497298 486361 446460 492826 505881 508941 509672 476975 499729 495331 495583 468545 503847 476460 470728 501205 427973 493239 490488 477489 502557 471820 529205 449306 504586 516981 464970 500307 471842 519627 515475 511477 514803 446180 509222 469682 462646 494918 516009 486825 483137 509742 462168 475374 476942 472504 475702 448483 492942 460141 463514 477037 473578 526375 458892 454517 478804 476631 509501 522600 468570 495859 452801 485490 494514 475170 513938 468725 487878 456177 439021 506717 524957 492756 464734 489236 514817 482946 497123 511251 440794 482119 492288 479510 444044 504129 486549 508536 477796 465590 476561 458256 504960 506926 508122 
487079 529354 478197 478387 488666 495340 465268 521259 532497 539852 485551 490917 457070 487516 494986 509967 485472 498889 449728 512916 478005 482047 511911 544646 474626 468362 523433 471409 475738 489726 465802 493010 471633 504300 493426 529152 495742 496630 491755 504524 465860 450769 500168 497718 498391 456421 480886 455283 465435 493264 520650 491483 480645 523866 500168 519001 518847 487940 454317 501302 508838 512742 502051 519738 501326 540749 491047 482210 468763 471338 501891 472712 513237 471243 519022 465232 461557 489826 471427 492286 476983 519407 492865 526625 506306 518870 481351 496301 438279 503139 481979 525135 478678 479322 485041 473371 529946 497976 522184 520664 435931 460607 493148 466034 479182 527846 492287 478985 483556 505281 496558 492400 471480 501909 472254 501255 466600 489062 508879 478745 488443 455652 517213 482158 457420 519169 455285 544660 485059 494786 528218 464930 488639 502835 527665 506403 515582 521260 470231 517016 494929 458038 480135 498208 495610 492822 536107 492869 473099 494521 482064 499080 468957 471458 451650 491861 493119 493976 516060 453100 466370 477192 479500 500633 541700 476017 483267 459496 465071 495520 467804 523172 471504 517543 475977 452760 528100 507260 495250 487694 496784 500491 483076 504038 527538 437266 504407 496068 509435 451401 485325 480933 515699 470587 494605 486180 471476 519427 515852 521091 
459042 506609 450346 466243 451088 456096 440703 482787 492069 486908 435302 463093 428432 455899 468705 489025 449075 476084 444283 481357 444695 454639 460065 503241 451792 465473 504389 451103 441849 465473 462567 453656 420388 452507 469976 505739 437987 453600 470947 468606 443681 451866 446627 470853 498390 447574 451143 437799 443081 486880 489914 472738 450200 477697 456902 474071 494409 454510 407411 476482 474085 494617 477374 467418 452161 489639 489832 441196 457826 457225 469380 454260 492294 453972 503012 451753 449067 446417 444141 449645 476811 507543 473348 483760 502547 487118 467327 451849 418612 479071 470885 481096 440842 460373 476003 445573 491675 464067 466329 488588 403269 453905 478981 429800 447192 475320 472284 465258 468777 467591 447929 499050 464022 483621 478545 447759 449324 476248 458517 431863 495392 425080 469590 460471 434130 453287 442846 502880 454338 470220 459902 441615 497398 463199 513194 473897 470886 513522 455457 487958 443724 441260 456764 469589 474571 440127 505596 441698 437179 442136 469024 468297 434416 485028 439455 457389 440044 461951 507969 423955 445293 474561 453450 493492 529351 444916 469484 431356 447492 458462 452358 497567 438542 477241 458263 437694 481972 481182 450407 484634 470169 478002 475273 493399 492245 419513 460045 456229 453692 438594 453816 447830 479969 441086 462025 459877 439209 476783 488036 487700 
453486 514104 460099 455920 461435 493406 451430 496050 506945 531930 451304 473832 429035 466868 460957 492513 475564 485062 471054 483563 446045 470364 490371 503761 461556 466553 508888 461148 471738 499046 451447 469934 449571 468891 470157 514514 465042 483294 465812 474019 467279 452200 478140 467934 487674 457646 472637 460537 456267 482016 507408 478570 464451 481264 499385 490581 499454 473802 410521 484202 482350 522782 500285 497060 511212 506253 503900 462186 500644 471188 475926 472415 515046 471768 497635 463110 425621 478726 441688 495282 481746 506642 459611 510173 509928 505294 469108 476514 434796 479470 489806 504158 470721 462764 457997 448145 505732 465545 506510 486837 397536 470830 477126 463856 450418 511028 474315 472793 475348 484302 487126 481095 474208 479544 434999 495802 449055 504830 483723 473943 490026 445275 490351 461882 445500 490028 453554 528888 469312 454711 506101 450754 470077 493058 504482 492102 500903 533119 473235 480632 488218 450134 476807 483329 481317 472064 512364 483831 453108 468416 480822 494573 461571 478103 450947 484654 494126 487272 504928 449631 449318 469029 451998 493313 538867 450781 459672 477158 437091 475289 467027 518720 452747 521643 456353 443375 498894 472850 480032 457462 493106 496701 470820 506299 477644 426171 489400 473349 479312 425759 474410 434966 472964 466035 478274 453660 469409 507202 518007 509046 
446608 461151 426782 447506 471344 444701 451255 479992 503722 482728 435172 445345 422204 429464 453398 468908 440989 461126 420672 479178 449226 447045 480525 467884 436629 455016 466064 427310 444107 452297 432877 452544 423362 459681 455253 472110 440148 436881 428750 481008 448866 424143 436974 483582 448259 413516 440230 397834 438992 466563 473475 446854 434103 461614 434409 473851 473699 433301 437714 454160 449318 496611 462279 455704 458758 472329 455697 421134 410333 433463 454886 452157 481475 441796 478715 438305 435230 442487 441437 455022 458019 483833 439088 481219 463747 461825 442036 445090 389983 443437 448750 478569 466571 470862 452358 446152 473091 450032 457372 479912 398541 429263 467323 437646 428897 459434 453105 436530 461954 479534 451603 461194 431252 468897 427951 450327 436580 458492 456673 436903 457633 410111 451809 441922 439769 490102 447156 491761 444137 443732 476400 441477 447050 460846 502100 476117 467943 484951 430165 472250 411156 425564 456084 466956 461338 470423 500244 446661 437940 430304 440393 449536 397391 446876 433661 451657 449706 451857 493502 432779 437977 435893 444862 470662 500066 426396 446751 447085 433881 448877 442145 486519 425067 467859 419596 413674 476812 494176 459500 412380 463877 451131 460015 456970 474762 404381 446303 451572 446779 431167 468149 464919 456567 432404 419540 431602 424361 453998 477445 480101 
483832 522631 474469 485688 499753 483728 453021 537124 524021 505183 480357 509268 462304 491907 526596 524597 498356 509110 485646 516969 484458 482177 503778 530859 462826 484015 505593 465718 465247 502674 468643 488938 480481 512908 480807 527265 460515 487675 486326 501832 469515 478163 490882 492898 515451 467293 468464 481489 481801 501627 514362 505626 456732 511933 471787 510977 500483 499824 454883 499811 500793 523929 524499 510119 507734 514878 511429 455024 465613 487078 468943 469255 521668 492076 510607 478972 452114 476072 464514 495691 507779 541485 466621 516512 519072 504482 494102 494450 439692 487547 511589 520432 475859 482424 491196 459539 516402 497791 482278 525553 403598 461271 513680 465759 483542 511005 514530 498152 502043 498249 518366 482162 456593 508509 482873 499943 500241 504299 474524 488528 484920 445294 486841 500038 480552 494446 466377 558470 463455 490831 532448 460578 516480 511799 538275 486006 493130 529493 476491 491504 466959 459171 491419 494715 510230 497717 546322 475361 487946 470425 471720 482605 455912 490988 455434 480183 508665 497702 551097 480442 456328 491459 468748 513723 540552 500042 498025 478037 467495 516468 489885 515933 468226 510797 464590 470627 503408 510230 523433 472918 494617 518864 482549 497893 531518 424006 478148 494864 496940 459264 516984 483217 485611 492789 459443 481922 462862 522402 519619 516754 
464087 508039 456862 488059 489848 494296 435897 516542 522916 494064 461193 483935 437276 465971 496842 498760 501021 496965 475414 518879 446851 457853 488224 495064 444169 468669 495833 476439 468401 478128 476206 477015 435983 494821 485279 495158 464276 472229 485788 478509 476033 450185 457748 460210 489152 471565 481026 449387 447753 483393 489339 488021 464442 506254 468544 500039 487510 468136 457567 485776 470012 511305 493032 468491 495238 515094 507845 456002 473090 462592 501975 467306 508433 468688 527916 451785 459047 475714 443566 488602 472870 522244 463306 504305 485666 511402 477799 481025 439435 466820 466698 513123 485798 481173 465282 465769 492335 472043 489902 498711 408360 458703 491175 491595 480490 510509 482210 453129 488878 496414 492171 496636 452160 483748 458042 485078 449330 477970 494374 460558 514274 417624 494703 471940 447914 508282 449629 517881 465108 486981 509919 459238 498141 489096 509411 501312 504399 485840 475327 489331 463613 459908 490231 492587 498274 486133 502526 472163 476648 483164 469323 493384 446082 456662 446502 479809 485088 507123 497345 477233 454792 477977 487795 483245 529828 477267 493039 486221 468508 459539 470447 528680 463451 505894 474875 436782 509761 479598 461190 466474 495429 507092 480404 458709 504842 445569 490897 478865 492618 452822 476858 450602 486797 472672 472375 459201 446623 488433 506098 515389 
482043 521158 475035 457051 477221 487287 458557 499773 507355 529653 443316 493948 454281 478864 481026 510535 484855 495236 488400 505465 498669 482021 500931 492512 480576 469586 492259 499111 460249 488108 482001 467879 455855 500505 476670 514515 478243 476848 476563 491844 471435 465397 489410 488899 509349 446070 494021 443291 502919 489645 494585 466201 480093 501759 464639 496523 518003 474468 428502 511099 474059 516262 494340 486780 485233 495602 490581 472321 460081 454235 505349 480282 492416 483208 501312 473939 447729 465244 460170 494258 489424 546679 472065 503988 521515 496511 479505 483275 457360 486410 493698 503134 504774 493836 463584 467899 513494 470424 471651 521759 415665 472512 484700 459764 468603 502288 494821 477989 477465 507306 506194 503055 472384 491283 493675 498054 479586 498993 477180 473712 476147 425911 487949 481513 478343 497375 461197 524157 492079 494951 513225 470319 485335 482238 517262 497890 498244 519961 507831 487143 465731 439793 499971 471709 526491 477550 496839 486423 470231 474223 479744 478187 446013 493675 453800 509092 472442 488648 531028 444757 440189 493013 475006 494832 531082 456252 484407 450934 461057 492648 471762 521418 445576 503675 457720 461121 491760 493987 499953 466333 490001 498816 486709 503798 504558 430354 470115 477395 482309 460756 488515 465905 488445 472726 474569 466095 466066 496565 508955 507122 
452273 494977 466980 481937 488733 470229 467562 500211 516480 495516 459833 468229 421768 477834 478274 502445 499562 501605 469818 501227 456799 476427 481166 498780 478598 479033 482522 458847 486845 492910 440834 489686 453832 492337 489159 505701 459127 448812 477960 493719 464553 469862 478322 494781 488688 426340 492870 456401 481330 479211 506141 478590 438604 489010 485595 495529 519747 474737 437717 480567 480062 518054 498682 482890 485756 518255 506434 455074 470784 468981 493710 464090 490211 484951 505045 468326 460161 458036 443534 489407 490830 505589 447055 488155 509117 514804 480978 475738 443668 506162 500897 497383 487568 484390 479688 470852 508339 459468 461833 507649 396225 446269 487809 452542 451380 505653 488676 474118 490119 513452 506653 476272 459036 502560 445106 500563 481865 514186 500883 479551 482785 450928 471393 471803 466545 492380 456608 528687 464643 484371 507712 462507 505599 495117 526372 488771 508939 519050 468744 490734 432375 437736 486635 473818 518958 487167 512963 474232 484529 462425 473541 478297 443712 494675 448722 487979 492724 487868 520034 447789 430105 491878 447167 511093 547726 469714 498870 452643 455333 497575 477023 501645 465841 502778 446861 458179 509596 481870 520855 466604 486216 493671 451233 480676 519614 438251 480484 474055 498814 448122 486888 457491 484475 484855 458628 462688 446047 493734 523160 497029 
451655 470729 439758 476941 477874 484323 430138 485278 486768 475827 435075 470373 409756 472608 455177 490280 456598 474234 451285 491753 458203 468611 466089 473310 469120 472423 465828 462684 470169 475042 440818 452955 441933 478727 483970 472478 432556 469420 475105 476047 452970 446021 467139 462974 500873 445450 471448 443577 443648 465873 478785 472343 454213 474060 459598 490358 485332 440328 412622 460892 470861 491346 493116 464666 480572 501641 458830 445707 452843 457639 457361 451273 496418 446465 496437 463138 431440 455284 412535 448018 460670 496794 446239 473175 488701 479618 468639 459042 412805 466144 462988 497583 484530 452800 460130 474311 512807 460382 461731 486565 397137 451798 460010 458472 451756 497540 459826 471628 450889 470318 444609 467252 435312 475844 453078 457676 450259 481017 451803 457572 461048 418248 472076 453173 451544 450577 436076 512843 466968 463493 501486 467323 469369 451000 494264 497905 483351 506621 463215 491938 440201 437641 484870 471061 489158 458667 501308 474959 450596 443081 459410 443461 430714 464002 463286 468823 475443 467824 497693 447790 457724 465580 456223 463427 512037 458673 442672 441012 448023 458312 457762 510612 418800 489326 423366 441892 474446 462210 485604 442126 474674 473786 464059 461885 482723 416167 462589 460472 465324 412823 467736 448158 451316 455047 440707 436912 428773 465088 499366 498061 
474516 527820 484209 487813 508588 485928 479334 522059 534935 541710 494816 474461 451144 477676 496587 503432 501676 495786 472204 513249 483746 514982 522223 542743 477975 467081 534837 474599 498618 535812 464886 514405 483593 480216 476322 545499 492688 468016 501367 518455 474533 461072 519861 524558 516351 466107 483431 453500 483774 498502 511600 505176 459651 517486 478207 511064 550234 484173 470820 472876 501759 537448 512458 531522 488332 535482 488138 454872 471090 466452 499778 480129 516509 491117 522317 491912 462821 493426 498921 491508 518429 545069 472896 525406 534537 515463 478568 479298 456167 492032 490592 511940 479943 484702 504574 472291 522564 477603 471015 506584 430170 469267 514678 477324 492312 504698 481484 466552 491933 493702 505531 488808 491110 514279 494156 500574 460266 522669 500628 475315 477555 469475 516887 487432 465182 484478 475085 531287 501196 515248 528645 461609 529310 512440 537290 511856 510650 541689 484401 496819 467247 444285 516543 499199 493026 490755 556142 478574 481740 476021 473165 502030 437340 513832 480608 501976 498782 504431 546380 460010 449781 502366 469641 489572 546689 508345 488179 492696 468934 514852 505376 527446 496132 542073 481323 437545 534556 514576 495184 485444 473336 498042 481174 510323 528764 429785 489391 508418 495128 456625 491822 475316 511269 493575 473322 482504 477147 527514 522197 525573 
501759 553201 487524 516011 532258 515729 496147 543674 556468 549894 528624 512482 480920 531043 517418 542303 530683 529606 501810 540232 513671 522069 510721 551468 509536 529149 535781 497656 530112 553548 485273 516244 484578 517213 508093 550820 509222 488939 521370 537627 506178 500751 528380 539125 557410 495440 506218 490952 480458 542894 551125 537742 511225 534521 517071 536041 542380 501222 481614 519527 523282 535395 517488 539582 514674 551074 527437 488593 521907 509092 516973 505630 538568 491816 552596 485718 488805 519904 495277 519804 519924 579303 515190 529797 549452 540197 517271 502139 495548 521546 520807 561730 513403 524238 499496 498349 537671 502231 536443 549737 444206 511998 539339 489324 490454 537415 507903 501872 525498 542527 533644 524367 483128 529076 510662 525567 515970 528634 528130 508677 535182 482640 531648 509070 493790 543686 494517 535657 488165 535893 543667 495984 542397 507496 544075 547316 552391 537945 515600 547801 503457 473013 536971 553566 531770 523730 561126 511297 505049 515727 504035 520386 473329 526066 510709 503198 498280 524225 562319 470759 487524 509399 506889 538418 563216 512567 526365 523162 511069 512719 535749 541608 511657 558335 494782 480330 541444 534369 544064 504917 494141 527509 517050 528620 555490 483290 531377 521860 511796 473568 538224 515308 538227 493775 512935 521463 488530 548045 550033 553337 
504993 538960 470605 467878 489834 497069 459913 500028 527215 539108 480033 473763 429831 477583 474795 511002 468257 527279 452436 494421 489373 480818 514525 499581 461885 478070 528656 474019 476333 490184 479083 492022 430296 513651 475530 522170 479427 473127 499110 520176 451900 470246 491824 491912 519534 494031 484090 436746 452447 500623 505767 491014 496763 519060 467120 502903 501432 468441 448284 488703 506192 519736 520322 509531 476283 530966 513316 466627 482965 486370 490764 481998 495263 471058 509145 427954 457830 466942 466922 483404 498389 544832 474156 518833 499865 511433 481395 484633 434225 511148 489588 521335 484875 487596 488712 477420 519868 462736 494649 525916 416149 469523 474077 474121 462941 510147 466571 469718 483366 512722 505254 517870 471755 497483 476330 491508 499188 499527 470859 464135 515756 454082 511325 496045 475285 496844 459857 512713 472050 496735 505244 483795 503081 481254 531862 479362 496917 497147 455277 507435 494351 458302 510120 484381 500269 473327 534336 473870 483058 468340 478493 485332 425972 468194 466646 487453 482878 512617 520009 450632 452057 496388 489825 502392 538074 486638 481853 453993 479512 480465 462106 529986 454717 478645 468080 478354 512773 495878 515383 462710 471012 487510 482823 497652 507655 436698 477209 475227 473453 469898 482583 458569 526120 505813 481502 473919 470176 500362 512102 507244 
465174 489850 417088 453881 451751 465595 422883 486077 473183 486798 424875 449296 404561 431406 446782 479971 437272 474105 433304 452650 432922 447164 481338 490706 433925 465239 482338 462162 432676 462267 452981 442596 413117 462000 455096 460995 438026 461263 454204 450538 441926 419790 428132 453430 461866 420185 451518 422687 436278 474658 482056 449953 451562 486123 457799 456455 470328 451965 391818 473295 452162 498611 449003 456697 458890 480893 466864 454660 439679 448863 455413 436984 471440 459483 475679 440216 407749 444491 432314 464376 446467 492324 440275 480814 472758 461721 459292 417420 399280 444160 463903 488099 448138 449308 448504 422267 490467 466979 470326 464287 389111 456833 454529 431952 424466 477408 482129 457428 465924 474615 470359 461642 447085 470770 453244 465601 436971 460803 442482 423431 457178 401655 469369 469855 438384 468371 422223 509268 455364 438017 484325 417693 451624 452509 491114 456306 471741 488124 464382 458105 430124 407737 461035 444260 469139 432790 484017 447878 429484 433799 430490 461979 414745 449110 435624 462175 448354 448804 505335 429038 437438 449044 441892 454600 501116 408550 446668 443712 415166 458662 443111 519095 431994 452325 414292 429110 478908 463847 450287 451269 465087 483841 421487 475666 482719 385205 461682 432139 443885 429995 447914 412881 469184 436168 435348 438771 420352 458235 478473 495335 
498916 515313 470512 517526 502748 516276 497299 550938 545169 547047 471138 509835 481260 506075 505403 533290 499334 529723 470912 507378 504340 493694 508663 522362 500591 493052 534223 499551 496416 520152 476813 514588 482162 517340 515567 547300 493294 495631 511305 520357 509753 497078 497546 524190 512105 471415 526238 479468 488721 524300 545758 524990 491875 527150 512168 542978 534930 511607 476781 535652 521597 542692 545004 523607 518926 540454 521572 476542 502763 492795 498904 504760 551597 504270 548518 474421 463831 479713 475017 504482 508434 554964 491828 543941 523144 520274 514900 492488 462369 498054 531016 524988 497480 515220 523409 497619 560191 496161 525335 537735 443904 471760 516518 504870 481422 514964 532808 517902 518599 518716 499763 514089 501301 526084 470393 536150 492218 533971 487851 479862 524899 453666 505793 511982 480806 513375 496126 565149 483974 502955 519948 475212 520345 503200 558833 534478 522314 544907 487776 530281 506535 476515 506315 509102 532563 493088 537906 494128 506377 487053 491046 501692 460617 518988 474233 502348 522137 498140 540871 471084 487006 508479 491203 524556 556430 476157 520862 501998 474358 515631 491086 551867 483031 531217 479160 477406 542505 525128 539971 472269 506632 518804 514017 518453 536961 444449 496006 513832 512892 476171 527174 512263 522310 507619 486667 487483 487350 525287 532043 549827 
466507 514871 429245 457245 479741 471191 449899 502048 518384 506332 443117 470789 420753 448625 457047 486827 488752 484864 460009 499706 452512 446667 487263 507840 447354 454705 495242 445099 490583 479677 429909 488376 452989 452179 464152 497620 455464 476980 479371 484893 470062 462086 478156 477522 477364 440227 476743 443989 454241 466744 489598 481685 464094 477868 480848 493893 514501 449121 431410 452237 505927 518007 485554 478673 480834 505397 497220 440230 443371 457213 490593 460651 493022 462762 493208 456352 435317 455489 436065 468072 485835 505038 452349 509514 508997 487764 452615 480426 412351 475263 468670 490186 473428 480818 461098 466053 489460 438307 464963 497083 407208 455115 492835 466555 458922 490642 464800 455307 467908 472790 463938 470456 455747 479847 438106 471185 451836 482811 456537 460197 489560 424952 488772 455424 461648 476422 467074 506667 465288 487665 496541 481366 494535 497622 495374 481718 479471 509027 452852 487547 447106 439591 476849 499097 471524 465625 496509 470926 453653 452742 484570 486102 443944 478791 455874 482952 479387 468592 489877 457696 442512 485455 460492 475950 521814 463056 472355 472242 443738 457316 448709 527285 446942 485843 448093 439269 519632 478340 476882 448230 479785 500342 480783 470506 501809 419255 459249 463619 471643 432896 502681 463860 477656 471624 436805 436816 413549 482720 511008 499317 
448975 493118 425827 455023 446128 455188 424342 485596 465461 478385 461719 475210 437901 454792 478053 489789 453799 495413 460298 450476 431742 443497 475129 487976 436688 438576 492971 457570 441215 486265 476126 435789 429721 451719 461563 483943 429460 424093 445827 485557 440028 449750 438370 469388 460159 442168 439554 427579 461978 464848 461668 457475 457852 460195 456477 476296 478055 471689 386721 471417 481974 495033 451531 473876 454972 486629 456797 438835 465993 452699 429037 455052 493681 445863 477281 432477 432643 438478 432653 450095 467379 491859 445235 499593 482277 460970 453295 444450 403628 456021 484802 495891 433978 463061 479072 433062 480760 474943 469927 497109 415887 433301 464525 422381 448492 466617 461559 444436 492171 461674 491468 476259 423660 466582 448062 451388 470696 451628 453471 454202 463410 425350 452621 465754 434722 469994 452477 484428 456580 478111 483793 418344 462853 460119 508732 481407 471602 492770 437763 485472 435776 412938 464557 457929 450172 432102 499451 431483 444004 456281 452021 443588 412047 474858 422751 458432 469948 453587 507279 437594 440048 446007 443231 478724 519826 439083 479155 447075 446154 465779 454393 493963 453547 484758 454205 434925 457972 466663 458624 453836 460765 474976 440352 470790 495200 399055 469044 478205 463337 451743 484568 437264 480141 449660 438516 461105 426310 474924 484541 477884 
499462 551293 487212 496614 503776 504446 505113 551027 570008 544028 505398 499600 464306 487627 492319 531835 507975 510448 478668 501872 475819 503998 519279 531217 483294 490870 538712 508291 505878 524968 503238 510758 489448 511898 513442 530391 490545 515352 528337 518190 487760 493789 487869 500494 511255 478705 501754 495325 511450 503751 546193 501672 488732 518499 483353 522567 522553 502848 460594 506363 491301 531145 532127 519747 499649 567876 518436 494589 491910 472513 512675 498914 535441 504019 541559 487297 486460 493986 497936 502105 515922 558597 475707 530939 519504 500250 495741 478062 478759 492574 504577 534903 508249 506546 522145 484015 545009 492163 503003 538914 454320 475888 504164 485729 488084 512684 507733 496193 510881 498244 518788 515369 496264 525042 496947 513064 503519 517756 532300 486897 523877 466315 505904 493916 490695 518932 485397 535879 485464 525895 537075 486375 541399 512309 551116 511725 527928 525823 474884 515915 499659 490531 525481 509622 524238 510697 547997 501557 516717 476132 482709 516413 446343 482441 481498 509001 512609 521452 533408 476615 468366 484660 476483 532628 569343 520108 501031 493723 483167 520118 495882 538852 475155 522712 484238 478007 543436 514113 514526 476728 517256 537919 495152 505475 535242 435383 498233 488764 508089 483791 507137 485719 515346 502517 489776 507453 479768 532987 533438 526864 
478875 479359 454906 463015 491097 471850 439589 496829 529677 507279 467676 464953 437523 477386 481444 479966 467478 490956 451251 469624 461027 457411 492068 481401 462605 475185 493505 475633 451343 495206 467062 444344 429411 495941 480023 507513 441805 471938 460358 492341 448557 464966 459253 473930 482412 462514 457174 438433 475036 475414 502635 478784 451175 484267 478997 526456 486553 449995 434481 478034 478955 480399 489653 459029 503557 495487 478187 454301 466444 443411 471696 465657 489717 455410 521309 460166 467581 450563 478027 483541 482171 519735 465137 483860 496339 493274 468905 467726 431028 467073 478822 501725 494157 487266 462546 471024 506710 484204 485095 474383 430841 450051 480819 465383 463826 492343 497876 457199 483789 497061 493364 481111 439855 476046 477238 471462 476066 481740 472892 472100 468045 435805 473149 471133 454271 500425 456915 515245 470892 473889 509471 475208 495148 479462 532414 512124 492650 504739 456531 516277 452164 463924 485140 471410 502739 496455 514408 494576 475432 466278 452761 471740 424425 495703 448951 455267 478073 488960 527771 478186 453657 466593 460912 510387 530512 480111 494327 443561 447390 477302 464303 514286 432330 494233 439338 446500 479255 517857 510865 440150 500531 489337 459815 489496 502583 435245 476244 486768 498429 453451 492748 448655 477590 458576 450240 481459 457447 478586 502193 494238 
487364 547522 478399 484868 493703 507231 493043 519834 538583 563285 493555 491472 467819 491192 502710 516846 491282 515715 473809 529101 504739 502715 511319 518888 496729 503664 516134 465825 509982 519665 495597 531119 469086 502848 502206 522829 503020 477616 498534 504462 505022 492283 498448 511185 511690 487190 484262 465761 481014 511194 520499 520019 471103 514787 485441 533140 561298 489717 455173 516501 515832 536318 519919 512528 514888 536495 494422 466751 490845 513254 490341 467265 513375 496383 549097 484190 484372 484408 493472 511854 493555 547755 500645 562001 536022 531569 498892 499340 450558 508290 490597 533198 508340 508459 505985 478376 547530 494022 508127 534262 425252 475196 518062 493290 492959 523624 517741 512902 478483 540661 541937 510436 476712 526852 489481 523370 491445 516678 520626 499925 520199 457089 533590 508727 502500 525051 487092 565561 515259 478112 515179 475632 512716 507862 552959 499360 510135 532641 510015 519687 493889 439780 513570 501749 523027 490516 550652 480138 500448 500784 498128 499736 466529 487219 492185 504380 527777 502717 564244 475115 454707 519113 492596 499757 558843 490380 490776 496961 472339 522734 495671 535251 493394 515416 486881 467848 507353 527168 523703 480256 506711 490837 496206 514306 539652 446539 512128 508880 489804 489884 506446 494171 526176 489041 491617 497989 481489 529315 547368 520773 
494164 529737 487666 469807 505223 511406 473522 527402 525326 536816 493096 496745 456707 495630 481734 532266 504275 513280 477426 515074 473097 511087 505836 540243 489215 483079 521030 490593 500303 509992 494615 503711 479715 480292 497370 529331 490173 509070 500790 518919 502079 454199 494231 511522 489586 472877 487583 488236 487410 524610 530333 506933 478726 527308 503359 499046 550658 493233 430975 517985 524986 543881 497837 487568 500004 536255 510896 461984 483238 482817 509801 489987 532306 486179 537302 499236 474237 497860 478021 524167 498695 546982 482884 526092 520837 525679 491199 495143 444614 499867 509895 555500 488533 495354 488840 468068 518309 502850 523967 535345 425447 501114 509275 482835 505698 521144 517672 480068 510014 518495 520511 517299 469840 522386 505083 507698 471348 505351 535576 484192 520455 459697 498011 519718 493841 516771 474416 545012 486002 499482 525065 458166 514325 517665 536308 523657 516339 530951 490182 509037 502915 457319 509466 507141 494454 487577 528216 487267 490634 513777 492764 511519 476045 506749 482441 514954 497046 518051 548878 451984 448217 490505 489196 521322 562349 487018 492208 495889 484404 502776 500153 553530 473358 532643 488078 449824 524745 519017 511048 496965 508853 508425 524329 513894 534184 440068 484660 511984 485027 462594 509049 511944 519543 469811 476878 507375 460809 513922 550156 525509 
455952 507223 447331 478351 475442 500656 449629 510538 527022 505221 471912 482689 429106 479369 483749 501695 482547 497432 471021 505137 476036 467852 473754 501226 467181 470405 506389 460932 478335 494365 456270 498178 445389 499345 476558 483612 464974 448054 485231 481583 496757 458561 477557 486112 497678 463981 479911 467644 440048 485964 526658 499751 448782 500470 471934 468412 507195 472199 446251 481757 466636 499566 478329 517012 496380 509793 504466 445214 480146 452619 467736 485101 523209 475724 495400 484371 462017 482136 458911 470690 489263 529956 451612 504024 528299 497670 490750 476706 425294 480079 500365 509834 477765 486741 475362 457421 471567 459986 477764 485481 402653 473874 486447 463118 450439 517247 477601 480046 486838 505349 502985 485464 449283 495745 448961 487734 478635 506193 481469 475827 481742 442430 482718 485992 473985 474800 452666 522666 454229 490723 490430 466972 494658 493243 509945 494560 493168 541684 474950 478476 446865 441991 493687 499764 477612 496398 511480 472879 485478 451556 469341 478944 439187 483110 471621 484832 486522 469475 529750 460886 429680 485660 450268 487180 506624 459017 461419 468273 450265 486145 471166 510115 462751 524816 443093 459170 504773 503454 490397 465250 474142 493579 476543 479656 507633 422863 465634 479428 483160 481020 494549 464688 499882 483650 464774 480986 459657 497062 508324 535034 
488935 531526 469846 488319 502431 511810 478949 529149 530075 553444 481347 503918 449704 489894 499911 521685 496542 515407 483484 513199 492715 502569 541351 538633 463548 485623 506878 491085 481916 500059 491182 494309 466882 508445 517573 522778 485429 502863 506601 504627 472932 483086 486505 508549 517565 476954 495875 480904 477172 523405 538608 500232 482739 531251 469011 504406 510589 472414 450035 513110 505350 524402 513045 520289 510610 531831 548673 475129 490882 495959 492031 496999 518750 499104 523090 486657 459415 495576 477788 507303 510081 533477 501417 532379 530789 522067 508285 495303 438083 494273 518574 529538 519120 505340 495698 462897 519005 476651 526363 534724 433847 483839 535766 481279 479807 515814 516905 499290 477779 507521 531126 510137 491265 519225 478888 502556 486302 493600 508417 474153 525238 436436 510683 483311 496629 500906 478031 569033 504612 495758 530813 480806 501898 521153 516535 493934 500178 533957 496336 519070 485371 465804 510492 518018 503608 488727 531057 472961 477863 481280 489467 502896 476814 492086 472188 488178 487485 510024 537240 473763 472925 521055 486814 498180 561138 490340 494031 465298 455569 510251 503479 545479 487124 522792 479029 473166 516046 520430 512553 483231 506208 504890 504858 506769 510304 437890 499894 495350 485036 449748 512458 499040 496671 479405 480732 491308 473970 517715 542911 539033 
528203 549535 508637 499571 525240 524486 508633 551276 579755 552959 517722 521506 502734 503374 542808 537313 508100 543029 501375 542246 512038 524350 529650 570217 516552 507219 535107 533888 515020 523840 503679 534585 481819 545818 513987 551628 507939 492140 528380 543779 509399 501989 525152 508845 548417 509241 502562 465647 505048 521023 550350 532054 500148 561665 526337 549874 540041 516202 462232 528451 533607 546649 541793 525665 520485 558827 525684 502047 502329 517060 527405 519865 545666 522104 545310 508231 495691 513764 504282 501334 554418 579870 493873 562691 544989 515397 533290 512332 454589 511819 513668 545689 527894 526634 528300 487299 526139 497439 521754 544716 451892 492380 528056 502656 500299 525382 505806 524108 519446 538711 563745 526554 523495 533305 526015 545353 523090 537683 521197 502223 521997 472395 556659 532691 527073 532419 492288 578619 510552 521844 579258 510953 546791 535083 556351 513495 534072 568581 519988 535844 509707 486636 534260 537307 537722 533936 562980 506213 522776 486865 509750 519652 474678 504759 495730 542021 523280 532606 564118 498970 501069 539113 527300 516785 555728 500514 541869 513064 503654 537516 506675 564779 508460 560064 504493 504670 538955 552777 534710 498031 519040 541228 528526 516527 563179 470527 515743 521591 518815 514631 538931 508848 515718 534063 507087 502844 501871 554791 541740 567110 
463002 496762 454315 462459 465485 477979 464706 493273 501695 497243 461332 452595 439021 460804 469367 509136 470158 510371 448165 470642 450627 466155 509068 497689 462004 472482 489954 477994 463202 475051 466637 458263 437562 455190 462200 487366 456920 464298 457455 479917 464432 455101 461300 469527 474738 442907 476970 448258 459212 484515 481475 469227 461133 483241 442662 473212 506634 451132 419226 499065 477807 509344 470856 460575 472681 509182 470987 460021 454606 450034 478658 455662 492713 441994 508541 476937 436259 476476 441331 480939 471916 509293 436975 512597 481844 472248 475617 470413 441790 482851 464234 511815 485530 462719 468273 446861 478802 466500 471098 492829 400835 446054 471895 447751 464606 487657 489609 476341 472128 495293 492287 473075 446643 501888 446283 485701 469366 482166 479448 457260 474882 426536 451794 459582 448167 484685 466390 525407 434338 480564 500082 434380 491511 470898 495940 480787 481110 519866 452021 457206 463602 435706 477600 473124 503273 479621 497860 468960 462518 454013 467809 462444 431041 468077 449347 505415 463101 477355 518546 454293 438890 466188 455975 484768 522308 459222 464788 446305 452686 463302 465542 497366 440057 504194 468434 449298 504089 482267 479761 474429 486589 492147 478404 477847 491720 408822 451089 455642 465695 443396 481669 442694 473969 460951 457835 451131 434011 497030 515299 518222 
502905 548906 503128 491431 511888 490202 485878 545089 543228 527060 486612 511977 462728 507445 512614 533906 500339 524397 486407 542003 496083 502024 516353 545582 484505 491138 529995 479590 499607 506297 476162 493334 460656 511175 521397 563898 496472 489394 510832 525431 503811 480998 524556 526723 532645 492976 494665 472143 492658 520049 523106 513065 499130 509696 511184 507503 519731 484986 460296 498822 515735 561241 532129 506342 511770 541332 523299 481060 484371 473355 501203 491592 500463 508330 544467 496762 464344 485634 474431 491926 506584 547810 491816 535379 549816 501722 510425 466647 480595 494191 528423 549591 501238 488320 529620 470779 523975 500343 505744 522118 435738 500098 520670 490550 507170 512435 516701 488229 527837 517928 530290 524058 479532 537581 490370 519655 474358 528782 510488 488395 513834 450995 515917 506576 478961 508014 478084 541799 474688 512133 546529 475803 543629 500351 578322 521042 513918 533883 475705 516367 479021 484081 539812 508786 521720 514730 526534 492526 502517 498649 502502 508035 473968 497443 474999 514336 509107 506864 559519 489822 472510 500170 500527 525927 558045 492061 493503 503809 513498 493158 504380 575717 477025 534829 478049 479158 536301 516217 504668 497159 515090 525274 522591 509377 536435 433472 519394 517179 505312 471994 507326 497578 537952 500451 489898 506284 495241 511733 532659 529923 
512097 528570 479955 496002 509915 522724 472020 537298 543415 550362 468118 494443 445128 509156 510140 547400 495679 524352 509006 515207 518762 508650 527926 521601 484454 519064 521395 504801 491881 496771 481659 513664 470071 496077 491125 551253 487023 496684 515197 525261 507136 492214 487725 507423 539551 482533 512023 486635 483976 496409 528630 509800 488412 521453 473306 526941 527240 483715 449386 520706 499700 553823 528396 514121 527718 544668 506992 494192 496236 493900 487896 514727 552763 484240 517827 490550 469205 492151 478834 512472 514636 546965 478713 527418 517938 521596 503229 513498 478267 488284 494213 525355 491723 503648 499431 457877 520016 517025 497542 536949 446040 486040 527916 509504 494126 543805 518750 515275 505805 530404 533372 525001 488986 528106 500095 519266 505432 549524 498390 476962 517485 470227 516224 494340 481466 502603 502993 550506 470818 497959 547192 487358 511767 503867 545259 534559 527227 552838 479982 508705 493534 446689 498975 512816 516816 487096 541226 482345 479714 485043 510589 507211 453821 520578 499533 518491 492464 494721 554915 475023 467533 520391 480477 520540 563687 484188 525646 478928 480536 508178 497208 520339 485962 515957 483477 469126 512995 501405 539845 496547 500441 495651 511543 505936 539172 466066 472872 518657 489796 465373 529881 478467 495005 496987 490812 474174 464991 510944 534572 532724 
485652 523060 498873 498529 543412 528513 513863 540010 556251 557814 503221 523271 495247 530497 530493 534361 506975 519904 497818 546635 511389 510152 533578 558057 508181 522974 540492 508380 522114 530601 519159 539878 475169 524062 542219 540934 492614 481849 527890 522842 493088 495728 533430 522287 544828 510909 514682 478035 532077 521717 548326 522744 503000 532779 505953 539994 567636 505509 481094 523035 535749 552095 523686 532216 522030 546641 534388 504595 495437 506904 514638 496654 555900 517908 564626 514902 505936 527187 487677 529022 531692 568036 532762 555353 541752 533166 514089 513600 471850 517705 516852 550966 530090 529008 523190 507927 534074 524098 511551 536529 406583 518701 540299 495135 514504 551692 531262 511565 541359 526858 525955 522932 466219 527716 514124 543856 508673 532132 534336 514260 541027 467332 522546 523361 502709 539541 467609 555554 494614 538861 555943 503758 554557 516259 563589 521638 533121 563004 511737 532811 488786 509771 529354 545677 538827 512017 553904 527566 515913 539282 522517 533664 488356 508182 512829 523032 540022 521686 580327 495614 471465 507703 498773 548892 573640 520848 514658 511582 506997 535314 509076 537817 498875 558093 496252 470339 513485 525545 509616 514893 511173 542400 512715 509380 576131 480775 511231 515170 531736 485238 534871 508578 539544 496880 498791 519540 491767 544346 532656 552803 
486387 504890 431252 463027 464281 482330 474120 504294 507905 521838 451446 487950 437368 456115 474769 489269 496909 514770 468397 479049 452362 452082 506480 496138 447192 461773 484422 453216 471488 476055 473140 460645 425985 481092 471069 493782 457021 464557 476067 482936 457447 464414 471965 478552 490757 450851 480178 464275 451974 489457 494125 486499 460303 492956 467560 507935 496606 477494 431470 491567 489615 504036 488902 500452 502373 515176 500051 442046 463382 479812 481206 462117 506135 472603 501386 460490 457314 469504 458054 490847 494305 515900 456744 496710 492208 490333 475221 485035 437624 459049 473946 510031 483359 492110 466966 451220 491955 452749 488028 496259 423255 446232 500234 456804 462520 493804 467573 487647 478167 505141 478066 517651 449936 478716 454322 478453 462572 480503 464531 449723 485688 413148 484207 478428 449658 505463 436248 520844 469933 494629 503162 450873 497211 501326 502460 489514 485652 507513 475873 488731 461803 443905 473912 484849 484863 473710 504241 472137 450110 463520 484507 483556 454257 462969 455157 488264 476493 485425 514466 443684 454936 479116 458385 486232 535652 460669 487951 453871 468888 489068 465056 521867 466200 507651 458303 454814 496264 495432 464216 460505 496840 488037 462299 486906 526494 410021 469141 473828 483944 453166 480466 452574 481248 446451 467433 477605 452481 480105 493572 515184 
510917 561641 481952 505881 512897 516994 495308 549834 582134 562170 507994 508400 464921 524647 538117 535239 510841 528598 494420 530247 522222 514097 537179 534207 513157 521754 522407 516677 507565 534797 483424 522715 494931 518372 536948 531548 502154 520538 512454 532476 515571 511699 502073 525183 533715 507523 505557 490496 514248 508774 527886 538562 509358 521996 524450 537134 551439 513588 459109 536080 525735 547446 532242 523925 535860 555531 541572 489502 528794 506148 514489 523450 560377 519190 549723 504165 494956 528646 513197 506069 522904 563386 510732 566259 528365 544062 505842 530023 471955 513800 519946 539319 510810 527773 520254 506759 545770 534927 515473 546707 463367 501019 524906 519382 518393 534806 539052 506713 510561 519131 535821 514472 492474 548100 492930 530096 518349 517273 536842 495706 531672 467907 544929 526093 519923 544009 519604 575795 519226 514252 553448 500086 526063 523438 552298 534987 539066 562748 501868 545693 508261 503044 527261 513198 544897 526254 559896 520395 506835 511045 505055 525773 475335 524218 501932 525876 534323 522044 563688 505334 478444 506459 494970 521076 576330 501642 527970 506258 505292 510191 499112 551689 515777 522568 503556 478045 543223 533496 528574 484957 535505 544684 495217 524687 565206 473231 532276 545897 509476 485837 530231 509833 542787 496420 510532 520265 494374 560113 536932 565448 
468479 525360 472251 461290 477324 472846 458100 506034 528795 511376 451744 459656 446740 478226 465982 495960 478815 487163 478537 478002 465642 475576 502296 505134 461075 469686 507649 486637 482375 500302 463083 486334 448771 484183 464865 487727 450675 478087 476848 506355 473086 469755 470273 460179 496726 452367 480488 451741 469039 473888 498960 490799 446553 485171 458147 509049 496629 461734 430489 509459 474707 507119 480227 507824 507209 509609 497111 473858 472241 478944 489453 464635 495385 471158 505655 466832 462431 504135 459542 474255 461696 540212 454716 501319 483716 498034 480091 467404 447785 478434 481508 508408 479323 487570 474609 464859 501573 460982 495212 505260 419909 458634 488095 478191 452874 499084 486633 451391 467954 477162 499996 486691 458309 486934 460356 493787 459344 485136 507711 463537 489133 436769 484842 466949 464602 495224 462501 511579 460411 478260 500736 457588 505941 469277 501225 489480 486332 502079 461871 472343 438839 437275 500651 485357 477936 487201 515430 458167 454254 469035 480803 480453 418476 452295 460083 500513 497267 495098 523799 461663 430424 485076 464382 491849 541778 473557 485323 462824 446986 461212 469436 486687 441848 508199 455477 426194 477391 482979 498448 462484 471350 497042 499680 463488 503186 429175 480753 479392 447011 448930 479606 446119 492335 454317 444775 460328 462539 503269 515233 483089 

