55 62 1 31 83 51 26 79 38 49 18 14 13 98 80 3 6 84 29 70 13 29 13 55 33 39 3 85 57 58 57 66 92 63 18 80 18 34 60 90 84 42 57 19 91 7 68 70 67 96 72 67 37 50 49 68 39 5 61 24 36 22 57 24 36 88 68 7 88 39 20 72 29 94 16 77 21 27 0 57 87 33 91 69 92 69 66 52 98 65 78 94 12 33 80 59 54 23 58 83 74 78 29 48 99 85 81 49 73 16 73 94 41 63 47 61 23 38 98 31 25 33 74 20 65 1 51 82 94 82 98 69 19 11 64 47 33 59 41 26 42 73 41 46 18 82 36 79 37 25 63 36 12 52 8 17 8 53 18 18 49 47 2 80 64 50 89 72 11 60 92 82 21 50 40 23 12 90 54 22 70 82 2 76 0 33 41 94 13 65 77 95 22 33 88 93 71 51 52 32 30 32 62 21 61 79 32 77 69 84 4 75 54 74 74 30 4 18 41 46 78 61 79 48 29 52 74 8 7 91 21 46 61 84 18 69 10 44 59 96 77 58 92 49 14 51 25 54 52 14 40 94 33 13 65 58 62 16 48 12 57 24 87 39 89 54 29 7 12 9 86 11 98 74 56 13 37 10 85 42 16 29 10 85 1 13 91 40 94 1 40 53 7 55 60 75 72 52 35 77 36 54 33 26 46 58 41 26 3 64 44 64 81 35 91 20 66 29 37 87 40 19 77 69 4 41 30 29 20 12 12 11 81 76 36 22 9 72 31 37 57 75 68 96 10 4 94 59 41 18 31 30 29 10 90 21 52 16 50 46 16 8 72 29 39 17 19 51 17 70 6 54 38 89 85 55 76 72 0 85 33 14 25 10 32 50 84 28 56 2 87 81 25 11 31 10 35 6 93 72 20 14 21 40 42 64 73 1 98 43 25 7 79 34 22 74 33 11 95 99 79 98 95 95 86 52 72 90 16 20 88 86 38 23 65 15 66 78 62 61 4 18 57 88 41 15 79 43 60 33 66 69 45 87 80 23 51 37 52 30 27 81 22 36 5 52 35 61 65 54 38 44 38 31 51 85 45 3 40 13 90 53 75 92 6 3 40 74 85 29 95 14 6 99 95 35 3 23 56 43 
55 32 71 29 85 47 1 77 79 32 69 83 38 9 36 52 47 93 53 0 31 64 29 17 23 28 1 6 19 23 31 60 48 4 50 37 44 67 37 1 89 49 13 66 0 35 34 54 7 89 19 56 73 70 17 4 5 74 47 14 58 4 27 90 53 38 86 59 55 53 56 17 85 49 78 77 21 33 57 94 91 3 60 7 11 79 29 98 77 60 28 95 99 14 83 45 69 90 77 0 7 35 29 44 38 46 18 73 16 5 61 23 66 63 82 92 54 19 67 12 90 85 29 92 34 73 76 54 61 96 37 68 99 44 94 23 81 99 74 53 85 81 74 54 24 13 11 56 57 54 72 49 56 3 18 26 99 93 18 9 84 40 39 10 75 71 94 53 9 20 10 90 37 27 91 86 53 45 93 18 21 8 20 38 84 17 83 20 43 59 89 53 26 90 3 18 87 46 72 59 74 65 42 28 23 42 81 12 6 3 61 75 52 78 26 99 45 7 99 43 25 81 77 58 35 30 73 57 4 92 45 52 96 78 69 22 11 86 80 48 58 44 34 91 76 18 72 71 67 41 28 66 49 40 65 86 84 24 45 63 6 1 29 73 52 47 80 64 77 22 60 33 50 6 18 9 61 53 44 23 10 99 52 38 64 13 82 86 12 21 66 16 11 97 79 81 49 44 51 24 42 44 65 63 48 46 71 77 81 76 31 78 63 77 4 15 65 10 88 37 15 83 73 66 89 36 21 29 56 93 10 75 5 79 6 60 82 69 6 52 30 5 93 17 73 24 40 56 88 9 79 69 22 24 54 76 51 38 13 29 0 94 69 68 79 20 32 69 44 93 87 30 8 30 26 11 84 98 99 33 86 48 23 74 20 2 17 44 90 91 88 12 5 4 64 25 51 89 63 25 84 56 66 50 25 2 61 57 33 76 11 87 18 37 23 97 25 63 90 78 72 15 10 3 59 21 46 10 89 43 87 53 84 40 46 89 11 8 0 74 55 55 86 6 92 15 21 46 82 98 20 28 11 94 19 49 7 63 92 60 5 38 96 72 83 47 21 99 98 34 81 71 43 5 93 77 25 86 91 80 62 82 77 15 67 81 19 59 92 96 26 55 56 62 18 20 54 60 65 39 
32 27 13 84 19 52 52 1 80 54 82 20 65 73 11 2 7 54 53 92 50 2 96 46 77 36 16 97 60 75 11 9 75 39 72 36 69 2 3 18 97 54 73 41 56 10 66 58 47 66 2 69 14 79 1 26 80 10 59 25 25 8 43 50 94 82 41 12 4 77 69 39 28 92 22 80 21 81 68 98 11 30 14 70 75 73 95 94 58 38 19 81 6 19 28 10 74 4 70 47 65 48 67 84 38 99 79 25 47 90 64 36 72 24 9 26 53 11 48 27 46 34 68 3 49 56 60 76 5 17 13 74 19 35 94 50 34 44 73 59 47 21 85 64 76 62 74 97 0 73 21 36 24 52 49 19 69 11 13 45 26 1 27 81 30 5 68 37 37 89 0 54 95 46 20 83 54 55 71 1 25 50 58 14 53 3 80 13 99 28 84 52 54 32 72 43 23 44 29 88 77 67 56 7 94 13 41 1 7 79 58 7 35 52 27 53 36 35 39 91 9 31 89 42 47 87 11 96 84 51 35 52 33 42 77 38 8 91 8 29 53 9 68 50 95 38 75 92 53 27 15 88 26 96 63 67 80 72 78 33 60 10 64 21 22 75 66 58 94 26 64 24 87 87 69 48 68 12 11 7 32 93 32 26 6 12 96 50 1 96 75 38 28 49 81 90 78 28 0 36 75 83 11 13 14 20 33 13 42 99 91 84 78 76 13 86 34 17 62 55 7 0 75 50 90 53 38 99 12 95 23 63 32 43 99 65 53 80 99 82 69 1 27 80 6 84 24 3 89 33 58 60 5 54 54 2 13 12 71 93 44 34 47 56 39 0 33 92 64 39 45 47 62 7 83 62 13 29 95 41 11 62 32 6 43 96 24 45 89 75 40 24 11 71 92 55 70 68 73 9 23 1 53 59 96 85 43 68 70 15 27 86 69 58 84 84 54 97 32 96 75 35 84 19 87 28 9 23 57 69 95 40 15 35 4 59 39 88 10 14 25 19 28 44 94 87 70 87 77 24 68 55 18 66 73 47 99 63 24 17 26 17 98 50 35 75 53 78 88 82 73 85 10 11 6 51 42 35 29 18 32 47 14 17 30 61 85 47 44 31 27 80 35 67 31 47 60 90 90 5 
34 17 12 45 98 28 4 32 2 33 90 19 15 97 99 30 52 61 92 36 72 52 83 49 67 27 34 42 40 45 73 19 65 23 55 29 72 43 4 99 53 29 1 6 3 74 83 40 83 89 52 1 70 78 91 51 35 52 63 56 9 38 67 57 30 50 85 46 64 22 24 91 39 55 62 73 15 78 97 8 51 48 40 75 43 97 89 35 42 48 62 17 75 34 36 47 36 25 72 79 15 35 85 4 96 55 24 13 84 69 75 93 49 28 83 26 70 57 79 44 60 2 26 91 24 98 84 40 23 95 38 53 76 48 42 60 25 57 97 0 85 79 87 72 60 32 66 33 43 42 7 75 17 18 41 21 58 89 15 76 56 22 24 31 79 95 93 0 85 41 39 46 38 68 74 52 64 44 57 81 30 68 15 52 70 13 41 57 85 2 72 24 94 13 62 22 33 39 32 27 65 31 63 39 11 64 80 27 70 32 80 61 16 15 19 86 74 53 83 56 59 31 33 40 61 96 64 70 25 11 92 31 48 3 69 37 81 28 84 13 12 12 6 74 24 32 5 50 74 23 11 81 14 3 12 4 73 43 33 94 19 77 77 28 78 81 77 75 3 14 4 56 25 52 1 59 26 29 27 35 12 55 84 37 29 6 61 18 43 46 90 54 28 28 95 59 95 6 22 95 77 51 90 53 30 64 43 65 71 51 11 62 94 30 20 35 61 0 34 81 42 77 11 88 2 60 86 20 68 32 33 46 16 92 67 62 17 12 1 79 86 43 15 6 84 10 53 96 41 5 90 43 39 56 56 1 12 65 29 98 24 97 23 83 43 27 27 31 1 76 63 99 43 79 3 32 72 9 40 11 49 77 88 81 64 56 73 44 31 71 42 6 87 55 86 71 58 10 66 32 58 16 36 90 59 69 13 32 84 53 53 49 9 36 93 62 40 27 30 7 85 98 43 11 78 40 42 13 42 28 47 60 93 45 82 98 29 20 12 17 68 20 55 50 58 2 37 10 20 70 78 18 41 74 85 6 8 38 97 54 18 32 8 67 73 53 79 75 25 35 7 95 66 68 96 29 7 59 92 7 18 6 26 18 43 52 95 42 53 83 73 45 90 8 19 98 58 50 28 44 
0 56 75 59 52 39 6 43 48 60 97 91 41 97 66 83 48 18 35 92 49 90 83 47 71 71 21 21 5 26 17 70 81 86 28 97 93 24 74 19 18 51 62 26 93 61 14 64 91 29 67 56 61 23 23 60 52 5 93 91 65 87 50 93 76 93 18 84 18 95 8 62 64 49 65 97 7 93 33 58 20 70 28 53 49 30 77 23 5 90 17 93 82 87 54 92 37 81 28 89 50 40 68 83 79 3 55 83 5 8 45 28 24 91 22 63 31 75 81 16 42 74 7 66 65 0 42 87 61 50 83 68 73 63 33 67 65 24 88 17 14 0 20 83 74 10 21 92 93 34 26 65 60 37 21 39 13 9 47 7 91 0 8 36 36 84 5 6 8 23 15 27 79 80 19 38 82 42 5 29 42 35 21 95 94 55 81 99 58 86 87 88 80 95 29 33 9 71 2 31 31 14 98 60 46 8 86 82 77 70 17 29 18 22 30 45 61 72 11 91 25 79 34 37 91 36 14 89 98 8 29 50 75 72 95 57 18 60 89 43 26 40 42 98 54 19 69 57 87 1 45 51 64 88 14 71 0 17 97 57 99 27 13 45 23 72 75 13 32 92 75 92 45 67 68 36 45 34 6 15 46 12 82 38 26 65 69 14 63 67 48 47 39 13 36 1 67 24 70 85 79 80 53 37 95 59 51 32 48 24 64 12 22 82 89 1 84 38 68 96 13 83 45 63 2 60 92 17 16 67 52 85 51 12 11 68 46 64 15 34 45 27 85 48 41 52 7 47 44 23 59 56 57 23 62 97 72 17 3 91 84 41 28 80 0 24 97 38 17 90 91 13 50 64 63 58 45 56 80 41 69 80 82 72 19 13 48 96 58 13 39 3 6 82 43 62 3 72 39 82 33 45 76 62 71 72 15 27 86 4 84 70 87 21 93 65 0 79 18 68 99 91 24 34 15 62 9 53 3 93 57 74 0 37 74 68 74 38 41 6 90 95 2 15 55 43 35 94 11 43 30 78 59 78 72 12 69 50 46 54 68 69 18 58 69 6 89 72 25 93 96 24 67 32 87 43 52 84 74 92 40 64 70 14 67 84 14 32 27 48 70 36 95 2 47 91 36 92 65 9 
16 91 53 16 37 17 28 83 58 6 24 34 55 94 67 87 45 68 65 66 33 89 41 84 75 6 88 33 74 0 9 4 97 63 9 91 62 17 79 87 46 79 89 37 5 88 17 66 44 33 30 64 40 74 50 45 64 83 37 87 34 64 7 69 18 89 10 1 52 96 4 26 15 97 95 56 78 0 52 78 41 5 1 76 11 33 94 57 7 43 77 30 12 22 41 11 54 68 88 33 58 54 69 1 29 95 81 20 76 81 7 8 78 55 85 98 22 32 5 44 83 20 78 77 85 40 64 90 10 46 65 88 49 87 4 67 77 28 46 1 13 15 24 63 22 3 16 31 62 33 19 95 60 89 62 53 4 88 36 64 85 50 47 37 31 91 82 73 78 34 3 74 48 18 77 8 70 53 76 82 94 66 8 82 7 46 70 57 33 28 48 38 39 61 28 57 27 94 12 87 12 64 56 28 17 75 43 99 45 21 66 5 30 89 79 40 15 66 66 26 49 30 34 51 92 33 86 3 2 56 99 4 19 18 93 18 1 64 6 15 67 12 78 17 91 32 13 90 8 11 66 40 3 21 56 25 97 11 22 36 34 38 94 76 4 48 21 13 95 98 17 61 84 4 52 20 44 54 58 47 2 52 1 54 63 97 87 76 97 19 87 87 78 98 11 80 30 50 6 52 0 26 30 64 5 98 20 18 33 43 30 16 10 13 96 24 70 22 99 45 32 98 55 1 2 25 4 48 22 8 58 84 66 90 3 9 65 42 29 54 46 59 53 25 3 3 59 24 47 88 67 28 3 34 48 26 51 12 63 3 3 18 14 28 55 67 65 3 64 65 80 17 20 22 14 25 50 72 82 23 26 23 73 12 5 32 15 85 80 77 45 94 85 92 62 50 39 34 44 15 95 81 97 31 66 56 43 60 81 93 49 76 51 51 63 10 30 49 20 39 25 10 13 92 80 59 73 15 64 66 43 1 45 16 20 63 41 13 70 63 18 50 24 69 79 64 90 89 95 15 79 95 99 98 1 94 93 61 45 69 96 34 32 8 30 81 45 21 80 45 28 94 17 48 30 98 77 18 10 42 15 52 99 30 25 24 7 84 23 91 88 96 6 48 49 40 63 99 51 23 
63 72 21 32 20 1 72 4 89 69 47 88 30 59 70 96 7 42 40 73 30 26 71 19 47 11 39 27 47 16 8 86 82 79 56 50 73 43 10 31 8 38 96 64 45 52 70 84 57 67 72 29 7 88 46 39 78 27 82 54 18 87 2 76 74 12 74 12 12 20 60 30 33 11 22 6 55 94 28 30 36 83 83 10 1 51 21 60 43 32 94 32 36 84 74 97 18 57 24 69 67 34 85 62 77 9 26 97 56 35 96 39 79 2 85 97 92 70 87 29 59 62 26 27 58 95 15 93 74 24 52 65 32 28 7 58 66 49 45 54 32 70 77 27 35 40 29 65 21 48 25 66 24 85 36 31 71 24 43 15 47 95 78 37 95 97 96 95 2 14 86 12 68 43 61 49 31 41 4 76 55 39 0 32 13 65 14 25 52 59 88 87 84 16 60 9 2 87 13 20 32 87 28 64 7 82 58 66 3 85 66 82 26 46 98 31 11 70 57 17 44 32 71 10 13 97 20 64 35 57 2 22 17 18 82 61 54 32 97 81 67 16 43 64 22 17 55 70 84 64 29 66 15 63 64 24 39 81 88 75 29 83 63 29 92 18 65 12 76 47 94 7 52 75 63 22 0 56 33 66 7 43 65 96 61 84 27 76 44 44 62 5 53 89 79 12 5 35 33 16 33 4 84 60 97 72 93 15 71 75 74 74 36 36 71 17 11 11 3 87 59 61 43 43 1 15 23 15 85 80 6 30 81 27 93 63 50 12 3 27 80 6 79 95 36 5 53 62 16 41 62 84 53 38 2 0 64 17 19 56 67 31 44 66 41 53 59 84 76 72 99 32 94 65 64 65 50 44 56 26 92 20 54 40 12 82 13 46 91 99 79 92 3 31 10 63 88 4 11 28 78 54 90 27 81 45 1 95 66 43 28 23 48 46 16 63 99 97 54 38 96 82 67 58 53 56 70 82 30 50 33 43 76 96 19 67 33 92 46 74 53 96 52 61 23 93 8 68 19 88 6 30 54 68 99 92 90 79 90 74 72 41 25 49 67 37 40 98 7 31 10 93 22 26 82 37 81 91 74 15 58 89 17 94 65 42 46 74 65 74 79 84 41 15 7 72 58 76 67 88 
18 43 91 21 61 56 8 7 87 47 77 69 15 69 43 29 62 5 33 93 39 46 76 43 97 55 22 51 33 15 57 66 42 14 71 65 39 40 23 14 92 20 70 34 95 28 39 24 36 39 68 9 50 67 27 76 25 25 63 92 25 89 34 16 88 54 86 74 34 1 91 95 48 84 89 25 52 35 99 90 39 10 15 93 88 74 46 31 7 40 78 47 41 30 94 77 55 85 62 3 73 55 44 77 36 62 26 95 17 52 85 32 20 65 89 86 13 33 18 47 86 98 67 73 1 34 33 18 71 81 74 49 21 58 18 45 26 90 57 3 66 45 62 78 22 99 96 39 99 50 63 53 99 46 50 34 37 33 18 58 29 93 49 84 28 58 84 71 89 24 45 86 20 8 34 11 49 58 90 9 0 23 73 0 44 44 66 1 26 55 54 46 12 92 72 83 17 71 87 54 18 0 8 52 10 7 4 8 2 5 12 95 48 18 7 69 84 36 76 87 55 96 81 85 0 64 11 67 93 49 3 18 7 2 48 16 80 0 18 32 71 80 26 2 81 34 63 91 4 51 60 79 25 84 43 4 1 44 22 27 34 4 16 40 7 30 86 3 18 49 50 76 83 11 12 42 57 66 39 27 22 27 18 70 10 44 20 87 52 80 12 96 70 17 9 28 98 37 2 76 93 77 85 19 83 38 73 2 7 80 40 56 84 57 66 96 36 34 27 77 16 72 11 81 5 98 72 5 25 53 87 40 81 12 39 66 21 17 98 42 72 3 6 87 62 13 79 96 35 12 85 7 22 0 65 63 17 29 95 92 23 91 27 6 36 74 0 44 0 88 59 32 43 95 44 84 22 52 15 19 17 0 83 0 53 96 11 29 4 84 71 96 57 16 56 95 96 55 59 74 88 39 20 77 84 84 68 66 30 76 52 56 40 88 46 5 25 5 1 76 38 73 0 86 53 6 95 98 36 75 77 0 50 6 61 96 39 94 28 46 6 75 23 35 8 30 37 25 50 89 42 8 33 70 14 50 33 91 52 16 84 54 19 85 41 10 14 43 33 49 41 91 4 15 43 98 63 12 55 25 65 89 32 32 19 85 16 35 81 77 90 25 5 12 15 22 82 85 2 50 
65 42 63 62 38 82 54 51 31 52 67 56 37 2 13 1 68 21 15 14 71 94 55 72 14 2 5 94 19 80 30 22 80 91 18 75 16 43 10 14 15 4 46 96 26 66 54 70 66 49 19 82 13 13 49 46 4 38 27 70 26 64 26 35 68 53 69 36 72 13 24 16 28 83 32 78 89 75 43 8 7 43 76 24 70 94 93 42 41 5 91 49 43 16 2 76 99 49 46 80 8 58 92 53 29 37 5 60 9 31 84 87 66 38 2 83 75 8 27 33 7 20 78 16 64 67 25 70 53 29 51 25 79 57 66 68 54 50 45 26 66 92 4 50 96 34 81 28 47 77 11 94 98 93 68 83 19 99 81 52 84 79 21 20 42 74 50 73 20 66 35 79 1 61 17 21 92 35 36 82 6 4 24 78 80 74 49 17 59 39 76 63 66 81 96 64 12 53 63 94 17 65 64 52 13 26 53 25 30 5 28 94 32 77 36 77 71 73 9 43 69 30 35 82 43 21 87 22 65 22 86 56 51 27 88 97 66 86 33 34 30 45 17 4 66 97 97 22 31 36 39 12 92 34 38 66 9 77 75 9 41 57 79 30 6 29 67 25 20 63 92 87 57 17 35 39 43 14 80 21 98 38 68 60 0 26 49 79 34 99 9 34 5 83 94 94 9 77 65 72 60 20 60 69 86 86 50 56 96 29 44 56 54 55 29 57 94 62 19 88 33 66 75 97 20 42 99 64 96 84 81 31 65 73 79 3 5 80 33 30 47 22 3 44 62 62 19 85 0 18 21 5 67 22 97 53 6 55 81 33 19 55 84 18 48 22 82 86 47 28 61 98 18 26 55 20 95 65 81 92 45 83 47 16 39 79 1 82 52 63 18 65 75 28 82 40 44 80 85 90 55 56 42 83 25 19 86 14 36 39 86 47 10 59 73 10 33 45 82 89 33 84 4 67 35 13 15 94 17 73 60 94 85 90 24 38 42 99 66 38 13 52 13 42 9 67 31 22 9 64 7 2 58 92 20 20 51 76 31 3 95 50 31 51 70 88 27 67 43 40 87 9 34 45 7 60 49 11 37 90 40 76 9 72 61 37 2 43 52 23 78 44 67 36 9 20 89 76 66 1 
60 40 63 19 20 84 20 78 66 76 62 62 77 21 96 44 40 21 37 65 13 89 39 89 48 5 24 1 62 41 3 28 51 5 21 31 30 38 72 91 57 60 63 91 17 72 7 18 86 59 66 21 86 41 39 29 82 18 58 4 94 71 28 29 10 61 48 17 9 7 18 24 81 49 84 41 62 31 88 49 20 86 86 20 35 81 66 17 78 84 84 11 96 22 6 4 16 15 13 27 75 60 20 20 58 5 21 79 34 3 21 85 89 16 7 14 69 40 84 60 67 22 21 42 24 77 0 80 18 55 8 78 58 27 72 52 69 78 89 14 97 93 23 99 69 12 29 90 7 82 56 22 45 71 15 30 14 26 84 10 87 21 76 65 70 38 7 80 89 63 94 65 89 31 82 55 97 54 10 49 50 39 16 29 37 21 28 43 15 17 60 66 59 65 47 90 29 91 61 87 58 71 54 21 64 55 22 4 71 70 52 94 37 39 2 59 26 7 41 60 50 0 37 79 63 59 71 93 69 48 73 17 40 32 82 13 54 96 35 23 53 72 53 38 92 10 19 16 60 13 58 65 56 24 63 73 89 19 17 27 33 68 85 68 64 53 38 82 33 17 52 15 99 84 87 0 47 81 47 61 47 75 35 20 15 69 50 62 59 13 9 12 42 46 75 97 18 62 38 40 55 84 42 69 24 51 91 9 79 10 98 46 56 76 43 55 86 51 18 47 85 57 55 79 63 8 92 51 84 99 49 6 51 60 5 37 72 27 80 64 43 22 19 14 18 83 16 10 6 47 22 58 10 52 19 69 40 45 52 68 76 88 28 72 34 73 81 90 83 53 64 74 7 42 67 29 94 73 64 34 25 35 51 79 2 44 48 89 30 13 78 76 65 33 47 44 23 83 82 24 26 86 33 23 16 24 62 53 67 47 56 14 2 93 1 86 29 63 11 96 32 36 60 28 87 90 70 59 50 50 51 96 96 28 32 30 93 26 64 63 89 49 48 47 9 95 4 78 84 19 64 14 94 34 92 0 71 64 77 4 95 34 37 82 49 1 93 60 6 34 37 98 68 7 11 1 99 51 24 11 86 78 15 78 72 27 71 91 8 37 0 65 79 91 61 85 6 39 0 52 
68 70 76 88 77 34 43 87 30 67 0 34 19 78 24 60 35 35 65 94 51 14 94 74 37 45 76 98 46 96 92 83 70 17 19 85 83 52 54 90 77 17 6 51 28 49 6 45 62 11 10 24 10 12 0 36 46 52 9 37 77 3 27 36 80 94 36 66 78 71 13 65 57 72 16 57 83 98 31 53 77 37 46 18 31 61 10 27 64 33 87 9 68 75 47 8 47 51 36 99 87 81 72 13 32 68 11 5 87 80 17 47 53 30 48 39 50 79 72 2 93 6 73 46 86 46 85 63 62 3 63 75 25 24 39 6 77 77 74 38 33 69 37 32 69 7 97 8 97 29 17 18 13 61 4 69 87 95 57 40 29 66 64 43 72 86 37 23 45 67 59 57 47 88 54 52 49 78 41 68 66 22 67 10 46 12 16 26 27 86 98 24 60 52 93 74 37 5 16 84 31 70 20 53 12 73 46 90 34 93 68 57 44 56 92 51 30 45 17 84 55 63 2 34 20 9 0 1 50 68 6 86 11 22 82 75 9 76 47 6 71 62 98 28 80 42 53 24 13 42 50 40 82 86 75 99 76 13 10 75 14 43 92 29 5 19 41 95 77 65 78 65 52 31 22 35 53 4 94 50 85 17 29 41 45 99 82 90 45 77 83 9 82 14 13 56 10 29 97 8 52 61 43 43 18 43 37 50 99 54 47 25 52 53 4 32 10 26 39 84 21 7 50 39 76 49 63 16 37 13 82 3 66 26 2 83 84 6 75 69 86 80 31 20 29 94 96 77 39 44 14 97 10 48 77 88 75 96 84 32 38 33 3 23 12 77 67 78 78 96 68 46 11 58 83 43 41 20 25 67 24 7 30 56 96 73 66 41 24 19 9 37 14 50 33 37 41 47 5 19 73 16 24 28 61 8 95 48 95 7 86 14 80 20 28 57 73 20 58 5 57 66 22 67 8 61 85 4 37 46 65 43 19 44 14 17 89 2 79 92 71 31 41 24 87 40 4 9 15 31 93 77 9 33 95 69 76 20 36 73 9 71 55 61 46 16 84 5 6 28 99 42 66 36 88 22 17 1 74 92 74 40 19 12 37 96 84 28 51 57 41 84 60 67 99 90 62 34 12 10 
88 23 71 36 50 94 64 63 75 57 6 57 44 53 83 23 99 52 0 71 44 59 82 68 58 93 9 86 50 35 19 5 35 69 98 22 9 81 73 56 55 75 52 69 67 5 71 46 42 7 73 98 11 17 21 13 64 92 80 16 74 55 20 89 80 67 73 53 71 33 91 0 52 38 55 96 30 95 37 8 46 55 21 87 21 85 48 65 33 22 65 17 10 26 9 83 46 34 4 61 43 91 61 21 83 80 76 45 62 25 74 25 16 2 13 16 53 18 60 25 81 90 68 36 43 85 44 70 21 69 23 77 9 89 33 63 62 16 95 0 6 94 42 6 19 38 4 41 63 68 57 56 88 52 13 94 4 58 55 16 86 51 9 13 65 64 57 35 68 74 12 18 14 34 4 51 83 2 40 95 87 87 74 72 27 80 76 18 69 47 40 17 84 78 36 87 56 85 54 33 2 70 15 67 87 73 98 15 1 13 47 46 74 27 16 81 33 94 89 9 27 46 35 90 19 61 90 21 97 51 47 40 31 96 75 14 31 75 58 11 55 9 10 5 47 4 96 16 3 30 99 11 41 53 14 79 23 27 48 79 20 93 66 37 83 64 21 40 36 68 25 43 28 9 97 24 43 98 88 1 60 72 11 3 23 59 83 47 25 86 38 2 1 13 37 55 10 34 65 32 34 81 43 6 25 45 96 97 9 94 8 79 24 56 13 46 26 59 88 87 12 65 76 2 61 74 98 87 65 14 39 83 4 4 91 52 84 37 50 21 73 70 42 22 75 98 49 67 85 79 11 42 37 4 29 98 32 35 47 17 59 29 31 29 66 62 87 22 68 81 53 39 71 3 44 92 22 31 14 38 44 78 37 21 75 27 86 50 56 30 60 16 97 17 76 41 88 16 49 84 38 93 19 97 52 42 40 70 36 33 58 73 59 76 85 84 66 39 23 95 87 82 47 48 13 35 4 3 15 84 34 29 80 37 85 83 79 93 56 71 81 69 15 22 63 65 49 82 46 94 32 73 60 87 18 35 37 20 89 41 70 92 34 2 8 57 3 26 20 34 56 57 18 52 6 13 71 65 19 59 12 97 97 68 20 69 59 86 61 26 32 80 53 26 45 10 2 50 80 30 
28 7 42 84 34 8 75 79 72 32 96 16 19 0 82 35 85 53 84 72 99 55 84 27 81 72 98 82 97 58 46 2 30 18 49 69 77 83 81 96 33 82 12 9 19 4 74 70 93 61 18 51 37 58 83 59 41 17 63 70 93 6 79 63 66 6 52 16 28 0 6 43 70 36 3 21 29 27 82 46 56 50 52 7 46 34 87 63 37 44 10 85 86 39 80 68 20 11 60 20 58 34 84 77 39 44 76 57 56 3 66 75 29 40 48 81 31 69 5 29 49 71 48 60 65 11 69 18 21 36 53 66 99 11 36 61 77 87 9 81 68 10 38 40 80 20 36 4 55 58 69 25 2 13 20 54 13 64 18 17 45 83 47 97 48 2 70 32 99 50 12 44 66 82 65 69 57 72 17 98 78 49 31 25 67 18 76 15 10 85 54 80 42 23 61 50 27 95 78 33 97 11 2 90 41 30 33 64 17 18 63 8 21 6 91 10 93 34 66 85 28 45 23 91 10 88 85 13 23 94 39 17 8 52 99 56 81 17 80 95 63 4 82 4 98 5 8 34 71 5 44 90 4 98 91 15 56 46 77 69 13 19 91 76 15 83 90 34 35 21 67 46 75 84 82 82 24 74 23 29 73 43 32 86 34 11 43 84 68 62 66 90 7 38 16 41 10 50 1 3 82 1 70 38 13 37 78 90 64 57 36 95 15 61 59 50 76 4 50 9 11 66 83 73 40 35 87 20 34 64 94 40 58 65 25 34 14 10 19 70 24 78 59 43 58 65 20 86 48 41 6 39 60 23 30 38 8 11 31 94 33 97 34 40 99 73 79 72 94 85 93 25 27 14 64 25 41 32 17 17 33 6 21 29 36 94 14 28 40 12 62 83 38 93 89 60 98 97 73 93 43 37 88 73 33 51 39 98 80 35 16 27 72 63 28 80 37 41 38 48 19 71 42 51 54 92 63 8 46 93 32 51 35 46 32 63 59 62 91 62 4 48 26 26 35 92 43 96 9 57 51 53 62 1 93 64 99 98 63 23 28 65 97 70 53 20 52 66 48 36 17 88 20 77 55 39 56 90 70 20 40 35 97 28 11 64 85 1 0 51 34 29 22 34 3 82 90 3 81 42 
44 43 65 25 12 24 15 61 27 67 69 72 28 34 95 81 72 38 74 12 34 55 57 43 3 2 33 93 52 67 55 45 48 1 3 92 77 95 89 66 71 16 15 82 55 9 99 39 44 49 42 53 83 10 13 9 40 54 22 86 58 21 78 17 55 45 86 86 22 89 94 58 36 82 6 47 40 86 63 27 88 7 20 26 13 20 25 22 95 59 95 79 1 35 94 58 25 58 87 38 99 9 87 66 66 55 92 78 20 16 84 88 59 3 55 32 64 54 48 71 63 63 96 69 23 14 79 93 79 74 35 29 73 89 90 6 2 77 42 21 74 23 22 59 41 45 20 54 23 74 41 72 28 68 53 23 75 63 48 34 28 40 44 39 51 60 99 85 43 2 79 0 58 59 45 67 79 53 7 9 54 13 1 24 39 85 18 85 85 16 18 56 84 20 78 59 21 54 80 36 53 4 81 44 9 8 20 61 48 34 24 96 65 4 28 23 38 45 58 73 98 43 45 19 83 26 95 21 47 67 63 82 20 70 42 57 5 54 57 84 80 74 2 45 45 9 90 54 32 26 30 9 97 42 85 77 58 54 65 63 74 31 90 36 65 67 79 50 41 49 26 33 39 45 90 0 24 22 59 93 50 91 42 25 46 47 65 7 36 48 50 30 21 70 31 69 68 85 60 75 50 41 44 64 18 97 93 78 49 74 10 71 22 80 58 26 22 56 51 12 6 0 28 77 89 49 98 42 67 55 9 26 50 10 23 24 68 63 64 35 5 20 56 45 35 21 26 59 11 67 5 82 82 86 32 62 52 58 37 39 68 61 97 32 32 4 14 50 70 27 82 34 94 90 77 62 42 86 13 78 80 75 0 65 47 30 81 53 4 22 31 71 34 3 90 4 32 36 75 69 98 21 42 48 59 75 93 27 18 35 8 8 70 8 76 34 2 73 49 59 9 34 67 71 90 61 34 20 3 48 28 34 90 94 91 20 25 95 56 35 3 4 20 51 3 62 40 89 17 1 58 64 45 80 66 94 90 99 30 36 36 86 34 52 46 40 66 71 91 10 25 71 33 49 74 83 14 29 6 81 87 88 89 87 2 86 88 57 84 30 66 81 35 24 25 56 56 73 55 61 
69 4 94 47 37 6 53 20 44 1 24 23 4 84 6 61 84 2 96 95 16 80 49 59 21 72 0 38 10 19 66 89 15 1 93 26 6 64 92 16 52 70 43 50 85 95 29 21 33 86 88 41 88 62 41 77 85 69 97 77 92 92 27 95 2 85 55 69 92 21 42 70 2 24 55 87 45 35 25 48 11 53 98 79 35 1 20 20 35 54 22 77 76 47 85 96 73 9 52 55 76 94 44 20 74 20 16 53 24 42 24 57 17 23 67 52 18 71 55 47 56 1 52 3 36 59 10 16 53 23 55 25 65 20 26 11 93 12 21 53 26 63 32 77 0 11 67 60 59 98 30 91 74 45 67 39 39 22 88 14 12 8 41 74 63 10 0 26 26 53 35 87 16 62 82 8 51 67 78 64 40 52 89 55 68 58 51 28 82 71 92 63 32 17 23 23 3 95 34 61 85 64 27 42 86 19 90 21 6 6 48 12 12 91 19 20 19 72 19 71 20 30 49 39 73 92 51 48 76 89 11 14 31 27 99 98 90 66 27 33 49 76 24 75 44 50 38 74 61 91 65 60 37 3 73 60 69 51 9 84 70 55 72 95 63 28 91 25 10 79 83 31 5 53 63 18 6 85 76 44 65 47 11 42 81 74 98 53 70 37 87 24 34 68 9 48 97 82 17 48 89 54 0 12 45 18 21 61 61 27 18 31 88 4 54 89 93 47 41 16 72 93 44 15 47 90 34 66 26 36 87 22 67 31 75 11 86 81 26 47 34 66 3 46 92 62 26 67 40 38 78 90 77 65 7 34 45 96 47 8 53 40 54 85 45 38 24 73 87 83 74 80 44 97 25 70 87 50 94 93 23 48 1 54 3 28 41 40 96 10 31 80 58 5 2 5 82 15 83 13 88 68 64 85 71 72 58 94 29 30 64 13 97 59 54 97 77 90 82 58 97 4 91 91 37 43 55 3 35 51 7 61 5 9 34 46 59 87 71 83 48 32 42 95 18 32 4 82 72 23 65 31 35 71 88 27 27 66 5 95 54 52 5 10 35 12 54 2 45 91 12 41 90 46 73 99 66 52 68 10 7 67 68 96 95 13 95 12 43 82 15 16 53 8 5 70 17 51 1 18 
60 10 21 47 75 34 73 72 86 77 18 56 42 94 65 13 91 15 79 46 82 67 19 95 72 17 23 53 67 28 54 50 33 25 54 85 37 86 90 90 81 21 14 41 17 40 5 97 29 17 91 99 15 61 83 19 45 37 27 46 18 13 95 40 82 28 22 53 54 28 79 82 19 42 0 53 21 9 4 57 13 68 66 90 58 72 12 29 38 98 5 46 8 77 10 95 25 96 55 80 50 47 29 36 24 18 39 91 81 1 50 56 5 2 29 69 75 72 49 24 75 86 96 53 92 52 52 73 42 19 3 45 91 98 0 99 89 72 84 96 5 53 99 19 31 69 24 33 39 34 40 97 74 68 29 42 31 5 81 59 35 7 71 94 59 3 24 72 30 44 3 43 14 27 42 57 11 67 79 49 33 24 31 96 85 56 52 97 35 70 25 28 74 47 78 83 41 49 97 82 57 57 56 57 71 92 44 7 59 78 46 29 57 48 7 92 83 82 65 43 59 10 80 77 87 78 38 77 10 52 59 14 80 17 19 29 21 77 37 65 53 97 24 55 16 4 56 13 73 58 20 12 32 57 13 97 64 22 45 44 9 32 77 7 30 43 88 96 82 44 57 78 97 35 6 85 97 30 34 81 86 12 92 39 33 39 97 1 91 82 80 63 98 37 64 94 72 39 46 98 20 91 75 58 21 22 32 83 64 88 69 38 82 56 6 73 14 85 4 92 47 42 15 86 81 84 32 99 64 57 30 86 78 45 1 71 55 33 66 22 94 12 24 52 85 50 10 65 7 21 78 67 41 69 70 71 71 87 61 33 25 30 64 16 13 98 45 38 86 60 88 81 38 65 32 16 76 66 68 76 93 40 99 42 8 49 20 19 63 91 2 33 68 8 88 86 24 41 24 42 99 11 33 14 96 43 65 45 34 32 68 74 59 34 50 60 80 14 27 69 25 44 45 94 3 56 65 65 55 36 54 85 36 10 58 78 44 42 27 44 31 53 13 66 37 96 17 21 81 10 73 3 42 23 80 1 33 23 13 68 95 38 91 31 76 61 36 79 71 21 62 13 4 83 65 68 8 12 90 83 0 34 91 41 73 70 36 61 90 71 98 45 78 35 90 97 80 88 60 57 
76 42 13 35 12 96 66 38 27 40 26 92 84 66 37 80 90 31 41 43 99 46 9 24 19 83 49 27 82 60 81 60 4 97 33 59 47 42 17 69 62 98 56 20 78 66 50 88 78 44 99 3 51 42 54 70 39 2 94 88 5 95 98 78 10 8 38 52 62 59 65 36 62 44 78 64 20 15 60 44 96 19 77 88 26 37 28 95 8 13 62 5 33 30 62 10 94 0 52 7 36 97 20 80 14 25 94 75 8 67 77 29 52 95 16 34 69 21 13 42 37 98 88 25 83 14 18 58 36 61 31 39 77 58 4 56 22 29 9 98 6 68 70 70 63 8 61 75 87 4 75 3 54 42 46 53 94 13 22 35 93 80 38 25 22 89 94 54 67 3 31 1 32 72 59 64 92 98 89 24 44 77 3 8 60 30 78 20 70 77 58 60 64 75 71 61 70 22 54 42 39 33 72 39 76 21 84 18 79 64 19 96 4 44 69 27 70 40 97 79 76 69 22 57 65 67 96 70 77 73 68 61 45 98 44 65 46 1 68 45 44 80 2 89 92 61 1 68 76 89 87 74 39 0 33 96 21 41 18 97 99 33 40 91 30 78 66 14 16 86 29 33 16 78 61 27 23 32 78 52 83 90 0 72 11 68 0 14 31 47 13 45 53 52 25 55 88 21 59 19 56 27 61 41 38 56 53 27 46 41 2 70 38 54 56 65 77 84 47 30 79 67 88 75 14 90 68 14 58 4 79 99 61 92 85 38 63 47 42 93 0 60 91 56 69 92 82 71 79 40 86 98 90 16 93 70 55 21 66 72 88 69 54 67 24 1 40 67 53 83 92 56 21 37 18 15 49 82 40 27 92 12 49 78 67 74 42 7 43 38 32 71 39 29 12 23 96 18 84 45 55 28 7 36 73 40 42 29 25 99 60 0 13 56 87 43 58 88 56 85 70 49 37 98 50 56 88 94 25 95 95 27 54 43 54 11 17 50 77 18 93 51 78 76 72 48 73 69 23 4 91 25 60 11 36 75 38 27 51 29 87 60 39 78 16 22 10 14 4 65 53 77 93 10 64 99 24 76 64 7 3 97 74 43 66 26 4 71 97 12 74 35 87 61 66 38 52 27 87 40 
82 30 24 11 42 84 93 6 90 44 37 50 77 47 67 74 99 19 38 21 69 53 30 77 88 62 80 82 82 16 97 3 64 78 60 28 35 9 76 57 12 40 59 29 42 26 0 15 99 91 50 9 38 16 2 10 87 39 39 66 43 15 92 11 53 15 86 11 13 57 26 35 0 33 45 85 69 42 46 17 35 29 12 21 98 43 37 79 34 21 53 16 9 78 91 61 13 39 13 84 95 64 59 80 22 41 98 98 10 72 73 89 38 0 75 51 27 33 18 20 15 82 88 65 7 99 52 41 41 57 75 49 77 30 31 94 76 97 75 55 25 50 93 98 32 22 49 35 8 54 70 28 42 48 90 56 2 97 33 30 92 93 86 7 99 92 29 95 52 18 56 84 55 49 13 69 38 94 92 82 6 73 49 19 17 25 32 34 40 60 67 97 82 54 51 40 18 80 83 63 6 3 1 23 19 74 18 50 34 96 21 76 28 24 51 35 78 39 69 94 80 40 49 1 24 98 62 36 61 27 51 3 84 31 94 77 45 91 24 44 67 91 35 40 30 2 39 41 21 93 79 94 91 57 53 95 24 28 95 87 72 30 2 74 96 0 70 1 10 38 19 16 38 29 88 38 8 7 15 60 64 6 88 74 84 27 81 19 85 32 13 96 72 88 72 30 13 21 86 16 33 13 27 17 13 69 19 44 7 99 81 5 65 52 49 44 19 34 10 36 68 46 33 3 60 92 64 76 36 21 18 89 42 50 8 92 87 55 55 35 46 75 78 15 67 46 94 89 32 94 52 38 31 54 92 93 12 72 88 14 56 78 94 90 82 48 25 76 81 48 77 98 26 61 18 48 47 24 15 68 40 87 55 70 61 92 43 54 17 55 90 68 97 83 62 99 40 34 79 26 77 54 81 27 58 50 13 24 72 2 83 14 66 94 39 36 38 77 33 85 74 32 83 81 8 12 25 37 12 74 74 25 21 66 22 54 62 66 78 21 74 80 64 2 14 61 23 63 71 71 21 23 27 97 87 62 67 53 36 96 11 63 14 46 21 56 6 24 74 2 34 36 45 38 36 78 37 97 32 4 63 23 58 47 68 37 54 3 17 47 40 79 23 61 43 53 7 81 23 17 
71 80 5 27 74 40 36 30 58 15 94 66 47 98 77 42 62 76 43 91 55 80 26 27 15 60 40 65 45 11 86 56 76 22 47 74 40 66 16 87 17 21 73 18 13 6 2 36 56 2 15 2 47 89 45 55 64 88 87 63 59 32 27 6 25 15 92 85 56 9 51 53 31 61 37 48 87 77 41 28 7 3 66 70 48 62 32 20 28 33 70 46 31 14 30 2 63 78 36 19 24 47 3 3 95 38 21 3 48 86 54 58 49 96 64 84 78 0 38 54 38 87 77 43 11 75 66 25 48 33 82 96 46 5 18 22 81 27 35 88 9 24 88 11 65 35 13 63 50 17 4 92 74 7 66 2 39 14 61 90 51 95 35 61 50 28 61 1 42 98 85 66 41 69 81 7 8 1 17 8 75 51 90 14 93 43 0 98 85 15 57 26 81 16 3 14 22 2 88 73 73 58 52 90 44 44 83 9 20 15 87 18 53 12 44 6 30 52 42 27 47 41 19 65 36 75 98 46 16 69 3 41 46 39 87 67 15 21 3 22 44 87 36 79 85 34 30 25 97 19 93 14 52 74 31 14 15 58 99 6 44 52 33 22 49 81 8 2 77 20 0 21 8 35 80 67 62 96 35 74 87 94 25 3 53 9 96 54 35 8 92 1 44 18 60 68 11 80 37 82 14 81 24 59 17 69 71 19 72 25 32 90 67 95 78 97 65 26 4 40 55 42 63 60 54 57 78 38 7 40 36 24 38 88 5 96 18 71 97 59 63 67 13 60 53 73 95 25 32 85 65 37 79 66 37 70 1 36 44 37 26 57 94 68 26 9 96 95 71 15 85 70 16 49 90 2 38 7 58 2 26 95 8 44 23 61 6 76 78 7 25 40 63 64 82 41 13 64 5 33 48 15 28 25 67 11 63 12 57 79 81 5 48 14 17 74 16 35 1 14 4 2 19 28 94 23 67 0 96 85 24 53 34 10 26 87 82 45 47 95 26 68 53 66 57 83 60 42 61 65 88 75 27 5 32 60 75 63 84 20 65 20 65 80 89 44 79 77 91 59 83 27 38 86 30 40 45 26 24 77 10 89 69 76 55 12 66 33 71 81 11 70 10 34 59 73 51 21 27 43 
17 73 28 27 63 77 3 75 29 16 22 75 60 48 85 24 93 71 35 51 93 67 58 77 79 5 27 37 6 49 73 84 44 27 59 52 88 17 2 8 20 71 46 43 46 15 44 84 40 11 79 61 61 15 37 22 14 99 5 47 49 32 67 28 85 42 75 69 70 82 93 35 26 65 12 26 24 25 26 11 21 10 56 47 12 51 34 45 53 90 53 20 21 6 51 92 47 84 27 51 51 80 45 7 84 80 56 47 87 17 10 82 58 93 76 39 53 97 36 45 96 40 83 16 72 43 78 16 67 6 82 78 46 83 62 33 21 86 30 67 78 25 86 68 69 41 69 66 44 44 98 42 37 92 90 30 0 75 99 99 7 77 1 5 83 64 20 49 65 66 77 21 49 52 72 30 98 40 85 75 17 80 81 49 98 1 59 3 81 39 40 62 93 43 92 24 39 61 30 42 33 52 90 18 29 62 93 84 15 68 93 43 53 24 49 34 30 77 62 46 65 97 59 53 45 6 51 9 97 43 74 28 76 59 49 74 28 22 45 73 90 11 84 97 76 98 34 92 78 43 23 48 86 19 54 75 77 45 30 65 53 15 2 80 66 85 90 48 33 30 91 94 50 79 68 63 52 85 3 72 49 35 18 36 52 99 55 20 99 55 28 11 48 43 35 26 11 9 33 69 41 17 33 70 88 55 7 13 31 5 65 50 11 41 11 11 49 3 98 41 50 50 70 36 69 61 64 53 40 59 81 44 30 80 73 82 87 10 82 93 4 7 29 57 92 97 17 49 11 57 57 14 95 89 32 75 80 67 83 38 16 79 31 50 87 77 20 34 27 30 65 84 7 5 5 81 85 23 41 65 82 23 38 2 93 84 42 30 90 95 54 16 60 61 95 42 44 37 50 53 17 50 8 48 89 80 41 4 9 51 71 83 80 28 23 66 68 27 16 81 18 8 47 44 87 50 37 13 46 20 10 23 92 86 22 53 41 48 23 27 45 66 83 1 75 32 90 49 36 90 53 49 64 2 28 6 77 0 13 31 48 51 82 21 16 2 33 3 68 86 73 12 68 30 40 88 78 22 24 24 42 65 78 94 37 73 37 73 34 52 58 3 51 20 20 15 49 14 91 45 
20 72 49 79 14 60 92 59 78 60 48 19 93 24 64 51 60 13 20 9 95 63 34 77 65 84 13 28 12 86 97 3 23 83 77 36 15 21 5 64 74 33 52 21 90 55 4 61 97 50 20 3 55 67 51 46 48 64 53 73 20 63 3 70 49 96 54 14 32 87 68 63 14 61 62 70 96 62 81 39 60 76 52 99 2 22 74 70 36 83 36 21 81 7 52 18 48 86 15 37 52 56 25 25 86 1 11 35 67 98 62 10 38 15 37 32 25 94 54 56 39 24 61 37 36 27 38 22 50 56 66 54 91 70 67 22 95 3 31 8 23 61 66 70 66 23 63 95 3 1 65 13 83 77 30 73 16 84 7 99 58 84 9 37 93 23 44 37 52 20 26 36 45 72 34 90 88 56 21 72 76 78 61 61 3 89 45 4 50 52 60 8 61 73 57 45 99 22 90 26 50 68 67 24 8 64 94 82 61 3 73 2 49 72 55 59 80 80 19 66 60 89 49 82 50 27 22 67 41 23 26 51 23 64 68 68 80 16 58 32 88 50 49 85 84 17 11 39 73 30 92 17 64 65 14 24 1 82 20 10 13 33 92 49 21 90 71 22 62 27 26 97 14 15 18 74 44 92 13 10 18 54 47 70 73 74 82 83 35 6 38 43 41 74 48 99 36 28 93 97 45 43 49 48 29 84 84 85 46 93 29 52 63 67 70 36 96 15 99 11 78 35 98 57 8 49 41 83 70 88 54 27 17 59 68 22 71 75 87 17 8 32 18 20 69 14 11 40 32 44 63 71 9 33 58 33 95 78 5 61 41 52 9 5 94 86 75 2 87 34 39 67 73 37 22 11 39 40 63 5 13 28 27 96 45 68 47 79 8 30 58 66 9 94 84 46 21 18 50 78 70 79 51 50 14 16 3 60 90 89 18 9 64 53 94 97 52 36 97 22 86 87 73 6 44 28 5 23 1 62 89 42 23 89 40 43 61 30 77 12 48 37 7 52 36 18 94 55 5 2 43 51 22 50 78 92 64 61 5 67 3 78 11 35 94 44 62 46 12 17 50 83 56 25 96 96 77 71 1 61 60 60 23 41 78 35 16 81 96 1 20 99 22 38 21 65 44 55 5 78 
55 34 41 32 91 95 55 54 63 12 49 80 82 39 11 97 73 39 20 0 13 56 18 30 46 99 12 51 76 68 93 23 41 22 25 91 87 20 89 36 31 86 88 84 82 32 52 42 55 8 11 54 66 62 42 97 59 63 93 18 42 58 25 51 50 99 99 34 15 37 42 6 80 23 54 16 80 65 26 93 1 40 91 83 83 27 69 60 78 19 63 97 66 2 30 87 54 71 43 38 59 53 58 84 70 68 41 96 77 96 16 58 50 9 53 38 72 87 48 34 6 35 37 97 25 38 80 22 57 88 61 62 83 35 20 17 90 13 23 53 20 84 12 0 66 77 8 11 86 78 25 28 47 32 22 30 66 75 79 61 88 20 4 96 28 53 46 73 87 71 34 19 61 48 0 71 46 54 86 67 52 1 56 73 98 8 71 51 54 17 35 39 39 50 50 44 14 42 90 81 9 96 20 70 5 46 77 89 9 30 73 46 14 58 31 58 18 45 64 20 59 36 60 14 96 9 89 15 35 2 13 57 93 98 54 20 62 65 71 51 75 80 6 91 25 14 76 62 27 77 97 75 35 69 33 98 41 15 6 92 69 65 6 76 74 32 91 92 59 57 82 20 20 24 41 59 48 2 20 90 6 50 86 57 78 18 75 32 17 95 64 1 35 95 35 71 12 37 41 16 61 74 45 46 53 70 90 42 59 84 95 34 30 95 98 17 62 85 38 12 93 97 53 35 66 56 34 29 68 67 34 28 18 68 66 69 73 70 48 75 47 26 5 13 39 87 26 12 41 36 46 89 36 81 80 4 37 12 9 99 57 25 83 42 53 87 55 22 13 28 32 34 75 54 22 36 98 92 42 41 11 5 94 76 38 27 68 52 68 23 30 84 27 63 60 39 71 15 89 29 28 28 47 68 87 98 85 34 66 17 78 42 14 23 12 72 55 59 98 99 27 49 41 45 19 48 85 81 18 32 84 65 38 38 47 69 40 17 43 32 67 54 14 27 72 54 66 70 72 86 38 4 59 18 92 2 67 66 1 0 88 19 23 38 91 74 40 64 65 3 8 9 49 11 85 17 16 93 25 86 64 66 3 67 83 55 62 62 74 12 70 4 85 86 32 74 28 69 24 94 
74 79 32 38 61 12 80 40 23 2 97 91 8 72 71 33 35 82 74 26 93 39 38 72 91 15 97 58 52 1 81 2 24 39 71 78 6 29 8 27 48 44 57 49 66 93 96 50 92 57 81 85 82 5 74 60 68 12 15 65 63 72 12 41 13 70 81 18 53 82 94 91 55 43 19 50 72 99 91 5 45 34 43 52 88 91 66 29 20 55 50 97 22 88 73 6 24 60 89 66 64 12 53 11 56 59 29 35 14 12 88 31 62 3 24 98 55 93 53 51 97 18 1 6 80 15 72 62 78 98 60 21 98 33 88 12 76 16 8 43 78 98 39 63 56 14 87 20 20 88 65 33 93 43 74 77 89 27 37 17 77 34 94 76 72 50 82 58 46 71 44 32 78 11 47 14 50 89 1 5 50 34 80 28 84 1 7 14 26 50 15 54 68 53 27 78 68 80 12 52 79 78 29 50 21 49 6 35 80 11 7 94 73 73 99 59 84 31 77 12 62 27 8 94 43 7 98 0 93 21 2 38 97 26 90 74 12 30 90 19 95 96 43 91 46 63 10 59 91 71 64 56 33 13 2 0 39 13 53 37 19 55 68 38 38 36 93 67 14 85 64 34 17 28 53 51 52 10 17 99 12 24 52 89 32 50 38 9 35 17 2 10 75 13 42 9 14 58 72 19 19 26 80 51 53 19 55 59 35 68 79 28 0 90 25 80 17 57 43 32 91 69 62 63 55 42 75 86 47 46 96 75 16 85 5 86 16 53 63 18 4 43 46 98 50 5 6 21 7 38 31 54 44 47 85 63 82 36 8 42 43 82 8 37 19 38 33 29 0 6 66 93 94 86 80 4 6 1 20 23 47 81 68 35 77 65 26 70 69 6 33 92 82 16 18 33 75 81 70 6 8 58 89 72 33 1 34 47 52 79 63 62 11 86 7 70 50 98 79 66 94 80 62 58 54 63 4 83 85 22 49 89 56 85 21 30 14 72 47 38 21 1 35 99 70 38 88 4 68 57 70 24 96 66 27 36 33 2 20 57 51 53 50 87 41 31 97 39 23 31 77 90 56 64 67 22 52 3 71 48 14 20 64 75 44 88 11 63 98 15 16 26 0 83 9 51 98 5 47 88 
75 94 70 30 9 32 1 42 18 62 32 90 48 58 65 73 29 86 55 83 10 13 48 76 56 66 49 6 80 13 9 97 43 93 24 87 49 98 75 28 55 15 6 28 10 47 40 62 43 16 84 47 40 40 78 88 4 43 79 52 13 61 53 5 33 40 57 33 51 56 2 71 44 7 10 28 53 91 67 47 2 82 39 80 4 72 0 1 55 67 27 60 7 55 24 9 44 67 37 47 3 32 62 20 59 0 16 66 36 30 20 52 55 40 87 81 30 17 80 7 49 76 41 79 78 33 33 96 68 82 58 13 74 85 39 83 42 40 16 63 36 0 16 96 41 23 11 23 91 83 52 28 23 88 25 28 20 97 62 15 94 82 62 60 7 2 20 91 24 86 22 7 36 69 3 84 96 17 14 54 38 78 57 6 72 38 63 68 11 17 97 34 5 73 15 56 26 77 94 65 66 45 97 97 0 42 69 83 85 23 21 61 32 7 2 5 56 9 98 2 2 28 59 12 77 17 31 8 32 97 89 16 91 79 26 38 36 17 2 14 63 90 8 4 79 40 65 18 60 67 23 39 58 62 40 1 87 84 15 97 36 14 1 81 15 27 45 77 97 95 97 24 54 17 39 88 65 82 28 61 67 95 54 63 18 51 0 43 98 0 22 47 30 16 30 19 83 77 14 35 14 73 83 82 3 83 62 21 54 2 8 69 17 21 91 97 70 95 39 35 6 68 98 53 50 55 44 15 70 1 9 71 95 49 24 84 89 18 48 86 52 66 25 6 50 25 86 6 14 22 88 36 4 43 1 19 9 47 82 76 8 87 58 22 97 21 92 45 80 37 50 76 13 76 39 26 63 3 78 93 91 96 52 56 75 95 84 58 98 44 21 35 29 3 12 28 83 15 91 9 77 63 48 87 1 99 42 38 51 99 64 7 24 13 39 99 99 43 47 86 22 26 5 80 58 37 8 72 97 29 96 10 75 42 34 26 58 30 97 13 35 5 20 99 78 97 25 62 85 87 46 98 27 9 50 90 46 53 2 78 28 86 52 33 26 65 92 69 70 3 37 5 65 97 14 62 95 44 90 28 67 11 89 91 7 73 40 38 74 3 70 43 74 14 7 97 82 8 89 73 
4 13 34 66 20 32 98 0 34 11 17 43 11 47 39 73 66 63 30 15 16 52 39 39 82 69 13 4 24 59 46 98 69 88 60 33 5 16 43 52 60 88 60 68 77 75 9 59 87 57 77 74 78 46 27 78 73 42 58 82 87 27 40 43 20 56 23 6 54 38 43 66 19 33 41 98 84 95 67 1 62 65 45 58 92 50 68 10 49 23 65 84 76 62 96 85 89 9 70 4 98 71 8 67 34 32 17 10 80 83 69 32 63 97 94 0 48 9 51 98 21 68 64 54 85 37 29 39 88 7 82 72 25 33 39 51 5 43 19 47 9 36 87 52 43 27 28 56 4 17 52 40 14 27 81 91 4 4 42 62 6 6 47 45 56 26 83 89 12 16 13 35 44 96 16 4 92 29 14 73 8 52 62 12 62 21 53 19 89 0 18 18 10 98 85 84 70 37 82 26 48 5 33 94 16 56 69 41 89 77 30 55 2 73 99 28 79 2 15 88 50 71 34 10 45 3 56 36 75 29 26 46 81 93 84 33 21 25 14 18 79 74 14 99 96 19 29 77 25 54 9 36 97 87 82 50 1 46 51 46 75 88 24 76 57 32 74 56 80 93 3 36 96 92 15 25 53 16 73 90 99 26 9 91 34 62 74 91 48 9 72 42 67 77 76 48 70 70 15 18 12 34 44 34 11 67 48 41 6 3 39 68 85 68 97 74 23 26 46 93 66 82 85 47 10 44 98 71 87 87 87 36 61 35 60 57 13 67 35 81 74 68 19 58 75 26 18 96 94 26 81 87 9 79 27 5 61 85 26 25 93 99 41 81 68 67 1 61 61 60 62 4 77 15 60 42 38 46 95 58 99 89 52 50 83 86 74 90 31 44 83 65 46 50 98 86 36 84 97 5 67 46 90 24 95 96 64 80 25 42 15 20 88 61 87 62 36 53 33 59 0 49 47 88 17 20 82 2 25 21 33 58 47 57 79 81 1 79 81 73 28 57 37 29 71 69 62 78 90 26 54 31 72 76 80 61 55 85 85 74 63 62 48 63 38 57 29 5 66 84 52 25 19 34 23 26 19 53 77 94 51 88 19 80 48 17 30 97 90 21 71 6 67 7 36 69 11 11 8 81 
55 76 37 19 15 51 71 42 69 73 83 47 2 51 81 38 55 81 3 80 57 37 7 89 20 72 39 99 22 13 19 23 22 1 79 40 11 79 14 30 80 1 86 49 68 59 96 98 18 22 86 1 8 7 63 72 63 21 91 86 4 24 71 63 26 28 80 19 12 94 59 38 8 93 76 15 88 24 91 36 83 81 86 24 40 5 9 62 67 34 74 33 0 5 76 29 44 34 90 25 69 68 12 65 73 53 98 6 10 22 28 59 68 11 0 91 24 33 89 92 64 7 60 86 98 82 14 68 90 81 14 34 10 5 51 71 52 38 15 53 62 29 73 28 77 14 76 47 44 65 17 49 14 53 75 98 67 13 69 88 99 83 44 29 11 77 89 42 88 78 13 29 85 17 27 26 12 12 50 15 65 3 40 46 38 30 25 27 50 89 60 54 71 62 59 34 89 52 10 83 81 62 94 50 94 62 30 66 39 72 73 52 94 17 9 50 19 16 12 45 71 66 45 86 34 32 89 82 75 99 2 61 64 91 83 67 86 68 22 79 13 9 91 65 83 74 13 59 69 1 50 55 63 63 50 63 77 48 84 13 10 84 52 97 28 11 56 44 68 8 82 90 23 25 94 60 28 74 44 86 61 59 76 42 73 38 72 22 84 86 17 70 12 40 90 70 57 24 9 14 56 16 59 47 16 99 31 21 6 49 30 41 94 80 45 94 25 42 42 22 33 66 44 10 15 68 42 18 36 9 26 57 82 97 70 21 68 63 2 5 5 63 35 24 32 38 3 74 19 27 66 80 98 59 9 25 27 30 9 1 40 61 42 20 19 84 1 9 16 29 26 12 87 16 58 22 64 84 44 86 72 77 46 3 14 23 7 49 34 24 59 4 73 94 46 28 54 12 76 62 58 25 13 77 30 0 72 84 41 21 17 75 75 76 27 92 10 58 55 61 2 76 99 35 68 35 82 81 51 12 25 61 57 63 53 81 21 47 49 46 11 3 58 93 29 4 53 35 76 82 26 7 43 16 3 61 51 28 78 14 18 18 42 69 98 35 27 44 92 81 1 35 82 97 55 31 85 46 72 11 67 64 6 12 43 71 49 71 13 29 82 75 44 25 96 15 67 49 67 92 
56 30 40 3 23 19 52 90 99 12 4 57 28 52 71 39 4 65 86 44 35 82 29 85 93 96 87 78 75 97 92 60 0 19 49 27 65 69 40 10 11 47 68 68 69 46 51 93 1 90 66 21 63 43 41 36 7 61 91 67 94 52 76 22 93 38 81 75 1 27 4 37 2 0 57 61 93 27 28 53 59 2 9 30 4 84 92 63 76 79 16 46 25 68 41 95 77 77 92 66 50 57 44 94 35 77 31 47 32 25 71 4 13 25 38 54 27 25 11 43 99 78 41 66 99 51 36 66 78 58 42 85 96 40 80 43 78 56 54 91 47 18 69 5 39 47 50 37 58 6 9 55 21 82 16 8 36 87 89 68 63 35 91 35 79 34 20 53 84 11 94 49 25 0 95 25 61 20 73 80 23 44 92 92 28 84 91 39 93 46 88 36 45 94 75 13 8 84 59 67 48 16 54 4 14 49 44 72 84 64 75 7 42 41 42 50 58 38 23 52 13 10 36 83 47 89 57 39 14 51 42 70 74 78 8 24 27 24 98 93 19 99 60 1 93 14 68 32 55 1 35 98 4 49 91 92 73 3 46 20 57 41 37 53 14 33 98 75 35 32 91 77 58 74 0 31 54 64 98 50 42 61 25 50 39 78 95 92 4 20 50 92 62 80 64 49 65 20 5 38 38 31 77 87 38 39 38 97 93 70 76 25 19 71 55 8 13 93 49 83 63 56 45 49 12 6 95 61 66 9 45 96 0 28 97 60 38 75 87 82 8 31 70 81 2 17 94 91 54 10 1 68 22 91 46 68 19 41 25 70 6 35 69 11 42 75 42 39 87 31 63 98 93 93 31 85 48 17 78 80 14 25 22 99 61 73 71 60 56 56 64 32 44 98 34 75 51 44 62 45 19 85 18 14 35 19 0 46 92 53 83 10 10 82 2 30 41 14 6 51 26 71 46 6 24 99 33 5 72 55 23 2 84 19 76 22 83 84 69 12 82 11 84 42 85 41 83 22 33 26 76 97 57 21 56 61 66 36 60 73 80 44 10 41 9 40 92 37 16 50 82 2 10 70 31 95 44 14 62 46 54 53 41 75 9 24 33 72 67 6 47 74 11 59 95 70 99 27 63 32 
70 92 39 48 13 45 70 10 22 57 23 12 62 72 97 89 35 47 35 56 38 41 96 28 93 0 74 39 5 22 89 70 14 2 91 19 75 82 90 18 11 46 66 4 31 89 43 94 14 38 8 4 32 2 77 49 23 20 23 97 19 32 2 8 74 84 12 27 86 60 79 44 3 70 14 47 45 13 16 10 23 29 82 45 47 51 68 3 16 77 9 11 50 65 74 90 77 30 88 55 20 55 65 68 47 35 76 41 99 17 24 43 33 33 43 50 29 14 75 82 24 57 49 47 12 93 12 51 36 77 68 96 24 11 75 25 90 95 49 25 64 39 39 90 8 12 59 69 34 17 82 3 56 50 83 49 72 88 94 51 1 11 47 13 63 36 10 80 72 52 78 44 27 17 77 42 8 79 24 83 24 86 39 5 83 38 3 34 31 86 34 7 11 1 11 83 71 6 70 16 62 28 34 53 17 22 17 41 22 26 80 54 49 43 65 53 37 11 85 94 47 23 81 27 2 68 94 18 3 26 63 10 23 21 36 81 8 53 13 23 33 30 93 50 96 46 19 3 47 47 28 92 79 36 91 74 71 10 57 37 84 2 29 61 47 17 59 63 20 48 51 85 85 81 77 78 66 82 26 98 68 5 49 36 71 23 83 73 77 77 40 4 24 71 11 94 54 47 64 40 15 38 24 43 51 57 69 87 74 39 82 43 16 56 53 4 8 85 86 35 72 99 75 88 6 6 27 25 25 27 99 32 3 23 60 72 98 77 60 1 40 69 55 61 72 90 29 18 21 87 65 65 5 94 10 65 26 73 59 89 36 21 64 26 71 35 22 69 22 12 92 47 37 92 44 73 6 14 56 2 86 59 82 55 19 89 48 50 61 42 28 19 89 73 79 55 84 70 12 25 80 20 95 97 75 24 27 19 57 12 29 61 24 99 5 24 18 95 46 36 62 11 26 98 86 79 83 22 16 24 0 53 23 36 50 28 49 17 74 30 18 56 31 2 34 2 44 81 2 42 12 87 93 82 12 39 86 51 69 76 58 25 27 56 31 44 61 60 92 51 34 94 15 30 99 75 92 27 5 57 64 73 42 42 31 17 83 9 77 13 85 68 7 1 69 63 44 79 48 16 
22 74 18 60 99 3 57 69 55 4 34 77 60 44 84 45 94 50 40 65 44 9 63 91 41 45 73 26 35 91 55 33 62 67 16 64 86 89 45 82 86 56 45 20 72 99 5 85 49 76 53 58 30 95 23 48 83 47 89 20 67 79 9 14 52 8 46 33 17 53 94 54 65 75 23 91 14 94 31 22 5 55 27 94 76 12 68 12 33 32 3 46 65 60 91 8 41 10 2 52 95 80 86 92 48 85 55 53 57 1 32 23 84 83 37 2 80 46 92 67 36 57 36 59 48 60 37 71 88 82 42 64 52 28 23 53 4 42 99 23 37 40 37 97 53 20 65 4 8 38 73 0 15 44 84 8 0 60 99 30 65 98 63 2 49 78 58 29 8 66 17 13 83 52 93 27 21 22 25 44 16 41 76 44 70 79 39 64 97 20 53 22 57 4 68 22 41 27 3 19 21 45 70 54 18 19 70 2 78 49 2 57 54 90 52 34 50 85 68 24 12 21 26 90 91 71 59 39 8 82 81 31 10 31 94 39 31 42 86 86 59 25 20 4 4 68 7 83 78 9 41 40 76 85 63 19 39 70 10 90 63 70 78 15 55 44 93 15 64 10 82 50 41 71 34 69 42 45 31 43 90 41 60 55 17 22 68 32 54 43 98 70 77 65 92 24 80 33 70 55 63 49 50 6 82 73 42 23 2 0 2 5 98 28 34 37 60 22 57 62 30 25 35 0 18 58 44 24 22 48 71 54 96 13 6 71 49 20 6 98 18 1 82 69 63 86 75 43 52 59 6 80 78 20 5 87 15 89 42 83 96 38 74 33 61 96 14 41 22 65 63 51 13 59 23 44 20 63 30 25 41 19 38 35 79 96 59 36 91 10 14 13 26 84 96 4 52 80 61 47 62 58 49 94 76 72 95 10 86 7 17 18 0 76 3 47 99 21 55 34 30 61 3 97 53 64 89 98 56 92 52 98 0 17 4 62 22 51 88 22 20 30 22 55 63 81 63 43 13 27 83 98 12 94 47 63 88 60 40 76 90 76 79 42 20 57 40 84 95 25 80 9 58 76 38 24 97 70 71 24 74 14 40 0 46 45 28 8 27 47 11 21 97 60 90 98 15 93 68 43 
99 0 97 42 84 57 89 32 55 27 34 33 44 15 22 71 99 62 55 40 75 69 60 6 81 84 81 66 52 7 73 48 3 37 91 62 59 50 38 51 59 52 10 87 37 56 0 96 4 81 52 6 15 33 88 26 10 8 71 47 15 10 43 99 66 76 96 57 22 93 55 6 56 61 9 41 5 34 44 54 51 83 98 95 7 17 95 38 13 4 66 53 64 82 98 83 80 42 71 82 89 63 6 13 23 18 65 96 14 78 28 46 62 98 95 66 91 60 85 85 13 28 88 67 4 99 66 16 94 5 87 69 89 65 64 79 62 71 60 19 6 14 97 31 85 39 25 92 52 34 33 72 95 84 50 82 82 5 42 67 87 86 41 27 29 5 41 37 8 48 66 27 73 36 31 58 94 39 93 13 85 11 85 91 70 28 83 29 63 8 91 0 67 22 49 68 25 21 13 6 50 93 73 36 45 66 49 35 63 36 59 80 31 27 51 57 46 61 37 49 50 16 18 30 3 0 79 79 10 16 95 99 46 3 59 73 36 98 69 25 92 96 34 85 40 87 16 47 59 33 82 90 95 69 24 70 58 87 50 21 55 25 9 20 11 16 90 7 2 51 49 16 39 58 48 93 79 89 99 24 6 13 43 71 58 39 20 52 56 33 72 98 48 82 73 28 89 94 44 77 9 16 50 21 62 82 87 8 85 70 94 77 78 18 28 20 48 99 85 67 18 37 71 17 18 22 80 40 89 43 62 68 71 47 32 76 44 71 52 45 48 95 23 53 31 11 69 42 48 83 30 95 59 46 96 62 8 9 57 99 74 85 31 0 11 63 31 73 98 87 71 57 63 62 83 21 10 39 82 77 90 61 8 41 19 94 79 90 70 43 2 69 76 26 97 4 34 48 14 62 95 97 84 3 74 4 74 77 26 68 34 44 47 35 75 37 38 24 7 33 4 52 17 8 52 88 86 16 83 22 55 54 71 89 22 20 2 82 32 4 83 73 50 32 6 39 19 34 81 32 54 62 19 0 72 94 84 6 83 81 18 65 28 79 22 35 2 84 78 59 29 10 13 17 70 41 95 71 67 77 75 62 46 90 2 47 73 31 55 32 88 19 43 30 78 57 41 83 29 42 
46 62 72 29 45 10 26 74 95 97 85 65 41 75 96 68 54 57 97 48 6 34 57 53 39 95 89 6 11 37 89 51 26 85 75 50 34 11 98 11 21 48 71 91 30 9 4 93 17 19 91 97 71 28 34 84 65 73 44 91 49 78 26 10 55 87 84 56 29 92 53 73 73 52 62 39 86 25 21 97 81 27 5 85 17 14 10 19 57 44 33 10 93 72 2 88 9 60 51 81 41 13 49 20 63 5 30 12 49 95 21 23 14 70 25 80 1 72 70 39 68 21 78 47 18 0 99 32 42 92 98 21 46 10 92 87 44 67 86 42 52 8 94 84 26 41 40 40 77 34 46 32 21 78 8 46 85 59 55 95 24 39 16 29 8 8 75 15 15 66 8 82 26 34 21 39 7 90 10 78 27 76 26 93 24 93 87 2 24 27 88 0 66 25 96 17 60 73 81 87 89 58 46 80 27 95 98 16 61 43 63 33 31 31 86 59 26 73 15 75 86 66 74 52 93 2 39 48 25 94 44 92 21 71 17 67 8 25 45 21 30 51 30 99 56 37 17 5 22 25 63 78 23 18 75 23 71 22 77 15 87 72 50 62 43 25 45 40 48 42 98 96 8 65 16 64 70 91 68 83 52 55 36 51 11 45 5 60 50 37 46 33 95 89 40 32 35 76 54 47 55 81 16 29 63 39 90 37 1 66 39 19 33 70 46 53 91 18 66 88 54 0 53 39 24 79 74 50 22 49 71 27 34 90 8 45 9 88 94 54 38 52 50 75 28 38 73 5 95 97 44 2 17 57 76 64 42 24 32 65 71 58 62 80 47 32 74 76 4 60 72 70 32 91 73 59 77 31 65 50 85 86 12 39 89 25 25 29 50 22 46 73 94 60 61 95 89 25 30 65 19 39 6 70 95 70 35 84 32 49 42 89 19 41 65 42 62 53 17 10 39 52 35 73 52 72 5 16 45 28 79 56 3 69 14 93 67 92 82 38 26 60 91 13 80 98 17 32 6 52 72 42 97 41 40 38 44 76 69 82 33 21 11 43 46 66 82 0 17 79 12 80 98 32 73 3 49 45 34 65 3 33 77 49 41 35 53 52 86 58 63 50 96 32 36 83 23 38 0 14 
41 98 78 78 69 61 84 99 32 82 1 8 49 10 26 48 46 61 18 34 3 97 33 7 39 70 83 83 47 97 28 12 97 1 51 78 69 47 88 64 36 61 26 33 78 58 45 47 52 59 35 80 66 73 65 62 92 25 36 17 48 88 64 62 39 20 25 26 8 86 52 51 86 14 1 58 76 84 67 42 59 89 87 63 91 33 41 79 89 74 63 37 29 49 75 91 14 39 10 14 42 75 82 71 44 57 38 32 38 34 92 19 96 23 48 91 34 91 53 13 82 5 19 68 74 89 28 48 63 22 72 39 2 72 20 93 29 55 36 22 69 11 59 25 86 17 8 83 72 54 63 80 57 91 81 10 80 49 64 40 24 81 61 40 64 7 75 8 57 86 80 62 20 23 10 30 46 43 12 64 84 2 61 18 92 18 78 34 18 99 59 64 63 80 13 94 52 70 63 1 37 80 42 92 19 6 87 91 22 22 55 33 99 7 85 52 63 92 55 21 40 45 56 43 40 64 22 57 31 23 0 44 8 15 46 1 74 0 71 27 57 20 59 63 56 14 1 37 68 31 83 58 11 22 41 90 42 59 30 52 79 53 5 0 34 85 72 9 70 38 46 10 84 58 90 2 71 25 14 14 41 69 17 74 2 65 96 5 53 43 3 48 55 15 71 25 12 97 83 51 38 90 64 42 1 69 41 1 8 49 99 18 74 89 28 68 1 44 79 51 17 70 87 20 24 35 23 65 29 10 96 63 87 89 17 40 99 35 88 92 40 54 2 71 49 58 13 21 36 58 43 76 7 86 55 49 32 32 90 21 69 66 84 27 99 36 96 23 66 22 59 76 50 81 69 89 84 90 52 45 52 39 55 57 58 9 62 59 38 90 39 88 44 20 0 28 8 61 66 89 83 44 74 29 70 96 53 77 54 84 45 99 68 19 42 26 62 81 18 45 11 97 41 16 95 8 59 29 58 30 23 34 92 31 32 34 9 1 74 31 96 84 12 16 49 94 39 38 79 21 53 11 30 37 31 77 89 54 56 96 99 5 39 43 0 94 90 16 50 30 56 70 77 86 60 63 38 28 51 74 94 32 48 2 19 58 54 40 91 58 6 5 33 48 18 92 36 61 92 7 
57 49 27 39 89 66 82 57 55 81 18 38 87 0 7 70 50 76 22 93 56 40 14 73 36 53 35 12 30 76 98 78 75 57 14 5 88 52 58 49 0 81 16 89 64 60 50 6 36 39 83 47 4 0 68 56 94 82 3 60 69 63 24 41 23 49 54 25 91 85 20 32 50 89 93 15 63 28 53 79 72 96 89 6 15 55 12 17 45 26 2 51 38 30 5 17 33 23 15 19 9 55 88 41 96 27 96 89 47 36 11 92 26 89 59 68 34 3 73 29 96 9 84 54 80 1 63 66 13 74 37 54 14 3 33 85 2 20 15 47 77 32 5 62 83 31 86 15 28 93 69 3 72 55 5 33 3 48 72 23 88 30 96 99 7 86 49 80 49 93 36 44 71 80 71 77 2 67 98 55 97 54 34 92 72 52 52 71 7 59 93 97 22 15 71 37 19 38 78 13 92 32 20 29 79 25 61 32 55 4 59 89 2 96 89 88 76 24 23 80 57 38 73 35 25 57 11 16 7 81 89 49 99 27 94 74 45 29 51 64 59 49 69 72 94 85 10 26 8 23 80 26 8 38 14 62 55 12 68 70 53 17 29 59 51 29 60 37 72 1 0 80 9 80 31 21 25 59 25 46 37 69 56 34 80 93 2 42 79 37 98 93 7 32 40 20 71 57 84 77 28 70 57 0 77 0 87 40 40 48 13 29 42 46 54 51 54 52 78 78 41 22 25 33 76 25 76 51 27 65 71 68 73 74 86 82 16 80 11 56 42 59 11 67 47 39 84 50 37 52 2 82 98 52 77 99 65 43 51 45 36 0 29 43 64 39 43 24 21 94 52 90 67 48 39 87 25 98 52 94 33 4 86 39 53 84 53 54 69 88 95 2 53 46 70 29 51 71 32 98 32 9 89 17 76 54 37 26 19 37 72 69 75 7 98 77 18 68 86 56 48 39 88 29 18 83 42 39 13 92 48 17 33 93 80 6 59 99 65 64 25 70 94 51 86 7 89 95 18 89 48 14 91 92 72 7 43 59 28 48 23 73 69 37 25 50 75 81 35 22 70 48 80 11 34 45 90 67 32 34 88 0 79 34 12 91 1 91 57 86 49 85 51 66 61 17 47 44 71 21 
81 7 86 74 31 38 18 7 68 62 87 42 44 80 90 76 89 64 53 10 95 44 29 69 92 74 9 93 20 7 60 2 75 91 99 39 6 29 36 20 31 22 66 73 43 12 27 56 94 55 22 67 10 73 28 81 39 47 53 7 75 40 10 53 16 88 14 51 10 95 50 25 51 86 33 58 24 10 40 16 58 21 25 7 92 54 42 21 43 52 16 9 20 1 53 26 4 35 91 57 26 44 58 17 28 14 7 67 67 21 50 91 45 4 97 46 83 25 70 16 52 73 11 55 43 23 28 68 32 44 9 78 82 15 29 85 23 78 94 77 33 89 13 35 43 25 96 75 67 95 18 46 42 38 71 10 45 67 44 44 83 16 34 9 83 86 98 9 95 34 16 39 24 58 52 29 5 93 28 94 2 37 56 89 50 64 78 77 69 91 77 49 41 61 16 87 15 60 75 88 93 55 18 78 95 72 1 76 74 26 90 76 30 21 61 6 75 77 36 5 35 57 43 64 83 77 96 87 73 9 70 18 95 91 99 25 35 71 90 4 58 62 30 1 71 21 44 88 78 90 71 78 80 87 90 97 80 6 98 94 30 38 64 80 79 47 77 57 54 99 20 35 94 19 16 56 51 72 55 45 45 63 94 23 11 7 73 79 64 10 65 32 4 81 73 18 45 76 86 17 99 60 31 75 77 67 67 70 80 9 44 13 26 73 32 73 88 72 50 63 96 31 31 32 94 39 85 27 55 8 51 95 34 63 31 92 99 21 61 43 77 34 68 21 1 10 38 71 43 38 11 96 99 95 78 67 40 16 87 32 71 29 84 52 32 74 63 43 13 12 56 86 71 14 83 53 40 16 48 98 57 24 89 79 89 73 11 16 95 9 9 77 13 69 45 90 12 34 44 76 2 26 1 15 5 13 53 48 13 13 17 10 21 84 47 7 79 89 54 32 90 84 45 33 91 10 86 85 70 44 59 30 6 90 96 87 99 31 74 7 80 39 23 70 36 5 91 29 76 15 83 78 1 71 60 60 87 47 42 88 47 38 94 33 29 52 60 66 18 64 13 85 31 17 28 82 81 67 23 88 80 71 29 87 49 68 26 11 69 91 34 56 62 18 5 7 72 72 35 59 
4 8 7 95 20 47 13 91 84 91 89 81 87 93 74 35 33 69 78 26 3 40 74 21 79 83 54 93 62 94 79 43 47 59 32 8 58 17 50 81 45 23 98 64 90 33 56 5 61 68 62 72 83 33 90 53 75 96 71 62 20 78 73 5 11 9 28 53 54 26 59 11 81 44 1 16 8 91 96 86 58 27 20 6 64 98 62 67 69 23 89 36 60 0 81 6 75 19 79 14 79 92 48 82 51 2 81 10 54 51 37 9 87 37 1 7 99 43 93 81 93 59 12 31 64 85 90 14 59 79 64 34 93 14 12 33 60 10 25 37 70 46 77 78 28 90 89 80 63 56 73 92 24 0 80 88 4 3 6 36 99 15 72 78 92 41 0 45 54 10 27 18 26 22 94 7 37 74 8 20 96 45 40 31 16 6 1 71 47 12 87 20 72 81 92 5 29 99 80 74 63 48 13 60 90 8 94 14 15 81 45 81 34 62 23 75 4 37 86 67 89 82 46 24 1 35 13 28 87 37 72 47 59 30 47 96 84 85 31 91 73 63 29 4 6 80 1 71 29 85 21 53 18 66 47 77 54 95 70 86 7 83 84 68 56 2 63 50 98 48 77 7 36 76 25 23 35 17 12 12 17 42 56 64 91 1 74 18 80 51 90 8 95 46 75 47 52 34 32 37 16 4 30 2 39 72 98 30 9 74 74 93 99 96 12 61 50 38 67 88 66 86 44 14 17 20 94 1 18 68 93 93 80 47 36 23 62 4 19 4 73 36 28 19 55 3 48 27 74 76 81 10 16 51 69 79 69 47 41 21 39 75 23 47 32 20 97 95 29 86 27 54 70 1 66 2 42 20 94 3 28 65 29 42 10 32 41 71 5 81 68 73 78 91 2 87 35 10 67 13 77 3 33 7 68 19 36 93 95 97 80 53 82 36 7 48 9 76 36 83 43 0 83 29 75 20 14 89 54 59 19 14 21 4 82 84 68 52 38 53 27 56 39 0 91 37 99 6 80 63 37 63 63 54 77 2 83 98 74 51 12 54 12 41 17 35 58 29 61 82 55 81 60 79 43 20 12 96 76 93 8 77 94 51 3 85 64 80 96 57 75 68 93 99 96 47 74 10 77 9 
35 36 96 18 68 52 0 87 92 93 28 67 16 94 93 41 1 76 42 90 61 65 42 18 9 14 69 24 71 7 99 17 7 58 85 11 62 89 86 58 75 88 29 56 76 26 59 56 84 31 64 0 27 22 37 9 37 35 84 3 0 72 11 36 51 44 2 17 35 8 48 88 65 89 44 64 4 86 52 6 45 66 2 88 60 56 56 71 44 11 81 92 70 80 10 71 10 66 11 0 90 52 3 47 99 24 57 34 29 48 36 27 3 49 47 99 35 0 69 89 95 8 52 72 95 75 96 53 81 16 31 27 11 5 3 71 68 66 68 82 22 53 10 12 6 96 12 96 8 48 82 10 48 43 77 31 70 28 69 71 94 2 68 43 55 74 40 49 97 37 32 1 99 78 75 9 94 3 94 5 44 61 1 67 25 12 87 97 68 17 33 68 72 44 44 99 29 73 38 93 68 10 26 91 57 93 7 93 8 86 11 66 54 68 4 19 6 64 67 4 39 45 96 49 32 50 4 88 81 45 60 42 63 74 47 55 35 4 46 29 11 5 67 24 58 59 72 16 2 25 57 99 46 52 33 6 20 4 47 73 7 99 71 25 54 63 73 10 17 49 40 5 64 72 20 67 25 28 88 98 48 41 13 96 30 7 29 54 78 11 23 63 44 73 75 57 43 99 40 75 0 66 69 63 21 16 81 86 98 30 74 62 15 7 83 87 41 80 64 2 74 53 2 5 11 76 8 19 28 81 70 11 59 22 84 78 32 43 45 50 1 20 84 64 60 94 94 38 77 4 26 49 38 99 41 52 36 80 14 74 32 92 37 53 78 84 42 40 9 15 97 98 3 24 15 47 73 32 0 86 14 15 70 84 96 66 84 0 60 89 36 47 44 34 34 46 22 22 67 2 22 2 73 47 46 93 27 16 6 92 71 46 3 14 26 50 36 85 27 84 34 8 24 54 11 86 77 38 66 99 19 3 9 98 96 21 93 47 20 30 1 30 63 35 76 95 20 88 36 67 86 81 87 71 60 98 73 12 66 52 30 47 97 76 62 37 44 47 73 38 97 6 68 50 54 84 41 28 53 22 42 46 64 6 61 80 65 44 71 60 53 88 78 62 3 12 39 77 43 29 
72 50 32 19 6 76 7 27 87 3 25 39 89 33 50 84 74 1 99 43 35 90 45 84 55 8 39 88 26 85 78 80 45 67 31 34 48 40 73 4 45 54 11 80 46 19 20 14 94 36 85 40 60 46 35 49 48 81 46 11 2 81 85 84 97 37 7 39 80 30 53 0 91 40 85 76 72 18 2 1 91 48 57 34 67 88 71 42 90 6 0 74 76 65 16 0 74 9 76 49 24 78 71 39 81 20 25 19 87 53 80 57 23 1 13 86 6 24 85 85 23 9 48 29 83 89 83 29 70 93 21 33 96 36 3 48 16 88 12 23 12 32 53 69 21 90 22 11 88 47 61 14 5 83 40 51 87 49 13 74 57 38 32 86 35 1 76 68 39 35 66 58 21 79 11 98 94 45 60 14 53 27 6 38 36 85 30 41 48 29 19 20 81 89 67 25 13 55 76 10 7 17 6 20 25 34 28 43 97 61 66 27 2 21 46 5 26 5 71 22 87 57 37 55 72 20 51 93 26 59 69 59 87 90 26 26 21 50 97 49 62 30 22 37 98 34 91 38 33 65 59 43 51 13 23 38 34 9 84 91 71 62 76 11 91 10 16 88 7 65 1 63 1 76 42 21 97 52 74 66 25 83 54 7 17 26 49 41 17 30 97 7 99 22 41 29 75 29 41 73 74 96 6 10 71 59 79 82 20 77 47 28 48 17 87 43 91 38 74 74 83 57 32 88 94 85 24 89 44 99 69 70 6 48 34 17 71 68 21 13 10 60 45 69 60 50 64 6 39 10 15 86 72 97 23 74 1 74 40 40 9 9 4 94 20 3 90 25 46 25 60 97 11 68 29 72 28 33 19 5 21 83 4 36 34 53 51 27 59 32 54 38 63 73 18 86 87 27 2 78 54 83 23 7 60 19 8 66 69 16 61 40 27 79 93 90 99 63 28 64 0 17 90 46 40 40 86 73 47 34 82 95 29 99 43 11 88 8 80 15 6 82 70 70 75 8 58 52 6 98 2 64 20 0 88 65 90 27 89 44 97 90 98 1 19 23 21 60 51 51 61 94 43 47 57 44 45 89 22 71 44 26 60 93 44 37 8 43 5 48 43 75 64 74 33 63 46 41 58 35 
41 76 57 84 97 55 76 1 7 93 67 99 40 47 24 43 55 64 61 94 87 49 68 1 0 81 96 90 48 67 65 7 71 95 54 72 90 54 13 70 31 74 91 63 38 29 20 27 34 1 17 13 54 8 16 46 21 89 11 61 73 55 85 1 84 36 66 23 96 20 57 7 48 67 11 99 22 69 77 21 20 16 26 98 66 39 82 28 8 57 58 1 11 16 97 68 89 7 87 72 99 34 4 55 83 24 35 85 25 33 59 52 85 61 97 58 25 81 27 52 97 29 1 38 0 65 18 53 80 36 66 96 90 2 81 82 19 77 54 34 90 82 1 40 89 69 54 36 17 46 15 17 54 93 59 75 23 16 68 51 92 28 38 46 9 1 90 49 40 74 45 5 69 48 9 31 29 54 76 57 69 74 14 9 9 93 70 89 5 48 71 87 74 73 29 79 40 4 1 4 54 15 9 60 99 24 89 27 88 13 29 48 22 73 64 40 85 81 92 31 85 69 51 41 16 44 77 31 12 17 51 22 98 12 28 39 19 36 54 84 50 63 99 46 91 47 36 79 98 97 2 94 11 23 71 84 61 30 79 37 96 14 84 0 3 29 38 87 53 46 16 55 24 94 23 58 40 36 76 54 97 94 31 9 79 54 65 77 17 65 51 46 12 97 12 93 66 43 1 24 34 77 26 43 81 56 61 37 41 8 98 12 21 42 65 17 62 34 67 71 85 3 25 45 57 4 82 14 37 48 92 9 41 52 6 49 53 71 88 75 15 35 51 97 7 58 38 65 75 71 81 79 64 10 24 63 2 70 16 99 2 86 6 43 62 29 10 93 37 53 38 67 57 17 54 7 49 43 75 6 83 70 17 64 42 72 90 68 3 62 0 7 73 83 96 1 34 95 67 86 20 89 61 54 76 22 1 28 41 47 20 4 56 1 54 51 75 20 49 35 20 82 91 22 20 45 98 32 0 70 5 33 18 55 94 15 22 83 14 76 71 68 37 58 48 37 71 24 44 70 14 80 66 61 53 22 77 30 67 23 52 10 92 57 11 6 61 71 97 98 58 52 17 52 6 81 55 11 21 50 24 18 21 96 24 31 81 68 75 8 81 7 26 63 28 79 40 80 6 81 
9 65 65 19 57 65 98 20 51 93 56 62 88 76 21 79 95 88 45 87 71 34 34 52 35 17 88 71 5 32 92 82 76 46 71 27 30 50 2 68 22 49 36 11 31 8 24 68 22 28 47 20 48 11 43 37 70 52 45 0 36 98 69 82 0 71 48 17 1 67 94 88 68 78 52 10 49 90 20 76 89 47 60 78 54 25 44 47 36 52 47 86 91 63 39 96 56 35 3 23 29 96 2 53 59 79 70 90 30 14 22 22 32 38 64 83 30 75 25 73 79 97 74 10 89 61 27 48 1 29 18 69 38 93 42 11 21 82 20 12 59 56 66 99 96 27 2 23 11 81 94 84 93 67 77 44 42 73 72 4 66 47 71 67 76 66 49 45 49 18 43 23 11 8 99 43 0 7 60 8 97 39 46 51 50 43 46 47 63 67 8 65 95 12 14 55 24 39 45 84 56 47 75 33 27 43 99 61 80 67 88 67 44 97 62 55 97 67 71 4 19 24 13 78 13 84 69 96 21 84 36 95 61 97 59 67 41 47 88 1 13 65 11 94 41 87 46 20 94 85 45 91 10 38 25 29 86 15 95 40 68 57 51 55 96 60 9 15 83 94 79 20 90 55 21 37 71 54 82 73 81 71 68 6 61 91 30 78 61 29 15 99 60 26 37 11 41 64 7 57 77 70 36 50 11 91 14 0 42 24 46 82 75 67 40 8 95 9 36 90 27 78 30 7 89 12 96 20 17 65 38 92 73 9 11 27 25 95 53 10 27 10 65 93 70 80 96 11 60 2 41 77 86 50 72 53 39 49 14 13 59 19 90 49 53 97 76 93 87 50 8 55 25 5 52 55 73 17 77 52 1 96 24 82 53 30 45 52 27 54 64 95 80 83 23 76 93 36 54 71 65 75 85 12 97 15 7 27 1 48 27 26 57 33 52 97 84 32 20 77 24 28 74 10 66 11 96 80 91 5 22 51 44 20 57 49 65 34 18 74 16 12 26 54 60 4 14 20 16 9 11 91 70 17 56 9 23 88 43 93 17 4 80 33 11 0 3 89 15 96 25 35 61 45 22 43 75 13 82 17 64 42 60 48 62 55 78 53 63 3 62 36 94 81 76 26 6 99 37 49 
90 95 51 56 53 15 3 30 89 48 83 68 20 77 84 56 59 85 23 9 8 38 26 25 79 96 13 42 9 61 9 0 99 66 78 25 23 22 88 38 90 49 99 58 21 96 71 84 49 3 0 18 64 79 42 59 51 29 17 4 81 66 41 7 77 28 72 4 11 2 38 16 54 32 28 10 50 42 72 60 48 88 33 59 43 40 20 67 54 8 30 9 25 58 23 89 52 19 50 58 5 51 49 36 58 69 91 93 99 62 17 63 33 98 2 57 71 3 6 0 28 41 13 24 26 18 79 59 85 54 52 34 38 1 85 61 37 8 92 79 9 30 64 2 43 76 3 40 86 51 86 99 38 88 18 62 74 84 43 85 59 1 1 77 49 49 82 12 55 49 27 15 27 25 46 40 79 14 91 11 35 60 78 64 47 89 45 39 11 1 14 58 90 8 78 14 62 57 43 32 5 77 40 58 49 51 99 98 68 52 68 15 47 10 70 50 11 1 85 46 89 42 59 31 86 7 48 75 74 86 9 90 6 18 94 99 79 84 59 88 34 10 60 35 57 77 24 5 47 62 80 16 98 45 87 7 52 79 93 96 64 65 60 45 7 90 78 43 38 96 65 45 93 29 12 64 17 41 3 66 34 94 56 56 48 52 38 19 19 18 85 26 52 17 8 14 50 51 28 34 53 91 98 61 94 27 19 1 19 74 2 29 12 99 98 78 91 97 92 22 47 69 82 49 7 1 5 69 41 15 4 87 65 41 38 89 8 41 35 51 72 84 94 77 18 31 37 4 53 54 64 29 93 60 95 24 72 75 2 41 80 8 50 94 93 14 33 69 7 56 94 97 23 79 15 55 15 56 31 28 12 22 7 75 4 68 19 88 3 62 93 18 93 40 29 21 97 78 39 32 52 38 89 24 5 63 40 63 27 60 86 18 51 68 42 21 92 15 71 80 69 81 68 13 2 34 95 37 89 2 44 67 70 37 28 96 52 77 83 24 75 6 63 83 3 62 59 83 98 43 23 17 49 90 24 94 26 97 82 92 54 84 7 54 81 19 75 80 23 87 22 18 38 78 10 43 75 35 86 72 53 42 62 86 67 72 28 89 10 19 83 38 23 57 93 28 66 30 46 53 
75 98 10 18 60 72 27 85 19 51 57 17 21 50 34 52 91 47 82 80 25 39 5 3 72 18 34 85 0 0 44 98 18 11 67 56 13 67 34 73 3 74 70 41 59 22 33 51 2 99 92 78 75 77 82 54 54 29 30 42 23 43 58 72 39 25 17 47 94 26 70 49 36 0 63 93 18 94 8 62 59 12 67 45 20 69 96 99 36 20 57 7 32 50 96 42 34 7 56 72 30 58 96 22 37 58 10 9 78 50 95 2 31 66 51 37 89 67 48 23 26 86 86 15 22 33 22 45 79 23 43 30 46 56 24 47 75 6 19 16 48 25 82 98 33 78 28 36 97 4 30 50 49 18 98 87 49 16 84 61 95 36 15 46 21 96 22 50 93 73 40 66 62 37 45 15 57 26 82 75 61 98 50 7 68 78 9 70 61 75 49 9 14 42 40 4 35 2 74 99 11 83 87 36 87 17 79 28 7 23 0 21 87 46 4 35 63 89 67 37 39 66 7 50 78 68 26 75 60 15 19 3 65 61 14 26 12 14 97 50 0 14 7 19 13 97 7 45 22 7 96 16 54 93 32 51 9 44 81 23 65 89 83 42 0 93 43 91 95 90 3 69 63 9 31 16 7 13 60 22 14 88 51 90 43 80 17 57 74 29 16 69 45 61 44 75 71 73 67 80 15 90 49 16 68 50 68 10 23 7 55 93 18 88 94 71 32 64 77 79 50 47 84 93 56 20 67 63 14 51 81 64 48 78 11 23 64 79 22 89 87 8 96 60 23 27 23 60 48 95 14 78 91 59 34 94 87 33 4 77 42 49 51 40 3 31 80 72 46 70 92 38 47 91 15 28 31 58 3 13 8 10 14 81 67 51 87 33 81 19 58 30 45 86 79 60 75 39 5 8 54 62 56 25 13 47 23 47 25 99 6 45 94 58 50 61 90 12 38 62 14 44 54 73 94 78 2 67 28 79 86 62 72 95 20 13 91 22 21 73 58 99 3 29 81 73 50 62 15 66 14 84 90 91 73 31 66 76 28 29 51 76 43 59 65 37 33 55 17 35 33 33 4 42 39 29 37 37 26 3 78 66 78 99 6 92 73 40 23 30 37 4 27 33 16 10 36 91 42 94 
49 62 63 0 42 45 27 28 63 12 46 45 91 62 99 96 22 26 74 3 0 87 9 41 68 41 96 61 42 27 1 63 13 55 7 17 64 54 81 6 81 80 93 19 47 76 13 55 24 23 14 5 46 27 59 79 15 2 65 96 10 80 0 21 60 54 8 69 75 15 85 96 18 68 8 34 81 86 96 11 30 62 15 33 88 30 44 15 71 39 53 13 48 83 64 17 71 43 4 48 58 7 33 26 51 88 83 37 73 14 91 25 47 72 87 16 62 9 88 36 96 84 13 77 44 66 53 55 16 58 45 21 37 41 47 43 94 32 98 17 83 39 12 80 84 91 92 89 84 38 15 20 19 57 17 67 31 94 35 66 69 83 4 93 20 95 89 88 18 44 85 38 48 73 41 53 71 48 47 65 83 94 57 35 54 90 24 96 48 99 78 71 26 50 41 11 56 76 25 24 24 80 59 3 84 31 31 44 70 83 87 59 98 53 13 75 88 99 12 59 52 42 17 45 10 44 67 32 5 60 88 72 71 80 62 21 49 91 74 72 73 52 2 64 77 24 53 53 58 48 79 82 73 49 61 25 45 27 16 83 41 19 49 11 51 0 16 11 49 32 93 53 94 28 66 80 17 9 15 48 38 85 42 5 57 18 90 2 43 44 38 33 14 93 50 78 48 12 34 98 99 94 86 25 15 65 76 10 25 50 76 85 91 70 41 73 92 71 16 93 81 28 74 25 87 54 1 97 75 36 11 13 96 21 51 81 76 33 12 71 17 17 15 91 45 51 63 74 44 2 23 6 66 53 80 76 1 6 83 19 39 9 1 65 42 21 57 76 43 50 42 14 58 80 14 76 89 21 22 99 91 65 98 36 94 81 67 46 6 49 80 85 76 13 38 33 23 67 76 15 50 18 89 36 87 42 91 8 38 54 80 17 24 86 99 39 62 55 69 30 32 55 12 26 51 17 15 38 35 29 84 37 21 88 27 4 24 35 67 16 36 12 54 35 44 52 84 61 56 98 0 37 23 89 66 99 19 70 40 76 85 48 56 28 6 92 14 27 34 94 34 84 24 97 48 70 30 51 50 35 31 84 33 10 98 17 40 15 36 38 9 14 89 25 10 4 23 77 67 57 
23 85 88 87 1 3 49 41 38 35 97 92 28 4 92 38 85 72 92 47 51 35 74 29 79 98 28 70 79 9 86 17 14 7 25 22 31 32 71 81 5 24 60 46 89 94 53 80 96 19 23 19 71 56 2 72 28 33 31 90 47 31 22 4 36 20 12 12 3 74 72 26 9 66 12 5 81 42 11 73 52 52 37 50 0 13 18 0 23 64 10 83 58 75 53 57 67 24 54 38 36 64 5 55 13 81 30 2 69 52 20 25 15 1 69 17 75 1 62 76 60 93 95 26 4 49 33 21 94 12 91 71 42 22 70 17 82 49 56 25 8 8 14 51 0 61 33 83 51 30 30 41 84 15 44 18 9 14 79 83 17 78 67 4 30 48 23 7 66 50 74 89 86 10 14 7 24 24 35 41 20 91 38 7 45 61 63 88 90 44 23 4 13 47 62 57 2 58 72 90 24 1 2 94 83 43 99 27 57 49 60 34 98 60 53 61 46 61 50 16 58 96 17 84 37 11 91 5 25 52 12 5 28 12 94 6 8 37 63 80 42 30 92 71 30 93 33 96 60 78 13 9 17 46 32 98 58 31 8 49 88 10 24 69 27 60 76 7 96 73 88 45 36 86 51 11 23 62 48 47 9 72 30 96 4 47 29 94 18 25 35 76 13 64 44 70 80 58 6 37 15 84 12 39 38 77 96 7 78 24 95 55 60 3 43 32 14 37 84 97 43 19 64 71 15 58 24 35 59 12 84 33 90 44 53 93 28 55 21 71 89 45 21 3 58 95 38 61 3 70 65 3 33 63 93 69 70 89 8 32 49 0 44 50 76 19 87 37 30 8 88 98 50 46 28 48 57 40 65 21 24 48 88 47 66 15 85 35 51 99 87 42 77 61 21 1 21 15 76 80 13 89 66 17 13 64 2 53 60 94 13 70 24 89 25 78 4 90 75 20 57 13 74 13 83 66 90 94 38 94 3 37 24 16 22 75 88 13 16 23 76 14 41 56 11 60 67 44 78 8 36 69 16 8 73 5 84 57 60 20 66 63 31 96 52 38 34 9 21 95 30 70 63 86 43 88 22 77 23 40 5 84 76 82 85 74 68 12 10 69 11 36 69 46 17 55 35 76 40 50 
48 24 92 45 24 31 49 97 20 3 93 98 76 36 39 18 79 17 31 45 36 38 27 81 11 15 1 15 87 40 89 51 31 30 34 41 71 2 96 41 33 20 93 91 27 11 73 90 10 92 57 82 11 0 91 92 17 57 10 91 36 79 97 24 32 27 7 25 61 49 20 61 45 59 59 3 74 21 61 73 55 70 92 75 69 23 29 93 70 78 58 97 48 74 48 36 39 77 20 38 65 58 29 63 9 96 14 21 42 14 92 96 13 37 66 22 49 39 63 31 83 98 43 93 9 4 66 11 66 23 97 27 63 76 99 7 0 91 3 74 38 35 54 15 80 96 0 88 40 48 58 46 63 51 54 12 79 44 74 67 91 93 50 49 80 18 77 45 23 57 22 97 75 26 43 37 16 31 66 51 4 47 9 67 14 86 95 62 60 40 69 9 53 95 11 68 87 66 80 84 13 16 19 3 16 64 55 66 6 42 87 59 51 66 22 50 0 39 26 22 38 67 16 68 53 53 99 83 0 67 96 56 62 77 30 8 65 25 21 63 65 77 45 4 5 34 31 70 78 90 59 13 40 33 80 66 18 75 52 7 43 29 13 18 26 28 78 3 74 82 46 8 70 68 34 81 60 80 46 96 71 72 93 98 39 10 36 47 4 49 60 59 57 0 23 18 26 78 5 20 36 9 2 44 88 95 75 30 30 30 45 56 91 95 13 78 86 6 23 80 31 47 68 28 57 20 89 91 73 77 73 69 26 76 65 0 19 54 36 64 3 42 73 28 83 25 91 65 41 57 84 93 76 22 7 49 72 33 44 34 39 99 95 91 60 89 47 99 91 90 44 67 77 10 49 55 18 36 19 74 80 35 68 33 82 44 63 27 5 47 24 98 61 94 74 45 3 18 64 86 57 29 41 34 66 56 27 35 96 58 41 29 56 8 91 45 49 30 70 9 8 66 65 60 70 64 32 89 61 98 67 65 36 81 25 98 94 71 29 89 10 66 88 31 96 12 73 56 42 81 53 16 9 66 11 51 22 92 43 27 89 29 77 27 36 4 45 66 91 75 48 28 83 83 46 84 44 16 69 59 20 47 88 12 17 48 73 32 38 77 32 0 80 46 54 24 98 40 5 23 
7 55 16 89 31 51 17 67 85 82 9 97 3 26 39 96 15 18 65 15 32 1 83 59 80 47 90 66 57 43 28 56 97 65 97 31 35 25 58 69 50 12 87 43 4 32 90 45 67 10 5 39 15 95 96 62 40 31 52 82 73 87 24 94 98 92 94 39 66 77 80 82 15 68 68 89 2 95 40 10 14 26 14 0 56 71 55 70 93 62 6 31 71 91 87 77 89 84 81 52 60 95 81 9 1 16 56 86 65 26 14 48 7 0 16 52 21 25 35 93 14 69 22 23 2 58 2 48 62 25 32 71 45 47 75 90 7 14 22 10 94 21 88 90 46 98 70 4 69 65 97 39 59 78 9 98 46 74 37 24 21 32 92 84 82 85 67 42 41 60 8 95 15 88 58 9 72 18 42 59 25 87 85 32 92 18 75 49 11 42 80 0 79 83 77 38 54 77 13 57 28 45 60 62 19 19 4 85 40 91 62 39 35 32 67 95 58 81 68 96 66 42 39 73 31 27 70 2 9 8 21 62 99 28 91 26 87 90 61 69 46 45 3 96 81 90 27 96 80 60 3 14 10 74 77 18 13 77 29 71 56 72 87 98 66 35 21 25 33 57 19 22 34 44 37 67 67 34 73 80 58 45 1 35 36 54 75 16 74 75 76 30 66 54 94 76 18 89 37 19 60 92 52 47 61 80 39 52 28 21 60 59 69 93 18 85 95 78 1 55 9 66 72 54 4 15 43 81 89 46 29 61 41 83 53 17 90 81 23 2 92 53 37 24 72 25 78 9 71 91 75 30 22 59 49 44 60 1 90 40 26 94 59 63 66 2 69 83 2 71 71 98 83 20 0 4 99 96 13 14 40 55 5 9 98 97 6 56 60 42 75 54 50 53 24 56 97 66 38 66 84 10 0 39 21 20 1 38 99 57 18 62 7 79 18 73 96 51 49 37 84 44 62 63 99 76 56 64 86 77 10 65 36 18 66 54 51 75 11 3 95 98 31 5 71 92 27 2 24 63 48 91 42 69 62 82 52 81 27 5 11 20 26 17 38 19 29 58 85 84 87 18 55 66 22 20 28 0 68 23 67 4 16 15 76 92 12 68 33 85 77 49 82 60 14 66 47 2 16 92 
21 94 10 76 60 13 0 43 99 61 25 33 20 10 97 61 17 1 32 16 79 73 13 24 3 79 86 99 30 85 56 88 93 39 74 9 36 54 9 29 3 81 6 40 23 85 43 73 62 3 62 31 5 23 16 87 36 7 42 9 35 21 22 1 60 66 95 92 54 3 96 63 84 82 34 55 28 65 37 49 34 88 62 88 35 53 2 45 43 59 1 95 19 95 80 75 43 3 79 5 59 43 47 16 51 35 27 98 68 82 5 84 17 91 80 40 42 41 91 68 11 95 68 98 17 26 38 16 57 62 48 38 81 51 80 85 3 91 47 98 14 72 69 56 91 32 15 79 41 65 71 81 57 26 71 65 45 25 42 49 78 71 48 52 55 73 88 89 4 56 79 59 91 31 26 73 97 79 20 4 56 71 65 34 24 46 54 21 28 46 70 93 46 38 37 18 65 18 63 9 46 45 31 52 57 91 8 65 38 85 67 23 96 1 38 99 16 30 17 26 69 32 7 22 62 92 68 78 40 62 68 13 82 58 26 30 94 16 14 17 79 48 84 82 8 66 86 39 2 70 75 51 16 30 5 68 85 3 8 84 15 50 5 24 59 11 10 17 54 3 86 8 42 49 14 34 20 38 13 11 8 38 70 40 65 54 20 56 40 96 15 61 11 52 40 95 54 36 81 40 36 10 62 39 17 21 59 46 40 25 87 59 93 58 24 11 85 79 80 98 41 76 95 41 86 77 82 97 70 46 56 7 84 67 55 37 52 42 69 48 17 67 83 18 74 67 82 21 59 17 12 65 38 65 45 63 50 30 71 63 71 35 7 63 86 64 45 16 89 42 81 20 14 0 47 48 29 51 7 5 16 8 82 86 3 65 13 8 19 82 55 80 17 16 57 28 42 27 16 84 34 99 23 11 40 96 57 67 1 47 53 1 27 61 60 12 70 62 67 95 55 0 81 61 33 17 84 61 97 15 87 6 19 39 70 13 10 91 30 80 90 40 22 89 44 14 83 20 5 58 94 21 68 90 35 9 98 47 18 95 43 79 15 2 70 4 56 57 56 85 21 22 29 64 3 58 27 40 26 41 31 35 36 85 9 51 71 18 92 28 76 41 10 13 28 83 45 88 31 48 
18 83 52 78 41 1 40 36 85 79 35 36 37 27 87 0 43 51 82 37 88 38 62 44 48 68 22 22 27 62 64 33 85 79 17 31 46 49 65 90 1 32 24 85 34 49 60 14 77 53 60 76 85 31 63 63 44 96 97 74 29 50 47 33 52 75 78 83 61 90 58 33 7 69 78 91 34 65 91 50 99 59 4 99 79 13 93 59 71 85 21 60 22 56 56 75 63 33 1 26 93 18 90 12 76 24 17 19 74 19 31 41 73 64 84 29 95 71 10 4 40 51 65 87 42 0 22 92 39 19 54 81 14 83 82 52 27 99 65 88 84 7 22 90 76 65 66 47 16 41 99 9 75 78 74 52 86 54 95 96 43 91 11 24 56 8 78 52 92 92 81 75 27 73 54 78 63 20 27 57 22 74 28 91 48 14 60 47 76 34 45 34 55 47 46 50 48 37 6 49 12 2 99 47 56 77 44 24 99 94 75 18 89 8 53 77 40 39 35 15 34 8 93 62 28 46 73 52 78 98 82 59 42 24 49 65 57 27 88 21 95 43 57 82 54 90 82 32 10 70 54 29 40 92 14 13 28 80 2 77 28 95 73 65 46 24 68 8 5 16 74 4 39 28 59 94 12 20 10 31 94 49 3 48 69 87 42 23 2 40 22 62 12 88 69 95 68 29 64 85 8 14 73 15 99 71 63 86 24 47 50 87 45 22 8 25 25 71 87 40 71 16 52 3 1 81 76 19 29 67 45 24 67 10 10 67 20 29 94 49 77 97 74 24 86 99 94 67 4 41 23 46 69 31 18 51 63 62 55 42 96 30 22 48 45 77 65 86 93 59 44 28 51 87 66 1 25 90 61 43 3 46 0 4 75 73 78 82 95 36 21 83 46 10 80 66 30 1 2 0 50 80 9 98 58 9 2 54 11 69 9 41 41 8 94 12 82 31 65 65 88 21 76 64 2 99 3 49 43 84 73 48 39 11 52 52 35 76 73 96 71 10 41 76 34 9 35 78 20 87 11 56 95 18 38 81 64 22 47 22 63 45 82 7 17 74 79 78 17 10 96 43 13 52 30 52 27 40 38 20 8 62 20 38 94 12 16 7 76 97 4 36 98 47 20 29 88 52 92 19 
96 56 3 18 22 34 21 99 58 73 34 23 67 72 99 48 95 1 2 18 31 13 33 96 53 12 64 41 30 93 32 76 29 71 82 22 93 26 91 34 62 67 12 86 35 2 90 18 34 3 76 1 96 27 68 70 91 99 46 7 37 49 78 72 35 26 37 27 98 99 91 36 0 96 12 10 59 98 39 31 9 44 38 49 83 53 75 77 4 60 50 36 12 99 12 91 90 44 95 44 25 21 8 71 30 47 62 42 31 42 63 67 82 42 39 61 85 13 59 98 80 87 44 44 36 26 16 39 3 63 70 29 71 92 29 63 35 56 41 32 56 80 14 27 4 56 88 46 37 89 60 68 36 60 19 50 68 7 12 46 40 2 60 43 43 12 15 61 96 11 50 72 17 26 79 71 92 98 9 83 87 63 21 16 47 7 84 51 48 87 90 64 68 97 50 22 62 13 26 5 20 12 42 95 38 55 20 78 25 60 46 97 60 85 92 57 54 4 71 82 56 78 43 6 8 32 12 5 59 28 62 58 43 80 54 41 91 78 95 57 39 86 67 16 27 1 87 68 87 75 60 56 21 88 34 40 14 39 73 45 10 19 23 4 61 9 81 57 29 37 5 71 2 32 55 75 68 58 59 48 9 29 23 89 82 94 65 25 1 2 43 30 35 47 48 25 3 52 2 64 12 75 50 9 43 38 84 86 12 68 32 86 77 88 11 72 55 34 2 45 46 85 52 58 35 9 10 87 20 5 48 25 78 64 34 15 17 60 8 3 29 7 65 62 73 57 38 5 37 50 54 6 15 68 21 68 85 63 89 14 60 49 4 9 45 76 32 92 77 38 40 79 70 19 88 15 12 93 62 94 99 44 29 73 79 79 86 6 41 3 65 59 0 46 10 24 8 83 21 64 34 56 11 17 28 12 31 38 66 62 0 84 93 58 39 1 59 66 70 57 4 87 22 25 79 6 90 89 43 89 50 52 64 19 39 23 9 62 99 18 72 54 19 98 16 26 99 68 81 86 19 80 17 5 11 13 29 56 56 28 99 30 32 60 67 77 94 41 96 73 28 96 25 68 41 29 75 18 62 78 60 17 63 44 72 48 26 43 11 39 71 38 75 75 58 55 8 63 65 96 
53 54 94 7 17 87 72 48 22 33 49 24 72 17 83 24 1 36 25 26 80 13 21 27 80 22 15 58 46 30 64 48 53 39 8 40 36 45 9 29 22 7 18 90 58 92 19 33 85 89 37 99 20 85 76 6 96 40 30 17 33 72 19 32 47 33 19 79 95 89 64 88 49 72 97 51 53 0 58 62 15 94 61 89 43 11 25 96 57 94 32 98 86 7 14 25 31 41 11 59 69 83 37 50 58 24 84 72 17 11 78 8 92 37 35 45 90 63 79 24 39 46 21 0 12 62 84 10 14 93 72 45 99 7 84 47 78 95 45 44 75 47 41 7 63 69 65 43 28 93 4 59 28 94 33 5 15 49 86 44 47 27 58 56 48 89 8 82 55 13 86 44 77 79 28 38 52 7 24 14 54 5 46 9 58 0 40 22 31 63 96 26 30 74 29 37 76 5 38 36 8 74 45 11 6 23 11 50 31 97 92 14 59 19 10 89 5 26 49 50 17 14 42 61 4 97 84 87 71 83 87 61 37 38 66 74 67 47 42 38 81 56 85 56 95 99 52 92 55 63 73 46 64 61 72 29 88 30 88 99 86 31 52 83 87 65 99 17 30 3 33 35 61 96 87 44 42 97 16 13 78 39 60 89 89 44 89 49 82 0 77 20 96 42 88 73 13 48 23 15 62 55 75 12 8 98 85 37 77 45 62 57 49 9 94 52 35 87 47 81 63 3 59 60 42 18 66 69 48 41 25 69 52 51 85 86 4 36 72 24 3 92 5 35 61 99 31 30 10 30 20 63 17 67 10 80 58 16 45 88 2 2 62 2 54 55 63 76 43 92 40 77 84 64 82 68 77 64 94 40 14 26 37 64 79 84 41 34 6 77 70 85 69 53 26 63 87 47 65 48 33 4 89 62 49 43 81 15 13 60 77 62 44 13 77 39 26 46 2 2 78 83 73 24 49 84 13 55 56 20 31 67 20 50 19 6 17 55 78 9 57 40 78 59 91 76 10 42 80 45 11 51 56 72 6 11 20 9 54 75 3 84 20 11 2 68 65 19 4 78 33 26 46 54 62 92 39 52 54 69 76 37 56 74 90 63 4 56 40 86 18 75 27 0 81 0 50 0 69 42 
23 71 93 13 59 91 69 72 37 55 18 93 58 78 31 55 55 87 29 43 12 98 78 66 20 77 14 89 49 49 73 2 45 41 27 27 21 99 34 76 60 19 26 58 83 89 95 1 52 62 55 33 17 93 39 48 75 69 39 11 62 19 58 52 2 14 55 95 2 95 39 95 76 94 94 83 54 88 47 76 80 51 47 58 46 55 16 46 39 18 60 6 29 14 71 35 27 93 17 90 48 61 26 86 86 42 54 61 84 65 56 37 99 70 88 93 3 32 20 76 60 47 73 85 3 70 2 20 38 34 9 87 55 79 12 25 81 77 57 91 95 34 90 28 62 79 84 18 68 36 2 9 10 23 89 4 46 19 37 62 58 9 75 39 89 27 48 47 81 61 44 82 25 49 25 20 83 58 89 23 70 15 19 78 26 68 73 56 36 29 2 78 96 2 50 6 36 51 60 45 39 37 75 81 21 56 4 6 77 35 49 69 12 13 91 35 4 85 45 77 57 64 58 8 62 49 19 51 55 62 3 66 62 33 26 77 76 5 41 37 77 18 90 59 11 74 14 91 34 90 77 42 40 24 40 79 59 34 22 82 83 35 40 51 22 25 97 34 93 43 86 22 21 99 97 71 93 74 84 14 70 83 60 68 97 38 79 80 15 58 51 81 39 16 36 63 55 1 39 87 88 50 24 61 0 86 37 21 65 90 32 65 91 48 8 10 12 0 82 54 59 35 53 1 15 44 91 59 54 5 26 80 86 70 47 41 38 4 36 70 8 92 32 60 10 13 15 69 54 7 91 38 42 94 26 37 52 59 44 14 10 89 12 99 26 46 78 10 88 55 32 14 20 90 86 38 93 62 2 81 66 52 48 87 13 20 88 27 1 33 37 33 8 93 78 33 24 25 83 73 61 29 22 60 72 86 3 64 42 55 73 57 68 25 1 22 82 3 80 11 22 6 44 8 58 6 19 17 8 80 24 90 29 28 22 89 84 22 98 93 49 37 83 86 29 56 68 47 87 25 90 74 91 14 82 22 71 26 21 57 83 84 6 48 97 38 32 88 16 96 85 38 69 2 46 59 92 64 36 93 28 76 97 76 93 25 99 84 12 6 86 65 68 13 33 56 28 61 39 18 
13 14 82 3 18 27 56 77 81 8 60 80 63 2 35 12 91 44 83 57 15 83 39 98 23 3 81 14 78 47 53 46 59 43 78 11 8 69 98 83 65 74 1 57 18 26 50 54 93 69 58 66 71 3 24 16 89 95 93 45 36 95 0 85 16 83 97 15 44 3 76 90 54 85 23 24 8 88 51 20 52 33 15 54 64 32 69 54 85 91 51 97 81 53 61 83 94 66 35 90 61 16 78 89 75 93 58 41 14 75 58 92 99 69 51 26 79 84 58 89 40 92 73 11 57 85 36 63 48 56 88 68 19 82 47 41 93 82 41 26 39 97 51 98 10 7 98 10 90 89 58 72 28 35 80 47 0 3 12 90 7 85 23 39 10 56 12 86 58 72 45 54 87 5 57 7 6 77 92 89 36 58 62 92 3 18 95 92 11 3 31 3 50 81 13 81 87 5 57 67 93 11 15 55 86 35 94 62 18 41 72 71 82 87 10 48 28 43 80 23 49 29 15 15 61 72 30 66 62 51 18 69 71 47 25 85 29 40 32 44 90 61 48 26 22 84 98 45 12 73 29 75 71 73 81 77 76 86 18 55 9 25 15 51 2 65 91 26 67 86 28 45 11 28 62 39 11 9 42 31 10 40 80 73 24 43 93 50 72 15 57 0 98 79 24 46 16 7 35 79 49 90 22 28 80 70 31 61 34 70 41 89 18 71 99 1 88 99 71 69 36 20 62 76 92 45 72 61 17 54 7 7 81 84 77 30 9 11 39 62 2 55 21 15 49 32 58 94 67 46 86 75 36 55 55 83 20 71 76 9 51 19 69 59 69 49 10 30 86 7 74 34 87 72 52 11 22 46 3 52 98 38 31 52 85 78 90 79 32 53 36 81 48 76 11 14 45 15 90 81 80 14 59 34 25 41 31 50 5 9 13 97 76 49 18 87 38 43 60 77 78 4 72 70 80 3 34 70 99 28 3 43 70 20 56 2 77 66 37 51 6 45 67 70 57 97 79 77 63 72 60 52 70 86 60 80 93 6 69 15 89 14 26 83 45 13 95 73 70 68 72 0 18 79 54 78 62 52 98 61 41 19 24 62 11 8 59 86 21 27 22 66 63 51 18 73 8 45 77 4 
52 77 90 29 72 33 26 42 2 64 79 16 95 2 18 27 1 31 50 9 0 73 31 27 99 65 97 98 39 68 37 10 8 82 64 43 49 64 10 49 53 67 13 94 61 72 15 60 68 61 33 36 48 80 41 25 35 30 93 46 62 98 17 96 77 80 22 54 71 92 68 5 51 12 13 54 19 45 23 93 1 24 28 68 63 87 32 49 38 5 63 12 14 88 59 25 63 53 8 45 72 6 30 42 61 27 7 96 62 5 54 17 83 58 75 45 16 96 52 6 73 94 47 1 42 16 8 18 31 99 58 77 68 56 97 13 11 96 47 61 26 32 20 17 62 53 66 78 28 10 52 65 59 85 37 57 6 64 48 19 40 97 87 85 81 28 41 34 83 79 69 29 93 74 40 96 42 80 48 87 62 29 26 49 84 82 48 63 43 46 31 95 78 75 72 74 81 4 2 72 31 56 96 91 57 43 35 51 60 90 18 69 26 53 28 75 93 5 13 79 36 40 45 70 62 44 69 59 16 70 56 56 30 87 73 40 53 83 61 37 79 53 64 92 40 15 23 47 92 90 85 6 9 25 49 97 67 66 26 97 44 37 18 1 84 48 60 47 65 74 78 99 24 20 58 63 69 45 75 96 87 53 69 48 71 8 73 12 33 48 39 84 3 88 37 52 62 31 9 89 22 88 18 37 14 91 23 67 56 72 51 43 74 94 60 20 69 67 47 83 60 14 27 55 8 69 33 73 91 44 88 50 95 38 44 46 97 82 5 59 53 29 25 63 12 62 69 11 31 77 71 60 77 72 64 54 52 91 30 87 60 44 52 21 1 94 61 39 13 57 2 72 29 6 3 25 53 87 27 48 29 10 51 58 39 10 4 67 6 66 52 74 87 1 11 34 34 66 42 59 3 29 99 10 27 64 30 56 13 51 19 68 84 6 62 43 99 1 28 51 54 2 30 72 18 5 59 30 68 56 28 71 62 28 0 52 67 32 86 5 69 48 53 46 55 69 79 12 67 63 63 73 56 43 29 42 61 58 45 89 22 70 66 26 87 31 28 83 50 33 54 80 24 56 53 0 19 3 19 12 21 33 31 39 17 61 17 71 82 46 4 30 25 10 71 41 96 66 97 30 
23 90 24 8 46 1 95 55 91 44 62 51 61 64 66 61 24 65 34 32 47 3 90 50 84 14 94 16 75 10 33 62 38 93 50 13 96 61 78 41 35 29 64 63 50 86 93 96 70 93 20 96 48 15 9 49 19 81 24 46 0 85 21 18 0 65 61 9 28 59 20 98 27 56 80 34 47 53 88 72 93 14 55 49 35 45 26 70 27 11 85 47 77 1 65 15 20 58 17 93 61 34 91 73 20 58 4 44 39 59 47 56 83 69 86 75 58 41 17 29 15 72 73 60 40 12 21 40 22 92 86 64 4 44 48 19 45 68 98 30 75 54 54 25 0 56 62 79 92 2 86 19 71 92 51 21 53 92 64 26 74 87 3 36 99 28 2 95 10 16 95 87 97 0 44 30 86 80 7 57 10 6 53 36 27 3 53 81 70 28 59 41 25 91 10 17 49 38 83 38 36 0 31 32 9 11 74 28 59 6 45 60 43 16 21 51 92 1 17 57 45 56 86 64 98 24 45 40 15 78 73 24 90 15 77 41 77 78 52 82 19 1 99 69 83 77 20 45 21 14 16 17 57 59 17 79 98 66 21 61 20 32 77 0 80 52 43 45 95 81 42 1 72 28 71 48 86 11 28 69 47 70 62 24 15 75 4 48 71 65 22 91 20 69 83 23 95 9 39 37 86 76 56 61 8 21 91 91 37 63 77 52 12 93 99 62 54 19 91 33 11 1 31 2 59 3 67 92 69 9 82 60 99 71 65 17 90 7 96 13 11 89 89 94 74 44 78 8 38 91 37 10 90 87 70 88 82 67 93 44 13 44 88 55 13 58 23 29 95 82 94 20 84 98 67 70 33 13 84 62 59 72 59 60 55 1 29 67 24 77 40 58 16 70 45 50 68 73 4 99 78 6 24 9 89 44 70 28 0 22 9 79 74 56 25 2 34 53 5 15 17 94 45 19 12 11 12 96 96 40 69 0 39 39 36 67 21 96 11 26 31 93 77 8 94 92 55 69 31 17 26 97 22 32 64 86 80 87 14 69 30 64 33 51 22 73 44 6 4 11 54 57 94 48 16 21 32 40 89 61 98 71 59 4 58 17 37 28 45 86 51 39 25 59 30 38 16 0 65 96 
59 56 51 64 69 5 94 12 58 45 22 21 28 54 10 17 9 28 28 53 73 92 87 59 1 30 14 61 20 8 91 27 97 14 5 21 49 86 10 36 6 65 35 2 97 37 17 8 88 88 80 40 46 93 62 16 39 62 90 57 83 22 10 19 26 55 42 80 34 6 37 35 72 41 60 59 19 62 25 4 30 7 98 14 56 6 80 43 46 17 54 70 59 60 53 9 51 94 40 2 70 49 83 78 74 34 17 93 60 64 46 58 39 8 34 70 38 45 84 75 26 81 18 87 50 11 50 64 35 95 28 87 19 99 92 88 66 79 14 76 91 79 96 81 7 31 64 45 40 27 87 94 12 48 82 33 4 60 35 74 38 37 89 6 16 36 79 14 28 99 43 87 33 43 95 6 59 96 12 82 54 65 73 80 27 68 29 75 43 25 13 48 80 86 97 43 42 72 62 63 30 0 15 14 49 24 30 57 14 75 94 34 17 73 26 2 27 32 36 54 5 24 23 24 78 85 39 20 23 23 27 64 42 1 31 50 79 54 62 17 85 20 41 61 79 29 2 16 29 88 59 17 70 71 11 30 75 62 90 30 34 65 31 72 95 70 75 99 11 33 19 58 11 67 74 26 67 12 60 5 75 60 46 89 64 16 55 82 8 94 83 80 20 42 2 64 14 91 55 36 78 57 33 9 96 32 33 37 18 29 61 10 72 24 93 30 89 6 8 91 80 71 66 76 43 31 67 8 82 64 26 42 19 59 39 26 4 83 42 76 50 26 37 62 85 72 19 11 96 53 87 85 83 2 6 38 42 6 64 99 83 73 70 76 58 65 75 16 60 1 48 28 90 42 88 46 44 76 98 40 78 69 49 25 73 75 29 91 1 8 91 49 57 14 81 35 60 5 47 84 83 84 17 92 11 85 22 78 4 60 84 7 38 66 21 55 3 31 9 67 81 78 57 4 77 35 80 91 68 37 68 22 57 45 99 33 64 27 42 89 18 60 90 65 60 52 97 46 52 56 39 37 57 86 38 58 6 64 3 55 38 23 86 76 59 13 67 30 9 72 62 75 96 32 79 17 4 3 11 95 24 88 3 50 45 38 10 99 73 13 41 48 3 85 49 25 24 98 81 33 
90 24 60 53 16 77 37 1 11 27 65 85 92 45 37 93 42 37 24 8 64 11 72 61 74 17 12 95 20 62 48 67 24 88 21 95 78 13 66 29 64 64 96 93 51 29 24 27 55 50 66 20 97 64 58 62 75 38 32 43 8 48 70 95 74 62 33 68 44 41 91 58 24 18 79 18 25 23 10 87 4 79 54 28 16 66 52 29 7 71 1 80 75 43 61 57 49 83 83 61 76 78 56 16 65 30 28 53 35 27 53 82 85 59 49 84 91 55 54 40 49 38 51 43 41 93 94 35 99 15 64 86 26 54 21 38 74 34 89 78 27 20 2 64 75 54 79 63 28 57 56 51 25 58 46 91 83 17 93 78 26 91 9 78 40 51 38 33 12 0 79 64 80 36 89 88 93 96 39 62 19 74 33 27 3 15 90 41 39 87 2 17 38 41 48 33 64 64 10 52 53 30 54 7 95 18 1 19 4 49 67 72 86 64 14 72 64 61 54 36 16 91 48 18 53 63 49 36 34 41 90 52 83 90 38 97 6 30 80 28 19 41 97 6 19 94 15 29 67 12 15 5 71 65 17 25 5 52 54 95 16 5 90 64 69 46 23 39 40 48 84 96 90 0 70 67 93 16 40 50 81 17 17 40 66 61 11 19 6 67 1 9 72 70 38 61 84 64 40 4 86 65 26 42 17 22 98 16 53 98 9 29 21 58 76 52 84 11 87 24 74 38 72 35 21 27 50 23 82 7 22 50 58 23 6 59 45 0 24 41 34 24 98 64 79 12 76 46 41 36 53 71 11 88 13 20 84 16 25 1 63 39 5 25 2 47 76 14 97 88 2 81 32 26 34 27 27 95 72 49 78 30 4 65 28 41 9 1 67 61 21 23 1 19 65 70 94 41 7 16 37 15 82 5 7 52 34 35 14 84 89 78 98 42 58 17 82 57 47 42 17 2 76 90 86 77 74 81 96 98 60 49 46 2 21 68 80 98 30 75 99 21 55 44 2 69 49 12 72 56 53 26 95 60 87 46 17 40 47 45 74 52 79 0 47 3 11 19 66 44 78 44 22 16 66 12 80 57 98 78 78 26 53 97 35 37 33 39 39 65 65 75 20 57 96 66 40 76 48 29 
10 19 18 42 0 11 90 6 22 0 81 82 88 23 12 88 92 86 84 24 6 42 80 38 48 83 63 86 6 4 31 95 46 97 77 48 60 80 30 73 44 40 25 64 75 63 62 59 86 44 58 65 20 64 16 95 8 48 16 69 36 6 94 1 44 39 36 79 74 62 27 85 56 39 12 5 50 34 75 89 98 25 96 67 93 83 29 29 8 51 14 2 30 68 43 26 32 54 95 58 30 61 58 3 96 36 76 97 69 53 22 51 35 99 58 10 16 23 14 13 50 76 34 78 5 73 19 34 96 32 6 86 21 49 1 47 67 23 38 67 73 34 81 8 1 44 56 9 21 37 5 47 0 86 8 29 84 37 66 55 90 47 45 67 22 61 72 93 30 72 38 20 73 94 30 13 61 26 26 92 24 43 32 50 49 63 84 30 71 8 31 66 26 18 36 48 18 67 93 75 40 2 36 32 62 14 86 78 74 23 51 29 82 27 36 70 54 2 2 94 14 98 68 78 74 84 90 49 40 3 50 20 17 87 79 90 10 73 1 2 96 33 4 22 30 71 89 77 26 15 81 44 74 55 95 16 40 67 76 99 96 31 36 6 73 47 0 82 35 82 30 46 40 31 45 23 84 61 2 28 45 30 34 41 22 23 69 3 51 66 78 66 38 52 47 73 17 48 20 45 28 55 67 57 52 13 86 85 0 8 89 46 83 23 57 56 39 46 50 17 68 33 68 25 67 30 83 19 84 7 77 51 62 99 70 44 71 51 59 40 19 28 32 37 5 19 98 66 87 33 69 26 74 68 5 61 22 29 76 29 71 92 63 47 20 25 40 2 94 5 15 55 21 32 52 97 74 92 61 55 4 26 60 24 17 19 67 61 28 78 97 50 4 19 92 54 62 39 45 52 87 47 60 74 64 34 5 87 78 31 33 82 42 66 57 92 41 18 84 58 79 71 23 47 69 17 62 67 29 84 89 41 37 1 16 18 22 77 50 19 2 77 92 43 27 26 33 4 83 13 77 56 57 2 30 83 50 0 26 23 3 96 11 70 96 71 64 43 42 5 85 96 25 48 64 79 1 44 64 92 74 32 14 2 82 97 34 36 53 98 20 29 83 15 56 67 77 10 31 49 
89 58 72 47 55 18 98 6 16 26 30 12 7 20 86 12 52 14 83 82 20 53 72 6 74 77 73 79 55 88 39 75 65 80 48 23 61 69 29 75 98 7 46 39 72 3 39 84 49 43 32 86 15 95 58 10 94 87 44 51 63 22 54 69 88 76 85 69 70 71 79 15 57 54 30 13 83 90 35 15 60 74 71 68 32 63 41 72 74 11 89 10 99 81 69 84 90 16 59 16 10 39 54 62 13 5 36 59 88 10 23 16 54 62 26 39 93 84 43 33 22 50 98 49 57 47 60 16 6 41 13 57 34 8 83 23 60 59 89 29 21 65 43 33 42 95 26 4 17 64 30 36 91 37 97 11 89 18 91 0 92 88 28 72 89 24 78 50 44 48 52 30 88 81 15 22 16 57 38 22 81 26 95 70 12 70 83 69 41 40 10 12 8 23 25 32 83 18 43 0 48 36 55 27 49 97 50 80 45 36 0 42 60 42 81 62 93 14 88 15 91 79 20 38 63 52 21 34 89 38 62 37 73 55 64 11 26 64 9 79 75 48 82 7 86 32 86 13 23 66 48 68 78 46 10 32 44 37 75 65 37 76 74 32 93 33 53 95 73 20 44 62 32 9 25 50 92 32 24 67 1 21 35 69 99 1 24 26 79 80 82 34 89 44 9 66 99 98 92 14 69 52 55 13 52 35 45 23 32 26 0 71 35 6 56 17 49 20 90 61 81 80 69 76 1 2 77 58 20 78 25 65 23 60 98 94 50 42 86 9 28 18 70 49 82 15 92 37 84 63 56 80 0 64 5 16 88 59 10 33 2 66 2 0 70 60 81 2 18 75 36 77 60 88 42 67 41 39 56 40 53 38 89 73 3 66 26 37 62 37 30 95 68 52 70 94 74 84 31 12 60 12 82 54 71 37 80 26 56 38 33 67 66 1 47 97 99 45 4 44 27 77 8 83 82 61 48 12 27 80 33 70 61 66 81 93 29 43 31 9 51 0 78 77 33 24 36 22 78 29 51 69 88 68 35 81 93 18 93 13 18 12 51 32 44 82 29 69 66 40 32 30 59 49 82 91 22 95 17 56 71 46 10 31 4 48 92 11 88 9 97 78 94 61 9 95 17 98 22 15 
11 2 3 85 27 73 72 85 92 86 5 15 23 52 31 43 67 3 7 2 3 56 56 78 67 85 47 59 97 60 28 87 83 27 88 75 12 92 77 58 3 82 34 21 88 39 32 40 30 35 36 61 51 78 69 42 74 61 56 35 11 7 82 0 66 57 79 8 81 58 33 3 7 49 22 73 5 31 70 47 4 98 46 97 55 62 37 21 14 86 53 40 99 10 94 90 36 86 91 95 14 23 76 99 17 8 46 41 79 17 68 47 65 55 63 29 51 58 33 96 16 30 71 33 46 43 38 23 66 53 93 97 71 40 77 87 76 56 98 70 40 83 88 17 18 89 65 83 87 17 63 99 34 87 95 79 46 9 95 80 92 49 6 73 53 55 82 62 20 7 90 11 51 18 96 53 58 2 49 59 88 87 39 53 54 95 0 50 42 12 81 76 72 48 67 28 43 86 69 77 46 95 58 92 96 7 57 10 45 37 31 99 25 16 43 43 87 76 45 93 51 52 47 9 32 5 39 73 65 11 55 44 49 31 17 79 96 0 79 1 67 58 82 80 11 52 57 40 42 1 73 28 71 97 18 35 23 88 37 25 24 80 24 98 49 11 76 46 90 83 66 61 41 45 60 28 41 7 71 41 18 21 21 16 77 15 51 39 58 85 24 11 3 67 31 95 94 10 27 41 90 71 61 87 74 22 39 71 51 25 7 66 47 42 5 93 21 70 8 93 43 64 21 97 26 22 70 21 97 58 14 53 57 11 82 94 7 1 16 45 25 18 57 62 86 47 65 66 36 27 21 24 85 78 68 88 34 84 35 45 29 62 5 45 57 53 75 91 6 75 75 60 56 63 55 93 54 68 24 88 97 16 60 88 9 89 57 66 42 96 91 2 23 14 15 87 45 8 61 77 65 14 83 67 83 66 31 56 67 21 64 46 93 66 27 63 77 82 67 19 46 68 6 10 42 86 18 88 42 20 64 41 8 11 98 24 58 68 55 99 65 70 79 73 54 38 32 15 76 54 64 75 82 39 51 49 6 2 36 2 22 69 7 99 86 39 26 64 74 10 33 61 53 64 90 73 26 26 17 72 86 51 34 68 39 13 68 20 3 67 50 85 68 63 24 86 43 16 64 26 
38 30 42 75 30 97 33 57 97 56 30 15 20 2 46 45 76 98 31 51 78 31 87 37 41 78 9 99 87 80 60 91 2 66 25 96 56 14 31 13 33 18 57 19 45 20 28 88 2 62 57 25 70 67 69 96 12 54 67 53 55 17 82 10 63 53 0 1 52 75 30 67 12 70 17 13 97 96 55 53 67 10 62 83 51 92 62 13 65 99 2 29 41 61 17 48 60 94 85 62 1 57 60 52 58 3 65 21 69 73 61 42 70 8 34 88 82 72 60 6 64 86 90 22 72 30 75 72 45 59 33 38 16 50 70 79 5 37 30 86 16 77 96 56 16 89 61 65 90 93 36 4 14 17 74 61 1 22 14 59 19 79 4 45 99 64 32 26 99 59 8 45 90 47 29 78 27 90 2 57 95 49 89 42 2 29 72 90 74 52 83 57 53 86 26 61 88 53 66 85 63 91 31 89 35 39 52 93 34 73 54 5 10 90 2 64 88 27 98 16 70 84 82 25 35 80 95 47 10 23 51 17 2 48 34 39 92 25 9 32 45 4 17 33 46 46 42 20 49 77 41 36 90 98 98 91 65 89 46 98 22 61 80 62 58 18 91 35 28 25 63 25 81 77 27 92 7 27 34 0 4 13 25 33 69 22 37 33 84 77 16 55 43 71 6 95 62 81 44 40 40 43 64 16 41 22 88 26 26 96 87 68 49 1 77 20 99 32 93 56 47 72 13 93 85 36 94 36 79 22 38 78 87 63 46 22 1 1 75 0 30 29 94 65 61 7 26 32 0 88 11 19 55 2 13 70 57 94 35 11 27 19 20 62 85 53 2 99 17 40 33 38 7 50 74 34 27 26 9 58 93 34 91 12 82 92 96 6 61 92 4 17 29 53 12 96 50 61 40 78 22 98 46 20 73 35 57 33 11 90 92 50 53 59 53 71 54 68 45 79 64 30 28 65 25 5 32 39 59 56 87 96 96 99 30 16 77 40 37 51 57 59 47 79 21 69 68 69 35 19 14 50 87 89 56 65 96 17 6 80 79 16 29 32 57 67 73 57 54 5 16 58 54 61 56 41 95 21 29 58 71 70 89 81 88 67 56 41 37 34 60 91 10 70 64 39 43 58 66 25 
9 50 27 62 1 56 26 93 41 52 81 25 52 7 67 84 46 41 48 54 52 65 27 38 45 67 49 9 97 92 3 33 69 12 13 47 75 36 8 79 15 48 53 35 82 88 39 99 73 39 8 76 26 53 6 80 39 33 60 77 79 25 82 80 58 45 44 67 99 25 19 66 35 79 68 23 35 64 75 53 74 42 27 14 86 1 67 63 8 78 88 83 22 9 0 22 96 82 74 21 73 79 51 15 15 96 61 2 73 86 5 66 80 4 54 53 4 19 84 92 29 61 19 76 73 28 64 77 64 8 9 79 9 54 59 42 30 98 55 91 64 8 6 15 55 70 22 84 33 10 34 30 9 90 83 44 25 67 80 82 69 89 42 86 32 7 73 22 17 71 63 15 86 45 82 68 52 97 84 40 68 46 97 62 12 88 37 18 12 8 22 0 15 7 20 61 41 88 23 51 7 42 49 42 1 13 13 16 90 24 47 92 17 63 21 63 3 29 53 35 16 33 72 17 67 24 10 96 52 50 10 86 24 27 29 11 12 60 79 8 81 38 70 21 96 61 93 70 4 68 91 70 97 24 44 45 51 90 63 93 54 46 74 39 57 90 7 71 0 66 31 83 66 13 32 15 74 44 35 38 34 9 66 44 57 59 58 85 22 64 52 58 18 59 87 13 88 7 6 9 23 11 90 38 12 0 66 33 54 76 5 52 38 36 43 81 14 84 36 29 93 58 38 7 56 36 25 69 96 6 3 22 87 39 12 60 15 35 24 12 93 89 0 48 26 53 11 80 60 45 36 92 46 64 30 61 29 63 3 90 82 63 94 45 76 94 25 94 36 34 78 59 53 83 52 25 97 76 40 50 33 17 88 15 16 26 95 15 40 51 38 53 16 70 27 23 49 21 25 8 57 33 19 91 44 86 60 0 51 6 90 2 51 76 22 29 4 68 51 75 37 80 82 90 57 4 74 39 78 58 11 61 97 12 61 99 90 63 98 20 13 57 7 25 73 29 39 19 73 62 4 50 80 61 91 88 97 83 54 86 47 15 89 70 61 3 66 80 86 72 72 54 70 94 89 14 8 50 78 33 11 64 44 90 74 40 93 63 85 16 45 96 53 30 93 74 55 54 19 6 
76 75 27 57 71 98 21 6 3 46 13 6 70 46 48 23 70 92 15 52 68 24 41 8 99 77 4 6 10 25 92 56 84 30 43 82 90 95 12 76 90 21 86 62 63 96 47 13 93 93 58 83 18 41 91 35 5 58 97 53 86 96 8 14 42 63 39 69 33 99 47 9 9 80 14 23 97 15 95 98 18 84 23 75 40 89 94 32 68 11 90 28 72 28 13 42 63 65 1 13 67 68 77 29 77 89 45 90 8 21 58 97 93 71 47 5 61 35 8 92 95 38 33 34 51 95 69 73 3 91 51 70 85 12 28 67 93 53 67 34 93 15 62 92 14 59 41 5 9 62 71 87 70 73 15 96 67 23 25 18 28 95 50 53 10 90 22 96 30 36 35 40 43 14 48 47 90 20 48 98 1 36 81 56 25 51 96 34 25 86 53 55 52 0 62 30 58 42 93 27 42 75 11 55 46 48 83 32 4 59 83 68 20 72 47 83 69 68 0 55 28 6 9 40 66 58 87 29 10 56 66 17 59 32 21 17 83 99 14 20 20 10 31 84 74 66 72 93 21 92 95 24 36 89 0 6 71 21 24 32 37 4 84 57 57 73 34 18 29 98 44 66 11 7 80 78 67 66 11 50 14 51 12 64 74 89 59 20 82 73 15 82 75 6 13 84 90 60 18 11 56 53 62 55 32 52 18 1 0 0 35 93 91 41 56 56 93 9 67 64 55 30 2 9 52 66 99 6 92 55 44 4 97 27 45 90 11 11 40 66 32 44 38 67 72 58 3 36 73 69 25 51 62 40 30 69 61 36 47 6 70 53 90 96 79 98 86 41 93 47 12 4 84 58 98 91 89 63 93 99 23 1 56 12 16 87 79 44 21 16 81 72 81 13 30 44 90 89 4 20 97 59 64 8 6 18 83 26 87 14 42 29 77 89 3 8 12 16 36 35 13 22 41 38 92 29 17 27 14 76 29 48 87 9 1 62 45 81 11 8 89 36 97 3 2 65 25 18 86 73 23 5 43 86 59 5 79 92 99 86 96 15 87 85 75 60 95 37 38 53 89 76 95 54 79 21 87 45 71 52 55 68 62 3 17 25 14 88 67 90 32 13 43 46 84 66 82 72 21 97 
87 23 8 46 82 58 12 6 22 25 77 34 10 79 82 40 67 97 75 5 55 15 39 95 56 22 81 32 7 37 61 64 55 64 13 75 9 2 52 39 54 17 63 57 59 16 47 82 51 20 66 48 55 19 81 8 29 81 25 66 95 15 29 47 30 26 36 27 8 40 99 59 27 18 69 61 51 85 25 85 59 84 95 18 91 58 23 53 56 76 18 25 1 30 10 17 1 47 61 38 60 94 81 95 14 34 22 85 81 96 83 30 39 35 54 91 68 16 30 86 21 8 46 73 93 7 92 99 79 77 27 86 24 15 1 99 46 62 3 50 89 20 98 57 69 64 26 14 61 14 41 90 71 27 51 13 47 64 3 44 72 18 24 90 32 86 64 82 51 75 81 11 92 60 46 57 87 46 12 7 98 34 95 38 14 67 90 89 24 26 34 26 84 17 98 44 1 93 78 44 86 63 5 69 21 90 39 87 28 39 33 72 16 25 67 90 22 74 78 23 91 78 87 41 80 74 10 12 22 51 55 11 34 0 18 27 80 13 93 54 89 14 94 7 26 4 70 69 23 14 82 72 92 6 92 78 19 1 80 35 31 40 74 96 7 41 11 2 57 29 96 27 89 95 90 92 24 17 88 15 46 33 53 71 88 96 90 53 22 62 75 97 44 8 89 42 46 89 31 78 81 6 67 29 16 50 36 12 11 46 73 1 47 61 32 25 46 62 52 65 4 1 89 17 54 35 18 43 54 66 43 18 95 44 67 77 82 99 63 58 38 33 13 83 36 73 44 85 82 90 24 43 41 46 28 24 32 97 18 19 91 39 67 23 20 76 24 75 28 78 24 63 97 92 99 76 63 97 98 73 53 27 52 70 73 73 57 89 27 7 85 83 17 60 7 68 51 32 38 54 89 3 59 35 29 98 28 89 63 41 65 49 98 52 54 91 33 42 24 89 65 39 79 3 85 61 54 70 32 41 8 67 66 43 96 85 13 95 64 49 5 29 60 18 97 47 80 2 16 57 0 8 88 2 35 38 42 58 90 20 83 67 8 25 46 44 10 38 13 54 43 81 16 37 86 24 11 23 22 26 11 79 39 37 12 5 54 4 97 83 9 47 5 39 76 29 53 71 3 53 
2 85 1 28 52 85 72 18 78 24 6 43 68 10 83 41 63 86 12 11 89 48 32 91 73 15 93 38 67 73 25 67 62 27 45 59 65 77 58 25 81 26 94 27 1 40 61 27 83 51 49 84 46 17 27 63 11 89 71 37 65 8 49 56 23 85 21 2 68 70 12 76 81 5 52 35 50 35 89 75 24 70 77 18 64 3 53 15 84 52 94 30 18 90 99 71 61 61 75 4 68 30 49 48 16 33 14 90 17 53 67 7 80 13 80 87 32 28 88 77 39 59 49 16 58 77 86 36 91 92 24 10 1 10 6 85 5 54 21 97 32 24 50 49 61 51 41 95 65 5 94 46 96 4 93 15 13 47 44 16 45 46 88 15 64 43 76 74 8 37 44 27 87 34 12 37 50 15 49 71 7 59 88 33 91 38 87 9 8 91 87 83 31 23 90 76 48 79 33 79 34 88 33 2 68 82 15 80 48 75 96 31 99 96 74 83 37 17 24 63 91 49 20 84 34 92 91 4 41 16 73 34 34 76 98 70 57 48 4 62 26 62 42 82 8 6 76 55 57 92 75 72 72 8 35 72 21 15 52 72 24 68 14 16 36 6 60 37 61 64 15 74 40 40 86 25 94 28 1 11 88 85 39 54 61 10 8 75 64 58 7 72 72 33 58 8 17 76 71 96 21 42 67 44 55 73 62 47 50 81 46 55 9 44 55 49 25 6 34 60 88 83 56 23 57 54 95 67 28 88 23 69 32 78 34 82 13 57 40 97 59 3 28 33 12 87 0 90 61 68 67 3 88 20 73 66 12 27 99 92 33 9 8 68 58 80 42 29 68 88 93 10 1 13 80 26 33 27 86 33 91 13 73 21 76 96 1 68 63 60 66 89 9 34 25 93 83 76 36 8 56 59 65 15 52 79 93 97 21 48 61 89 70 7 9 70 41 2 83 50 1 13 46 2 43 97 39 66 96 42 84 45 84 96 3 32 49 49 42 75 67 62 77 62 11 3 51 13 82 68 0 95 7 94 6 52 31 93 54 74 4 2 6 40 8 24 25 0 87 23 54 39 12 50 53 82 24 29 94 55 75 17 72 40 27 59 1 99 54 50 10 87 47 61 37 2 96 0 13 56 
27 49 78 99 34 86 50 31 44 70 56 43 12 37 86 12 68 80 72 46 94 96 15 70 62 9 38 47 93 14 60 87 88 23 14 43 31 84 60 53 3 20 3 94 94 20 0 0 31 13 15 66 90 91 16 42 8 84 22 62 22 56 90 42 86 26 18 36 39 50 15 81 62 93 24 35 64 86 72 44 10 94 42 42 83 59 94 15 45 4 18 48 51 12 67 60 97 84 30 46 40 62 83 70 8 47 95 67 83 55 3 11 99 76 20 31 63 92 69 27 90 7 13 72 61 68 54 2 94 42 9 16 0 90 31 69 57 96 75 98 50 47 25 94 82 93 6 97 97 46 29 68 90 75 78 47 7 79 21 55 76 93 36 31 54 44 37 50 54 62 82 7 45 15 74 40 5 30 5 11 29 45 66 54 21 78 36 92 93 92 6 97 3 43 48 14 91 95 7 72 38 23 14 87 60 41 90 54 78 20 43 49 52 42 8 62 52 63 32 32 31 61 50 93 0 18 26 98 70 11 22 92 9 2 92 65 32 74 16 99 5 9 32 33 33 23 86 56 14 30 30 35 82 33 97 69 50 24 81 22 99 64 97 49 27 3 24 78 40 99 33 96 48 63 42 52 84 42 1 55 99 91 14 72 49 56 62 41 97 15 36 99 31 22 54 80 53 82 38 37 12 26 21 21 37 29 23 45 98 49 57 75 95 42 88 60 81 78 31 48 50 98 38 85 28 53 47 9 2 11 77 95 85 5 68 77 24 35 49 81 10 30 62 49 19 95 39 86 1 11 22 19 76 88 20 71 68 89 69 15 55 74 78 76 74 46 93 21 23 56 78 11 0 31 59 41 46 78 12 15 17 99 92 42 39 91 34 94 35 62 80 6 51 39 26 11 39 95 26 36 16 22 22 57 29 70 30 35 49 67 71 46 9 55 69 96 63 58 52 29 28 72 48 79 62 26 27 77 85 95 25 62 38 40 47 79 32 26 89 70 27 54 64 92 74 85 16 13 69 53 65 25 23 80 73 54 16 67 73 85 62 86 55 97 90 2 4 82 25 79 57 46 8 79 27 36 15 66 67 22 68 60 19 41 40 16 58 74 74 43 78 92 65 12 52 95 34 80 64 78 
69 41 90 88 16 99 83 71 16 7 56 71 41 43 12 6 12 41 80 8 23 52 72 57 99 45 20 0 61 98 20 50 67 88 47 8 68 20 6 29 6 10 56 35 87 82 93 60 50 16 83 16 75 75 9 85 82 25 34 49 20 61 48 23 35 32 26 9 43 95 26 49 92 85 11 11 6 42 70 46 42 31 47 12 43 73 59 51 77 88 36 34 25 87 80 96 69 13 89 88 49 29 24 44 58 34 33 86 58 97 30 52 89 48 56 71 30 25 14 40 25 74 8 6 83 13 99 10 74 39 9 28 87 41 67 1 1 27 37 9 32 76 87 3 34 22 97 23 36 90 20 76 8 51 67 6 62 92 10 45 1 18 54 74 20 30 77 49 60 99 41 80 11 88 35 3 1 8 60 57 22 10 39 22 92 87 64 65 95 22 2 20 78 86 68 25 8 82 96 23 23 85 99 26 39 59 59 24 59 64 71 84 11 12 25 87 85 50 93 72 5 21 53 99 46 52 94 6 35 28 18 32 19 51 72 99 89 95 95 80 18 41 95 41 51 99 80 14 6 41 76 6 80 19 91 84 88 82 49 97 18 84 89 28 91 32 51 73 60 86 67 30 5 27 95 87 23 65 61 60 19 54 78 72 33 98 34 16 37 81 50 37 33 77 9 98 59 24 70 13 16 38 50 68 85 74 9 39 65 45 11 48 0 91 99 62 75 20 16 14 31 82 83 22 14 25 68 43 19 23 95 78 82 38 41 66 8 66 43 72 80 27 96 51 38 46 7 63 10 99 63 67 92 20 4 6 31 87 68 98 52 93 64 10 73 54 89 2 65 51 6 51 97 15 98 41 96 49 74 47 71 94 81 42 15 26 79 30 7 8 7 12 41 62 83 49 37 73 27 93 92 81 74 32 42 25 86 69 86 27 75 16 84 49 66 9 77 34 66 65 34 78 27 36 55 91 97 56 14 29 14 65 38 69 99 62 98 94 16 23 28 39 56 59 40 88 0 80 65 7 34 1 93 42 97 99 36 6 17 15 77 73 57 86 62 93 65 10 81 36 64 37 23 47 31 23 52 55 86 44 43 72 19 86 95 56 0 33 42 64 61 37 21 69 83 28 1 34 91 71 
0 84 94 12 82 6 16 46 2 70 43 61 24 27 61 61 49 61 78 81 5 90 15 54 39 33 9 38 37 5 3 62 90 86 53 63 62 8 37 56 29 41 80 30 59 99 36 58 53 43 21 91 35 74 68 24 18 94 35 72 64 12 63 94 52 71 10 7 62 73 49 74 65 88 93 96 16 48 23 28 5 43 74 52 26 38 12 92 6 98 81 91 90 1 99 32 76 85 53 39 62 25 11 40 43 84 62 6 39 98 72 84 61 14 37 96 78 68 11 33 47 6 23 67 93 78 81 68 52 22 58 57 18 84 88 89 18 11 18 17 85 42 65 61 71 23 94 26 1 54 28 41 14 31 20 7 7 53 12 45 63 61 53 70 67 2 48 45 11 38 18 93 85 66 95 52 53 89 48 87 89 11 0 68 38 95 54 96 68 29 31 71 86 57 85 93 88 64 27 58 0 86 3 5 88 63 49 40 79 46 93 31 9 58 32 59 79 75 23 93 94 46 15 75 92 88 87 82 74 88 64 30 95 49 31 97 48 53 93 66 19 9 3 49 78 81 30 82 30 28 47 95 83 7 44 9 17 9 84 99 91 55 5 93 32 13 82 55 35 89 21 62 71 9 79 9 51 59 6 60 6 29 68 9 6 82 34 49 22 28 77 81 57 50 24 0 9 72 22 72 61 57 38 15 94 28 69 52 0 8 10 42 19 29 77 48 52 74 4 29 30 33 65 7 96 51 42 62 20 76 5 83 84 75 12 37 77 29 8 26 74 8 56 35 10 2 21 0 47 83 43 8 93 92 59 27 78 72 43 13 52 84 37 25 74 93 51 2 35 88 58 50 31 39 2 68 14 67 97 24 70 42 12 32 23 93 58 33 21 60 46 78 54 8 8 17 79 61 31 99 76 33 57 57 9 45 34 96 27 92 93 57 6 17 69 41 29 72 51 58 17 22 49 39 37 8 98 45 89 94 67 15 40 77 38 46 92 71 80 96 41 29 81 74 53 37 82 1 46 77 42 10 36 72 42 72 73 92 73 5 42 71 76 24 28 74 81 98 39 91 38 4 9 10 84 24 86 2 85 29 39 44 91 0 64 85 58 73 95 52 52 2 21 6 10 58 67 33 89 61 
90 82 75 79 10 19 48 30 93 73 16 4 98 54 9 53 28 1 33 60 97 60 38 80 19 78 93 42 13 10 20 94 61 85 90 70 57 52 71 25 75 76 17 59 13 37 98 60 1 60 3 16 5 40 88 54 39 31 17 88 51 46 48 29 49 38 60 84 48 89 6 13 75 40 98 89 64 74 40 94 98 2 43 7 35 96 50 85 33 41 9 99 60 27 66 8 25 15 25 86 22 62 21 73 45 58 72 8 93 94 8 63 51 99 30 93 34 48 52 4 25 16 38 72 80 23 26 40 41 50 65 63 0 47 7 89 90 21 58 24 6 39 94 50 32 19 12 60 74 33 45 52 92 32 72 58 80 52 60 16 62 17 95 96 72 5 10 90 85 84 10 34 3 39 42 47 62 34 37 45 59 1 66 77 49 94 15 34 91 52 24 62 59 83 32 21 89 10 92 44 54 73 50 94 10 69 83 19 68 44 29 51 54 53 8 30 25 8 11 31 69 70 57 46 20 16 1 97 59 24 38 90 98 7 71 47 17 52 2 6 58 18 8 95 14 6 77 75 58 11 35 42 3 74 56 81 73 15 23 40 59 17 16 77 64 42 37 98 7 30 3 19 21 54 33 60 95 90 5 14 70 76 37 83 72 75 33 46 63 14 61 95 20 15 50 97 40 30 48 38 93 58 42 79 20 17 69 48 46 87 74 88 89 69 67 21 20 75 56 35 9 76 14 26 70 88 83 9 62 23 71 52 82 76 63 14 32 40 48 87 6 60 54 84 89 60 46 57 83 17 44 9 76 1 13 88 70 90 76 53 47 5 48 47 6 36 97 91 75 49 38 94 83 21 3 55 56 15 66 74 62 97 39 10 39 81 31 62 34 60 82 6 82 60 85 24 97 74 94 86 15 10 47 13 73 29 59 4 90 0 18 17 16 59 31 14 54 81 8 52 45 14 99 52 8 68 63 3 80 42 88 48 31 82 46 75 73 30 86 33 29 13 68 53 34 96 69 77 53 59 20 85 8 20 51 86 3 13 62 31 6 76 72 69 44 93 16 37 38 15 34 22 63 20 82 75 99 82 85 90 81 76 47 13 29 62 80 5 61 8 1 45 56 57 18 76 53 66 73 78 
17 92 2 92 23 48 29 98 55 42 31 21 25 56 72 13 3 72 12 17 86 95 2 72 73 51 25 78 2 27 33 71 21 49 81 35 54 93 17 95 42 16 78 79 53 24 17 17 59 98 64 37 61 23 55 65 25 39 7 82 48 35 52 44 58 94 76 54 7 83 85 30 29 61 87 80 78 2 68 16 79 36 4 17 46 1 21 31 12 18 98 45 25 42 85 16 28 16 51 90 18 10 51 22 43 79 71 79 55 48 18 23 50 34 52 22 13 3 32 39 95 98 23 90 12 72 62 95 28 49 18 58 63 34 93 52 76 24 24 41 52 12 30 45 13 85 16 88 10 39 87 77 93 9 54 86 66 45 45 18 49 46 12 83 99 11 64 87 13 30 66 1 82 16 70 43 74 99 23 90 2 16 24 92 90 61 86 41 89 14 35 73 75 44 86 61 25 65 20 20 33 19 3 72 4 47 4 37 64 69 19 13 61 5 49 56 62 12 69 2 28 29 35 43 55 25 81 63 22 53 85 66 12 22 25 5 18 21 41 70 79 4 6 48 37 48 39 99 18 5 1 26 7 75 19 33 64 23 91 33 44 61 22 70 87 86 9 61 73 53 85 43 8 94 0 60 60 12 74 38 22 96 71 40 63 68 29 7 70 84 60 24 29 10 60 60 20 81 19 72 27 29 84 47 2 13 79 56 69 69 2 20 4 57 87 17 11 57 47 16 6 42 90 64 89 85 36 91 42 50 7 45 51 96 50 98 5 48 34 49 53 19 10 7 86 43 41 0 7 56 51 4 31 7 99 16 46 4 51 44 34 57 41 60 58 66 66 70 94 70 44 59 39 98 88 27 87 92 12 74 92 79 29 76 1 77 61 25 6 53 16 54 50 14 44 43 10 87 89 25 99 33 74 13 3 38 94 61 88 91 70 99 13 37 71 20 29 27 34 3 49 79 6 82 97 81 61 19 42 36 75 15 55 72 44 80 65 71 89 49 27 41 65 38 30 73 67 87 62 53 62 73 33 29 0 79 16 2 88 59 6 23 16 21 83 71 26 3 90 62 73 18 11 24 38 99 84 33 15 18 68 27 79 63 96 53 83 86 5 34 41 73 95 93 44 43 5 30 43 31 
21 41 13 24 33 9 80 32 54 24 9 40 51 77 4 78 85 30 75 70 26 19 88 13 80 18 90 8 0 65 77 87 78 37 15 45 87 76 73 54 36 22 86 78 72 7 40 94 61 72 32 20 3 46 84 36 14 75 60 64 45 40 90 36 94 79 85 47 92 26 79 96 38 99 49 76 86 73 44 30 63 55 46 84 19 88 75 74 23 34 56 21 10 35 67 18 12 25 68 90 64 1 52 60 9 95 8 1 78 15 64 11 39 23 12 97 54 99 51 2 81 37 23 40 93 46 12 8 88 69 12 59 48 67 30 22 44 82 5 13 95 86 60 68 17 84 32 24 80 49 97 97 8 86 72 12 22 86 84 94 55 1 0 57 79 66 37 67 20 96 21 65 77 52 19 42 70 46 40 80 33 56 12 82 30 19 53 15 52 13 25 69 92 47 54 17 57 92 87 51 52 73 40 29 92 2 10 81 81 49 72 42 78 90 54 18 89 3 84 17 31 4 33 69 87 62 96 27 11 55 74 41 72 49 82 4 73 69 58 36 47 33 6 46 7 66 61 72 72 74 86 47 3 52 57 65 77 33 19 98 28 13 52 74 20 25 2 79 43 67 5 71 6 35 53 46 70 51 63 89 44 63 83 21 77 27 69 10 5 18 87 67 60 73 23 97 17 99 62 66 22 62 47 23 44 57 60 93 17 59 38 85 76 72 39 82 52 23 25 56 31 32 32 93 19 23 12 31 26 36 56 36 27 36 2 32 93 37 12 89 91 21 86 15 92 32 50 95 56 43 32 2 87 63 90 61 10 35 62 35 91 69 85 81 64 51 72 49 24 9 29 99 29 49 65 80 88 39 15 47 13 74 87 16 90 27 0 79 36 97 71 46 65 93 17 22 40 86 79 99 56 39 3 42 62 39 9 83 9 89 7 55 76 54 75 11 31 76 71 10 94 45 53 71 47 3 23 99 20 1 65 14 24 61 93 95 18 35 16 37 74 11 66 86 25 34 62 71 79 91 15 78 7 63 13 28 81 61 81 11 66 40 26 97 33 73 65 25 85 29 96 61 84 63 36 37 66 82 4 23 49 18 48 28 27 87 7 70 88 26 33 83 97 27 12 28 5 38 49 25 
80 30 50 16 82 74 29 60 37 14 43 0 33 38 53 0 34 65 11 31 35 57 96 94 66 6 90 28 71 20 50 11 14 96 29 37 24 68 60 62 1 30 41 74 3 31 20 53 41 30 53 15 66 80 22 81 84 65 47 57 76 47 40 54 28 32 7 98 10 70 18 12 51 10 79 27 8 42 39 4 47 96 16 33 37 18 63 75 23 76 92 82 7 46 62 18 88 95 74 80 53 34 60 65 73 18 57 46 7 13 71 65 20 93 1 6 49 59 10 93 51 27 21 80 96 44 30 92 56 55 43 41 8 18 7 70 17 67 99 29 8 22 80 66 85 31 64 58 49 59 92 79 33 90 46 66 88 66 58 20 92 66 46 45 43 40 58 30 27 51 9 9 92 8 34 98 97 8 13 24 26 70 74 0 24 18 34 29 73 37 31 37 78 30 67 27 71 90 12 10 6 15 50 65 54 78 68 43 4 66 76 44 14 81 86 13 76 9 6 1 17 45 73 4 96 65 77 0 50 51 36 62 22 16 68 14 2 74 91 38 87 31 0 36 96 42 32 65 38 16 39 17 0 14 40 69 53 38 2 16 51 75 35 61 67 64 29 79 84 67 11 10 81 10 55 17 61 2 54 97 85 72 87 57 77 33 95 7 54 64 84 34 51 45 17 43 34 17 21 93 33 93 76 48 90 94 91 90 47 46 94 4 85 23 34 74 84 52 68 82 30 77 88 86 44 43 62 33 70 45 50 95 88 88 2 27 7 89 52 52 1 56 65 7 71 71 78 60 1 92 61 83 37 88 98 81 33 52 81 79 23 6 75 66 34 56 41 48 54 50 96 18 47 77 15 50 70 91 5 14 53 6 79 90 0 93 49 67 67 52 60 52 65 3 75 26 2 29 48 34 54 81 6 38 26 26 64 32 34 47 89 13 7 8 93 38 65 40 67 63 37 87 53 53 33 55 83 2 0 75 16 2 48 34 45 4 17 78 68 82 48 82 88 69 47 16 49 88 11 53 94 34 83 38 17 66 23 0 19 95 80 26 41 92 14 45 2 49 48 80 50 79 55 90 46 5 29 45 93 59 75 76 59 15 53 79 12 2 57 53 87 16 43 46 87 31 87 99 81 81 
91 74 7 32 59 14 65 17 58 75 11 24 91 69 78 51 8 87 34 97 25 14 78 14 28 31 90 40 63 94 10 11 95 3 71 36 60 78 60 74 18 17 85 83 86 5 54 26 55 6 50 76 38 67 6 12 60 78 53 98 3 11 32 96 56 7 42 48 23 22 70 56 31 85 7 59 84 6 9 31 74 9 29 91 40 8 33 7 1 81 17 6 58 51 17 63 12 94 92 11 35 34 88 78 71 90 3 64 70 13 53 30 98 34 11 81 68 53 44 38 97 34 62 55 44 24 79 17 81 36 61 62 49 87 90 33 21 8 36 71 87 79 79 33 30 55 4 11 21 95 79 19 36 95 68 62 6 59 91 98 58 5 92 61 75 99 40 20 10 47 37 8 79 74 3 49 22 74 56 1 60 48 93 99 84 58 51 35 47 37 13 25 52 37 2 23 23 7 89 12 40 16 75 26 79 84 93 69 39 97 79 97 3 69 32 8 87 77 98 37 99 49 21 54 45 36 71 57 61 64 74 89 65 85 90 2 50 44 37 86 20 59 28 70 37 71 90 78 68 10 66 88 91 38 46 86 3 70 23 94 20 68 88 6 13 63 21 36 52 69 10 35 17 92 88 46 71 76 52 84 28 12 16 69 10 94 41 57 34 72 77 23 24 5 37 91 55 54 82 51 6 61 37 94 63 32 87 42 11 94 22 43 78 3 10 48 76 60 74 82 88 76 95 23 93 69 85 13 79 27 19 27 23 67 2 43 96 42 17 1 23 79 24 75 10 35 48 53 66 24 5 14 67 80 39 99 75 78 50 48 81 84 17 73 47 83 37 7 75 24 77 20 6 37 97 11 93 96 32 66 19 90 10 48 79 14 10 11 15 26 34 79 34 63 32 17 82 57 61 86 25 5 69 54 81 23 6 87 73 34 0 30 39 46 16 17 74 44 8 42 17 59 59 31 25 26 52 10 61 81 16 83 28 82 27 20 2 5 68 16 76 1 97 7 86 28 45 97 90 28 72 68 11 72 35 36 18 11 73 97 43 35 28 11 35 17 60 85 12 2 49 50 38 45 67 89 53 88 95 71 67 96 12 91 59 41 54 65 22 45 22 13 53 79 42 58 14 3 44 46 
56 16 73 12 74 46 58 90 59 26 59 64 27 75 38 64 84 90 70 30 55 27 68 83 69 85 58 46 74 0 26 55 1 30 82 71 76 53 54 43 85 26 77 3 4 56 67 70 35 95 14 52 88 55 47 55 74 14 96 14 38 33 24 51 79 76 2 99 16 44 78 47 5 21 12 29 41 65 15 11 91 80 9 59 58 88 67 36 5 4 27 36 75 92 56 70 82 2 50 10 43 28 87 15 57 89 82 85 63 25 69 83 24 49 96 50 91 22 68 90 64 44 45 93 59 34 43 70 31 73 26 27 16 86 77 94 73 95 85 92 69 24 91 39 2 90 3 34 50 49 29 71 46 39 92 8 16 16 81 97 41 31 86 12 75 24 76 14 79 52 78 41 39 86 3 23 22 76 10 62 48 61 35 88 7 7 69 77 82 89 30 55 89 41 2 66 69 52 20 99 29 18 37 1 29 95 6 66 75 89 52 55 39 82 2 80 36 86 59 74 67 8 21 9 45 12 1 0 61 9 44 98 7 75 21 80 76 40 32 29 13 34 14 45 26 37 54 4 76 27 36 41 97 91 92 42 43 2 33 99 55 3 90 47 55 78 80 25 59 3 17 23 49 92 41 3 86 80 15 79 71 29 54 30 7 25 13 67 79 88 28 18 72 69 0 9 15 34 12 93 3 69 69 89 58 97 55 37 9 0 13 11 89 42 26 2 78 90 25 84 7 27 74 26 38 81 87 69 86 37 74 11 42 23 63 22 44 99 36 4 98 82 79 96 63 97 48 21 69 69 40 16 45 26 77 94 96 74 34 38 97 58 6 52 94 43 80 43 40 92 86 28 65 80 82 59 84 74 72 30 48 12 5 48 73 36 32 35 63 84 95 17 3 53 68 59 83 47 0 64 69 58 23 76 67 11 58 12 41 5 34 41 99 98 6 51 61 67 14 69 37 11 56 29 24 90 71 17 79 45 79 16 87 92 89 89 43 28 15 22 81 98 57 12 47 40 93 54 15 34 60 91 93 55 46 24 72 57 85 18 32 19 69 27 11 38 38 15 37 10 96 54 16 49 18 36 31 16 27 80 62 9 86 70 51 80 25 39 88 22 28 93 70 43 29 47 16 56 18 77 
10 40 15 55 50 34 13 84 0 3 0 38 63 8 64 81 8 55 25 72 43 69 73 18 95 63 56 13 42 53 95 67 64 32 90 2 84 45 58 34 13 77 7 32 1 62 53 73 75 38 82 11 66 99 11 7 25 54 14 92 89 24 20 26 50 33 6 95 45 91 89 34 78 47 18 85 24 26 67 37 5 94 31 31 15 58 24 45 87 24 71 70 18 6 64 98 93 55 19 21 58 58 93 45 43 87 99 50 8 93 0 70 64 52 49 1 13 11 10 31 90 13 31 91 20 88 84 98 31 6 88 60 37 87 16 99 5 2 91 98 26 44 5 11 62 2 80 48 5 75 87 31 49 93 1 60 80 42 28 19 47 98 79 54 96 67 84 67 35 33 70 62 73 75 54 73 23 74 72 21 69 40 25 89 92 68 27 1 8 88 56 60 70 7 86 92 11 32 78 30 21 83 48 29 46 98 2 40 77 22 41 92 44 88 84 22 95 78 87 65 46 30 55 94 71 5 14 65 48 36 34 43 56 87 72 44 95 74 63 39 38 8 6 60 62 9 10 90 75 23 34 60 98 85 26 37 34 0 35 78 5 14 71 99 82 83 64 79 74 77 63 39 30 51 61 46 83 49 66 88 63 71 51 52 26 87 30 40 87 65 89 66 73 81 34 1 54 38 42 93 27 33 55 79 83 7 28 29 96 63 3 56 67 59 32 27 56 86 73 31 39 70 55 87 73 71 48 58 97 52 99 2 24 16 75 76 47 95 40 9 21 27 58 76 40 85 99 33 8 44 19 83 73 84 15 21 52 99 27 54 25 56 63 15 35 16 47 86 45 5 29 84 0 29 55 98 13 47 85 7 28 47 86 36 53 12 19 42 18 29 71 12 89 84 65 0 88 71 78 72 78 20 30 0 7 73 37 18 94 75 22 8 62 54 8 73 20 20 88 75 44 5 2 97 54 32 39 9 5 35 33 2 60 24 16 1 77 14 2 37 72 67 78 90 46 45 43 19 61 78 45 10 60 23 90 80 63 62 55 24 8 11 61 57 18 2 64 84 7 23 32 30 78 17 25 58 46 79 65 6 4 80 20 91 29 27 33 74 4 35 54 16 40 51 28 21 53 68 84 73 
87 49 32 14 56 55 38 14 56 2 70 5 94 96 7 86 36 77 73 98 9 79 12 11 10 91 58 85 47 35 24 79 72 61 90 13 95 40 31 14 31 5 40 96 50 89 8 49 35 49 11 13 91 86 76 29 89 11 61 18 59 19 70 75 39 75 14 22 26 96 50 5 56 96 10 32 72 87 25 67 1 99 98 86 69 17 64 79 73 47 63 91 93 65 44 52 66 23 36 14 29 82 12 24 73 63 67 73 0 18 62 78 74 68 76 26 79 26 26 61 54 43 13 53 66 15 36 31 56 86 35 0 93 56 40 35 93 82 20 22 59 78 33 79 23 10 67 49 66 70 87 98 21 99 79 92 5 51 40 19 73 94 16 33 84 5 60 21 13 6 97 52 80 91 48 89 43 63 52 10 85 74 39 71 21 59 81 3 14 11 88 49 78 25 31 73 17 85 94 26 31 37 78 46 76 85 57 56 90 81 95 6 4 57 10 20 31 19 95 23 10 5 46 12 58 41 24 87 13 85 11 52 38 96 98 29 66 16 10 14 85 34 80 40 72 70 99 72 57 56 12 27 56 39 53 57 97 20 23 15 42 87 75 20 18 52 10 29 54 8 64 89 39 4 46 93 76 35 8 47 97 60 14 68 56 55 12 52 72 53 39 6 83 12 58 49 20 87 55 17 16 17 42 97 96 61 51 81 88 35 75 54 15 77 35 1 31 56 36 28 22 79 78 16 96 76 63 72 51 67 59 73 77 64 42 47 57 52 37 30 21 86 9 97 29 93 28 95 40 46 37 70 79 60 90 8 82 64 4 24 47 74 34 14 72 67 26 3 89 41 37 75 33 40 85 31 93 86 64 85 91 61 99 21 7 31 84 51 24 54 91 23 77 74 82 68 13 48 63 52 48 44 67 22 63 41 89 41 87 7 5 20 72 5 5 82 63 84 19 25 46 32 41 45 96 77 21 34 25 89 89 74 90 57 30 20 56 73 67 30 81 27 29 88 44 10 81 45 98 19 77 45 53 72 6 27 92 81 25 21 79 76 80 75 64 56 84 88 74 12 9 95 45 68 69 16 50 76 17 57 25 24 88 71 60 24 41 93 18 29 84 9 19 91 12 44 13 37 3 91 
20 6 5 59 10 65 77 37 11 3 42 58 51 35 9 36 27 31 72 26 80 13 10 53 74 48 32 36 10 8 20 64 78 63 79 31 33 34 25 30 21 55 87 77 12 68 44 80 27 68 93 99 53 77 37 49 47 30 89 57 54 29 15 84 41 27 33 15 33 75 4 8 26 29 22 2 72 24 53 50 7 13 37 75 2 45 84 34 18 13 71 39 73 8 91 71 16 7 62 34 58 72 28 30 14 19 49 76 24 17 80 35 31 73 4 43 57 57 86 20 47 44 66 7 55 34 6 80 52 9 37 73 84 89 59 93 16 22 14 68 87 44 92 62 3 88 34 15 41 1 68 22 75 1 2 41 21 77 98 11 43 7 31 71 48 6 82 68 76 63 23 38 77 54 74 68 76 30 30 26 70 49 78 1 49 59 6 44 82 63 64 37 31 39 20 61 49 51 37 36 82 68 25 33 3 41 98 28 45 39 41 68 25 22 44 88 98 63 79 45 78 90 20 38 68 43 16 30 80 5 11 81 34 63 71 29 4 83 88 27 83 83 11 26 81 22 49 24 61 83 89 95 10 80 66 69 80 21 66 23 95 58 18 30 45 39 47 55 12 6 24 57 9 98 24 8 71 66 98 89 86 28 40 71 45 99 58 23 45 11 91 11 44 87 52 84 71 15 11 99 88 88 33 81 19 89 68 45 61 91 84 70 5 70 76 72 3 1 35 4 46 12 80 87 7 53 66 50 78 17 56 8 55 52 36 72 21 54 99 58 41 43 13 27 23 81 72 23 8 81 26 19 48 92 87 35 54 94 28 45 80 64 78 83 61 38 37 9 36 58 76 95 99 88 81 33 59 30 46 40 73 23 11 52 94 83 76 30 87 0 62 57 68 76 9 51 55 69 92 13 95 2 96 91 49 8 42 28 77 19 80 26 74 23 58 60 36 49 77 37 2 10 43 17 11 37 20 97 7 51 45 11 38 16 23 74 69 65 62 63 50 50 63 9 13 61 19 43 6 86 92 11 53 43 1 93 88 99 49 60 88 3 60 72 22 30 29 97 94 38 31 95 97 57 51 79 60 97 1 36 13 26 59 1 62 73 86 98 91 78 38 73 91 29 52 4 78 38 50 32 
25 55 59 56 50 6 71 77 38 43 97 88 80 97 48 11 40 47 99 52 56 90 32 60 10 14 26 90 82 70 29 14 21 24 38 17 18 28 21 74 71 59 55 82 72 23 71 32 96 69 27 10 0 16 15 32 64 24 2 87 91 85 11 0 6 4 22 58 20 55 67 24 8 53 39 15 31 0 10 52 33 55 16 41 46 2 2 26 97 44 92 58 35 75 12 1 29 6 42 0 56 46 78 79 60 17 69 87 16 53 11 80 47 37 24 52 34 93 83 37 22 70 23 8 61 64 48 58 68 83 53 35 2 35 62 44 36 56 84 37 92 4 32 16 66 31 68 56 45 70 16 82 74 87 13 16 58 43 75 31 97 76 64 66 79 45 94 83 98 24 42 17 37 11 23 83 75 97 48 9 74 7 94 72 17 21 28 67 60 34 48 39 52 5 3 66 54 72 20 51 48 63 89 49 10 60 81 62 57 52 52 38 25 14 49 72 80 86 25 88 46 93 65 58 92 42 18 86 4 72 22 25 6 55 22 94 43 9 65 24 88 86 20 48 15 33 80 6 82 76 44 12 73 6 20 89 77 71 40 15 52 5 53 40 26 74 60 27 48 76 77 66 9 80 79 14 7 38 25 53 7 69 12 15 43 58 82 24 59 97 26 17 98 60 33 57 86 66 41 90 54 47 15 40 83 59 79 20 5 0 58 53 0 55 47 44 2 69 19 42 51 98 49 63 54 59 90 91 30 1 23 35 93 5 20 57 39 29 50 60 94 58 88 68 64 12 47 56 10 23 38 84 28 12 67 29 45 23 15 83 92 94 83 55 47 2 0 49 99 16 13 96 5 18 95 83 35 27 1 78 2 69 16 46 62 85 28 4 38 73 9 33 38 77 17 49 6 86 99 78 49 26 7 36 10 15 95 41 74 8 49 83 58 89 66 78 82 15 98 80 45 27 5 28 95 30 45 27 9 73 65 21 32 81 94 25 61 17 39 43 4 43 51 46 38 97 70 63 83 49 63 56 59 71 41 12 48 48 35 34 37 7 13 89 89 52 84 51 23 92 53 48 45 68 86 88 47 39 12 31 17 46 97 41 83 87 57 59 48 46 78 93 49 4 0 75 23 90 10 41 
71 40 27 2 73 71 24 65 32 61 18 11 0 88 58 15 29 93 31 27 3 49 15 65 17 40 82 2 30 1 92 63 58 94 90 13 33 52 47 44 21 42 10 82 13 98 22 1 58 4 41 32 53 98 78 89 89 59 19 80 35 32 2 63 15 48 6 11 60 95 64 65 86 21 86 85 91 52 59 59 5 63 40 19 31 21 15 39 94 5 75 77 89 51 63 19 18 3 10 13 83 68 66 77 76 12 40 51 35 10 84 30 86 88 80 51 32 58 30 35 3 19 81 55 40 42 89 91 87 19 76 34 28 20 67 32 18 54 77 69 8 76 36 22 30 22 17 53 12 34 10 34 0 75 43 59 32 33 42 8 23 93 42 39 49 13 97 94 21 87 32 82 30 74 40 18 71 9 43 5 56 51 65 68 14 47 63 99 2 40 43 77 69 15 21 23 62 28 10 29 68 83 15 27 89 41 40 47 28 93 21 42 75 98 89 44 52 5 54 7 13 92 28 75 45 47 93 0 41 62 44 84 19 82 68 96 30 99 68 72 94 82 85 29 77 80 99 75 30 55 59 3 61 99 20 90 88 80 42 10 60 90 55 41 82 52 72 40 92 81 39 34 43 16 1 49 31 48 27 48 45 99 28 66 99 22 65 13 41 69 87 86 51 7 25 57 78 65 79 0 80 8 58 12 90 3 42 79 0 69 96 92 72 7 79 32 46 38 25 13 92 40 85 48 72 23 49 31 2 54 41 7 56 78 50 96 99 48 83 86 8 61 79 42 63 14 33 62 11 37 85 97 45 80 32 75 49 61 10 35 95 21 13 50 78 76 89 79 43 89 2 27 44 91 73 39 15 84 50 8 32 61 81 14 77 9 88 36 65 28 49 83 43 63 57 8 1 67 39 63 5 63 81 50 19 71 56 3 70 85 90 41 11 64 1 88 47 47 21 90 65 14 54 60 12 49 35 86 6 30 18 92 85 39 37 26 45 32 96 21 83 81 49 30 79 88 24 46 24 46 67 22 88 58 69 29 78 73 80 44 36 28 60 49 88 51 90 52 58 56 79 25 15 68 30 62 57 84 44 60 87 58 29 8 2 12 57 24 59 1 60 65 27 75 23 59 1 33 0 47 
59 70 79 89 80 78 70 18 64 24 11 7 60 63 52 43 71 48 35 85 89 91 46 26 80 30 81 86 56 20 90 56 39 51 90 23 97 3 9 69 80 91 26 7 15 13 80 51 20 82 7 97 12 9 16 26 22 5 94 0 26 39 62 78 55 57 90 47 98 71 23 76 14 87 12 19 33 88 61 13 68 83 29 84 14 46 48 54 41 56 16 84 34 24 78 74 90 33 12 22 96 42 28 91 32 63 79 40 73 68 82 65 28 33 9 41 97 94 55 25 21 59 78 56 76 38 43 23 88 67 75 15 78 41 3 21 37 51 85 13 40 98 29 34 74 97 43 9 72 77 89 76 7 70 35 77 97 41 97 2 21 67 85 35 45 58 70 3 50 31 47 51 80 24 60 5 80 23 46 95 28 87 6 70 38 29 96 82 83 61 16 71 26 22 68 30 75 19 19 24 61 36 33 42 23 56 4 21 10 44 87 56 32 12 93 24 51 56 89 44 37 90 11 53 62 2 1 23 58 74 7 33 17 8 63 49 9 68 57 15 55 66 22 84 96 40 16 50 73 23 94 14 68 56 99 25 89 29 84 79 29 81 97 1 62 76 45 40 84 70 87 11 71 23 59 46 12 59 69 79 28 15 78 81 98 15 32 90 92 69 1 33 1 26 55 25 1 53 6 61 46 69 97 88 6 22 26 14 81 53 85 4 68 34 62 76 62 91 98 73 50 76 55 98 65 95 15 56 33 61 60 25 66 4 28 51 40 54 2 73 50 42 35 72 10 30 87 5 36 5 89 25 39 49 40 57 89 71 18 39 86 45 73 95 97 13 89 95 78 97 25 43 44 10 93 56 25 1 79 9 81 79 0 87 28 36 98 39 54 38 68 42 17 94 98 33 34 67 25 8 20 74 45 55 65 74 33 51 53 65 50 42 64 66 29 23 47 36 26 44 87 44 13 88 77 15 10 79 49 70 23 32 60 89 39 46 27 80 4 46 23 84 2 64 29 87 42 20 59 31 76 75 88 73 33 26 42 95 67 46 31 22 98 1 24 98 98 60 58 78 86 49 29 4 85 42 37 24 12 59 81 16 51 85 41 37 11 63 89 8 47 22 42 59 41 71 27 5 4 80 
60 46 67 63 26 56 41 49 55 95 79 43 63 35 41 25 7 48 68 96 17 37 19 34 56 13 77 27 86 62 23 66 15 30 67 12 95 16 28 68 31 50 86 33 16 84 88 60 21 18 28 77 90 18 99 82 61 16 2 41 71 5 40 51 18 9 13 14 82 76 22 20 58 3 46 12 13 4 89 57 0 91 51 53 1 71 95 80 88 0 48 40 21 18 31 75 74 90 98 6 22 79 25 1 39 69 12 89 84 21 60 97 70 43 1 56 0 59 62 5 13 62 15 13 65 1 52 85 98 51 23 55 20 51 56 14 90 28 34 63 59 76 37 28 73 51 77 15 38 1 82 52 56 96 42 71 29 2 51 70 86 67 53 47 35 64 82 4 4 56 37 23 62 57 75 41 25 53 48 78 20 26 17 83 18 63 70 15 0 86 59 57 43 42 27 26 23 40 32 54 52 65 12 17 7 73 83 36 85 23 54 52 20 15 52 70 42 60 43 36 26 31 61 15 19 52 20 97 68 52 82 57 82 31 89 16 76 42 57 54 97 99 71 2 1 64 59 90 48 10 9 87 52 3 29 55 13 65 75 52 19 84 96 44 58 30 34 13 77 70 77 39 41 87 79 83 91 17 61 99 5 4 52 71 13 76 87 26 94 21 73 6 15 8 57 24 85 70 48 95 76 39 47 14 17 89 90 40 11 35 36 88 24 68 91 89 9 12 83 88 52 88 30 36 24 9 39 8 78 23 3 39 71 87 19 72 98 7 59 77 12 60 14 26 61 57 84 93 37 86 44 4 14 35 34 5 11 85 28 53 69 29 43 9 22 29 68 17 4 76 39 53 2 86 12 20 17 26 57 62 16 89 23 15 56 28 8 2 35 54 37 19 63 61 75 63 11 65 55 56 97 96 22 52 90 83 66 51 38 61 7 33 98 63 56 64 63 0 78 74 48 46 93 41 11 17 84 84 24 42 28 73 87 31 4 84 43 77 32 11 83 85 65 65 95 63 3 40 34 52 38 58 99 11 82 96 78 38 54 10 0 26 19 25 61 49 80 78 21 38 21 59 17 14 69 43 80 93 72 70 45 78 57 14 63 44 38 67 70 57 37 2 80 28 84 44 16 78 20 61 
17 88 95 35 90 32 57 75 20 9 27 23 49 44 3 93 80 88 19 79 41 73 93 15 59 76 26 1 62 14 58 75 14 30 36 84 93 23 6 24 48 11 51 7 45 77 47 71 47 41 31 95 54 53 14 58 33 82 42 77 22 53 71 60 60 16 13 90 62 3 92 46 19 87 13 5 77 72 67 13 59 78 39 56 86 63 63 66 90 38 8 55 25 87 35 9 96 46 81 44 14 53 99 90 85 69 37 5 66 55 5 43 4 91 22 74 56 66 9 64 47 53 60 64 85 44 62 9 56 4 82 15 4 51 11 24 94 42 31 9 79 53 10 9 98 88 18 68 96 58 52 36 15 17 82 72 89 49 3 2 75 22 78 42 41 78 15 43 23 36 58 82 28 22 2 13 22 25 45 67 51 66 68 85 98 71 13 18 5 92 43 85 74 48 18 38 3 79 4 32 75 32 36 75 33 54 32 86 15 42 48 2 40 88 65 43 69 4 79 54 78 95 38 53 11 46 34 27 20 96 38 67 46 95 95 38 31 37 94 78 10 60 19 86 63 47 54 31 51 18 58 2 31 48 16 51 33 60 82 36 64 39 81 47 33 35 28 63 33 27 46 2 37 81 74 30 32 3 20 93 72 35 15 23 32 73 37 50 16 54 70 33 17 82 1 28 87 82 7 19 64 76 21 21 54 94 44 95 36 81 48 32 17 57 33 92 94 21 1 48 65 5 89 32 41 67 1 59 60 10 27 46 23 4 83 27 81 32 19 8 42 35 23 41 97 2 54 50 8 11 75 29 15 3 57 14 76 33 55 76 61 49 6 59 94 63 72 38 29 45 5 42 63 22 8 36 56 37 32 84 42 29 32 70 90 58 4 6 72 84 5 10 97 70 6 47 97 38 60 88 42 66 95 9 53 98 62 24 63 77 80 20 44 58 12 7 51 60 51 70 59 91 64 46 68 65 52 41 73 11 22 77 88 12 68 92 82 16 84 69 49 88 94 90 7 46 95 63 77 51 69 14 12 24 15 27 34 5 16 42 1 95 71 90 99 78 26 20 98 26 7 96 6 49 58 36 67 9 92 87 84 82 88 51 48 86 80 86 56 80 26 29 73 7 91 70 4 11 19 24 
23 82 35 81 23 24 76 71 38 59 25 86 77 60 86 69 65 9 77 82 82 93 93 87 94 93 34 54 55 41 89 13 27 66 44 95 46 25 71 85 14 44 44 89 91 71 60 27 38 62 35 64 26 64 19 7 11 31 88 34 34 11 26 34 26 28 9 31 89 44 52 6 66 40 74 83 90 82 98 61 20 7 14 4 30 62 90 91 20 32 12 57 19 13 43 44 10 51 80 8 56 25 84 38 42 59 75 13 98 13 4 81 9 45 14 65 61 37 79 8 58 8 67 64 49 91 71 39 17 46 3 67 46 29 80 23 39 78 10 83 68 64 37 68 48 4 35 0 51 54 77 76 8 30 85 86 57 69 64 86 94 95 99 8 87 58 11 48 92 35 81 48 15 15 75 49 57 81 48 20 25 29 66 15 30 44 34 76 6 87 24 66 38 9 60 86 35 73 0 67 21 75 54 61 48 98 16 50 69 2 62 94 38 95 8 52 0 21 86 82 84 33 44 94 16 32 41 81 43 79 54 17 55 35 38 93 70 61 45 79 95 97 90 13 70 30 25 24 67 1 80 3 75 47 68 63 80 40 76 30 54 94 2 1 65 21 73 45 45 32 66 49 23 56 41 62 98 64 87 75 26 56 62 99 28 13 28 72 90 41 27 65 44 92 60 32 35 39 7 36 69 24 2 44 86 5 70 13 61 7 50 20 18 54 78 24 14 4 71 94 19 11 31 33 14 23 28 33 98 56 19 79 63 95 99 91 63 34 28 29 23 53 96 19 61 68 45 47 37 2 39 76 18 91 60 47 95 21 93 65 25 75 31 77 42 22 19 91 10 65 6 66 13 44 88 2 22 64 82 71 94 9 18 7 16 83 54 7 43 5 32 27 36 66 29 92 18 98 47 51 28 89 97 38 54 38 9 42 70 75 15 81 44 7 21 47 51 60 60 0 15 6 6 0 96 92 38 37 64 61 51 56 64 90 65 10 94 10 96 86 95 69 34 92 71 62 75 31 77 27 92 78 21 6 93 96 12 89 86 58 47 69 55 25 6 24 42 13 14 48 9 51 60 11 5 74 60 52 66 4 22 50 0 10 40 36 61 42 72 53 4 51 95 61 34 23 58 7 63 60 
85 24 24 36 41 31 90 19 86 43 28 81 28 67 5 28 9 40 64 66 40 48 26 39 1 56 54 54 33 91 1 30 11 58 36 39 59 27 93 48 85 46 51 87 81 8 98 83 26 82 8 10 61 70 90 71 80 92 93 29 90 60 1 17 20 54 62 36 13 94 88 1 58 21 45 85 13 43 73 52 18 38 87 83 86 47 1 15 80 20 24 65 66 94 37 45 37 96 7 76 47 23 13 45 64 80 3 84 30 67 60 38 42 68 47 8 84 39 39 66 9 8 98 89 7 9 93 96 81 52 92 51 13 12 18 69 27 78 40 60 22 11 93 30 12 81 53 43 65 75 47 76 36 40 61 66 75 86 55 71 33 70 60 24 48 52 13 52 95 93 94 68 84 41 74 80 74 67 24 56 83 9 79 54 60 80 71 71 6 35 41 33 35 19 6 32 28 99 19 3 49 49 19 69 97 48 75 59 36 99 2 88 74 2 17 68 6 44 14 85 83 1 81 63 89 77 13 86 43 45 55 46 60 48 20 62 80 28 42 31 29 34 9 23 48 75 18 73 93 28 52 96 98 29 97 8 31 74 50 75 59 78 15 36 97 47 29 24 65 41 85 50 17 74 90 16 95 18 10 50 5 45 77 31 59 93 22 66 15 56 37 91 23 54 57 13 22 82 90 2 64 79 54 61 56 41 13 64 51 17 21 6 18 89 27 94 46 71 23 57 67 85 18 33 60 25 78 14 25 73 6 89 34 66 99 67 67 69 94 70 94 27 14 2 37 5 32 31 24 34 38 34 67 71 53 9 68 79 46 95 62 89 63 12 74 58 45 25 28 12 4 15 50 31 27 58 61 18 70 87 65 21 5 65 93 72 89 68 97 0 65 71 75 12 35 12 97 12 47 54 82 0 69 14 87 83 30 49 18 2 43 93 19 6 69 45 19 63 28 66 39 73 74 47 42 8 15 65 25 14 3 60 98 51 99 28 51 98 32 11 65 51 68 75 16 24 42 63 44 67 24 98 60 12 83 87 67 27 14 90 60 85 75 75 74 64 23 57 36 60 77 2 85 67 20 9 63 47 8 58 97 26 50 37 11 66 70 78 12 99 70 80 18 78 32 88 37 83 93 8 
77 81 12 3 90 8 61 8 45 75 18 35 1 91 33 22 17 52 52 28 39 71 65 70 85 11 78 43 72 8 12 62 91 77 22 89 89 77 65 92 61 44 30 82 8 70 55 10 47 81 81 74 36 2 73 65 35 66 21 79 30 47 38 74 36 92 96 22 81 93 1 56 51 18 34 14 62 79 14 57 18 96 80 40 49 74 20 48 48 62 37 21 87 96 45 41 51 6 88 54 30 94 21 32 67 97 59 39 8 22 95 62 58 47 7 77 92 10 51 8 46 10 73 88 15 31 98 30 85 63 59 98 60 95 97 34 10 14 37 18 13 16 74 66 69 73 56 90 36 54 29 73 3 28 46 21 15 76 45 54 64 4 72 90 60 32 52 7 87 63 3 7 42 27 43 16 69 49 60 10 14 30 76 14 34 27 76 20 14 8 22 96 95 39 61 21 41 17 68 46 54 73 63 81 85 36 46 1 53 53 87 58 20 10 62 8 64 51 51 72 1 13 52 13 94 73 28 7 48 18 7 77 76 41 55 77 96 76 82 80 94 24 41 14 13 86 44 6 32 12 67 93 94 0 76 41 58 83 14 58 84 79 54 40 96 25 92 18 27 25 4 58 75 66 29 77 42 27 34 33 86 86 15 21 39 54 90 83 58 71 59 35 13 65 81 16 70 19 22 57 17 12 16 10 92 19 96 75 21 87 96 88 90 49 32 49 44 13 42 20 46 75 11 29 95 86 43 89 31 13 28 98 5 50 78 21 53 87 55 93 57 35 81 12 81 9 50 64 43 63 68 71 19 34 17 50 87 35 54 18 58 33 96 40 58 98 66 15 75 71 55 3 86 24 59 16 42 70 77 40 34 39 88 1 84 79 62 34 4 89 8 40 39 34 84 4 69 31 11 91 89 41 19 72 5 52 88 57 38 40 53 45 40 88 41 42 93 16 3 10 90 6 90 26 11 35 53 1 28 75 66 86 4 62 70 21 5 4 9 63 7 24 90 4 50 80 24 5 10 76 62 62 86 28 68 61 85 94 63 67 19 69 67 47 70 71 31 61 6 77 53 69 35 24 35 96 43 94 17 6 44 91 67 29 91 9 2 0 17 62 50 64 52 37 38 63 21 94 67 33 
57 54 38 84 18 10 73 95 63 94 88 2 82 93 52 80 1 23 31 72 11 59 13 74 37 51 23 25 65 0 10 61 1 94 30 91 62 48 24 62 47 60 89 25 89 46 15 34 41 89 21 49 48 33 62 5 5 95 18 2 56 18 64 64 42 79 55 83 89 40 48 83 93 20 59 46 8 78 30 40 26 43 18 74 51 4 35 90 89 9 6 6 92 75 65 51 45 36 19 23 31 52 68 38 96 18 59 10 59 85 99 33 40 72 59 32 25 85 13 17 43 9 24 48 53 66 24 53 4 73 87 16 26 50 18 59 77 14 69 72 42 95 34 78 87 10 99 50 17 58 12 65 57 63 28 20 89 85 50 63 10 18 38 10 96 29 96 72 54 16 89 57 2 33 17 91 40 40 48 93 19 36 47 39 43 87 94 88 70 91 95 24 44 43 42 24 8 53 39 92 2 49 3 69 26 89 63 47 94 94 64 36 35 31 76 34 76 14 17 53 7 8 7 77 20 40 53 51 3 18 87 25 97 51 50 79 82 56 91 47 10 20 33 92 50 24 21 99 60 58 15 98 89 92 42 49 41 81 80 26 4 16 47 36 72 79 24 3 83 91 58 82 7 83 53 49 23 53 11 45 59 48 86 5 83 67 92 93 11 86 51 58 43 75 1 44 90 38 35 66 84 80 88 65 1 93 12 70 58 32 10 5 2 65 87 34 1 21 80 53 59 59 78 62 32 19 63 29 7 78 48 32 85 81 13 35 68 79 52 23 40 68 17 66 76 67 94 54 67 6 7 60 8 89 96 63 92 40 86 25 76 73 14 68 3 77 28 21 81 85 31 22 64 0 38 13 29 0 66 5 50 10 73 39 11 6 95 88 90 94 26 26 76 70 7 23 25 87 70 43 39 4 67 12 2 2 79 82 6 23 21 2 97 85 46 73 82 64 77 10 75 5 39 80 83 4 49 13 55 97 12 76 2 10 22 88 38 45 49 68 13 75 89 1 32 80 1 67 63 93 71 9 66 26 20 64 34 25 17 97 6 58 27 88 95 61 53 47 69 33 28 92 17 82 59 32 92 45 48 16 90 11 24 0 99 43 2 6 60 64 11 43 5 50 26 72 33 64 63 64 
2 70 32 61 47 83 7 97 24 62 97 41 61 80 2 80 22 9 86 97 85 1 79 24 88 89 24 44 28 38 82 49 90 24 81 12 25 66 57 8 88 45 33 54 2 14 23 12 92 45 42 81 97 32 25 88 35 55 72 7 57 57 52 58 28 95 30 1 70 67 56 82 53 8 8 86 68 8 29 73 12 30 42 64 81 69 72 90 75 60 23 26 51 40 42 85 60 51 72 43 63 6 6 46 70 61 77 66 76 6 10 42 62 83 0 3 44 72 97 27 11 84 1 89 42 87 36 63 70 56 35 78 43 87 57 65 31 50 66 41 1 68 11 76 34 50 94 85 27 85 97 66 92 35 34 39 54 17 6 71 91 42 83 35 46 90 18 47 9 86 1 52 83 1 99 39 33 82 9 84 60 32 85 20 12 26 50 44 8 64 43 22 66 5 19 2 36 20 81 71 51 8 83 62 23 67 92 30 75 54 29 64 42 90 0 73 45 95 16 33 83 44 61 43 16 10 49 22 74 87 89 26 21 94 12 92 79 70 28 98 50 80 46 18 58 45 97 80 7 83 70 86 56 19 90 96 71 47 79 64 11 92 43 39 92 83 59 21 45 32 64 90 32 39 52 90 30 70 83 78 92 67 82 78 30 70 47 53 77 14 86 20 95 80 64 15 78 79 66 86 37 58 12 67 36 71 74 19 1 22 55 2 74 81 97 6 37 61 4 59 22 33 18 41 39 81 86 62 46 90 43 11 34 36 36 92 91 20 82 34 11 35 61 68 5 31 90 93 37 36 84 34 40 98 27 63 46 5 2 63 33 84 3 15 12 66 19 42 35 27 74 18 65 63 69 30 47 56 15 16 19 56 33 5 41 0 64 55 80 46 91 10 25 98 30 3 3 37 67 28 18 30 23 16 90 5 98 82 74 19 86 47 98 95 13 73 16 26 54 69 38 46 83 36 53 66 12 42 76 79 2 71 4 70 4 59 46 80 94 60 6 94 60 77 86 47 73 77 66 66 57 84 75 32 64 45 57 57 37 21 18 10 1 35 32 51 63 40 85 86 79 5 73 12 61 59 56 50 53 34 70 7 69 37 7 8 35 16 58 36 32 83 17 28 59 19 86 10 46 39 
56 6 70 69 17 37 85 0 75 30 73 67 52 69 22 19 46 30 56 38 87 1 26 69 90 47 62 36 98 81 6 95 2 36 66 75 25 69 28 64 39 89 44 5 13 36 88 83 33 37 3 39 84 18 19 71 44 30 44 65 41 34 63 36 60 88 89 19 30 4 57 9 37 17 96 20 35 60 70 68 3 51 71 50 6 81 47 40 51 88 95 35 34 35 41 52 61 58 78 43 38 6 77 49 87 17 75 87 76 57 77 7 53 8 13 15 84 88 82 52 43 51 57 73 41 18 0 48 65 90 92 56 40 35 96 84 72 5 86 59 72 43 89 24 38 58 30 51 94 65 31 73 81 26 91 88 38 46 71 31 96 76 44 81 33 19 22 47 97 85 16 63 38 66 86 62 46 2 12 14 93 6 39 24 20 41 80 24 14 50 19 55 3 92 2 76 31 51 71 86 32 5 75 96 66 71 56 62 89 24 67 67 80 70 90 56 13 68 94 68 33 28 48 36 97 30 81 9 85 21 22 12 76 65 57 1 28 72 50 47 12 88 93 83 31 81 68 71 67 99 51 81 69 7 66 83 51 95 59 21 99 22 33 57 54 45 44 23 73 47 61 38 50 43 4 73 70 63 93 97 58 6 60 30 80 15 13 24 99 41 90 96 18 43 22 47 84 9 70 54 60 38 49 78 35 19 69 90 66 4 88 87 86 10 85 24 65 44 36 14 71 42 87 21 29 38 18 27 53 5 55 85 29 55 46 64 60 94 76 25 30 28 51 85 48 81 70 78 1 54 52 30 91 16 50 29 36 29 80 36 34 57 9 20 97 40 20 88 80 62 1 15 19 19 8 90 67 4 50 17 42 1 77 75 9 33 95 87 52 71 10 4 65 14 90 4 91 67 38 97 11 1 4 0 36 65 96 95 64 84 79 68 59 78 35 10 7 11 61 44 32 11 74 83 81 30 80 53 51 7 9 95 98 70 32 59 25 18 82 11 17 67 31 40 61 3 50 82 61 16 6 15 80 39 45 50 42 83 77 27 30 67 78 80 12 8 23 85 46 27 8 47 68 54 99 41 74 33 49 0 37 31 40 61 44 70 31 5 5 95 70 88 86 17 86 33 53 9 27 37 
36 42 84 98 57 30 94 58 97 89 66 28 69 88 60 50 81 52 76 75 53 8 30 11 98 92 88 69 18 44 53 56 74 13 87 17 78 54 54 84 78 21 67 89 16 67 50 53 30 33 96 73 98 9 19 42 15 64 67 85 30 1 60 49 88 86 69 48 25 9 93 18 74 83 57 28 99 64 13 19 4 61 38 6 81 69 15 33 35 97 46 8 5 84 30 37 47 75 14 26 21 89 21 69 56 89 76 48 65 23 75 3 30 48 59 71 36 74 15 82 33 91 50 84 91 45 61 44 34 90 46 43 47 5 28 16 36 25 67 10 26 72 42 34 12 6 83 55 62 27 75 86 61 14 75 21 97 88 74 69 9 45 20 48 46 85 27 84 7 69 12 97 86 55 47 15 66 11 2 35 80 44 31 91 20 63 53 81 90 61 9 53 77 47 34 81 58 69 81 33 39 39 25 86 14 96 70 23 53 8 12 15 12 61 42 13 17 32 52 17 2 32 90 43 20 8 86 74 15 81 12 2 83 78 95 8 69 3 15 77 12 3 48 18 73 58 54 76 41 86 43 76 58 50 97 60 69 67 8 77 82 97 22 0 96 98 78 88 7 33 69 66 27 38 11 29 36 99 97 75 54 54 67 55 45 45 29 99 25 98 74 41 46 37 4 78 84 79 65 70 81 24 9 58 59 19 10 55 39 0 88 82 38 26 36 17 12 31 3 29 78 8 91 64 92 41 2 97 62 61 54 93 70 98 63 24 15 52 50 93 16 89 35 78 13 64 62 44 33 2 27 61 19 33 70 75 67 61 80 52 27 20 75 18 78 89 47 45 79 7 46 98 59 11 57 15 45 58 65 8 14 72 57 44 25 46 56 21 43 34 53 52 81 32 65 64 10 19 29 8 16 22 13 83 23 24 36 52 80 66 96 74 91 31 73 38 78 81 1 46 24 10 63 44 79 69 96 8 29 54 29 74 65 64 2 16 56 73 34 90 74 11 13 30 86 57 2 6 44 7 25 48 7 59 96 49 46 4 8 81 27 12 22 46 10 0 34 60 38 51 32 4 93 81 10 55 25 41 33 53 31 24 83 80 83 27 97 95 24 7 48 76 89 60 1 33 20 0 37 95 
74 28 70 75 19 96 48 18 23 90 34 94 58 33 37 57 40 48 29 17 64 15 61 41 30 10 14 51 98 27 35 66 99 98 36 94 7 75 94 78 61 26 29 14 89 64 49 49 91 68 42 92 62 65 36 79 26 94 97 91 68 81 28 5 73 96 73 22 62 72 86 20 78 88 30 8 32 83 84 16 15 17 70 3 27 91 22 87 81 24 34 18 26 58 15 31 88 77 11 99 94 70 26 52 74 96 65 45 44 52 78 43 12 42 7 75 78 27 46 52 28 96 64 35 17 86 69 29 97 79 32 0 98 54 59 5 13 86 85 33 88 33 2 38 18 35 23 71 11 4 35 19 26 86 84 23 60 29 62 67 44 85 37 46 75 2 29 35 20 10 59 87 8 21 34 68 94 8 83 64 71 21 84 19 32 22 70 1 24 80 70 72 71 31 49 92 7 99 52 23 46 37 43 31 92 75 84 22 59 16 2 34 9 44 94 45 61 44 90 30 15 97 9 96 48 33 78 75 53 89 12 37 8 81 81 62 41 89 33 47 66 37 82 0 25 68 69 48 25 44 96 78 27 73 26 16 6 23 82 34 85 21 64 40 44 7 0 20 67 86 33 48 58 95 77 23 95 53 81 65 96 95 27 84 24 65 74 0 70 49 47 82 84 69 65 49 28 32 18 49 56 90 40 21 43 92 28 38 8 95 74 28 43 19 9 32 84 63 45 35 94 75 3 75 45 47 11 39 24 50 33 99 46 57 41 17 21 85 31 86 95 86 91 24 29 21 52 11 65 57 63 70 60 13 74 8 40 61 98 11 22 43 38 33 80 75 33 44 89 78 98 82 37 86 18 98 74 86 21 85 3 65 56 44 80 60 66 17 18 21 62 89 48 1 5 85 50 64 80 40 70 55 64 51 53 51 37 17 35 53 3 25 40 9 92 18 89 22 5 47 74 33 70 52 82 38 29 60 57 44 14 26 84 53 51 88 11 73 5 10 23 1 68 8 38 40 70 80 55 61 9 46 48 71 64 5 2 44 60 41 80 0 39 84 12 54 97 66 91 72 13 24 78 36 6 54 96 9 95 5 6 19 40 41 93 6 54 11 14 29 28 84 80 82 63 54 93 60 63 29 
50 5 23 36 40 37 62 54 31 34 11 62 31 86 87 29 68 10 53 54 18 48 58 19 91 39 25 64 67 49 28 96 87 22 33 42 70 4 68 8 66 30 94 42 13 0 89 50 81 83 76 80 76 9 54 47 27 88 42 69 31 55 26 60 18 13 76 97 64 48 72 25 5 13 91 26 32 51 40 51 20 29 77 55 46 32 12 15 16 75 94 77 76 89 43 88 32 92 92 82 40 35 14 17 97 27 56 53 28 78 18 84 46 16 10 35 43 21 43 73 60 82 1 25 58 14 17 53 0 13 53 32 16 76 13 75 32 88 39 56 70 64 56 78 70 8 69 37 84 96 49 81 9 51 19 5 94 40 42 70 2 54 2 8 99 64 15 60 52 4 65 86 54 47 38 69 9 73 16 1 39 93 48 36 23 28 71 32 59 94 95 96 31 69 89 93 97 9 82 7 5 56 62 88 70 10 72 64 29 75 47 22 14 60 81 82 40 24 54 47 93 52 75 59 22 1 60 32 43 68 30 29 18 18 26 66 40 21 81 80 40 43 0 21 73 33 40 62 42 47 0 45 28 38 36 62 59 98 72 20 96 17 29 10 95 31 56 43 43 60 79 9 62 7 77 41 39 93 36 33 92 5 9 15 29 92 80 50 34 4 45 82 49 81 34 5 88 4 21 3 56 27 28 46 62 60 88 51 68 2 3 22 63 37 53 37 15 2 32 6 20 30 6 66 84 94 20 50 26 75 29 88 49 2 13 63 48 99 43 10 72 77 59 34 38 17 71 78 75 9 4 23 64 54 85 7 47 13 16 83 48 18 88 59 20 14 74 73 76 78 22 35 64 79 9 77 13 85 9 30 83 63 60 0 63 84 80 2 46 43 70 49 38 35 78 75 97 73 98 96 14 27 43 97 47 50 45 34 28 7 81 46 17 69 83 10 56 26 60 2 15 67 50 39 93 32 78 46 67 40 31 91 7 1 61 98 21 20 42 97 36 88 68 66 13 44 79 0 91 21 29 16 52 20 11 78 20 8 10 8 46 92 71 91 11 55 63 87 47 64 70 99 32 96 26 21 66 22 2 23 64 9 99 12 49 20 27 37 39 66 60 22 46 19 99 39 92 79 78 46 
79 6 75 44 25 31 10 0 68 52 97 11 84 27 77 13 24 98 92 90 14 40 21 72 8 63 87 84 32 92 34 11 4 85 30 11 1 62 81 51 39 35 59 95 34 77 13 67 27 38 87 53 86 61 53 65 62 46 91 13 86 82 99 41 63 59 59 21 26 51 68 73 95 82 74 88 78 96 25 79 65 67 12 20 42 29 87 2 7 42 86 91 91 1 40 53 66 99 38 70 8 64 69 30 45 56 76 37 57 53 34 13 11 99 54 52 47 4 25 70 64 2 2 22 26 65 99 23 80 93 30 89 33 95 20 7 93 71 55 3 90 46 95 20 96 65 87 55 12 86 69 50 55 30 89 49 83 90 82 82 70 9 20 90 35 10 95 44 5 54 85 81 41 45 38 45 12 5 37 9 89 67 28 45 55 45 80 25 66 28 2 18 23 67 77 54 89 0 0 8 75 81 63 12 87 77 25 23 51 16 49 34 78 76 10 52 77 49 66 41 56 24 74 12 95 99 23 5 52 60 49 88 58 76 36 8 47 42 90 11 94 36 23 21 92 3 30 55 88 25 89 30 12 92 84 0 30 58 66 74 91 48 88 99 39 83 74 88 85 35 35 93 52 58 46 74 50 77 38 61 84 37 75 67 38 45 18 45 41 38 4 98 14 23 70 46 61 90 31 12 13 86 0 40 33 54 56 66 88 19 84 7 93 1 74 33 51 60 2 96 95 24 19 56 46 41 82 88 64 37 16 18 20 54 95 16 70 81 11 13 83 87 61 12 36 14 20 48 78 15 98 97 24 45 12 33 53 58 82 14 84 12 89 43 69 99 67 42 94 41 24 38 26 35 93 29 92 54 33 75 55 52 67 47 57 11 71 56 18 62 96 32 50 51 98 74 41 81 95 98 25 56 27 38 17 85 76 25 42 50 55 82 3 77 44 2 45 20 40 94 26 73 57 41 85 75 42 65 23 57 0 51 52 28 4 16 5 91 41 97 52 78 80 82 13 68 67 43 40 79 11 19 15 11 29 2 41 50 11 12 15 49 70 26 54 75 58 85 77 36 58 1 60 31 54 23 93 28 42 10 19 15 67 46 32 29 52 26 67 94 43 56 97 46 96 43 39 64 83 28 
37 39 97 76 26 51 11 64 28 97 46 62 21 2 74 32 33 9 29 54 38 41 31 5 26 72 8 73 76 43 21 74 34 18 67 58 4 64 4 38 45 10 59 88 46 99 86 72 91 0 38 49 22 5 90 14 37 44 68 80 32 43 37 87 91 20 12 72 12 73 40 49 88 73 29 95 22 78 12 71 17 87 93 64 52 48 86 8 42 16 13 89 63 14 15 42 80 61 47 66 98 33 77 12 5 53 43 52 74 91 43 4 39 80 7 75 87 20 37 54 66 6 79 12 57 83 22 87 13 89 90 48 32 50 29 11 97 18 23 50 53 46 29 92 94 29 68 53 15 48 17 25 80 64 74 16 99 62 20 76 19 80 27 12 84 43 29 43 3 0 95 70 4 59 0 59 97 76 63 87 85 44 52 4 28 40 74 98 64 79 47 38 69 14 15 81 85 48 61 44 12 0 88 52 70 34 77 4 40 3 86 60 8 32 51 80 39 81 26 73 25 11 36 12 44 4 82 97 92 48 97 21 19 80 98 59 19 55 0 67 64 49 31 81 56 55 49 81 48 34 15 18 81 48 35 72 6 88 55 64 24 45 97 23 36 37 96 44 47 86 61 98 52 26 95 77 61 71 64 10 3 81 25 65 92 31 80 70 93 11 72 7 29 86 4 10 15 36 52 18 83 79 72 14 96 74 82 73 20 56 66 79 33 65 48 69 82 84 26 31 57 46 31 42 15 4 51 76 89 35 8 18 10 63 0 46 4 33 28 76 88 28 80 38 40 30 76 78 4 80 82 87 24 99 41 76 55 77 22 28 37 95 41 99 12 52 94 96 93 43 40 59 18 28 18 80 11 20 36 97 1 37 45 77 36 44 10 42 12 2 53 44 11 77 31 46 66 8 62 8 26 8 95 14 20 8 44 36 35 43 29 86 13 29 60 50 45 15 18 60 15 23 72 45 48 72 29 67 75 41 28 31 76 32 10 24 36 72 41 48 22 7 24 64 13 38 30 57 77 86 12 40 82 37 18 22 91 35 57 25 39 13 36 57 62 51 99 98 38 37 15 60 19 21 58 8 60 34 78 27 42 56 78 89 67 14 24 44 96 24 69 40 87 99 17 49 80 33 82 31 
84 37 20 61 58 19 74 18 14 68 75 63 59 60 70 33 78 52 74 18 63 94 94 26 6 22 56 16 6 46 17 48 4 22 1 15 12 42 51 49 28 3 18 74 25 0 81 21 21 53 4 93 41 65 60 84 12 92 58 69 25 23 30 28 50 90 54 53 64 58 0 17 16 89 19 76 15 7 38 28 98 43 70 92 85 57 35 9 54 96 44 61 68 94 82 40 68 55 94 88 78 40 42 63 89 89 46 60 49 45 39 55 5 92 47 44 0 22 18 82 2 6 61 87 11 25 9 80 36 48 27 35 63 86 97 79 16 51 19 23 60 46 18 89 64 90 1 21 29 76 19 82 59 78 36 16 43 46 43 31 26 44 7 87 70 30 89 20 63 67 77 4 22 38 45 11 93 4 78 98 32 71 44 71 22 12 20 87 95 51 92 1 68 41 75 39 63 7 77 31 57 17 49 16 25 49 94 56 7 54 15 96 45 55 6 38 13 60 50 54 75 3 63 24 92 14 95 32 87 12 27 11 87 25 11 10 1 40 10 89 15 8 99 6 85 8 53 98 87 58 82 70 8 25 1 89 17 55 82 78 93 11 37 85 35 36 99 15 93 5 36 94 16 82 40 61 43 78 4 51 24 55 24 33 93 47 91 79 64 72 38 64 13 67 44 37 47 4 97 98 57 33 58 46 78 8 0 68 56 78 13 63 65 81 39 15 6 24 78 96 39 21 49 82 92 40 88 6 63 70 44 1 61 17 62 77 89 34 93 76 74 18 38 47 81 53 77 27 71 48 89 0 21 42 24 70 16 26 44 20 81 91 34 5 82 79 37 13 42 92 53 4 23 8 40 50 5 0 72 90 57 7 11 80 7 24 59 65 20 17 94 37 68 69 9 68 11 9 7 68 80 58 0 18 11 58 83 2 27 0 45 96 7 89 7 12 95 1 34 22 13 5 16 66 77 26 2 18 16 25 4 78 84 28 12 15 84 10 67 27 5 83 40 44 14 14 6 95 76 62 48 59 85 82 99 10 61 96 64 26 10 17 91 8 56 15 11 77 40 3 63 6 87 23 16 10 77 70 8 54 34 39 91 8 3 36 95 26 69 65 1 73 16 36 37 9 30 41 83 52 
18 76 44 11 15 14 55 76 12 74 85 4 50 85 33 42 79 92 0 69 41 32 3 7 70 97 15 26 2 16 90 31 35 71 54 69 99 63 91 95 7 76 76 82 67 98 71 37 38 36 37 9 79 80 48 23 52 54 99 27 26 98 21 15 54 55 5 33 70 62 45 34 3 93 23 19 21 60 49 12 47 53 8 78 17 7 65 53 23 54 97 67 52 25 47 8 15 32 81 14 57 82 25 26 11 42 40 36 9 2 66 28 18 0 79 65 78 28 73 38 86 13 95 31 28 20 98 57 39 70 34 13 83 45 23 18 91 33 8 9 26 3 12 16 44 91 87 82 51 71 43 26 54 43 75 90 92 86 16 14 52 5 51 86 0 22 86 60 48 16 15 73 24 93 21 53 60 80 39 0 51 48 94 72 54 92 91 9 14 45 34 76 0 1 61 16 88 33 16 44 29 34 80 20 88 47 90 18 14 45 49 12 22 19 40 5 58 68 65 8 57 64 40 79 3 26 24 75 88 79 63 3 62 66 65 0 92 61 95 36 31 72 59 69 36 28 43 60 82 20 93 29 78 27 38 94 56 76 72 92 67 78 0 45 84 90 28 50 79 75 67 67 82 72 23 12 26 68 83 50 19 86 37 11 64 34 20 42 35 16 40 55 94 27 23 81 13 45 38 37 78 49 28 14 15 93 91 9 87 77 98 59 8 43 63 44 63 1 29 79 64 40 34 75 55 78 39 36 44 75 59 15 55 87 80 21 91 47 87 15 7 80 79 10 33 0 9 45 15 60 98 99 40 10 92 21 8 28 86 1 82 20 98 60 29 13 16 10 12 42 5 75 39 82 97 35 23 59 13 89 61 91 79 77 6 52 95 16 33 55 78 49 77 16 29 77 20 99 12 34 65 90 39 96 62 69 17 76 17 98 84 5 96 54 8 59 86 60 55 45 72 57 56 88 60 39 62 26 41 97 32 28 7 99 23 70 49 15 19 10 99 15 33 48 49 98 77 62 45 24 56 16 99 44 76 1 4 89 10 54 67 44 95 66 80 45 91 19 34 34 39 28 2 84 46 67 6 13 29 13 62 70 85 56 46 42 85 80 59 38 25 5 31 90 71 92 67 64 48 17 
83 32 96 87 29 40 37 94 53 76 61 81 61 53 99 22 39 61 13 90 23 18 27 9 31 5 50 63 28 32 37 64 19 24 68 26 36 83 63 92 66 80 57 73 6 92 27 25 68 59 78 71 40 34 4 56 93 35 41 7 40 54 68 85 31 73 45 87 52 12 84 9 83 31 53 70 82 13 26 69 84 43 17 34 93 48 51 58 37 14 76 91 86 96 91 27 98 65 12 50 51 97 24 23 74 19 73 63 9 31 35 80 32 69 86 0 14 61 61 52 9 88 2 60 63 64 87 64 96 95 65 44 56 65 83 63 35 83 92 81 89 34 21 8 83 9 65 96 11 70 70 97 55 23 57 97 45 24 48 21 30 43 27 29 96 48 28 56 52 74 8 28 4 70 55 61 9 15 81 91 41 69 46 15 10 94 63 59 18 78 94 88 30 37 4 80 49 42 96 43 47 66 67 15 45 59 46 72 71 59 51 93 98 92 61 43 43 97 61 77 45 56 21 41 27 53 22 74 2 76 95 99 99 10 74 27 48 81 42 29 91 57 80 53 65 62 22 51 77 39 83 24 39 60 24 16 6 19 94 99 87 8 33 50 17 38 48 55 62 85 23 11 59 45 90 92 59 7 10 27 4 50 40 12 83 85 4 67 53 44 52 45 17 99 26 80 68 2 67 68 46 49 73 23 55 71 21 9 14 86 5 19 41 69 38 28 9 95 65 81 43 50 83 51 79 41 21 3 52 34 57 37 37 86 15 92 86 4 39 41 9 25 91 29 30 21 95 32 30 49 79 96 84 78 61 23 74 59 40 12 93 14 36 79 85 9 38 71 56 86 90 67 1 79 92 56 13 8 20 26 65 77 22 9 77 85 40 10 80 7 37 69 12 74 2 13 16 60 6 99 97 18 80 72 21 4 95 50 58 87 9 51 46 6 73 39 17 5 69 67 87 43 73 54 92 26 43 68 70 49 47 45 70 77 59 83 17 56 30 19 60 94 74 58 53 93 49 66 28 28 44 26 63 85 7 71 42 31 1 16 29 50 97 64 94 58 3 1 45 87 59 1 11 17 50 33 7 96 66 60 63 88 85 57 54 55 9 83 0 31 2 64 23 5 91 6 53 4 10 34 
42 86 51 17 95 89 91 76 43 4 16 11 1 71 95 6 18 4 77 42 32 56 28 97 23 85 3 40 92 41 58 29 19 67 73 50 61 28 3 92 5 41 55 3 18 7 0 21 58 84 84 93 2 44 77 74 14 62 11 28 81 44 49 75 69 51 3 69 16 32 47 57 18 95 11 45 83 50 10 99 87 10 38 68 28 21 70 92 59 40 92 58 23 36 37 35 26 18 79 9 96 51 35 90 49 19 83 33 27 63 22 4 64 0 51 94 32 25 14 59 98 22 65 37 11 91 95 14 40 53 83 20 2 15 34 20 79 63 4 90 10 26 52 11 25 1 3 52 89 46 67 86 52 78 80 2 71 96 50 55 71 34 65 78 25 71 30 10 98 49 14 28 52 67 71 0 18 93 77 81 76 55 43 93 47 7 95 9 18 87 84 43 21 43 73 20 85 46 29 37 8 91 17 85 2 66 5 29 72 56 30 46 92 35 7 77 30 78 67 73 1 20 95 70 72 91 1 38 66 86 24 80 93 7 92 18 71 51 92 23 22 35 82 98 69 92 11 6 82 53 60 34 27 27 36 35 52 21 71 47 13 50 59 96 75 44 21 82 64 30 33 21 85 72 97 50 96 9 95 87 73 65 70 21 64 29 15 78 99 11 81 88 61 14 65 49 60 82 50 83 47 95 8 33 56 12 35 38 28 86 83 37 74 10 1 54 76 88 56 49 95 72 93 56 15 2 64 6 95 68 68 21 14 23 53 75 71 95 31 21 45 71 54 47 77 53 56 12 24 89 71 97 3 8 76 8 66 54 58 11 41 16 63 17 25 0 91 8 50 30 55 80 55 64 37 14 11 84 76 28 27 28 27 89 96 95 33 88 6 58 72 86 37 33 30 55 59 99 63 28 54 23 77 90 63 9 20 78 23 1 73 98 65 54 9 59 89 5 74 31 51 55 50 84 63 31 63 2 32 9 66 10 22 12 74 16 68 39 71 82 65 26 27 33 51 93 21 83 46 42 41 29 50 95 24 8 15 18 28 55 16 32 45 99 38 67 25 45 30 60 50 79 6 53 22 9 20 91 55 78 7 78 83 35 74 83 45 64 66 2 94 65 48 22 39 18 35 94 80 90 
2 37 32 64 89 72 45 91 40 75 91 4 25 81 16 89 60 3 15 96 31 56 33 9 91 46 67 92 15 60 89 54 3 11 14 2 6 73 54 99 72 20 56 56 95 19 60 22 38 56 92 61 43 18 53 86 69 19 36 92 37 65 9 30 10 40 48 36 90 43 7 12 3 84 71 74 93 61 70 91 34 24 53 87 4 61 97 21 34 11 75 27 26 44 28 70 61 66 70 15 20 70 1 67 85 74 73 40 72 5 76 40 68 73 26 9 68 54 50 62 71 33 96 13 28 63 78 81 58 43 36 94 20 6 35 55 30 14 83 4 95 84 4 40 54 82 62 72 99 67 61 80 19 17 35 73 94 53 87 96 28 45 21 2 58 39 79 29 11 40 16 62 39 95 87 51 34 82 99 55 3 66 84 71 19 43 12 40 57 78 90 2 64 91 23 79 51 17 39 28 95 40 31 15 90 1 29 58 15 19 55 19 66 53 43 89 66 71 98 85 24 66 24 16 49 85 56 32 54 24 56 85 15 18 47 6 82 97 1 5 94 52 43 95 88 62 32 43 56 13 54 53 19 46 29 6 31 78 57 50 40 8 10 24 58 58 65 84 90 45 45 55 66 93 23 20 75 88 81 36 9 29 60 31 74 12 17 99 51 40 13 56 19 85 49 88 12 28 77 5 71 4 7 33 19 66 10 10 81 30 91 26 78 59 48 12 66 89 0 83 44 86 2 51 21 36 57 82 57 76 91 32 24 65 0 18 69 11 42 48 73 18 30 93 38 96 6 31 50 37 93 31 74 48 82 74 82 71 57 1 70 71 2 6 25 90 76 83 97 88 69 62 60 79 6 78 30 10 69 97 94 13 85 79 69 42 71 74 84 67 38 30 18 23 28 70 67 66 91 88 74 33 36 22 97 9 27 13 88 26 99 58 43 39 97 82 14 97 67 38 89 5 29 44 69 97 67 77 80 17 0 20 69 2 3 33 48 0 40 49 74 49 6 69 20 5 54 89 92 91 26 63 69 23 27 76 16 74 44 87 15 63 32 87 77 31 18 82 93 76 27 67 80 29 23 63 25 29 87 3 47 21 90 17 38 67 67 82 46 44 99 99 89 92 84 58 90 41 80 55 
89 97 38 34 56 4 33 7 7 69 27 89 16 63 49 11 94 40 84 77 7 89 60 89 44 57 89 57 92 98 11 16 67 51 98 11 84 25 42 82 89 8 9 31 66 10 89 94 9 17 53 65 80 64 42 38 55 76 50 63 32 56 85 38 40 63 62 13 3 59 8 39 71 30 70 40 57 36 72 93 65 36 15 44 68 12 78 70 82 98 42 85 17 9 59 65 98 51 96 81 86 88 41 3 38 50 54 16 46 67 19 37 28 68 86 95 39 23 24 44 62 76 40 51 83 11 17 16 11 4 94 47 96 43 71 42 44 22 5 85 84 73 37 2 37 81 14 33 54 36 20 1 74 88 57 79 31 88 22 16 91 39 25 66 25 72 82 63 64 57 2 28 83 44 20 99 45 79 18 87 71 7 26 17 46 83 41 16 52 90 28 0 60 10 93 83 62 71 12 79 75 3 31 20 16 19 78 48 15 62 87 20 41 72 21 75 47 10 80 28 66 44 41 41 92 99 6 69 53 84 83 13 39 72 78 54 18 82 12 46 55 62 82 10 77 19 39 3 28 12 94 76 57 94 86 54 31 89 39 17 13 7 73 62 27 77 68 53 53 69 74 25 17 47 61 98 53 80 34 66 13 64 10 7 2 99 43 96 3 27 42 78 75 48 76 93 87 60 93 95 46 31 36 96 70 46 92 79 72 75 11 4 75 48 21 62 40 37 75 95 14 63 29 61 77 99 8 51 16 98 85 80 47 2 22 8 85 57 9 73 30 37 62 96 65 71 27 4 4 31 36 86 43 8 21 65 10 1 75 88 17 0 75 70 75 97 11 84 86 41 18 94 56 12 34 67 75 73 96 54 89 22 96 49 19 74 42 79 66 44 96 59 75 72 32 78 67 49 68 57 6 27 25 7 33 33 25 76 13 94 64 91 19 64 48 34 77 5 16 83 62 33 14 32 16 55 32 14 65 68 9 63 52 41 8 7 78 81 21 60 96 42 6 84 10 62 68 98 37 77 6 16 77 57 58 80 82 54 15 74 64 19 42 81 16 9 48 40 33 50 59 94 19 53 68 61 43 36 20 44 23 34 77 39 51 50 8 83 93 40 93 14 92 46 55 64 63 57 96 82 
36 18 99 63 91 99 28 69 25 90 23 42 44 48 33 35 21 34 0 60 7 48 82 45 6 10 59 7 72 75 38 30 23 11 84 59 95 80 3 85 24 9 79 72 15 59 78 17 14 75 89 8 2 48 1 71 85 85 83 74 31 18 32 72 16 7 80 77 63 68 81 72 73 59 46 23 33 76 20 16 58 91 49 95 29 75 71 85 77 65 47 43 77 10 3 87 9 29 37 94 67 96 17 19 95 90 1 23 68 65 38 57 6 81 6 96 85 29 16 39 19 56 19 28 21 34 15 44 49 17 92 85 96 94 73 73 42 32 40 75 10 67 46 88 37 25 9 27 13 41 32 72 46 48 55 17 19 48 0 2 17 95 37 7 13 32 43 71 67 35 78 20 87 83 62 80 27 55 58 13 65 45 82 85 54 79 98 75 75 35 29 46 52 98 48 51 94 68 60 73 41 94 53 77 37 79 7 30 16 51 72 86 73 68 68 65 32 71 46 38 70 11 40 16 54 52 20 22 60 72 91 30 4 88 19 35 50 93 37 57 1 73 61 17 82 43 60 61 67 59 45 85 95 96 7 79 55 88 7 60 10 66 46 19 89 11 53 93 90 87 47 38 9 65 47 51 11 28 99 76 35 63 32 32 19 3 11 55 12 95 75 80 20 84 32 3 23 6 51 56 95 95 35 40 29 87 79 7 93 84 93 71 49 83 63 41 56 46 0 93 76 39 81 75 79 81 92 75 26 65 60 4 23 80 31 24 12 15 89 82 39 39 57 66 75 35 77 10 69 6 57 29 64 1 0 40 86 52 75 46 18 96 82 56 5 38 8 37 34 73 28 8 5 18 41 68 12 19 39 79 91 64 40 90 82 49 98 80 53 87 33 89 8 23 39 72 50 65 70 52 35 34 38 92 23 43 31 78 85 51 30 29 8 94 3 61 68 96 53 6 36 77 53 31 71 50 40 22 13 53 60 33 16 52 9 18 6 39 48 51 48 91 16 15 11 41 43 17 22 72 3 7 68 78 61 25 8 2 77 79 94 98 60 35 8 33 86 76 77 27 88 72 16 87 17 66 40 82 56 27 34 91 2 38 64 10 15 83 13 45 66 94 69 56 48 35 31 63 69 27 
4 62 43 76 1 67 11 86 12 92 77 11 26 11 90 4 13 62 80 68 12 32 6 89 63 87 45 68 42 12 74 78 68 95 12 60 72 8 57 50 22 10 76 52 50 10 65 77 81 52 24 41 25 67 19 28 75 79 7 27 16 62 41 71 23 48 33 75 64 36 66 75 74 42 91 87 48 83 5 40 19 65 83 13 63 67 11 48 18 88 58 63 65 83 25 26 76 4 8 34 69 93 75 20 56 95 35 79 26 33 48 14 16 53 29 61 70 30 43 29 14 71 25 17 57 90 39 36 36 79 46 37 80 1 68 50 61 5 20 44 83 22 44 94 42 97 73 76 14 38 95 54 34 10 41 85 57 47 79 0 33 88 59 7 44 2 20 5 64 8 62 64 84 53 2 21 44 79 60 83 27 22 30 52 87 62 6 90 25 2 97 60 34 49 94 29 41 82 89 64 86 72 12 69 84 14 81 2 82 49 74 90 38 61 38 86 67 76 92 45 47 83 28 61 88 41 69 6 80 47 89 47 54 33 28 51 35 45 63 90 61 17 99 64 31 17 57 1 77 3 71 53 73 2 30 93 22 9 70 3 60 84 17 15 76 23 68 59 82 62 14 77 28 97 58 65 24 69 44 76 29 58 23 39 46 87 45 20 72 31 54 40 45 93 61 4 8 42 61 65 67 69 19 62 11 99 77 43 27 9 47 0 83 91 91 90 70 14 70 10 90 84 49 96 60 26 25 57 47 86 71 32 92 50 86 85 46 1 50 3 11 13 97 37 44 49 28 47 14 75 21 6 1 12 18 71 91 83 69 55 68 19 33 81 57 37 7 27 86 10 42 44 45 5 80 22 60 76 54 9 73 78 66 60 12 24 27 58 53 80 68 89 28 38 21 55 17 47 94 76 59 2 21 52 56 25 98 99 21 19 89 66 68 12 28 97 39 58 46 9 87 81 55 24 89 69 5 91 60 42 78 28 67 17 59 39 0 61 12 53 37 88 29 63 49 83 16 49 79 23 80 95 31 98 50 32 97 74 34 12 2 4 80 17 32 27 27 42 61 53 98 76 87 94 1 6 30 45 27 55 3 24 73 81 16 63 21 56 40 43 52 35 20 27 36 54 13 4 7 53 
88 21 20 68 0 45 71 55 87 0 38 28 95 64 69 22 70 53 60 16 84 70 42 67 17 57 6 89 86 84 77 55 20 34 29 0 14 82 9 97 18 70 88 91 88 78 51 31 82 62 10 42 43 78 62 42 25 52 2 47 68 71 54 57 25 42 31 52 15 43 51 9 89 21 96 69 21 40 5 44 99 63 36 63 4 22 66 41 41 22 19 91 90 65 89 90 68 47 80 81 31 37 7 55 24 3 37 33 78 13 17 88 1 53 54 26 36 60 47 82 51 94 42 61 61 3 44 75 40 31 53 15 69 32 56 94 9 83 72 92 60 33 80 11 93 34 0 41 18 43 69 33 10 71 44 39 31 15 41 59 29 28 82 53 13 1 45 38 26 9 81 62 5 64 54 27 42 0 66 0 74 91 64 85 91 11 46 42 34 35 77 47 48 48 46 7 59 78 91 96 18 77 32 66 36 5 70 61 44 86 59 32 40 24 35 91 4 53 27 33 78 57 52 31 8 57 19 95 16 65 82 96 22 99 45 36 82 87 97 76 24 15 77 41 29 58 88 91 16 17 50 78 49 15 34 62 13 34 87 39 3 28 42 57 37 7 91 78 89 71 72 46 65 89 66 38 32 45 97 84 92 71 30 53 49 35 63 16 96 71 59 71 84 1 98 56 55 41 99 2 44 86 1 79 47 27 31 7 54 97 43 58 86 3 72 75 86 79 14 95 16 11 99 96 67 15 48 28 32 29 49 64 11 60 29 0 78 29 60 10 42 98 6 94 21 78 64 68 14 74 65 84 29 48 54 62 9 33 90 98 21 79 5 89 3 17 99 97 63 47 28 44 88 29 5 96 42 46 82 95 67 12 30 66 51 57 94 52 6 21 61 82 29 83 87 44 7 18 65 77 97 45 96 84 96 64 62 23 91 40 89 93 24 16 93 79 63 27 5 62 0 70 69 51 64 14 34 6 92 85 45 72 73 39 13 76 51 53 99 28 7 73 35 41 42 12 12 51 4 96 64 61 81 44 21 37 95 26 72 23 0 76 60 44 46 57 13 76 12 70 13 55 86 43 86 92 52 87 10 67 7 85 63 89 48 67 31 61 49 24 11 18 25 77 38 2 64 47 84 13 
83 25 0 99 89 27 31 74 34 97 78 71 34 34 18 62 14 99 13 35 50 97 84 20 99 78 7 21 3 70 0 23 49 92 28 20 71 22 14 50 12 31 49 30 79 59 60 70 97 64 88 26 51 44 42 0 68 65 66 95 68 68 88 81 37 13 32 31 80 3 27 64 23 71 23 0 26 97 15 12 36 19 44 27 99 16 23 71 58 24 17 76 26 35 27 8 87 27 21 4 29 61 85 97 78 70 36 99 21 98 85 22 72 86 5 90 34 83 85 16 4 38 30 77 5 13 86 91 51 37 71 34 21 42 89 5 70 80 95 97 74 60 31 81 31 86 98 86 61 60 6 96 19 59 14 30 94 92 17 31 58 49 94 74 92 65 27 51 33 50 10 22 89 33 1 40 48 72 25 15 11 43 16 11 62 67 48 94 76 10 59 68 48 66 74 99 2 6 39 72 17 94 27 63 60 15 26 91 67 98 16 98 8 79 63 0 37 78 78 18 31 25 42 13 39 24 31 46 76 17 85 44 14 62 95 31 85 17 60 4 17 14 44 83 40 34 21 12 92 40 90 73 32 40 40 54 97 55 84 70 33 70 12 86 94 64 66 60 16 34 9 17 29 70 48 69 24 51 12 2 20 97 70 24 82 74 22 52 29 59 62 20 50 85 54 90 39 82 95 7 35 80 98 78 87 16 42 21 3 59 78 31 92 61 8 58 9 97 40 43 87 37 25 4 70 62 29 57 44 91 8 22 20 78 39 44 48 35 68 86 82 64 17 70 25 44 96 52 5 92 98 34 72 51 73 81 93 21 78 91 46 34 67 81 10 72 31 42 50 38 48 9 28 27 42 64 77 54 68 42 23 27 56 78 91 66 74 76 19 26 93 7 96 89 37 11 38 54 60 46 76 7 64 54 69 88 92 60 23 0 23 87 78 50 25 62 65 10 63 28 73 94 85 94 86 63 18 1 66 28 28 29 51 85 40 44 93 72 21 88 12 56 60 4 79 93 2 51 60 12 85 10 42 55 88 79 25 96 50 31 17 86 96 77 13 52 70 91 53 49 39 9 74 28 88 64 61 68 39 85 54 98 16 45 6 54 20 99 96 60 4 68 8 97 72 50 13 16 49 36 
60 40 39 97 80 54 83 36 92 72 8 7 35 94 36 18 10 24 54 29 27 27 93 4 53 83 24 80 44 53 76 39 22 18 5 68 82 40 89 3 96 83 65 37 69 58 97 33 25 39 46 54 26 1 97 93 59 77 99 37 12 3 20 51 8 97 37 73 76 20 21 82 98 94 53 37 2 48 18 89 15 29 7 66 78 18 32 72 94 67 3 72 68 6 85 17 13 83 22 41 71 0 0 72 45 82 5 4 57 19 24 6 45 33 71 60 14 79 54 76 23 86 58 3 73 3 14 1 97 23 70 76 19 11 47 71 81 5 69 17 35 27 8 66 66 78 20 45 74 18 83 90 5 16 9 27 69 96 85 30 81 85 7 17 82 89 51 92 15 37 49 22 47 60 63 34 98 70 59 32 79 68 14 65 92 23 52 79 7 90 12 48 75 48 14 48 38 98 75 45 78 32 69 75 85 1 60 73 86 0 12 10 92 62 8 99 33 22 2 67 15 54 80 96 26 46 59 62 38 2 18 62 66 32 36 73 18 4 98 33 36 36 55 70 57 62 33 56 3 72 97 77 70 54 77 38 3 22 93 55 83 33 11 66 72 56 48 52 92 89 52 54 51 2 51 81 27 66 57 21 74 55 91 99 55 60 91 57 72 72 58 66 80 19 59 70 11 8 87 59 34 2 95 69 24 66 18 55 33 68 52 34 79 98 61 29 38 3 86 66 92 40 80 40 17 56 38 46 31 71 22 42 77 60 7 66 49 80 26 71 87 98 93 62 76 77 35 8 92 82 89 32 20 87 4 64 62 4 88 85 40 15 41 31 7 43 4 92 77 12 28 85 78 15 25 62 24 52 28 15 4 59 1 80 38 51 98 31 24 55 25 75 7 23 87 55 79 99 70 51 56 11 3 99 37 11 64 13 4 95 10 4 6 33 26 26 24 93 13 9 26 70 64 57 63 27 53 57 33 9 24 37 63 75 13 46 76 10 26 88 62 98 67 32 42 32 4 9 86 85 23 41 68 71 59 67 69 75 56 83 50 79 95 67 65 53 72 9 84 35 35 47 5 33 8 5 1 48 43 25 90 84 18 39 95 80 64 24 76 64 62 89 93 91 7 20 63 42 50 70 
95 12 46 77 65 88 61 95 46 41 22 64 98 92 11 97 98 55 40 13 68 72 91 36 30 51 92 58 15 84 69 89 23 93 21 86 75 99 6 86 58 39 90 35 2 63 34 40 9 14 46 5 53 60 21 60 82 69 18 73 11 45 1 3 92 64 22 43 90 55 78 32 92 30 67 9 20 99 3 43 77 79 20 93 4 40 43 40 8 83 88 14 98 31 44 84 1 46 18 72 63 86 63 0 80 6 9 43 98 86 26 15 25 36 24 1 20 73 4 57 48 35 8 17 21 4 45 47 66 23 44 52 40 14 3 92 2 87 4 24 80 91 90 43 89 0 67 68 97 29 5 70 19 64 56 77 87 3 3 81 43 15 42 92 31 1 55 21 83 98 84 22 32 94 8 85 50 91 57 31 56 70 98 12 52 38 9 15 96 88 75 49 37 35 86 20 40 97 3 38 22 21 44 37 88 62 44 41 98 89 70 13 48 66 58 22 87 61 86 6 9 95 65 56 27 33 90 55 29 0 42 3 99 46 53 90 7 41 82 52 40 10 22 30 85 7 43 45 8 1 5 19 49 48 36 77 41 23 4 41 60 24 62 50 75 55 15 61 42 62 57 66 53 66 28 56 8 64 99 37 80 94 56 10 36 83 66 65 48 51 44 15 52 28 65 53 49 66 38 53 44 1 95 70 35 5 45 85 52 21 27 89 78 4 96 62 14 52 57 11 63 31 36 33 90 92 80 60 37 29 97 27 53 54 38 29 53 3 61 73 13 50 43 74 23 99 89 79 92 59 26 17 82 38 2 46 17 7 19 92 64 90 74 98 77 30 47 43 91 40 4 65 15 98 55 31 77 75 99 26 73 20 49 20 74 83 40 27 69 51 77 12 1 0 19 11 17 87 74 90 10 56 70 29 79 35 19 77 18 97 94 23 54 35 82 2 58 8 12 39 51 79 44 26 28 35 85 98 64 98 87 57 49 96 26 88 52 76 14 35 66 59 13 81 93 52 41 51 26 56 87 71 53 68 54 39 73 7 28 46 10 23 73 98 93 30 74 62 11 86 73 38 87 22 29 1 44 4 53 62 18 99 36 67 69 4 0 41 41 96 39 72 40 31 45 14 0 68 88 25 
91 43 12 22 59 15 54 42 23 1 75 4 87 9 1 62 15 92 94 88 15 10 84 43 97 44 28 12 80 12 9 70 24 12 3 34 70 28 36 53 72 9 75 21 60 58 92 84 70 20 64 80 56 57 25 23 57 0 72 37 16 36 16 24 70 1 2 58 18 55 91 10 29 2 81 28 78 50 22 82 42 56 97 55 3 13 67 98 89 49 77 76 5 74 59 97 54 75 88 24 85 19 6 40 94 10 37 17 92 21 43 32 99 53 63 96 72 50 14 42 88 61 33 26 54 96 88 25 55 72 90 97 91 7 39 68 93 40 38 22 66 40 7 97 74 77 16 89 59 40 74 23 46 51 46 54 83 37 60 1 85 53 92 52 38 45 16 69 84 83 38 44 8 5 69 34 22 78 69 95 5 56 26 98 84 86 77 69 21 97 99 45 17 27 30 71 72 84 98 16 50 49 39 34 39 85 59 54 99 54 18 85 61 0 84 82 49 80 6 23 79 8 65 96 86 13 96 42 84 44 20 32 36 25 33 9 54 45 3 62 86 87 78 99 55 41 98 13 17 32 69 71 41 34 58 87 20 50 29 98 43 45 52 70 81 15 62 32 65 47 70 18 58 72 87 23 32 16 25 20 93 86 18 77 39 39 9 73 76 28 95 7 28 35 64 37 21 75 25 69 57 57 60 73 87 20 99 47 43 56 52 57 7 38 92 83 18 87 23 35 4 82 8 80 99 34 66 98 52 73 37 96 97 33 12 4 5 93 91 35 84 60 9 68 21 32 52 30 65 70 76 76 55 64 5 69 56 22 4 77 99 29 67 30 93 41 36 74 73 2 91 60 32 94 58 53 23 60 78 9 45 84 8 25 66 74 6 36 52 80 58 85 13 75 7 95 70 72 42 76 46 71 14 33 74 57 33 71 64 31 2 10 36 89 3 2 75 64 86 42 42 22 82 27 43 64 97 18 58 50 79 21 9 76 62 44 42 8 4 70 88 3 76 69 60 42 72 46 45 66 42 98 66 61 94 62 64 90 0 8 4 3 31 50 73 37 57 50 44 13 75 91 99 49 39 27 85 33 40 58 37 92 55 82 5 74 56 11 12 70 66 8 29 51 54 54 42 30 72 21 
37 63 92 30 2 58 85 0 22 88 60 29 37 42 59 18 54 3 26 81 19 69 61 3 35 18 71 22 52 76 71 65 20 86 33 74 24 0 56 11 27 93 57 40 28 92 6 67 17 94 0 5 46 29 10 89 1 60 75 30 68 9 66 97 38 74 80 36 21 29 53 89 36 70 62 62 51 6 42 33 79 53 16 74 80 80 53 97 16 29 67 9 45 50 24 74 78 84 51 51 14 47 92 5 93 37 74 24 80 29 90 23 67 54 9 2 37 96 18 35 82 77 9 20 36 35 67 60 76 38 35 44 82 72 12 72 91 16 92 14 46 15 97 58 21 4 18 58 61 7 52 52 81 92 73 42 87 13 33 26 76 61 23 66 33 39 70 73 66 90 57 7 45 78 32 93 26 7 88 8 25 52 56 4 37 22 1 16 8 50 51 16 35 5 13 58 4 95 79 1 96 75 9 3 66 72 47 29 9 66 31 68 29 55 86 54 85 52 99 69 3 96 33 84 56 59 99 84 25 6 1 92 43 55 60 95 60 3 81 69 14 87 63 17 35 55 14 71 41 28 16 22 34 14 78 87 83 41 50 99 91 19 52 49 74 10 58 31 71 61 28 62 89 37 71 20 33 6 68 66 29 0 0 87 95 15 8 28 9 69 38 15 19 30 38 57 6 20 18 18 8 84 34 96 35 16 77 37 42 15 27 92 22 46 3 31 9 65 93 44 37 25 3 38 95 83 81 35 97 65 29 85 37 23 64 62 91 24 71 15 7 98 25 41 98 12 81 79 89 39 58 54 47 63 89 57 62 74 91 80 54 89 15 88 57 82 38 97 46 62 18 26 2 92 48 76 56 9 93 14 82 29 51 12 64 94 7 95 57 11 30 27 90 4 36 34 57 77 60 44 62 92 81 67 66 47 69 74 97 80 32 9 56 47 3 78 59 65 10 90 46 87 83 21 35 86 56 95 59 8 90 84 18 11 98 26 92 64 80 14 39 35 99 27 15 49 32 25 48 58 50 42 27 8 49 13 92 44 38 28 42 59 71 76 31 16 3 46 42 23 60 17 77 81 27 25 52 75 8 97 55 16 83 40 20 31 54 28 13 48 55 53 83 26 68 17 71 33 6 96 
35 89 75 78 16 58 87 78 90 81 92 9 21 51 37 0 44 97 36 98 27 76 79 73 16 57 1 11 45 23 85 68 19 76 11 34 7 6 54 91 82 71 60 90 61 7 71 57 11 56 28 94 5 30 86 21 12 48 38 37 9 47 53 45 71 46 5 60 46 29 71 24 39 33 76 35 36 56 86 40 93 82 74 65 67 84 20 84 60 76 7 47 32 28 93 99 30 9 49 41 73 31 19 24 69 4 91 21 53 10 50 68 95 25 46 98 42 4 97 43 82 35 47 71 89 89 27 63 60 27 54 69 41 48 82 36 40 98 75 92 60 6 71 50 79 55 95 54 37 28 36 66 29 2 91 6 72 56 45 57 90 74 86 39 13 49 80 87 17 53 86 71 53 82 53 53 4 87 99 69 72 91 58 48 45 34 23 63 81 80 72 60 75 76 27 60 62 0 36 70 91 83 33 18 41 79 11 34 55 20 48 50 75 25 23 38 35 5 11 19 61 85 40 9 99 72 50 75 42 34 76 96 50 54 80 3 7 98 91 41 82 4 59 49 59 62 23 11 2 73 47 37 39 55 81 95 6 86 43 41 19 52 62 2 75 12 42 35 15 9 11 13 92 34 32 23 8 2 89 99 38 41 6 7 48 10 62 3 5 22 86 17 1 48 95 48 41 23 57 65 6 14 92 78 58 58 86 36 20 73 23 60 3 64 50 37 3 34 25 8 63 68 38 4 6 20 75 53 52 62 11 82 31 79 58 58 43 4 95 27 73 39 63 72 14 12 29 69 60 75 44 75 77 92 21 46 4 31 77 25 76 25 17 53 90 38 68 94 43 80 53 41 86 28 14 39 19 36 12 56 91 85 32 92 70 14 33 90 3 40 75 98 6 87 67 48 92 53 88 57 10 82 37 65 27 0 88 90 56 72 19 57 77 76 37 74 62 34 67 60 57 9 79 25 97 10 44 15 88 58 84 69 65 18 15 92 5 16 97 9 99 68 61 37 77 28 42 90 1 68 30 54 0 97 6 57 34 33 18 71 78 48 25 14 83 45 6 90 11 66 24 39 75 92 32 39 64 22 5 67 28 17 52 9 11 60 40 96 60 12 75 80 7 83 51 97 73 69 16 34 
9 75 22 80 13 56 14 41 16 0 48 58 46 91 15 40 79 22 36 38 15 88 24 9 93 27 37 50 97 47 35 72 48 32 47 90 63 92 72 99 63 8 0 38 55 91 21 29 3 39 84 36 67 47 93 31 71 36 97 92 57 48 76 61 47 59 27 46 43 44 98 42 77 20 57 72 48 26 92 36 31 67 78 66 13 94 62 97 18 6 45 36 41 26 39 65 10 78 54 59 97 9 95 6 40 46 54 20 12 27 68 30 51 58 15 27 44 81 98 96 24 25 2 17 99 19 40 87 50 8 95 87 28 29 61 66 82 93 29 93 63 33 47 19 68 0 63 12 44 77 23 92 56 17 56 60 81 42 51 72 90 0 20 50 4 98 6 43 42 64 52 63 46 6 40 82 93 9 58 0 94 64 75 24 58 39 63 16 94 94 95 40 66 8 31 25 17 90 67 92 37 33 36 60 0 89 50 43 50 38 40 32 37 44 83 0 55 9 86 94 75 29 85 14 59 79 5 48 92 63 28 78 30 39 93 1 25 1 62 0 12 1 52 3 41 95 59 10 82 84 90 22 87 74 17 62 28 65 18 42 12 87 28 76 29 82 39 65 50 52 20 19 90 47 39 34 7 19 2 43 51 49 44 23 90 13 75 57 9 78 85 56 21 56 29 31 18 98 93 18 97 61 47 48 13 25 85 69 58 59 34 2 87 86 81 78 73 6 95 83 82 34 92 29 63 69 9 31 62 55 45 84 53 68 93 36 47 13 42 7 50 78 57 92 93 49 80 54 14 65 68 59 44 77 57 26 3 81 1 35 68 53 53 80 63 89 56 42 46 25 66 76 0 86 32 96 49 85 16 80 96 18 71 50 62 87 5 98 41 94 57 80 25 24 46 10 1 28 57 35 33 4 80 57 15 78 39 4 48 9 68 7 52 9 32 55 89 72 28 26 31 27 49 41 96 32 88 5 38 70 68 51 49 26 81 58 71 62 73 8 61 35 53 76 20 94 67 55 83 45 25 10 95 44 69 35 89 42 82 49 2 13 81 73 9 34 33 43 32 94 56 81 68 78 59 86 91 50 80 66 50 44 94 9 12 97 60 85 60 80 34 24 54 38 44 22 73 70 72 30 
27 50 58 35 30 14 42 26 21 31 26 11 42 78 5 8 27 14 55 88 42 44 82 95 13 45 52 25 50 41 34 34 47 18 4 17 85 55 94 12 31 10 47 59 85 88 31 78 42 43 6 84 10 24 71 57 28 47 26 87 22 51 94 57 77 2 38 88 84 9 10 79 64 76 37 81 21 44 80 52 23 49 49 16 88 50 17 56 9 70 38 16 20 40 30 24 59 91 24 47 84 20 92 24 96 63 13 89 34 84 0 17 30 6 44 4 41 76 68 68 26 96 80 63 49 76 88 18 71 19 13 99 95 28 38 30 60 93 74 41 86 79 2 54 18 43 30 77 16 28 79 90 46 48 28 84 95 32 53 15 49 3 43 60 32 41 89 42 55 65 10 27 51 96 76 31 35 37 8 67 33 29 7 10 98 37 81 80 21 6 8 13 88 80 68 17 91 95 52 91 37 30 27 19 85 5 8 75 61 78 62 82 28 66 44 39 69 89 57 23 35 67 15 34 80 64 1 62 45 31 41 70 27 54 22 26 46 5 55 2 1 8 92 4 14 61 22 14 75 75 58 24 26 15 96 90 45 21 38 69 13 51 34 59 40 52 39 96 48 28 81 89 90 81 90 56 83 33 5 94 65 19 77 72 21 15 17 86 31 66 26 43 92 57 84 29 84 20 46 88 42 6 13 68 88 71 31 68 1 34 97 32 10 25 21 59 64 97 8 13 83 58 71 71 88 51 11 45 63 38 31 98 93 35 89 94 87 65 13 76 82 48 1 0 10 81 92 56 44 91 37 92 37 79 95 74 55 67 7 58 78 2 33 0 43 79 11 48 4 30 82 94 53 59 62 97 97 23 68 67 24 60 46 99 91 24 71 19 56 3 63 13 88 88 45 71 83 98 20 66 54 56 43 35 14 48 92 11 96 3 54 13 48 63 9 29 75 33 31 76 68 25 13 77 82 88 47 66 42 52 92 43 46 42 16 97 50 97 71 91 90 21 74 82 73 62 72 43 8 34 54 93 78 64 87 43 42 14 39 11 66 38 74 31 79 36 44 76 52 51 18 73 96 61 68 5 30 16 81 52 43 67 46 55 50 16 90 58 47 87 5 6 78 10 84 39 53 74 21 48 
57 58 55 84 20 55 68 19 63 49 21 61 91 56 57 58 61 9 94 95 70 81 84 60 42 93 72 67 60 0 29 92 15 95 72 9 68 16 21 3 64 49 15 66 56 5 64 1 66 2 43 54 77 53 38 57 39 12 95 6 21 15 69 64 52 72 98 23 4 42 28 10 66 76 85 86 42 38 27 61 65 57 80 86 99 72 41 16 92 85 13 69 83 61 29 25 8 99 29 27 54 11 13 99 80 14 93 29 78 23 62 85 34 34 22 36 60 24 94 38 69 38 22 96 91 67 16 79 65 83 33 45 72 17 16 71 99 87 36 97 87 81 68 98 30 55 57 75 77 15 49 90 15 54 85 13 83 45 24 69 53 31 13 88 78 6 33 34 90 11 14 47 21 78 67 96 88 9 37 60 65 60 41 85 89 52 40 75 57 20 99 12 43 17 42 97 78 1 43 35 65 74 31 94 29 68 97 18 84 20 22 42 64 58 63 42 91 86 89 60 45 66 10 99 88 12 33 99 46 77 47 31 84 25 26 75 18 13 19 72 11 77 71 62 46 95 60 86 37 3 9 33 97 9 41 63 15 20 95 47 17 92 69 85 84 14 9 57 92 31 81 16 68 98 86 52 40 34 26 85 20 19 75 21 35 19 67 75 0 77 79 84 52 85 13 66 44 22 26 90 16 84 46 3 4 68 65 31 73 23 81 78 7 50 73 37 71 54 14 84 28 18 72 11 74 44 75 85 56 98 26 18 49 54 4 72 41 76 45 48 66 22 95 14 83 76 49 88 75 17 60 42 61 46 29 19 35 41 99 95 61 21 61 10 11 68 25 60 17 0 70 38 34 79 90 80 39 9 93 39 85 28 38 76 10 58 7 25 47 92 20 20 38 2 54 26 87 70 34 86 12 94 79 94 21 54 44 73 79 61 27 41 96 55 68 23 60 55 38 65 87 69 23 59 47 55 63 45 52 19 79 0 84 37 89 35 31 23 19 96 19 76 80 7 69 49 54 90 9 33 18 70 22 88 16 53 29 87 18 44 46 93 23 2 39 45 17 70 33 10 96 58 88 63 11 73 87 44 88 62 0 24 83 61 49 82 91 49 31 73 48 18 1 83 52 93 56 93 81 30 
86 91 46 78 25 64 26 30 98 23 49 94 53 89 4 81 95 33 91 68 81 91 89 88 14 93 4 85 32 99 37 5 15 55 59 81 10 52 55 26 78 83 34 19 69 22 22 99 12 38 86 73 87 80 45 34 40 16 4 29 34 70 47 8 2 40 41 31 76 36 75 7 32 70 27 41 23 85 81 74 16 78 58 65 66 44 23 91 32 86 28 50 82 82 70 77 61 36 89 3 94 18 26 31 91 13 68 71 71 68 29 55 84 15 80 87 13 23 68 83 0 24 76 79 0 79 41 8 32 77 51 42 16 4 88 90 48 92 13 29 14 33 50 49 19 27 76 24 69 21 29 63 86 2 31 25 97 2 93 84 17 85 63 35 71 65 76 29 25 0 5 8 63 66 63 54 21 72 25 0 84 39 51 39 94 69 63 0 56 89 34 50 46 90 76 79 66 0 75 51 72 11 9 44 74 93 94 91 18 96 57 46 25 79 25 74 18 59 62 59 38 13 3 38 11 14 68 73 21 47 74 49 1 86 9 45 16 69 33 38 67 54 58 3 29 42 74 25 20 90 73 30 17 46 14 39 98 20 97 62 33 5 31 7 14 98 73 89 31 46 45 99 16 22 97 14 86 29 89 36 84 24 24 15 79 25 13 1 89 24 12 62 45 38 38 0 17 70 25 35 82 12 29 65 11 87 98 68 59 2 67 46 92 11 30 23 20 84 85 29 59 54 13 96 41 46 97 61 2 73 40 13 66 51 87 89 26 55 73 92 56 95 8 15 86 46 65 73 46 93 50 87 13 26 87 97 21 57 38 77 27 61 84 91 1 47 93 79 28 13 49 55 34 2 80 60 74 40 47 54 79 50 0 58 82 32 40 0 30 3 35 97 10 73 3 50 42 84 88 98 14 65 80 65 88 21 55 57 50 91 21 97 83 57 63 23 94 52 66 22 19 44 94 24 98 57 66 74 94 78 84 2 42 96 32 37 30 42 8 73 12 38 15 76 96 77 98 81 69 10 10 78 89 40 55 19 0 85 29 54 3 9 97 72 99 4 62 95 16 31 52 29 47 9 44 35 44 41 10 25 60 50 72 65 50 20 36 34 83 69 67 91 31 26 43 44 62 74 13 4 
11 75 67 8 72 44 10 27 22 47 99 35 10 28 72 83 92 6 20 12 79 45 10 25 82 71 13 13 77 38 15 68 95 2 73 79 65 99 67 16 75 54 41 86 91 85 81 7 15 55 22 86 48 93 36 3 2 57 96 64 11 45 14 67 86 0 90 37 33 82 24 33 90 58 8 74 40 7 92 85 97 60 35 79 43 9 82 13 21 61 20 73 32 21 16 15 90 93 41 4 77 13 41 55 67 83 15 20 16 36 49 6 28 7 51 72 79 41 36 52 11 93 49 71 65 16 7 11 50 69 56 53 27 29 34 29 50 25 11 36 79 22 84 70 76 18 97 4 1 81 69 88 54 27 19 82 97 88 27 53 59 80 29 18 6 48 34 80 96 4 81 57 46 35 17 44 19 12 75 4 11 74 11 64 12 70 29 87 12 83 6 81 47 46 29 59 34 7 31 72 36 80 46 76 32 93 16 41 51 8 83 24 11 46 8 65 25 93 25 26 55 23 59 13 32 87 60 55 24 55 31 8 87 74 33 77 77 30 8 81 40 24 30 75 29 7 61 50 43 6 45 58 97 86 53 2 38 20 25 47 19 26 27 0 67 40 1 99 18 61 2 87 32 11 20 57 19 43 22 48 64 8 38 4 6 95 41 79 67 59 37 62 19 34 31 2 14 99 49 6 86 18 62 27 53 85 1 63 67 32 30 34 27 71 19 7 42 90 31 45 33 22 9 21 61 10 78 3 8 36 46 23 41 49 40 42 74 58 85 73 17 92 47 21 17 63 42 0 30 23 83 47 64 87 87 36 32 33 54 74 71 69 28 94 35 14 40 80 8 46 91 95 43 97 51 29 33 52 61 42 21 34 44 3 94 36 59 74 24 33 97 52 9 16 35 54 21 93 81 28 49 93 4 23 47 30 75 85 15 38 69 14 96 75 47 69 41 79 15 28 18 21 32 88 34 92 78 0 38 14 44 83 36 79 84 48 60 63 3 58 83 85 62 24 62 14 12 14 65 62 78 77 56 21 7 36 72 12 7 47 95 53 89 80 50 48 55 12 71 12 75 23 2 26 72 31 19 35 11 78 36 96 43 66 81 45 17 92 93 90 0 72 23 34 68 64 85 9 49 83 
35 9 83 65 15 23 99 92 67 38 4 40 72 20 75 54 22 49 52 93 80 73 46 7 50 65 81 87 48 36 65 54 64 6 70 39 42 5 82 50 99 72 71 21 0 12 10 66 77 73 78 83 26 73 69 7 0 71 51 4 55 70 73 77 2 99 37 10 84 1 94 6 66 35 75 84 61 43 51 77 69 73 24 13 34 98 60 20 90 54 56 15 67 52 11 23 86 68 32 82 16 69 16 19 16 73 69 98 38 53 40 92 46 53 98 8 56 28 49 83 99 72 86 62 59 52 88 25 15 9 95 2 94 39 57 74 30 80 25 7 27 14 87 71 25 1 0 67 84 35 34 24 35 91 26 22 47 44 51 3 82 67 50 54 51 97 72 43 7 70 35 26 0 31 73 61 45 54 77 31 59 63 52 63 99 1 43 50 96 95 50 36 73 36 72 67 34 5 80 89 83 1 11 47 78 2 14 7 75 94 71 12 64 84 7 74 22 0 27 7 13 40 99 28 74 57 26 73 63 18 36 68 19 83 48 35 56 0 98 4 77 23 36 65 28 3 75 92 28 6 16 64 82 17 23 4 97 59 64 15 7 56 69 58 70 75 32 30 11 57 12 9 13 23 81 18 57 58 99 75 37 86 7 27 35 57 14 52 44 44 86 74 13 6 7 96 52 80 1 43 25 6 54 1 67 28 38 40 5 86 29 35 30 20 44 48 81 92 64 75 85 6 84 74 69 90 18 41 78 92 44 63 0 13 82 17 21 16 22 75 0 24 47 45 51 72 31 17 39 54 73 42 48 80 33 42 79 91 69 11 54 14 4 50 44 8 97 17 17 85 71 38 48 38 10 69 70 53 52 31 42 7 72 8 23 89 63 50 24 29 33 78 51 34 15 70 43 53 35 88 62 46 71 22 71 30 5 58 85 30 14 96 65 47 34 86 64 3 56 43 95 53 87 11 94 20 55 2 31 46 67 35 53 59 67 23 1 98 30 25 23 8 78 24 64 2 67 47 14 5 13 5 61 9 9 30 77 24 65 92 84 45 3 93 85 3 87 80 76 8 79 1 40 48 25 3 35 64 11 84 18 99 26 63 36 82 79 82 51 15 97 33 88 80 21 19 46 68 78 73 
86 91 86 15 53 94 16 24 59 30 50 53 43 33 66 82 83 16 83 3 32 7 31 20 13 42 2 24 53 97 78 55 62 7 21 79 73 2 74 55 91 54 63 25 53 39 99 70 3 92 43 23 61 1 59 26 2 55 30 49 84 78 5 54 49 88 56 68 73 45 38 73 95 29 40 69 8 65 35 6 46 52 85 23 41 10 32 94 12 75 29 53 45 20 4 69 66 26 69 78 19 13 31 58 20 44 67 8 97 43 79 14 39 10 99 50 72 96 51 13 10 26 86 57 40 73 67 45 13 81 70 31 9 7 34 1 21 90 73 23 31 17 83 87 86 4 86 34 79 40 72 6 8 96 31 37 96 10 42 61 34 45 45 36 99 52 43 31 98 50 49 53 91 84 22 97 40 80 77 31 17 71 35 42 62 5 94 92 37 83 28 10 54 10 8 0 7 47 78 19 0 14 33 59 79 18 90 19 28 8 46 58 2 96 4 29 9 5 40 15 83 29 83 20 4 32 84 76 15 43 10 10 82 32 55 28 29 12 33 70 54 30 63 51 79 74 90 14 28 16 8 53 47 94 77 30 65 99 96 19 31 10 28 23 80 58 88 5 37 43 20 9 38 17 5 5 19 83 62 22 11 55 4 11 4 16 3 16 91 0 42 67 89 27 13 83 43 7 76 22 89 2 35 1 9 73 20 41 22 78 76 12 95 36 70 20 58 5 77 67 53 21 16 52 23 94 59 90 94 27 27 70 71 24 85 85 42 34 24 34 53 31 36 57 27 77 87 65 74 95 30 7 96 16 55 63 24 90 18 19 5 2 25 66 95 3 64 42 54 68 68 85 99 30 38 32 31 56 3 58 11 65 16 3 78 67 63 80 81 45 60 82 24 76 17 49 35 74 50 92 76 11 10 86 80 15 62 26 80 23 38 66 89 42 5 64 1 28 12 38 41 6 7 5 76 97 92 16 25 88 44 94 16 27 40 52 40 2 39 27 89 20 80 13 92 40 26 70 16 77 82 98 48 66 5 45 0 9 74 87 96 51 30 85 94 16 87 87 56 95 90 70 18 93 20 53 97 50 55 76 76 0 84 44 74 99 80 77 13 57 91 73 73 46 80 40 43 10 83 88 
95 10 87 27 72 53 56 87 43 80 91 78 23 8 35 50 20 98 17 75 73 83 71 42 7 5 86 44 2 6 63 11 90 15 58 80 34 40 82 50 63 90 88 81 5 49 23 51 81 39 51 55 54 60 81 87 46 44 59 84 95 30 33 31 31 91 14 14 32 29 2 28 52 52 48 61 12 66 36 1 77 42 72 46 72 33 90 92 66 95 64 25 55 79 99 17 40 68 53 96 39 62 54 65 66 22 64 69 18 73 2 49 61 16 54 12 89 4 39 64 72 70 53 74 89 14 6 28 97 95 29 24 5 10 13 30 57 72 80 30 6 77 80 98 12 47 58 24 47 15 1 0 95 2 30 9 22 25 34 81 80 65 11 42 93 45 86 19 70 55 60 43 69 55 39 8 38 5 36 63 62 36 91 87 95 97 19 47 52 6 34 48 59 24 27 35 76 4 90 79 48 73 87 17 13 13 47 33 40 40 52 84 96 69 24 74 61 52 63 18 93 12 28 28 34 66 52 27 8 89 73 19 92 11 99 96 56 92 8 83 81 58 97 48 91 17 83 61 8 44 27 54 32 66 70 74 99 66 20 49 16 69 91 2 64 38 54 35 94 96 98 22 85 6 77 90 34 47 25 75 49 27 27 30 38 26 21 33 76 47 45 74 44 44 31 21 58 0 61 62 66 65 29 43 9 84 86 87 54 61 74 68 54 47 99 95 90 75 77 6 84 19 68 81 77 83 23 51 94 99 16 14 24 36 80 93 64 39 5 87 26 90 58 82 25 22 35 5 12 69 38 20 0 69 77 91 78 12 93 65 18 14 34 99 96 43 4 46 94 37 34 49 70 66 40 46 25 94 74 55 40 92 7 60 63 69 84 31 59 1 74 22 76 8 89 68 27 56 21 27 35 57 60 2 87 85 90 87 43 82 50 17 87 96 22 65 77 7 84 2 73 44 70 8 3 59 99 46 32 73 55 58 88 91 25 53 83 43 10 14 66 21 41 36 44 29 93 36 2 19 63 79 19 3 52 64 0 30 41 29 79 28 33 51 12 87 19 47 48 36 41 34 70 1 52 96 84 7 65 61 99 57 87 80 5 73 62 56 94 61 79 24 40 20 21 6 96 70 23 71 
14 25 27 73 68 85 71 88 18 79 18 87 51 53 81 94 56 45 78 8 5 80 24 75 72 77 81 14 23 46 37 18 92 0 80 51 59 93 73 49 74 91 39 83 7 28 20 51 3 81 49 0 85 27 50 71 39 30 86 23 37 8 45 55 38 22 51 10 43 21 20 15 88 88 82 76 9 8 34 23 90 72 59 2 47 26 7 72 15 9 76 42 46 96 54 91 84 80 57 15 76 85 58 68 45 15 5 87 60 78 5 21 41 6 64 45 94 49 4 45 26 73 58 99 83 67 89 42 43 32 58 92 15 50 24 31 36 50 1 23 25 67 35 66 57 7 19 79 31 84 37 31 35 82 46 49 11 87 94 31 38 32 10 21 7 26 38 98 1 67 70 17 98 53 78 50 17 63 85 49 17 35 54 49 87 96 22 37 86 82 37 19 37 34 77 74 96 42 7 74 57 8 43 60 34 98 43 72 78 62 62 86 12 55 18 52 72 3 71 98 61 82 34 13 53 60 91 46 87 74 93 66 31 15 26 66 13 12 57 8 7 20 14 14 0 10 55 40 56 96 49 93 83 77 89 90 77 93 51 89 79 51 42 59 63 27 57 4 47 21 2 40 20 94 45 19 30 86 35 48 19 29 80 69 60 30 93 2 77 52 98 16 1 11 87 12 5 79 81 72 77 0 80 89 5 62 63 2 9 81 51 88 84 23 59 3 29 25 59 40 1 87 40 59 39 48 48 22 86 13 10 90 3 5 76 86 35 77 43 62 73 45 19 13 51 99 19 91 52 93 15 72 42 81 21 9 15 64 65 96 46 96 28 65 51 76 66 0 57 56 30 85 23 40 2 51 68 75 93 56 92 48 13 39 35 14 88 83 4 85 97 15 71 64 18 66 47 32 42 42 95 41 8 79 82 48 90 65 28 37 51 42 34 53 57 89 97 34 27 52 83 14 25 63 91 85 6 17 74 47 51 98 54 50 97 49 6 96 85 32 30 35 1 55 60 52 2 9 19 53 56 81 51 3 13 71 81 91 82 33 81 41 94 92 17 93 17 19 11 28 48 0 90 51 21 20 49 73 57 28 73 83 0 89 72 87 81 72 61 15 75 86 38 12 24 57 76 48 27 72 
6 3 91 56 1 68 89 56 38 60 54 17 7 1 19 89 71 52 33 9 96 87 17 41 52 81 78 33 4 58 56 13 66 67 77 96 97 97 90 37 93 38 9 53 18 17 76 81 34 97 29 31 29 72 43 50 84 44 51 35 83 67 36 73 56 75 28 25 97 20 44 95 44 45 90 20 9 4 73 92 76 70 80 29 13 30 91 24 28 53 22 16 76 47 67 41 3 67 14 19 58 16 7 87 79 6 84 9 64 39 76 39 70 72 83 68 14 26 35 32 3 5 54 39 20 5 21 29 99 0 92 29 54 61 71 61 16 62 37 84 12 60 26 61 90 81 90 51 10 50 20 34 57 46 68 73 33 83 5 4 60 76 74 16 32 31 31 20 2 31 75 22 60 5 99 23 99 58 73 91 89 96 26 9 35 38 36 94 46 17 65 26 67 52 56 75 89 2 57 25 42 51 47 99 24 80 7 12 25 83 88 8 17 23 5 33 40 91 82 85 32 77 11 81 27 60 57 83 27 50 79 95 5 72 88 39 37 87 65 9 89 17 46 61 40 18 8 71 72 35 50 6 41 0 96 6 76 57 15 84 1 11 38 7 56 0 52 0 70 29 59 49 74 34 76 51 81 75 60 43 92 77 71 86 71 54 39 35 43 37 84 1 4 62 41 60 87 14 13 21 43 5 43 93 24 27 30 53 41 13 21 60 55 40 99 33 98 39 98 92 55 22 77 94 42 37 2 79 48 81 32 8 21 85 42 25 12 37 12 16 31 20 87 27 45 2 0 26 73 24 63 53 64 6 22 0 2 41 67 44 89 51 57 45 11 0 52 52 73 87 10 28 11 16 58 3 42 82 35 50 60 3 0 57 19 39 34 95 12 43 21 62 85 87 56 25 1 46 68 7 67 12 0 20 14 85 70 5 51 20 11 68 3 78 7 96 95 84 19 94 81 77 52 93 9 1 13 76 55 23 92 45 19 70 45 28 22 79 26 40 7 68 94 81 23 75 84 23 64 16 31 58 28 45 16 59 92 21 3 5 50 59 62 15 48 64 94 97 26 14 39 41 7 98 34 65 51 92 41 46 91 1 11 15 49 46 41 69 26 91 19 89 41 82 83 53 66 10 83 79 
95 6 85 64 42 26 32 67 31 56 16 64 71 46 91 72 89 43 90 26 67 39 42 83 93 21 35 18 50 12 0 33 79 35 48 20 64 88 12 12 51 58 91 34 92 43 50 41 67 2 96 20 0 6 33 48 16 98 61 98 98 18 88 24 69 49 44 82 53 0 50 31 44 28 76 3 38 0 58 75 15 18 63 67 68 14 51 16 0 42 47 34 13 60 41 27 37 93 60 77 86 95 74 61 21 21 60 76 86 41 37 70 41 19 31 40 43 40 31 30 13 42 43 94 16 54 73 23 32 45 57 22 66 83 67 81 7 61 62 81 11 6 92 25 70 1 8 3 62 37 32 39 97 88 42 1 65 28 53 0 13 15 27 92 25 66 98 44 33 4 40 37 14 47 87 49 33 56 73 75 20 75 67 98 46 2 0 68 39 98 69 53 20 13 70 56 88 86 55 41 47 38 88 52 89 37 2 57 7 76 43 37 6 44 0 3 92 38 81 2 82 88 60 51 70 13 50 2 78 5 46 41 5 83 3 63 31 26 4 42 83 85 70 56 6 10 83 28 13 50 16 64 67 79 88 5 90 21 38 45 11 33 99 20 8 59 85 58 53 51 47 64 93 39 74 25 34 59 19 15 71 89 7 74 93 61 99 32 52 47 43 21 64 64 61 89 71 19 38 20 73 61 5 62 49 63 83 95 97 58 2 16 65 74 92 75 20 44 94 23 45 26 6 96 8 37 1 73 19 77 1 54 66 90 3 48 76 75 56 71 0 22 74 92 44 87 80 67 5 50 93 11 59 62 40 51 79 44 39 67 86 18 52 24 0 52 89 7 9 64 59 21 74 17 32 75 31 79 83 12 99 53 36 99 73 27 96 1 38 56 83 76 22 91 69 81 7 78 62 99 92 15 58 96 43 22 27 72 66 30 12 87 46 7 14 4 68 53 93 76 7 63 93 43 19 42 1 37 80 15 76 23 86 78 58 13 96 1 97 31 62 20 21 35 87 18 40 78 46 44 18 68 41 68 81 85 47 85 68 61 43 57 69 88 58 39 67 71 47 98 65 42 77 29 28 18 25 5 82 16 10 64 32 94 49 91 14 98 88 98 25 77 74 83 66 42 24 12 28 67 
43 73 38 30 85 1 26 56 88 4 56 19 85 13 95 58 9 0 13 77 70 59 30 68 19 85 47 40 41 47 23 84 85 38 49 70 2 49 7 62 69 31 70 62 65 23 75 91 20 80 50 30 63 79 13 7 49 39 75 10 48 91 98 31 75 18 78 36 87 79 66 35 18 54 48 62 60 23 72 77 82 29 17 39 85 66 3 57 1 37 40 57 57 56 10 71 8 51 96 12 80 68 73 37 54 21 1 10 94 7 89 98 52 96 93 57 63 28 4 7 98 83 8 57 64 54 47 65 40 62 25 23 97 57 62 49 14 96 26 3 29 72 3 19 85 46 12 15 70 5 52 36 68 69 40 29 74 29 68 89 88 24 39 37 67 84 6 14 72 95 11 12 11 79 58 67 29 25 56 79 57 37 54 45 91 31 12 98 2 57 3 50 99 55 35 57 97 23 81 93 27 78 24 50 28 50 34 24 93 31 34 93 20 28 55 94 84 57 24 95 77 14 50 41 45 29 93 64 71 76 99 77 3 26 57 69 78 47 47 98 16 70 34 42 31 14 4 34 18 84 91 29 2 8 46 49 63 28 17 13 18 49 7 76 57 29 53 64 43 93 52 18 30 8 3 50 11 67 14 38 97 94 51 12 97 79 27 15 16 90 58 97 81 9 95 94 4 64 9 0 11 76 7 40 96 15 39 48 55 87 76 5 18 57 94 31 22 31 5 6 28 29 26 87 44 91 13 92 56 92 9 20 48 51 70 43 37 21 56 8 71 74 9 24 72 19 97 82 86 5 87 47 20 79 15 24 3 61 54 54 18 51 57 5 36 40 38 28 69 97 63 44 80 29 76 74 79 82 56 66 72 67 58 86 7 55 38 24 3 86 45 87 93 31 9 11 98 62 42 90 5 99 80 10 45 50 70 92 88 24 54 95 44 22 35 94 29 53 63 46 63 30 20 24 41 71 41 69 35 69 88 46 52 31 19 98 43 35 27 38 74 43 61 84 11 71 35 68 58 53 9 87 48 89 77 20 19 90 48 47 62 13 46 36 42 49 43 77 60 46 79 31 9 18 99 58 24 81 21 59 95 83 50 18 33 27 22 56 46 94 79 26 3 74 25 59 7 21 70 90 
62 45 2 80 26 41 77 81 79 51 84 80 31 87 80 52 74 72 93 35 2 34 38 22 62 4 5 3 72 67 66 18 60 95 35 16 84 23 91 92 89 47 87 30 23 25 44 76 3 85 34 18 95 10 45 94 20 84 34 17 88 19 24 21 75 87 23 96 39 90 88 3 5 64 63 2 85 5 42 15 97 24 59 93 94 6 43 43 4 24 96 37 4 61 52 26 6 47 50 67 75 49 38 35 59 34 84 43 31 20 26 72 79 14 19 99 30 54 62 8 50 73 46 22 26 26 45 6 65 2 64 2 37 92 95 48 27 84 22 62 1 40 67 88 49 48 97 5 64 2 12 38 7 76 41 93 60 60 52 72 9 72 57 60 64 56 0 77 66 8 85 23 94 22 26 79 52 80 18 98 47 46 98 53 70 39 77 57 70 92 10 45 4 49 49 62 93 95 49 63 7 33 20 77 38 71 47 0 11 0 74 63 95 66 40 16 11 76 18 47 82 71 73 49 97 85 3 84 82 14 22 89 95 51 77 37 93 5 30 48 94 94 61 35 84 59 45 64 79 25 96 55 86 23 14 19 77 36 48 93 25 33 18 44 53 87 6 38 76 62 91 94 82 84 42 79 55 31 7 4 37 96 50 60 30 90 64 63 14 54 52 46 42 85 27 60 81 63 95 41 1 25 2 83 98 89 54 46 39 11 40 56 89 60 86 67 24 67 69 62 19 92 19 90 43 88 87 40 23 68 38 61 11 93 86 66 78 56 70 82 64 40 77 78 88 89 46 71 42 94 63 72 52 32 20 34 74 76 59 96 4 90 30 39 39 52 56 4 35 7 96 84 19 41 6 0 97 86 11 93 51 94 35 56 50 23 1 37 3 27 55 13 59 50 34 75 19 65 8 29 27 21 76 46 55 21 31 62 88 89 96 40 12 41 57 83 92 50 72 88 60 43 42 19 68 66 83 88 10 12 94 48 61 14 28 16 52 2 79 45 13 33 23 81 48 90 25 33 6 23 50 31 7 35 74 45 88 24 85 91 33 89 82 10 82 66 98 33 15 87 31 69 5 86 78 7 11 9 82 89 61 92 87 33 32 62 89 0 22 38 12 55 35 76 95 2 52 89 75 62 
47 63 83 61 3 13 55 67 81 54 65 43 72 68 38 86 13 6 12 32 50 62 39 73 60 65 78 53 6 64 52 55 44 0 91 89 96 80 16 33 99 25 59 28 67 94 97 8 0 26 23 96 33 7 16 96 48 32 27 34 29 65 18 91 30 81 91 99 46 84 57 68 68 6 2 84 51 48 90 68 60 62 53 20 6 88 25 33 32 5 90 54 47 1 40 70 26 74 75 69 32 89 16 93 85 66 54 26 7 73 50 1 98 74 88 77 85 19 87 16 39 89 71 33 66 16 16 21 79 59 54 91 39 92 95 83 40 83 29 7 63 41 45 93 4 34 98 75 30 11 22 68 26 42 25 26 70 51 16 92 98 68 61 30 33 19 4 43 24 90 57 22 91 28 10 88 5 98 8 33 46 8 25 1 43 33 94 33 53 44 78 22 86 49 48 57 93 32 53 96 14 68 91 8 8 6 91 55 50 38 98 44 48 86 26 88 4 55 72 27 57 1 47 44 43 63 83 85 39 89 22 27 24 43 3 8 45 79 94 90 85 7 96 71 65 21 55 25 49 6 76 56 66 92 98 13 61 56 26 66 72 48 97 7 89 61 85 39 43 51 68 40 53 75 53 55 36 21 49 27 12 76 5 39 74 23 85 74 97 21 84 59 3 99 97 70 77 17 13 93 17 58 97 14 54 91 75 44 77 59 12 39 91 64 49 5 23 93 22 63 98 67 58 33 88 68 45 1 48 50 86 33 67 68 1 43 85 92 16 57 84 73 20 61 45 85 82 90 0 38 98 7 44 20 96 95 95 6 34 46 91 22 22 32 65 50 68 16 73 92 21 90 98 0 16 16 59 9 65 1 70 57 73 90 40 54 70 94 5 69 28 9 90 4 23 69 32 34 93 80 70 25 86 80 70 81 18 20 48 15 78 22 4 84 75 54 53 23 0 54 73 77 59 81 23 52 82 33 67 21 5 4 93 2 94 35 28 14 8 10 88 67 21 78 26 82 32 96 79 1 98 2 4 14 30 15 64 6 74 83 10 8 68 16 81 54 83 38 17 69 39 50 84 45 82 33 64 83 47 75 75 75 59 10 41 64 15 19 48 50 65 88 50 57 22 67 74 27 71 14 
88 12 70 59 98 77 32 58 99 15 57 69 92 80 64 55 12 11 20 88 72 24 69 56 18 98 35 65 5 48 71 27 69 45 63 14 29 7 1 34 14 7 2 82 78 38 17 57 85 71 58 14 90 44 23 70 26 58 50 44 32 61 11 84 73 62 44 50 62 27 99 44 46 53 26 43 73 80 74 39 9 24 44 42 93 78 83 87 27 97 12 25 14 90 70 29 19 65 51 24 47 81 58 85 70 10 9 36 46 58 74 38 43 51 64 12 58 42 93 38 88 74 37 59 32 43 22 83 71 13 50 88 63 58 68 57 74 6 66 36 64 36 15 57 59 30 4 47 95 68 13 92 21 47 41 80 32 44 49 6 74 70 49 45 82 32 64 67 26 98 51 11 84 30 43 45 6 6 58 68 75 5 26 96 14 7 48 84 53 65 96 1 46 28 90 59 73 24 73 31 39 8 86 19 93 37 27 58 75 56 52 51 94 15 69 3 4 42 13 24 63 94 23 41 58 83 20 19 31 7 40 7 68 26 32 5 39 67 87 23 75 22 15 95 49 44 62 72 66 40 98 44 59 35 46 41 51 91 54 37 80 99 29 88 81 70 48 76 34 17 30 77 20 14 50 88 91 86 13 4 61 21 65 75 32 41 28 94 83 44 77 12 5 38 60 49 59 30 36 26 15 63 18 63 40 71 27 47 4 19 18 39 55 74 83 9 67 46 27 27 53 66 77 41 53 39 36 64 24 89 62 43 49 66 65 97 6 64 84 8 33 34 56 60 95 81 87 96 42 68 81 82 5 78 13 4 32 37 15 21 47 67 31 36 64 0 68 41 71 35 34 34 49 38 64 88 6 27 19 6 35 37 51 32 0 2 15 76 79 82 75 13 41 11 87 73 81 55 51 57 30 87 21 46 20 57 94 86 26 60 53 3 50 39 17 67 69 91 45 21 25 5 13 3 32 7 6 45 19 69 18 17 91 88 97 83 6 30 54 91 66 65 70 72 49 0 10 43 28 98 4 28 62 18 45 37 23 34 36 1 22 68 28 70 38 74 77 82 0 77 4 14 54 20 18 92 94 38 52 63 66 73 64 77 78 53 42 24 95 40 60 12 99 87 62 36 36 45 55 34 
53 38 24 8 27 7 17 65 72 12 13 0 86 2 33 71 22 54 62 90 75 37 99 79 17 78 52 42 60 37 85 20 10 29 13 97 68 69 23 48 64 66 54 2 4 0 87 3 37 13 79 95 67 70 45 17 72 44 82 88 63 78 0 80 46 54 60 12 1 85 59 23 49 27 87 23 77 46 5 24 96 10 58 43 55 17 90 75 56 71 60 20 76 37 96 9 29 29 1 29 34 65 23 66 99 37 75 94 8 58 72 43 98 1 47 77 64 51 98 21 90 58 10 51 75 8 8 28 91 23 32 61 48 52 77 73 47 55 40 53 81 47 8 60 71 26 81 13 69 84 68 78 53 53 75 40 80 52 42 48 57 82 96 96 7 86 57 62 87 53 16 41 89 25 1 62 71 46 18 80 50 57 69 31 54 21 88 17 92 34 36 38 82 71 27 62 81 75 1 16 77 88 64 77 2 68 79 29 83 27 32 74 40 40 10 87 32 76 1 54 54 44 39 21 78 71 75 29 56 23 16 1 69 30 28 86 71 88 69 3 86 95 52 2 42 7 28 11 83 79 50 28 54 44 95 50 58 76 13 40 59 70 45 45 6 0 4 67 21 93 4 41 20 84 58 77 76 28 74 90 35 42 27 95 61 24 87 97 25 64 33 45 99 52 37 98 64 66 11 61 62 23 89 98 54 48 54 86 3 73 95 69 77 94 7 14 50 42 73 25 11 29 78 68 26 5 76 33 79 49 19 47 41 18 57 79 19 85 59 26 66 45 42 88 92 9 23 50 45 53 39 90 45 81 14 75 6 97 14 17 48 47 50 46 22 18 55 91 71 49 83 28 49 12 36 2 56 12 91 46 14 44 46 70 82 43 91 71 79 97 6 35 94 10 49 22 78 28 58 52 98 39 84 73 85 5 69 31 42 44 15 19 38 73 58 34 6 23 14 3 63 3 82 38 73 36 12 6 60 82 81 78 49 67 11 41 12 58 37 84 53 96 83 89 5 23 75 77 61 8 7 56 25 48 68 60 66 7 22 79 64 86 9 42 32 65 32 23 53 70 4 93 49 3 39 19 85 82 96 49 56 40 78 93 6 29 33 29 48 18 49 88 67 38 62 8 49 13 30 83 
73 37 1 45 87 23 78 81 92 98 31 22 59 38 58 48 59 41 9 62 91 80 15 58 52 8 32 59 70 71 83 95 46 55 69 89 54 23 49 52 17 55 86 97 64 70 33 29 85 15 71 3 27 91 61 20 19 26 78 40 18 51 81 68 63 53 80 61 26 23 88 84 96 38 42 30 97 57 69 53 28 77 61 15 17 58 51 47 9 26 98 86 17 13 5 93 88 89 78 56 15 23 51 36 78 57 11 32 77 65 91 44 6 22 89 91 17 73 32 51 9 3 90 22 16 97 87 92 98 24 75 26 22 75 13 41 22 93 80 7 16 43 7 97 57 73 4 42 41 12 42 19 51 89 27 64 94 95 79 69 84 18 22 12 78 75 68 6 33 94 71 85 27 23 12 85 88 24 90 9 71 31 99 12 12 44 13 51 56 48 20 65 11 60 72 50 44 7 98 12 25 37 6 15 77 22 24 19 24 98 3 84 78 34 12 29 79 28 23 79 4 10 71 28 57 72 13 95 70 99 4 79 60 64 82 8 98 66 9 52 32 83 98 54 62 45 77 15 52 37 39 38 0 51 9 81 48 12 73 28 7 31 74 38 78 53 27 62 51 5 24 12 24 67 72 95 56 33 6 49 75 27 75 37 68 93 63 89 16 98 12 88 32 31 47 57 25 79 44 33 91 61 77 30 56 38 53 8 15 84 34 24 5 90 84 79 58 38 88 55 75 20 30 4 83 44 21 14 31 45 35 70 98 16 27 14 33 17 9 17 60 99 15 35 9 82 86 89 88 36 55 56 83 93 94 28 91 60 38 90 3 29 74 45 53 60 92 13 66 18 44 69 1 31 55 19 31 59 9 54 62 89 87 11 7 5 77 71 20 57 67 80 26 66 38 85 59 35 38 51 80 94 98 5 16 42 15 24 64 10 44 44 18 12 61 81 64 4 55 34 91 57 96 82 95 96 39 11 16 32 18 55 45 30 78 21 41 50 7 33 39 53 93 91 54 69 9 98 77 37 36 8 55 66 97 32 50 19 61 30 57 55 40 30 75 4 65 0 74 86 98 7 73 9 86 52 97 8 47 69 50 90 35 41 24 6 61 47 44 39 56 79 33 28 64 20 98 66 43 90 
9 93 74 45 20 95 64 39 32 25 47 43 31 42 6 7 39 83 69 79 39 56 79 82 32 19 37 75 80 94 96 24 65 37 41 88 86 62 66 87 10 64 96 7 81 70 99 68 34 48 54 23 14 70 23 86 34 16 92 90 7 2 80 62 59 93 92 51 82 25 70 25 39 53 39 90 35 88 7 12 8 37 33 79 18 13 16 63 12 19 18 95 39 0 86 51 2 21 71 55 5 66 54 37 59 36 72 95 46 37 54 84 14 34 13 25 85 49 58 78 69 48 49 31 78 98 43 0 98 97 78 32 54 0 72 29 71 37 79 67 73 29 40 52 10 7 85 42 22 42 48 51 70 67 81 45 78 39 83 36 15 13 28 17 45 70 74 36 34 64 60 89 20 73 96 75 75 36 28 57 85 89 60 25 37 93 28 26 30 63 74 84 14 41 30 19 7 58 16 80 40 74 38 55 39 7 91 69 18 21 39 96 7 48 0 69 28 56 84 1 75 78 20 88 86 37 40 25 43 7 92 42 38 37 23 26 59 72 33 76 41 74 70 67 63 49 81 42 23 69 38 7 32 56 28 83 48 73 70 92 69 93 64 25 75 42 9 12 19 73 62 25 79 91 25 15 9 50 47 61 96 29 94 19 93 1 44 61 79 69 84 87 13 92 66 57 23 94 77 25 3 49 26 39 57 85 28 60 14 9 86 98 89 79 44 90 34 17 46 7 87 94 98 15 48 45 64 92 87 44 62 52 8 35 72 64 97 14 22 61 53 17 81 84 66 46 0 76 40 8 51 29 40 66 83 23 57 58 31 72 62 91 22 90 40 1 54 0 82 55 72 19 82 29 57 8 21 40 57 8 74 42 15 58 3 19 96 0 37 68 42 61 72 21 59 71 22 46 90 44 56 1 95 41 6 67 74 81 44 84 69 59 12 52 25 15 35 3 81 74 58 83 43 20 38 1 38 6 47 6 41 80 60 58 60 44 67 86 96 40 18 53 70 76 39 4 42 16 20 16 34 80 42 72 12 28 75 43 71 11 61 44 35 47 93 48 90 15 92 6 55 44 56 69 21 12 86 32 95 59 75 4 70 95 85 69 70 59 91 78 26 11 79 94 67 78 83 78 96 87 
14 43 87 10 29 71 29 94 29 98 18 11 43 65 95 34 93 12 37 6 58 20 23 70 38 19 7 96 22 67 37 28 15 17 63 13 41 79 92 23 89 0 43 18 60 78 95 90 52 31 37 91 73 64 1 59 77 48 57 82 95 53 66 17 18 76 60 18 52 97 28 43 65 64 80 25 94 3 47 26 62 96 30 58 99 87 22 23 52 75 58 3 82 55 51 71 96 4 90 81 91 41 70 69 33 20 35 31 70 15 79 15 29 2 11 7 89 47 96 17 63 61 22 92 89 5 12 17 27 81 69 49 73 48 78 57 82 95 54 25 11 8 75 37 75 12 49 29 62 21 23 2 19 66 92 97 54 55 60 88 73 88 13 91 47 64 92 73 79 81 51 54 2 57 66 11 99 60 48 8 26 33 25 10 43 15 54 29 8 69 21 23 70 35 77 2 55 90 76 18 0 33 43 23 86 18 77 30 42 5 12 49 89 56 5 16 3 98 94 21 76 63 45 71 68 35 86 99 67 74 9 75 70 13 53 27 71 64 16 97 95 7 85 84 52 44 54 36 76 72 33 28 12 33 65 52 93 65 36 93 15 13 96 26 87 72 39 19 89 81 75 53 22 94 78 64 10 70 53 28 53 26 99 67 98 59 37 29 85 68 55 49 26 17 25 99 34 2 59 75 5 74 70 45 67 58 8 70 55 87 66 85 34 47 52 41 78 2 32 38 26 51 79 90 87 16 4 95 64 88 46 94 10 95 69 34 55 55 27 37 72 30 45 82 0 86 91 47 23 4 48 57 78 88 75 66 81 85 61 54 15 16 0 69 88 81 23 79 17 78 91 90 40 50 25 92 74 33 86 37 65 94 95 67 49 86 21 78 85 83 75 59 98 3 57 79 20 46 73 21 34 45 56 12 67 81 36 6 92 3 75 22 32 45 74 63 53 80 91 24 73 20 83 31 73 69 88 65 49 24 15 72 28 81 85 12 58 74 16 46 3 80 31 2 49 15 41 7 56 80 98 88 77 19 6 65 77 63 7 22 43 97 93 47 69 71 76 22 43 56 66 12 29 79 66 2 31 10 32 39 97 17 57 49 27 52 81 2 89 99 24 71 35 63 6 43 69 33 63 61 
49 45 2 13 77 82 95 38 58 85 42 8 97 95 90 72 45 7 39 49 1 59 56 56 84 1 76 23 50 89 83 9 61 36 27 97 92 4 36 81 2 43 16 98 83 82 51 17 82 88 91 59 54 89 87 44 10 38 73 32 86 17 44 4 97 73 99 51 36 90 75 96 0 6 55 4 31 10 33 63 55 15 4 23 59 67 40 28 98 20 58 81 89 39 89 39 32 84 60 4 12 82 69 71 16 9 40 62 29 79 64 50 66 56 63 43 12 71 9 55 23 74 43 27 17 97 0 65 7 46 7 60 36 61 78 81 4 36 82 82 74 86 44 43 21 95 44 56 18 79 52 2 25 8 24 34 8 45 91 56 20 49 88 61 5 35 65 30 54 19 36 77 9 61 5 94 84 32 71 44 60 98 70 28 36 14 88 69 77 90 83 80 33 34 6 94 54 13 32 43 45 74 81 74 54 33 86 14 14 16 55 63 98 72 63 26 85 96 40 45 85 48 0 90 2 93 19 49 36 1 13 4 54 1 14 35 10 31 96 72 95 45 66 72 72 37 3 3 63 46 4 45 35 27 33 70 77 63 65 91 9 72 49 52 15 44 55 32 52 13 79 60 79 96 50 8 67 69 29 32 55 68 92 62 43 71 80 55 72 98 41 59 51 35 80 20 98 68 8 78 36 73 83 93 7 2 16 15 46 72 55 37 3 15 0 27 5 56 71 74 95 4 63 1 78 57 54 28 27 83 29 93 63 69 56 79 50 5 88 76 14 82 91 69 86 89 80 81 26 22 75 78 12 63 99 39 52 41 18 54 57 82 61 0 44 59 53 15 76 99 9 15 90 35 90 69 37 43 67 71 57 9 32 12 21 13 68 99 15 25 26 37 72 42 37 4 67 98 32 89 78 27 81 98 38 35 3 68 86 10 54 50 27 90 50 7 82 1 80 49 18 8 96 35 48 21 6 44 69 74 19 80 11 12 50 30 66 47 56 23 60 72 49 82 74 35 72 88 45 63 61 34 94 26 89 1 26 61 37 37 61 74 75 57 27 96 57 89 59 37 7 77 11 63 84 34 52 49 47 71 92 10 92 70 50 75 64 74 5 16 89 2 67 20 67 47 2 34 90 99 
84 39 85 3 19 62 6 83 89 1 28 91 34 8 41 12 6 54 55 87 49 92 69 40 23 63 33 67 13 98 61 52 81 15 90 61 97 64 53 12 27 57 33 80 8 36 59 92 26 30 28 95 14 44 72 19 10 19 43 24 59 8 65 15 39 31 58 2 49 51 79 78 20 19 86 92 45 90 56 84 23 60 53 47 85 7 51 50 51 73 74 51 5 68 20 64 57 77 61 66 37 14 61 80 64 86 17 0 73 46 22 65 48 9 4 78 10 67 38 18 51 39 38 4 6 62 96 16 75 87 6 91 59 33 27 23 1 89 52 43 12 65 6 22 70 37 58 17 27 59 57 50 24 98 83 62 82 58 14 95 86 84 6 94 2 96 61 87 85 94 28 11 47 53 72 81 63 68 94 84 10 99 47 11 97 98 93 62 81 73 18 96 20 28 10 26 83 47 94 91 47 28 13 84 57 35 40 78 86 99 30 18 86 19 74 8 71 84 23 63 12 37 3 92 24 74 67 57 13 42 51 96 0 55 47 39 46 19 81 86 36 48 84 87 15 67 16 22 0 34 98 54 78 31 19 94 51 84 68 15 0 53 72 69 95 67 74 36 83 94 56 89 27 9 45 17 86 8 42 9 7 58 47 74 11 88 32 23 39 77 68 53 76 68 53 87 68 24 69 98 95 62 42 42 82 0 41 85 46 84 40 64 32 66 31 24 72 50 67 3 63 9 94 15 74 91 6 97 27 86 86 70 42 13 36 10 1 79 0 66 72 60 49 87 92 32 53 28 12 15 96 1 16 1 11 32 81 75 99 24 97 77 75 19 9 45 93 60 64 64 53 54 2 12 99 60 81 30 48 65 51 89 82 93 32 71 87 65 85 54 51 63 77 53 89 38 75 12 16 41 64 9 37 1 3 33 68 28 74 66 91 7 98 2 7 60 25 4 90 25 67 46 71 87 80 2 23 46 48 49 60 36 1 29 89 20 68 97 89 54 52 79 91 84 92 25 69 58 87 84 27 53 34 49 19 40 28 81 71 80 65 67 6 38 57 76 83 43 22 62 18 99 81 73 96 45 33 18 57 50 21 96 8 44 22 13 7 41 92 8 95 76 57 36 82 47 22 66 31 61 
14 34 27 6 0 16 86 5 17 85 79 5 39 18 79 87 64 0 2 83 49 5 0 85 84 67 8 70 35 11 47 91 56 35 7 85 62 12 16 94 69 13 95 34 1 68 57 58 19 92 90 65 25 18 54 88 98 56 52 88 77 95 49 4 22 68 71 92 30 93 39 72 4 76 16 90 80 56 58 24 75 16 9 64 54 37 65 88 84 15 37 24 7 94 59 65 82 21 88 21 12 95 52 52 3 58 11 65 23 64 73 45 81 84 20 91 87 72 44 78 85 72 8 39 29 88 31 93 63 29 7 5 28 14 45 10 9 29 33 90 90 67 28 3 80 87 67 3 81 77 5 77 38 3 25 36 27 21 93 1 26 42 67 23 11 82 86 5 54 70 88 6 85 8 49 71 12 71 50 32 6 95 62 58 78 1 8 60 62 1 75 57 54 95 95 20 68 64 77 25 70 17 32 60 61 65 37 48 9 91 52 77 78 74 4 56 65 4 89 26 37 5 12 52 63 68 66 59 87 54 20 16 18 18 83 41 77 45 24 52 68 87 78 51 55 58 87 92 55 69 59 95 72 39 3 71 29 62 81 34 69 45 25 11 17 70 35 76 6 20 81 63 44 16 88 37 11 58 3 82 1 5 60 99 60 77 57 53 89 55 24 81 21 2 70 5 47 19 10 34 67 98 86 18 22 48 58 28 61 52 15 93 46 62 86 9 76 89 82 63 74 8 99 17 35 79 99 12 21 63 10 26 52 83 45 41 48 4 20 23 66 16 20 90 66 46 86 6 36 49 57 56 45 69 62 26 44 38 34 72 74 44 95 69 5 11 75 83 96 52 58 95 64 20 90 56 62 75 27 45 5 91 64 77 56 31 92 67 91 2 26 82 6 56 43 87 43 86 24 52 2 13 39 23 9 41 61 36 65 83 67 19 22 85 21 30 25 0 18 41 32 58 98 66 46 10 52 79 29 77 48 14 96 85 24 64 93 83 77 61 99 89 76 32 7 98 85 74 28 5 25 91 4 64 43 99 49 93 72 82 40 82 35 23 4 86 89 46 91 51 13 56 85 56 52 90 57 98 44 61 39 19 82 30 18 39 93 54 31 83 41 11 58 2 44 91 78 78 30 68 
87 15 19 37 69 34 73 80 46 17 30 64 24 97 12 49 98 3 12 22 5 35 16 19 85 70 72 23 0 79 94 43 45 44 13 7 62 54 39 56 65 51 71 51 47 78 58 77 80 8 3 20 78 53 72 33 29 48 19 46 80 16 55 86 6 7 80 63 33 60 72 51 7 0 34 42 62 84 15 18 77 38 40 24 50 57 43 54 8 2 53 78 90 0 67 54 57 2 48 24 16 16 78 4 86 24 24 51 23 50 68 83 80 77 97 65 85 51 43 26 92 90 46 60 92 61 71 14 26 31 40 35 70 30 83 92 53 87 49 17 77 28 49 57 62 73 19 31 8 87 9 64 21 10 73 26 84 42 63 35 57 25 21 63 52 30 1 70 76 81 85 66 65 86 50 99 2 7 53 3 70 97 97 56 85 21 47 32 85 67 59 33 3 80 60 33 76 25 96 63 32 98 12 50 54 8 10 42 24 93 89 53 19 33 15 4 82 47 16 25 48 12 26 59 32 59 91 28 88 5 22 75 76 67 45 46 12 58 27 93 36 8 78 72 32 28 95 73 59 48 64 42 83 33 21 42 50 92 87 53 96 43 86 77 77 42 74 54 27 52 79 33 19 33 43 13 44 92 16 14 37 79 79 47 97 2 84 81 47 38 23 40 31 28 43 53 77 13 17 61 24 86 3 18 0 10 81 51 88 59 15 77 51 30 84 23 91 7 75 85 90 25 81 8 57 30 74 60 34 2 35 52 50 40 51 7 83 81 56 87 54 71 80 54 13 25 9 14 27 85 78 37 88 77 75 2 98 71 43 94 84 99 91 31 14 74 66 4 21 88 67 77 0 26 19 14 79 46 48 90 64 22 57 94 31 18 90 93 39 85 70 26 37 86 83 92 54 1 42 55 73 73 20 68 42 98 60 65 54 50 70 36 86 87 67 19 53 41 82 38 26 58 90 33 87 53 13 22 72 11 57 41 79 7 85 65 22 49 18 86 81 53 78 71 74 97 81 49 34 64 43 20 70 57 29 3 1 83 86 99 28 14 80 89 23 62 7 63 82 50 26 1 21 39 78 0 71 50 27 64 29 44 0 16 4 61 65 91 60 92 10 56 76 64 95 60 70 41 34 83 
85 60 41 8 8 93 80 18 45 96 17 15 74 2 18 54 62 40 27 33 23 28 29 84 2 39 46 65 60 82 14 32 64 53 32 41 24 61 98 79 29 98 18 95 13 20 65 25 35 37 67 70 26 75 59 0 86 57 88 82 43 52 98 79 6 16 30 12 97 25 46 27 82 35 16 71 7 88 45 74 12 84 20 82 85 45 15 75 66 24 2 63 17 87 44 15 63 85 14 6 93 31 8 31 24 37 49 84 91 84 98 4 40 57 44 24 93 18 18 74 44 91 89 38 57 87 10 21 15 80 83 14 98 25 78 15 40 15 78 81 45 62 36 8 63 52 49 93 53 38 60 48 51 30 30 40 83 49 25 5 71 37 58 69 3 18 10 94 4 29 47 19 30 1 38 5 53 45 64 56 50 49 1 78 44 89 36 47 28 71 53 94 98 41 11 47 49 85 2 77 59 19 88 26 12 16 53 36 43 60 37 26 42 95 37 32 10 36 62 7 99 50 97 77 29 22 34 91 83 72 16 59 34 45 52 73 78 53 37 33 96 6 39 87 3 17 99 1 97 19 19 12 85 83 27 97 86 65 6 26 69 50 89 97 27 79 12 69 85 23 10 87 1 5 60 30 49 21 61 69 45 70 40 57 16 96 85 23 59 99 61 11 44 27 24 67 93 45 92 33 39 38 0 10 40 63 38 19 43 17 25 10 27 37 9 82 38 82 16 14 96 38 49 83 26 43 31 72 16 79 4 58 87 6 2 7 27 34 6 96 57 39 68 54 6 80 98 32 7 70 0 51 39 43 43 54 46 34 16 4 77 69 44 7 94 71 81 6 38 87 76 6 43 61 69 57 11 12 63 27 21 83 52 77 26 27 67 3 41 72 64 16 83 52 64 89 62 73 74 26 71 11 84 4 97 85 78 32 96 59 47 58 26 44 30 22 25 17 33 58 33 93 23 80 71 10 99 15 46 52 18 76 92 37 18 52 60 81 45 46 43 98 15 30 77 11 20 71 94 20 4 16 49 66 81 95 67 13 74 42 3 81 56 24 92 16 17 82 52 16 91 60 32 54 20 46 11 71 51 6 23 62 33 17 65 57 25 50 33 75 65 30 43 62 31 25 92 50 78 7 
67 90 44 94 1 33 59 91 39 12 51 63 32 50 56 72 2 99 85 25 57 30 4 82 49 68 26 95 71 50 13 42 51 35 96 87 16 93 59 88 17 86 56 33 95 40 97 70 23 57 55 55 49 56 38 7 53 68 58 39 5 16 90 13 55 83 11 4 9 37 31 98 50 13 97 69 54 36 0 39 4 29 68 0 23 51 37 56 28 60 15 21 67 92 28 13 12 98 24 36 34 88 66 93 16 9 52 11 44 26 28 10 66 13 60 49 14 94 91 86 93 82 53 24 87 74 69 53 96 8 72 96 77 80 17 84 42 58 91 90 62 46 31 95 40 67 2 6 91 77 9 60 80 65 99 61 28 6 71 6 98 9 63 88 85 68 52 56 61 8 63 62 98 48 79 75 70 57 4 6 77 79 19 87 98 72 19 99 75 80 47 63 15 61 73 71 99 52 27 0 59 7 16 8 38 32 61 42 45 6 44 6 96 90 37 43 65 37 11 31 46 72 97 50 25 56 82 33 22 80 81 17 91 3 33 64 30 82 53 59 64 74 3 17 33 21 62 83 84 87 12 5 20 7 41 99 83 55 5 15 18 52 12 46 65 9 4 25 49 63 50 63 39 85 65 80 30 92 19 68 60 18 94 60 69 23 82 87 57 80 31 17 47 84 66 4 94 99 19 76 31 89 70 33 26 31 86 55 97 44 48 97 51 90 0 92 62 9 81 30 92 21 81 30 94 4 12 43 73 87 39 25 8 57 79 22 58 0 89 29 66 31 77 47 88 31 12 58 26 6 83 15 11 32 12 35 10 60 38 26 74 47 96 71 9 12 66 89 82 12 35 42 0 22 54 33 84 97 8 2 85 28 17 75 82 71 91 35 4 45 83 89 46 21 90 38 85 48 39 35 55 23 57 31 23 5 11 44 26 16 9 91 60 17 38 45 18 20 81 95 14 37 9 9 52 84 56 75 88 11 93 68 12 85 16 52 55 81 3 79 50 8 3 86 62 20 49 38 42 1 49 67 6 61 62 38 64 39 35 18 27 24 78 3 33 50 55 20 9 0 3 75 32 98 82 71 67 72 41 5 58 97 68 26 76 26 11 32 67 60 39 30 8 62 24 61 74 35 77 8 
60 28 39 44 65 4 73 85 12 55 91 39 46 92 46 8 78 90 72 89 23 18 12 64 34 83 20 73 8 22 25 43 12 47 23 69 48 15 10 92 60 68 63 8 31 2 95 39 98 91 89 84 7 49 6 95 30 26 42 76 14 60 12 14 30 87 54 79 29 84 91 49 71 91 9 83 17 75 94 32 48 52 85 95 36 53 37 92 22 47 82 45 52 30 22 33 5 63 54 73 33 93 89 68 33 52 65 13 18 23 97 94 98 76 73 42 8 66 96 78 93 14 51 69 27 78 39 31 93 34 93 60 95 96 75 20 27 99 86 53 96 94 54 54 22 17 22 23 66 88 8 2 24 15 87 36 18 18 87 37 10 14 64 51 63 39 31 30 32 56 49 0 86 32 58 67 79 10 14 35 95 83 69 72 22 50 40 81 21 93 89 30 33 94 79 39 62 72 99 49 85 35 18 89 4 81 1 11 62 7 21 56 25 51 43 47 23 39 15 45 73 78 42 19 34 18 38 84 63 42 65 54 84 28 77 97 47 49 15 54 90 40 69 70 2 21 65 16 91 15 7 71 93 51 42 99 11 74 24 57 14 61 47 77 28 8 26 75 18 81 63 22 11 25 4 65 78 87 41 90 51 56 62 51 5 87 93 27 30 6 42 35 75 9 69 5 38 97 20 16 2 15 18 64 33 26 23 8 19 79 77 38 90 31 42 79 17 90 63 46 10 66 84 69 51 62 25 54 64 36 37 84 25 25 84 22 29 91 10 67 35 23 86 51 24 17 37 57 82 68 96 93 71 94 62 84 57 64 10 30 85 46 3 18 29 49 37 60 62 49 5 23 50 45 80 78 62 44 49 29 91 25 67 28 26 11 72 47 90 23 87 22 9 29 35 67 33 93 57 98 92 10 96 28 62 3 11 95 43 90 2 44 89 65 25 34 82 51 66 95 21 47 61 21 5 71 32 82 98 24 92 83 8 35 94 9 17 55 98 97 31 13 78 62 59 24 18 52 40 99 79 11 66 76 36 0 4 7 52 28 99 13 93 51 93 1 97 35 71 24 66 72 55 59 3 78 65 71 2 45 98 24 68 16 21 82 87 62 94 20 1 36 20 94 49 95 60 66 55 77 
58 29 40 2 70 51 67 1 79 72 64 38 82 8 13 70 95 70 28 93 31 76 73 19 62 34 52 67 11 36 36 88 24 60 17 84 28 29 68 42 58 60 66 42 12 81 74 76 3 10 69 45 64 58 14 93 64 65 62 74 48 1 66 19 92 36 64 17 5 81 35 22 65 68 2 62 34 26 34 11 77 4 31 55 32 94 92 13 46 51 10 81 2 35 52 3 67 41 16 47 10 15 7 68 8 26 73 90 94 38 99 90 58 86 34 19 76 32 61 12 40 56 66 79 94 89 25 12 28 95 44 18 10 83 18 81 76 64 14 13 27 63 87 6 65 26 2 56 59 32 27 61 23 44 96 13 11 34 34 53 99 46 93 27 2 53 50 5 32 77 31 4 66 28 43 54 94 86 63 79 9 6 52 73 50 75 45 22 65 56 47 47 16 10 7 98 9 13 4 87 56 60 99 30 6 9 95 43 90 0 44 19 14 46 46 67 86 77 53 31 33 22 20 85 96 68 34 42 19 63 72 51 0 39 29 48 35 66 59 17 4 99 14 37 59 60 42 4 41 75 35 96 14 16 60 68 30 66 94 31 44 51 30 62 33 41 2 37 69 39 2 95 36 11 77 81 19 9 27 52 5 95 41 56 40 2 97 67 90 17 38 59 93 77 38 24 99 22 38 70 89 20 13 73 62 31 5 58 3 95 7 50 46 62 89 12 39 96 45 67 57 66 27 43 5 90 79 17 52 6 56 74 66 13 0 85 39 21 74 96 77 75 72 50 74 97 36 87 96 62 5 20 94 23 21 26 76 84 90 23 62 49 50 2 1 38 91 4 62 40 95 85 3 22 35 73 79 90 42 98 94 45 65 89 69 30 52 42 67 73 91 5 72 7 10 30 25 35 66 49 80 81 85 34 41 86 28 83 97 95 67 12 9 71 32 42 3 29 52 79 65 83 90 97 43 32 69 25 94 89 61 42 80 34 96 82 73 73 35 83 38 31 78 62 46 53 68 24 87 94 24 86 54 60 83 3 73 44 59 12 60 34 59 11 62 56 84 18 81 97 27 86 96 17 77 99 72 84 51 19 97 64 78 35 11 95 17 77 44 95 20 38 4 88 37 97 6 35 41 29 
40 28 30 12 7 39 34 68 48 70 50 50 50 11 20 85 7 27 94 36 48 70 88 76 69 49 55 44 1 27 59 53 19 81 54 16 81 80 26 1 96 37 49 18 73 71 99 25 78 18 32 79 20 15 74 21 23 67 57 3 82 85 5 54 49 20 28 34 80 88 29 25 34 23 24 95 10 15 30 30 85 3 7 75 8 15 91 94 99 4 78 35 97 27 12 90 90 93 4 39 7 11 90 53 73 86 98 60 77 45 67 1 50 6 13 71 4 51 87 7 56 42 4 39 35 39 52 38 63 96 85 79 43 29 63 60 22 93 20 65 39 28 64 30 28 63 29 81 13 33 50 59 82 76 73 24 67 3 65 36 82 73 29 77 14 90 66 7 80 32 55 75 71 65 46 64 28 94 54 33 49 43 67 10 57 82 46 69 73 5 94 76 94 52 78 26 59 70 56 18 79 38 53 22 94 86 45 75 60 67 9 92 75 24 32 42 30 87 99 31 46 56 21 78 32 9 93 65 59 81 61 0 44 97 22 17 70 24 57 28 59 34 34 98 92 20 3 28 68 1 0 6 89 40 28 48 2 36 94 3 76 32 76 57 25 8 52 41 10 7 50 43 89 60 53 66 54 38 81 99 8 15 32 97 18 0 68 53 27 41 12 92 49 65 3 82 41 19 89 54 35 0 95 63 11 27 13 17 52 88 34 9 77 33 0 80 57 50 65 83 99 81 41 23 94 53 76 59 29 62 30 83 11 29 1 57 8 0 80 78 95 77 66 70 31 48 96 9 47 33 78 83 3 26 19 60 40 37 36 91 63 18 95 68 13 88 12 84 65 92 72 54 98 9 16 19 54 62 32 73 3 93 69 60 50 66 43 45 26 87 91 47 74 81 20 22 65 3 76 93 56 65 26 53 25 56 98 80 27 96 4 7 54 38 36 38 80 3 29 55 72 9 21 78 54 96 29 65 68 32 77 92 87 97 70 26 48 90 90 4 57 86 96 49 71 76 84 75 98 23 9 81 39 74 73 65 28 92 65 20 96 65 66 44 58 82 12 29 88 12 77 0 12 17 79 47 38 80 49 9 31 92 7 48 70 81 1 12 75 43 94 92 44 60 69 70 95 94 51 63 
40 24 10 31 57 55 42 54 83 56 7 40 71 64 62 95 81 0 91 78 75 74 98 52 9 4 12 17 88 60 72 0 13 27 15 86 51 50 97 66 15 41 1 61 39 2 35 60 4 30 36 79 69 94 45 17 5 17 24 86 20 52 11 51 25 54 50 80 78 68 40 18 17 40 49 20 50 90 74 95 16 71 96 25 20 58 29 10 23 87 4 36 4 93 28 5 42 35 44 14 55 23 18 19 53 19 33 88 44 88 79 26 68 87 2 81 60 37 25 60 32 30 90 88 79 21 63 54 40 3 65 16 25 10 5 88 32 84 74 93 93 12 37 14 93 10 24 70 46 21 92 39 11 66 20 13 13 91 47 0 5 55 81 37 24 8 19 14 37 97 63 57 98 22 22 65 66 32 96 69 61 77 83 22 52 11 36 44 70 71 66 54 3 18 64 53 53 79 73 28 68 28 94 21 50 30 60 59 43 85 27 21 53 25 66 30 59 45 84 37 75 82 86 30 78 19 89 97 71 98 59 71 66 8 97 56 38 60 96 84 56 61 25 16 63 33 29 54 81 52 76 39 11 22 32 85 84 88 34 25 34 25 61 87 18 64 37 52 13 56 30 62 50 21 5 6 61 17 79 27 41 45 2 19 63 40 12 50 55 80 49 17 26 68 46 63 24 30 54 25 19 42 82 32 44 55 85 37 78 9 82 56 79 2 12 4 1 4 89 62 2 23 82 11 24 15 3 59 93 65 84 80 28 91 23 0 42 88 15 70 71 57 48 22 44 0 68 15 67 95 45 32 14 37 91 70 3 74 40 45 11 65 7 49 9 57 46 15 21 77 84 67 62 25 14 80 95 84 28 91 57 7 82 49 26 14 31 44 64 65 17 26 81 22 30 19 57 46 64 0 4 8 88 40 34 25 68 60 4 96 88 33 29 54 89 4 50 42 97 78 1 93 50 21 12 28 7 35 96 76 39 52 59 71 19 29 95 53 81 95 56 46 54 33 41 30 6 98 74 73 54 71 41 8 39 52 94 7 88 64 79 53 91 42 67 53 76 61 18 18 51 31 78 5 25 2 9 13 96 39 71 27 66 15 33 47 3 83 26 83 62 35 85 91 90 47 83 69 97 56 
70 46 56 84 10 80 8 12 7 93 5 74 52 56 73 24 27 27 83 83 56 45 52 95 22 60 62 54 11 9 52 91 43 79 97 13 37 77 16 60 77 80 3 60 41 45 78 4 30 46 7 0 5 79 56 21 26 7 16 20 32 52 14 34 62 7 26 15 54 99 25 98 18 97 75 92 43 8 95 51 78 54 87 85 76 74 36 9 30 64 52 13 37 50 62 8 42 4 83 66 1 82 87 69 27 84 29 75 37 94 66 18 4 82 22 63 81 83 61 14 94 79 50 40 62 15 46 98 63 24 95 41 98 30 53 6 59 61 25 52 84 52 8 16 34 73 34 69 13 20 67 16 68 80 18 49 23 63 80 7 34 73 7 64 42 75 80 1 34 0 78 8 86 29 41 46 55 93 25 76 7 7 98 85 38 47 7 62 81 38 86 68 54 70 88 28 40 17 93 37 29 53 86 3 93 0 20 68 16 85 56 99 43 91 62 14 79 72 98 72 39 20 22 32 87 15 52 69 49 88 54 50 86 88 3 68 32 79 71 97 95 41 7 95 82 19 38 22 31 99 19 54 46 17 12 12 58 28 39 94 28 89 27 6 75 57 34 43 40 9 20 6 31 37 74 92 59 41 11 83 59 20 86 14 28 42 22 76 85 41 43 56 57 78 82 90 28 92 38 78 36 65 68 58 57 65 44 25 22 68 1 29 26 75 35 36 95 1 19 83 51 70 74 43 56 88 89 48 0 10 97 90 12 89 15 10 68 97 54 6 0 12 64 17 21 89 21 81 27 67 2 50 97 47 29 85 58 80 58 80 15 73 73 78 9 20 65 38 20 57 96 89 95 17 92 95 26 32 54 81 86 17 48 16 61 84 96 89 38 12 31 14 85 62 88 76 9 98 25 45 97 81 14 27 94 27 48 98 23 93 28 7 46 85 29 14 42 77 43 65 20 78 89 29 55 6 44 60 79 27 8 91 80 57 72 91 86 50 97 55 20 9 24 40 27 13 61 31 32 6 94 2 69 36 15 1 28 84 33 15 20 79 26 26 76 22 22 83 81 26 43 85 15 31 46 99 87 0 55 80 20 96 60 23 32 44 99 27 72 19 69 65 22 23 63 91 53 26 99 87 
94 63 22 65 42 94 45 49 72 17 0 96 89 57 7 65 97 57 95 63 48 25 47 73 12 25 7 85 44 3 28 88 21 33 78 94 57 16 98 21 98 66 17 40 15 15 49 35 32 63 64 52 42 89 18 15 66 22 46 61 4 3 85 82 3 9 86 29 46 28 66 28 63 46 28 64 75 8 22 82 50 49 70 99 9 54 87 69 5 79 39 2 21 24 34 72 91 57 32 54 27 46 95 86 9 89 29 7 32 62 84 93 43 37 77 27 90 42 10 21 24 26 51 42 12 12 90 67 81 15 62 36 71 97 85 82 23 27 54 70 50 80 46 1 9 10 88 57 27 24 66 31 67 97 14 9 16 33 23 82 14 85 33 75 87 99 58 85 70 56 65 40 86 17 67 42 66 20 77 28 87 88 17 4 55 86 96 88 73 98 23 10 45 33 69 89 70 11 84 98 24 40 3 66 59 75 32 27 37 83 18 73 3 2 13 11 19 91 69 55 16 99 31 82 34 25 29 55 16 78 61 66 44 7 9 84 13 41 9 73 58 16 24 48 62 86 23 6 3 2 76 41 72 47 43 3 94 27 11 76 45 58 31 44 59 49 56 89 92 15 54 7 46 97 43 64 52 9 39 42 96 85 62 71 61 36 75 21 76 2 81 42 42 60 95 57 15 95 27 65 65 81 74 30 24 75 58 26 85 17 1 17 97 27 7 24 67 5 26 51 12 46 76 1 18 8 72 40 99 67 4 89 95 3 99 45 33 95 95 61 6 43 5 71 50 88 31 5 71 78 21 25 47 55 68 94 77 11 68 2 79 58 41 61 75 97 43 37 51 67 40 90 50 35 34 47 79 92 54 42 44 96 32 9 68 89 0 85 24 87 41 91 68 25 92 4 60 27 7 25 76 4 90 84 49 58 89 66 85 95 67 22 87 77 55 44 75 8 54 61 18 77 36 30 21 54 18 99 30 37 11 7 12 47 9 12 64 22 26 52 79 49 32 53 30 58 38 49 44 4 40 67 51 66 85 16 6 67 46 85 97 24 30 16 73 71 96 98 14 89 53 8 86 78 43 68 31 95 13 10 0 1 15 38 8 24 40 20 36 51 10 23 30 62 26 30 57 83 57 21 
83 70 30 38 73 66 69 95 42 53 67 59 42 23 99 67 4 1 72 19 70 25 76 1 32 12 77 1 3 89 30 53 16 88 40 96 88 65 14 45 9 50 9 33 82 58 84 37 11 32 71 33 8 39 85 62 27 51 52 84 96 28 60 24 84 53 85 99 55 60 49 59 42 20 31 12 77 95 29 89 34 65 83 53 98 44 77 38 8 65 35 80 31 36 91 51 55 56 15 45 11 65 19 33 77 9 13 79 30 52 35 87 4 31 69 79 33 56 64 23 90 32 34 29 48 17 75 45 57 1 7 6 71 98 37 86 44 51 54 63 86 50 71 54 13 80 49 20 16 23 26 98 53 3 8 74 0 7 63 8 47 12 52 58 91 37 17 94 5 57 8 95 35 42 70 3 81 71 58 56 96 57 14 70 70 17 70 39 17 38 45 28 76 57 0 52 12 96 11 62 48 54 13 84 15 75 75 1 93 52 22 74 32 6 49 1 76 28 53 49 74 78 79 22 25 56 81 80 49 21 77 46 19 88 62 77 73 32 97 45 24 15 47 39 60 46 87 11 67 71 7 8 92 59 94 30 1 45 84 43 26 58 5 97 64 86 35 31 2 63 15 50 47 5 30 86 64 89 56 13 35 30 40 23 1 45 22 79 72 8 81 13 84 14 25 20 54 24 28 74 37 15 46 93 93 44 23 60 73 80 20 75 33 37 42 79 44 0 30 25 2 45 64 37 37 33 67 46 58 58 60 9 94 32 78 5 26 9 25 77 90 89 42 56 76 76 91 99 41 53 92 46 52 4 44 4 84 54 0 96 2 28 36 80 2 61 31 11 66 88 62 28 67 93 96 72 5 11 20 12 93 30 46 7 41 50 91 9 26 87 59 49 77 58 16 73 96 80 33 23 34 22 40 13 33 33 52 65 59 22 13 26 43 29 5 71 17 61 51 21 17 35 90 7 68 84 8 77 92 32 79 44 73 29 88 5 59 11 19 96 66 38 6 84 79 4 49 52 57 35 1 16 84 6 99 63 53 63 12 95 86 57 3 71 91 15 22 84 97 1 8 24 90 5 59 39 2 49 61 90 32 14 29 77 4 1 35 67 39 93 44 65 51 32 71 55 25 98 42 38 
44 38 5 59 52 48 15 86 23 23 31 82 74 28 15 64 91 90 82 27 98 95 7 99 2 27 24 73 70 12 36 25 75 57 92 37 99 12 36 90 98 77 45 52 80 84 22 6 12 42 92 74 91 70 26 86 4 83 1 56 18 76 79 52 6 60 26 19 79 19 8 94 28 5 0 75 69 5 35 79 40 57 56 97 77 64 77 22 27 4 84 97 22 86 32 25 38 14 63 89 29 79 31 47 59 58 56 24 93 1 58 26 29 68 68 75 76 47 24 6 25 95 83 44 28 25 75 28 10 51 99 22 84 46 31 36 50 88 81 22 97 27 15 68 42 41 54 13 37 30 14 19 94 90 19 68 83 91 76 50 78 35 30 15 72 62 51 26 34 83 11 22 87 55 50 32 23 38 83 39 35 8 21 40 40 91 12 66 88 95 55 59 70 98 59 27 50 10 50 21 61 59 17 32 34 5 58 87 25 57 23 0 42 63 63 62 53 64 18 89 9 1 83 58 99 0 87 35 5 29 81 32 86 32 8 15 63 45 25 9 47 28 45 9 91 54 85 16 61 11 32 82 73 17 89 92 52 5 58 78 13 5 44 76 14 18 64 95 36 63 17 13 65 9 27 97 40 57 15 75 6 27 52 12 69 72 85 48 62 73 80 85 86 37 63 12 91 33 65 85 36 91 27 24 3 30 11 53 48 0 1 51 42 11 76 72 79 72 3 87 71 29 33 72 25 9 77 41 79 22 30 21 79 46 95 69 58 14 46 92 28 87 78 63 36 25 41 77 17 42 31 77 69 99 0 82 61 53 84 70 50 63 49 98 6 94 84 89 78 53 52 51 94 78 35 71 29 32 87 0 87 22 72 25 24 41 34 16 87 85 62 12 14 70 44 69 20 80 12 95 81 71 81 25 53 77 12 13 76 92 89 5 55 1 20 80 46 9 92 97 90 1 48 22 37 17 76 73 22 5 77 40 73 56 92 67 37 72 73 26 45 65 61 79 55 17 85 97 61 61 31 6 50 14 30 29 23 82 77 79 34 11 36 15 29 64 78 21 79 35 62 65 44 43 85 67 7 56 0 8 1 15 82 14 79 50 79 5 54 39 79 43 82 60 97 57 73 15 4 86 
66 83 83 48 66 82 78 36 97 20 16 51 12 61 76 18 82 54 93 89 92 62 21 12 14 62 87 38 10 29 36 19 87 86 19 39 42 43 64 15 39 27 39 36 88 49 48 69 58 19 82 34 45 90 8 91 4 11 24 41 51 23 10 3 20 25 79 79 85 76 67 20 9 12 23 47 28 97 3 81 35 87 15 31 27 62 52 75 62 46 38 87 89 15 0 75 7 37 91 12 17 6 14 57 41 22 49 13 81 56 17 83 70 80 44 13 72 48 65 17 87 59 18 7 90 54 16 66 20 1 67 21 76 86 39 25 69 91 13 98 38 74 66 69 78 40 77 84 83 51 95 92 8 21 72 70 40 57 71 29 21 80 6 67 6 66 8 78 16 98 99 77 71 99 66 55 7 21 37 59 49 75 30 37 48 22 60 87 95 2 13 8 4 24 62 85 65 0 58 97 71 71 11 98 93 79 32 12 62 94 74 22 97 84 25 7 91 33 61 11 25 71 62 38 92 24 5 80 91 70 65 17 49 58 36 83 30 26 21 5 46 11 18 38 71 14 5 19 17 70 9 66 48 42 6 76 98 27 64 35 96 94 36 67 62 83 87 25 88 84 21 22 87 75 22 7 23 30 66 45 35 6 90 51 56 93 4 41 1 59 83 71 6 18 20 62 78 26 60 31 83 66 60 38 45 4 89 4 86 94 40 48 80 55 9 6 87 67 85 69 5 95 94 52 59 92 2 11 2 76 3 43 42 78 34 89 5 97 49 46 35 39 27 81 49 18 61 13 59 72 46 94 11 27 80 81 2 59 0 50 25 75 52 77 69 97 10 68 50 70 8 56 90 25 66 55 0 43 24 25 99 51 56 2 81 27 82 66 96 67 2 30 71 12 30 26 16 32 89 59 53 55 35 99 84 49 66 39 55 63 28 73 80 10 18 37 38 20 56 29 12 24 70 67 57 60 79 90 12 85 47 1 53 33 46 15 28 69 3 92 62 88 63 23 85 88 75 4 99 40 82 91 34 42 99 98 30 73 93 40 28 66 24 27 14 30 45 79 10 47 25 95 63 84 31 87 78 57 2 95 10 76 88 55 54 61 20 87 31 21 21 57 84 9 0 56 64 59 92 12 
31 37 48 24 64 25 88 14 31 54 48 93 14 32 94 59 13 57 70 49 26 22 99 28 9 20 23 1 56 81 26 41 2 1 27 42 65 73 16 96 97 81 29 39 43 25 35 15 94 2 53 29 81 46 78 82 10 34 44 34 9 70 49 66 11 58 20 69 24 70 46 64 7 7 33 32 98 53 36 80 94 37 44 27 19 76 3 18 39 82 52 78 31 87 75 97 63 32 17 86 99 42 93 58 34 32 47 93 2 70 73 82 51 64 57 66 29 43 67 49 28 2 7 54 31 5 41 80 33 75 51 61 73 28 62 24 64 57 33 69 7 38 42 88 51 88 38 94 90 97 84 23 18 57 1 33 8 79 2 71 81 6 17 21 91 84 77 47 63 44 53 97 98 39 94 43 90 78 36 84 78 33 18 31 64 47 65 83 58 48 4 3 7 47 89 83 28 82 81 90 7 95 40 37 82 68 31 62 10 68 43 64 98 99 27 38 95 0 69 94 70 34 41 44 60 82 37 55 16 42 72 55 14 36 30 40 63 4 7 70 29 60 79 21 48 23 49 47 90 80 47 44 31 72 62 37 31 57 38 36 88 0 0 14 86 97 26 14 41 9 67 98 47 17 40 32 22 81 10 39 1 15 76 5 53 82 71 70 57 89 68 46 98 76 66 20 30 73 74 29 45 26 39 19 2 6 89 32 76 1 24 33 96 66 96 70 12 64 88 1 84 94 11 35 0 2 62 61 71 23 48 2 95 47 39 45 52 57 91 78 93 24 56 22 84 91 23 27 9 1 88 96 7 52 19 4 78 62 28 68 40 41 33 20 41 12 66 95 60 1 18 54 17 8 57 41 88 83 72 15 75 60 1 27 63 40 11 47 3 89 96 14 49 82 45 49 29 45 77 97 3 98 42 99 20 58 37 67 76 67 28 2 71 22 73 79 34 4 12 52 79 29 77 74 87 6 71 85 98 18 80 21 36 76 7 41 39 31 50 12 25 29 83 46 84 48 73 35 47 22 18 59 6 80 44 37 89 33 5 49 16 87 35 72 91 27 56 37 1 97 77 67 58 95 29 60 26 86 89 96 74 0 93 67 45 52 17 95 99 19 5 17 80 21 58 69 80 79 6 99 
30 78 50 29 11 83 94 83 77 64 28 94 0 48 69 0 47 43 72 47 41 84 36 88 13 6 81 66 92 20 78 26 79 40 53 1 97 15 9 77 74 27 84 40 83 40 17 39 64 59 1 69 52 48 98 87 68 11 91 59 26 74 57 47 27 69 57 96 39 10 12 94 84 97 3 19 66 82 11 56 73 62 87 10 11 96 27 61 91 53 29 89 31 65 70 78 82 0 20 65 73 83 73 79 67 20 86 22 98 13 61 46 12 27 32 58 42 10 31 51 92 30 55 0 25 14 12 58 17 80 52 1 80 20 65 0 80 50 53 46 9 69 12 94 16 41 54 8 82 75 85 52 7 60 17 75 82 39 78 87 59 75 18 36 51 36 36 80 6 29 44 99 74 54 47 43 46 46 62 33 46 72 2 17 66 70 78 11 78 94 73 18 36 64 2 13 90 11 97 68 25 43 50 60 78 36 88 62 28 97 15 41 26 15 98 89 31 75 60 71 39 29 33 67 68 79 39 77 13 61 2 71 10 66 53 49 16 15 53 42 9 30 95 19 59 86 25 74 89 5 69 32 67 30 98 33 72 96 87 51 45 98 69 18 95 81 83 27 32 59 71 96 6 65 32 91 60 27 7 25 21 35 94 73 78 11 11 13 23 43 56 64 57 66 55 96 47 60 61 98 78 0 70 32 58 70 83 90 57 84 99 60 74 25 51 51 62 22 22 22 62 64 75 87 34 10 56 50 19 51 22 1 19 34 14 13 1 98 52 56 87 68 66 87 16 19 4 94 89 74 77 5 19 15 60 61 66 4 99 84 1 22 96 21 98 62 39 24 99 79 31 4 1 19 72 2 83 73 4 41 10 83 65 26 24 73 47 6 95 57 86 21 72 89 25 81 35 74 48 44 45 62 0 87 27 13 17 91 36 95 88 32 50 93 42 40 1 60 91 45 5 46 51 78 41 48 42 46 31 67 18 42 58 80 90 68 38 57 41 69 66 41 84 57 48 80 67 95 65 13 1 78 22 73 35 62 46 15 63 20 61 70 58 41 54 11 22 16 48 89 15 70 90 47 0 69 84 56 2 29 64 57 73 78 20 48 14 38 86 18 92 82 81 73 49 26 42 52 32 6 
23 49 53 54 87 1 36 71 23 61 13 3 70 58 55 25 19 37 0 61 18 1 89 85 24 2 42 5 61 80 12 91 71 39 33 71 65 40 40 33 35 71 37 36 20 38 15 38 13 46 40 76 68 93 29 88 37 80 23 5 43 22 42 27 7 96 8 62 92 46 51 71 38 58 10 69 76 64 73 14 76 78 88 87 83 68 78 59 40 30 50 50 49 53 17 45 63 20 61 58 33 56 58 38 28 62 8 73 65 83 4 89 95 32 30 85 7 52 50 8 2 74 17 18 34 99 22 86 47 47 18 16 79 19 73 98 44 88 42 34 36 33 37 2 35 42 27 90 49 19 82 81 70 99 17 78 50 99 29 29 12 10 37 47 50 98 24 50 70 70 62 68 75 25 84 5 35 75 71 75 72 91 65 66 32 93 86 25 73 77 94 59 21 39 16 89 95 8 26 38 38 45 50 16 89 59 13 55 83 27 61 8 8 75 41 96 92 4 59 41 80 37 61 39 18 0 53 2 89 79 85 80 89 50 27 38 83 11 44 84 12 30 31 8 14 22 40 75 31 20 73 66 70 99 26 70 24 87 16 71 36 90 55 98 74 84 84 53 88 77 84 63 96 12 83 92 72 38 11 78 40 89 41 69 40 67 40 60 70 98 79 72 4 0 13 92 25 78 83 74 64 37 58 37 57 69 94 96 33 74 22 57 88 27 73 70 81 25 72 92 0 60 16 36 18 55 19 67 50 98 86 68 67 47 14 93 63 62 72 79 2 30 29 74 58 15 81 48 45 41 78 91 35 32 41 88 69 78 89 35 38 43 59 92 14 51 84 92 89 81 96 61 49 58 7 58 74 99 55 7 80 99 2 84 42 40 32 7 6 45 58 83 53 72 40 30 16 6 20 2 91 19 52 19 5 22 18 20 40 60 13 77 27 64 3 79 33 43 42 98 40 12 15 71 37 51 33 21 46 18 93 62 69 69 90 53 63 70 8 38 41 7 81 39 25 82 67 86 96 97 58 89 11 20 68 68 80 71 84 93 38 76 33 56 36 85 35 50 41 34 82 0 36 18 53 40 70 50 28 59 32 58 6 67 87 19 77 14 13 60 3 72 54 85 14 74 47 57 11 95 
25 90 24 71 97 35 25 42 91 49 39 22 88 14 12 72 65 50 90 61 17 10 40 31 86 31 69 77 38 3 82 23 55 3 9 51 41 0 99 69 7 37 44 44 53 85 73 41 36 97 75 96 10 78 13 9 84 84 49 40 22 13 11 99 6 47 99 51 63 87 46 38 2 60 70 33 30 23 57 98 16 97 83 51 62 54 11 64 30 95 60 36 22 6 36 75 74 15 40 88 67 35 37 17 53 9 99 4 99 49 0 22 22 64 91 95 85 27 25 44 31 95 92 20 42 29 59 94 87 84 65 21 73 16 17 37 99 59 97 78 16 45 41 54 61 68 91 76 2 17 85 26 24 70 22 18 26 36 57 57 38 76 94 47 78 65 66 83 40 68 53 50 86 60 58 90 37 19 95 77 81 81 21 73 8 83 82 94 3 74 5 55 74 65 35 74 54 56 32 98 73 7 7 61 56 79 29 81 47 19 38 58 2 1 66 43 39 14 88 26 76 27 89 36 75 6 79 13 87 88 2 51 20 32 51 18 86 44 71 7 18 79 38 21 90 31 60 77 74 95 44 59 58 39 87 10 81 2 72 52 7 29 98 30 0 47 0 42 45 41 36 69 38 94 1 4 80 85 75 49 27 34 5 15 76 90 25 3 61 75 48 52 89 79 46 86 90 4 88 57 84 44 11 59 56 42 20 91 20 17 23 51 77 27 84 90 2 92 57 35 47 24 24 49 53 71 7 23 68 71 33 62 27 99 58 24 15 50 7 35 2 70 15 67 61 18 41 88 16 22 44 87 25 69 39 50 32 35 12 6 1 68 8 97 15 17 3 73 55 94 94 99 63 27 4 39 45 63 60 84 83 90 81 27 53 10 19 40 33 0 99 87 53 92 40 43 30 6 11 69 8 62 64 89 87 2 42 2 24 39 9 62 6 37 70 46 42 95 42 74 45 31 71 45 85 93 7 56 67 74 50 1 3 98 58 46 64 6 85 74 22 32 12 83 1 4 13 60 69 88 73 85 66 54 35 81 48 0 7 96 31 61 92 45 31 54 33 56 0 15 25 40 56 51 76 79 33 97 83 79 36 37 28 45 6 62 36 86 91 30 62 65 40 39 44 72 9 38 98 43 
78 41 93 67 5 49 98 53 5 90 88 64 45 71 47 29 57 84 22 45 24 41 74 42 57 80 83 6 15 35 20 7 27 24 86 51 9 96 58 54 37 17 76 6 88 0 54 25 81 75 8 30 85 47 67 9 23 56 90 0 60 15 82 54 49 72 40 14 5 78 92 69 58 84 58 15 20 53 24 63 60 26 84 72 41 74 55 22 20 67 14 62 9 95 87 99 67 94 27 94 88 30 19 27 43 58 23 95 89 39 23 4 81 95 72 60 85 64 69 51 14 49 10 87 28 44 60 60 70 92 91 59 50 67 48 27 76 42 92 39 7 48 33 95 81 69 97 37 40 76 24 97 81 3 69 32 8 76 9 2 36 39 40 2 12 23 76 82 90 34 23 67 47 90 91 82 3 68 91 8 22 82 61 75 4 95 46 45 69 25 66 92 16 40 89 35 21 13 13 40 92 69 8 50 44 51 52 21 39 12 86 32 44 6 0 70 83 90 42 93 60 38 47 38 70 93 23 65 85 33 59 92 2 43 81 89 58 73 62 41 26 21 85 26 13 19 21 45 26 53 53 4 55 42 19 62 43 4 98 52 76 63 4 34 52 20 8 39 13 7 47 82 42 43 26 65 29 75 19 2 54 78 83 31 29 51 7 82 86 71 2 86 27 99 86 8 51 64 95 13 62 92 92 19 14 98 19 14 56 78 43 13 65 31 4 82 43 60 19 34 63 60 62 8 97 49 67 55 22 67 12 50 53 78 97 4 75 66 41 29 51 78 34 63 6 3 23 56 95 45 51 87 51 37 44 21 75 9 57 34 30 26 71 43 24 68 54 31 11 27 76 89 1 76 41 76 26 89 53 42 4 30 19 88 0 32 46 15 43 19 89 67 17 31 54 12 45 78 66 65 45 97 39 99 87 56 47 15 31 47 10 55 23 23 54 59 13 40 73 6 16 3 50 22 41 75 8 64 15 72 67 13 81 21 56 18 15 82 43 85 28 36 10 0 95 16 49 25 31 25 29 35 63 70 78 76 70 83 20 68 27 34 35 57 4 9 81 31 59 71 12 97 42 12 41 36 60 13 77 20 8 47 89 30 54 38 67 45 78 77 79 79 31 24 39 17 73 7 43 49 
15 49 91 4 72 31 62 52 54 70 31 20 79 98 3 14 84 49 26 16 27 79 45 78 13 59 99 22 92 53 6 37 9 98 0 66 98 49 99 56 38 55 26 9 21 38 85 64 9 85 55 54 81 43 45 72 49 29 90 76 46 61 69 19 63 76 47 50 44 50 82 15 3 57 97 41 89 23 52 15 82 20 6 62 54 23 13 54 9 47 6 54 30 34 6 74 61 97 96 96 11 22 80 86 1 42 63 47 83 45 60 28 18 68 82 53 4 70 51 12 28 6 93 9 16 11 87 74 13 52 58 53 14 86 61 52 81 27 65 33 83 93 69 18 89 31 9 78 34 4 96 89 31 12 52 96 89 34 89 16 57 80 3 45 10 20 32 18 50 81 63 8 46 85 70 94 99 92 29 62 57 72 56 53 44 91 3 16 43 38 60 52 28 7 17 99 33 45 2 79 44 15 69 59 39 10 32 20 81 15 7 73 64 92 43 61 13 49 18 40 89 59 48 57 87 72 41 88 69 74 20 56 64 28 19 78 10 89 88 83 27 80 27 18 27 11 5 29 89 40 24 49 76 33 40 0 25 63 2 20 74 89 0 61 33 34 28 35 16 36 40 63 55 51 92 78 26 9 25 96 9 3 67 63 70 28 58 73 26 52 46 81 18 36 58 25 39 28 5 0 60 5 64 98 51 4 60 40 22 34 24 59 43 90 45 77 78 76 60 55 70 55 7 30 51 26 88 45 67 85 42 89 54 43 70 13 90 3 5 69 18 63 58 6 18 36 79 92 53 9 75 18 66 44 38 65 1 38 13 32 92 35 51 91 27 65 4 95 76 88 92 32 99 38 23 80 63 27 4 83 25 59 35 96 13 67 79 95 38 82 60 95 54 53 96 69 82 53 51 50 46 51 37 42 24 4 15 17 61 62 50 67 40 91 75 6 80 93 22 99 12 33 30 65 85 95 96 93 31 86 63 78 91 68 8 14 65 69 97 10 60 89 91 35 18 63 1 58 22 68 79 66 50 99 55 95 14 1 56 40 70 8 64 68 36 96 60 42 6 74 43 75 68 8 28 84 89 41 51 24 59 25 81 23 61 88 6 64 32 96 1 60 4 31 78 0 31 37 70 23 
76 57 23 51 26 32 77 86 67 47 38 28 75 9 49 39 60 4 61 41 56 82 8 81 48 31 36 13 54 49 98 63 14 92 14 71 29 87 10 52 4 79 10 85 11 50 87 93 11 19 26 54 64 12 8 99 31 84 36 68 49 66 28 78 4 49 59 23 6 54 51 34 2 23 83 35 74 26 19 66 18 37 18 50 98 58 52 88 92 30 80 16 82 10 28 19 11 98 44 17 43 61 43 62 39 73 44 43 28 63 25 18 70 94 85 6 62 5 11 31 79 9 41 34 83 11 50 83 41 42 51 60 58 81 84 33 71 52 50 65 1 71 68 80 94 58 15 17 50 83 6 46 56 93 58 21 12 91 37 70 49 13 37 42 95 8 24 58 64 79 93 44 50 73 65 89 34 98 32 76 88 78 17 94 64 55 13 2 87 45 82 91 28 46 26 16 60 48 32 51 0 44 5 17 91 77 56 60 75 12 27 26 32 88 72 14 54 29 52 93 90 57 33 94 56 75 46 89 87 92 31 0 2 98 18 43 2 6 29 14 80 97 97 72 60 27 87 78 54 21 24 97 96 91 58 72 52 95 61 26 4 43 31 70 39 61 68 75 57 98 28 42 62 54 42 42 50 90 65 40 41 29 53 42 78 23 9 21 49 38 38 50 69 23 62 65 58 17 26 84 91 40 17 81 3 77 30 51 6 56 63 22 66 55 63 18 67 85 25 80 90 0 14 74 68 35 73 28 83 14 69 39 1 68 79 7 73 28 32 43 26 87 89 88 61 97 78 67 55 53 35 94 27 10 97 69 12 99 64 43 18 5 41 60 9 34 83 67 47 70 26 52 40 26 71 79 67 89 97 57 66 87 83 50 28 26 31 64 10 46 27 40 44 32 26 26 38 7 53 53 14 95 22 31 67 65 93 6 39 26 53 45 49 95 37 9 70 9 96 43 65 62 1 80 88 80 39 10 65 33 65 95 73 94 69 31 60 44 54 91 41 72 82 82 83 1 49 71 8 83 39 49 41 47 84 74 86 25 6 71 0 81 46 98 68 61 83 54 61 87 11 91 17 55 92 73 72 78 90 11 10 9 50 14 30 79 86 68 23 80 13 94 14 64 14 73 24 51 88 28 
45 34 73 44 88 2 91 50 53 16 86 45 21 5 15 96 53 55 80 50 90 87 57 54 71 76 35 6 39 20 39 6 13 5 29 90 21 7 90 64 21 53 83 63 64 29 95 77 25 23 50 49 59 56 2 20 64 67 34 25 28 56 66 0 95 5 66 45 93 62 6 96 64 39 78 58 39 35 17 25 91 11 71 69 15 29 48 80 16 95 83 27 12 47 63 73 14 52 15 99 59 25 59 81 71 80 22 73 95 9 83 73 53 28 37 17 53 80 98 81 75 38 77 24 29 46 99 18 22 47 63 83 55 17 69 44 21 58 89 81 87 38 59 72 13 68 30 46 45 48 93 27 86 54 98 95 58 3 9 50 68 43 51 99 57 62 96 68 54 43 1 5 51 38 50 99 99 5 47 47 8 37 78 84 20 21 80 28 55 35 35 42 91 70 39 28 58 49 67 62 75 82 35 35 36 60 32 22 97 61 44 85 73 19 94 33 45 58 44 57 93 95 19 21 63 78 39 21 57 96 80 90 47 39 91 71 32 86 49 32 61 14 25 67 80 29 96 89 89 41 98 48 19 93 74 8 49 98 19 70 2 88 69 39 30 62 17 54 78 31 81 10 3 14 85 70 13 37 35 14 9 90 34 45 89 14 48 15 8 41 30 45 18 14 39 58 44 14 85 32 19 75 79 31 61 67 2 18 5 11 66 36 24 9 31 69 44 3 29 9 60 37 13 15 40 52 98 14 74 41 82 60 85 30 32 56 5 28 42 70 63 81 14 68 47 18 59 43 31 7 37 82 22 97 92 67 48 24 53 36 27 35 53 67 11 77 28 40 98 97 58 27 40 48 75 18 85 85 68 69 78 33 31 84 4 81 47 19 3 73 22 39 76 74 63 89 81 90 63 96 65 58 53 0 66 44 81 81 6 62 31 84 22 95 73 52 13 97 10 35 8 83 51 68 56 15 57 36 88 46 65 56 25 79 89 38 88 97 0 77 10 13 75 70 14 0 29 21 14 37 64 52 43 97 29 54 59 66 74 27 39 53 33 47 26 8 8 64 55 72 3 52 86 55 14 15 14 56 63 9 69 41 82 46 36 97 12 86 41 84 1 20 51 88 72 86 76 9 76 75 
37 27 99 39 57 86 10 14 94 71 85 60 1 29 57 4 60 26 59 12 23 7 49 12 50 53 55 80 80 98 11 11 41 92 64 65 3 51 17 4 75 49 66 47 63 9 30 15 62 92 32 67 80 56 43 78 78 90 55 26 69 67 81 83 91 89 14 44 69 47 73 93 16 30 49 94 97 33 0 46 71 39 97 84 56 36 35 62 87 33 87 79 72 64 16 11 20 80 97 52 58 16 3 32 26 50 51 84 81 70 18 70 26 7 23 10 84 98 25 90 71 24 98 52 7 82 54 21 6 87 68 18 2 56 18 45 56 45 52 25 83 6 87 35 43 37 14 90 63 77 32 84 40 94 39 49 60 63 29 46 40 0 85 66 30 6 16 66 70 83 76 51 33 6 32 60 18 99 14 91 49 55 2 16 77 79 67 93 7 33 23 65 87 74 6 71 65 90 47 64 8 33 42 80 89 23 61 41 60 66 98 70 63 67 57 27 15 78 6 4 54 30 73 87 61 29 28 38 55 51 16 53 91 93 80 28 39 52 6 16 84 75 83 75 51 93 82 69 61 25 52 92 3 80 34 7 53 85 82 58 81 43 47 21 82 28 16 64 97 8 15 22 22 60 53 45 60 96 40 65 3 83 32 18 50 86 84 51 0 94 42 52 81 5 84 96 25 71 19 47 5 89 91 82 15 91 96 41 55 58 21 11 37 84 84 41 49 3 85 23 13 8 42 92 26 25 22 77 73 49 57 99 2 38 23 49 14 34 68 18 6 38 32 81 76 24 10 74 54 1 86 37 84 7 27 77 9 71 78 40 93 25 33 57 21 82 87 90 51 55 29 85 72 48 64 52 39 96 51 20 44 99 23 42 49 43 41 27 56 95 57 2 93 61 93 91 21 67 79 43 3 53 78 9 42 81 30 47 59 62 51 41 28 29 84 33 25 28 0 59 86 65 12 87 30 16 79 57 90 84 47 88 21 91 12 51 30 11 30 56 47 47 22 89 41 11 44 39 71 79 56 9 47 98 22 90 35 81 40 66 81 41 58 10 37 99 3 58 50 31 15 15 91 11 47 6 47 9 33 3 55 70 28 36 80 24 14 52 20 50 96 59 4 26 69 5 64 72 91 71 
74 45 95 65 59 11 79 25 6 3 29 39 30 50 9 93 56 92 71 48 9 46 31 96 66 48 89 40 52 70 84 86 36 10 24 90 96 1 10 36 39 25 37 35 87 60 27 23 40 99 94 99 35 57 72 96 0 93 7 56 40 21 29 90 66 96 15 77 25 7 28 55 61 19 41 52 98 42 46 23 58 23 39 33 77 71 12 3 72 30 10 36 33 49 40 28 88 25 68 91 14 80 33 86 81 50 84 62 48 74 98 53 64 58 14 81 60 76 47 83 69 47 29 37 57 46 3 3 52 31 99 35 76 7 21 24 37 24 60 72 32 95 22 24 9 83 47 51 50 25 13 93 11 13 51 23 11 68 74 8 8 32 47 22 1 42 59 21 31 2 15 35 54 76 24 77 70 21 85 92 30 36 46 84 47 42 49 29 7 4 11 59 96 95 38 35 60 68 56 90 55 93 50 74 67 23 46 71 86 82 98 28 89 58 86 25 84 4 51 3 38 8 41 63 50 36 46 35 30 1 84 31 99 87 17 90 66 75 37 95 57 21 4 86 65 76 40 15 26 9 5 63 35 1 31 84 4 86 36 22 41 24 55 67 81 58 24 86 59 0 76 56 12 46 44 71 5 36 57 4 70 27 7 34 46 68 46 79 17 27 60 35 60 87 48 15 13 93 62 43 30 66 53 23 74 45 45 94 1 56 53 72 43 33 12 51 64 95 58 60 10 86 53 91 4 1 85 14 1 63 13 49 12 9 22 19 95 54 89 72 58 78 12 52 33 90 25 87 56 64 75 62 98 43 73 41 96 47 16 93 15 54 39 63 44 61 9 61 19 93 6 97 91 52 90 72 88 44 38 25 2 26 72 82 57 58 62 18 44 35 66 7 50 37 29 90 15 54 7 89 91 98 85 4 92 52 46 11 53 86 31 19 31 60 99 67 59 76 17 57 28 10 95 1 99 60 18 69 88 21 83 62 78 85 30 30 1 56 73 78 0 60 36 97 10 84 70 94 73 19 54 67 77 48 66 43 13 59 36 17 39 88 40 37 45 54 69 90 35 7 39 36 95 22 4 32 23 73 6 63 58 28 9 35 30 58 13 24 40 14 57 93 56 88 13 57 14 21 14 73 
22 45 44 6 0 80 72 0 63 43 63 29 38 95 69 50 3 78 70 97 56 25 15 26 4 14 80 91 43 51 96 6 32 78 60 68 6 90 33 52 0 34 0 72 30 93 11 12 25 17 46 65 66 36 92 88 62 60 15 30 80 54 0 26 19 10 58 21 29 88 64 13 85 26 47 97 13 72 31 28 35 48 81 29 33 80 60 58 50 52 66 59 31 96 98 8 10 49 20 61 50 63 96 82 11 91 2 32 95 6 9 43 85 6 23 76 86 31 45 88 69 12 51 82 70 19 50 5 46 95 88 69 8 17 80 32 52 73 34 28 45 45 81 12 40 26 51 19 11 18 89 40 30 2 93 98 97 85 0 73 45 52 83 89 8 67 19 11 91 44 15 30 58 91 35 96 71 82 19 25 26 18 90 11 89 41 43 95 38 69 43 43 5 24 56 84 76 82 70 6 24 77 21 70 26 95 42 30 30 5 81 91 43 53 30 80 14 53 66 18 83 94 0 88 2 76 65 11 42 44 9 45 24 74 95 39 38 89 67 59 18 95 30 33 64 1 46 92 86 89 22 71 15 70 7 55 50 6 36 14 58 51 36 98 42 8 19 17 5 52 22 63 73 51 58 58 27 48 29 38 61 39 79 45 15 84 88 97 19 84 99 64 2 18 63 38 42 80 11 9 71 86 75 1 18 7 96 67 59 68 53 48 41 86 72 25 86 8 19 73 17 68 84 89 88 72 61 20 65 24 92 15 8 66 46 70 50 58 82 47 85 48 16 58 72 82 6 19 64 30 32 88 30 60 95 6 51 95 19 65 30 10 17 50 13 24 6 9 79 33 82 47 88 55 67 82 81 76 58 26 13 18 42 82 56 86 6 91 92 14 81 72 1 68 84 59 13 0 52 31 92 94 5 3 16 79 6 1 36 50 6 66 90 92 86 38 75 8 55 75 70 37 7 79 55 64 19 45 33 90 60 87 89 34 95 42 10 51 57 9 86 85 98 89 14 52 52 44 5 85 24 51 41 56 13 66 11 61 92 65 52 3 98 38 47 81 31 16 73 23 95 6 58 61 20 28 34 83 52 2 16 9 59 62 21 15 66 18 1 23 37 35 50 93 18 20 89 92 31 2 
69 59 82 0 89 59 58 81 57 79 13 45 83 39 13 17 91 34 23 99 2 10 94 94 67 69 59 40 16 57 45 0 90 75 64 70 25 21 6 64 87 25 17 56 31 65 37 8 22 21 25 40 69 18 73 38 4 20 47 46 70 1 30 33 57 99 10 4 64 24 90 21 88 18 34 17 59 42 93 22 15 64 97 86 34 39 21 56 88 16 92 95 77 45 14 82 53 80 8 31 10 13 7 15 89 32 85 56 47 26 71 67 33 99 58 16 41 33 85 60 11 11 27 19 37 44 57 18 18 76 97 23 45 95 56 6 9 1 78 6 51 38 4 12 68 79 71 55 47 56 50 85 26 39 3 85 64 49 58 38 61 32 75 87 99 9 79 39 32 31 40 11 8 28 92 13 4 38 91 35 51 32 40 56 12 54 58 6 48 14 19 94 13 9 84 8 43 29 78 22 34 48 21 82 97 49 39 53 22 93 59 23 1 49 78 25 45 55 50 2 24 90 78 29 35 13 61 45 98 94 98 46 24 63 87 43 43 53 48 37 97 13 35 67 18 64 94 31 26 57 56 64 9 61 44 11 49 70 58 95 23 40 51 68 66 96 27 92 48 21 1 61 33 77 99 85 5 95 50 38 53 58 40 92 58 75 61 34 41 50 15 97 94 71 89 27 22 22 13 62 94 35 72 43 27 48 15 70 75 28 83 3 89 41 54 27 43 11 76 75 22 11 23 32 96 55 95 60 50 95 5 0 41 45 46 98 6 76 38 89 18 81 29 38 83 66 66 17 44 56 75 77 65 56 64 88 91 92 95 90 1 18 18 24 23 93 75 24 58 20 73 47 72 72 64 78 21 45 99 17 90 83 76 69 73 37 36 24 58 50 43 34 88 79 86 58 26 29 14 14 31 91 80 31 16 15 96 52 78 74 31 56 84 5 4 38 42 57 24 77 46 61 72 96 85 47 59 3 10 27 57 83 70 51 3 91 43 28 72 11 27 93 24 69 75 34 19 62 97 2 67 54 89 21 78 39 63 36 78 99 9 65 30 40 14 7 42 91 56 22 9 96 66 31 94 1 57 78 84 9 57 3 91 40 62 31 28 84 83 15 3 25 77 54 98 12 96 51 80 68 
71 45 27 39 25 58 11 4 37 14 1 41 2 76 38 90 53 81 64 42 39 32 45 70 41 66 97 24 43 55 90 34 49 8 50 31 28 99 98 1 96 48 36 3 76 53 78 69 95 68 24 14 18 52 69 29 6 41 31 51 47 44 97 72 25 21 70 16 22 27 94 24 32 85 30 73 16 15 57 49 63 21 21 59 0 53 64 71 91 87 7 30 24 20 10 7 51 95 82 36 23 28 96 15 16 66 59 79 53 88 15 9 13 30 67 26 98 33 64 40 56 40 2 21 55 4 96 6 87 7 19 48 3 8 52 51 0 62 35 45 47 85 42 33 14 21 13 91 47 34 62 19 77 72 65 75 79 32 70 74 6 27 49 7 30 49 98 55 48 40 73 82 55 34 16 50 41 17 81 49 47 86 37 64 39 83 10 65 0 89 3 59 91 64 12 54 37 89 53 21 33 6 59 26 24 44 67 60 86 41 25 88 27 27 19 76 37 46 93 22 47 9 52 48 39 58 48 24 48 75 95 49 75 91 47 38 66 5 45 71 82 15 74 54 74 19 26 27 47 91 36 3 47 42 29 69 88 77 37 39 13 42 46 52 36 31 62 34 22 27 87 97 75 26 24 16 40 1 95 96 90 51 65 19 52 18 94 60 92 62 58 15 50 4 91 77 94 58 31 57 23 65 48 97 24 94 7 69 1 61 18 36 61 95 77 75 43 19 31 94 47 79 96 25 34 24 61 50 0 68 20 40 1 22 6 97 62 71 58 95 2 39 3 75 4 49 4 99 31 8 43 90 91 30 7 29 2 50 46 32 87 93 63 2 77 88 55 69 71 73 19 34 6 55 81 48 40 79 82 74 52 96 87 69 14 49 79 82 21 42 17 65 98 61 30 60 38 66 80 27 42 52 96 55 46 45 69 63 32 79 83 9 7 45 3 34 12 2 7 93 15 44 1 61 53 36 27 81 28 8 81 84 12 56 70 10 45 93 4 37 60 11 82 3 55 98 55 87 59 88 89 97 8 84 43 72 52 42 98 30 92 45 14 70 95 65 53 14 55 35 40 26 45 2 24 13 52 79 91 40 45 35 23 87 49 35 11 25 40 75 25 91 28 99 54 49 17 28 32 35 
92 19 21 61 18 76 57 86 82 64 78 82 33 42 14 11 85 55 88 20 4 24 23 39 39 33 63 97 18 55 29 39 29 14 9 47 59 92 33 27 22 77 5 73 68 3 66 40 53 85 84 34 12 15 43 7 14 28 55 25 76 92 34 39 37 62 86 95 57 40 40 63 47 22 49 80 69 45 90 74 87 14 21 15 77 70 10 86 7 14 99 57 89 49 8 46 16 97 21 90 78 43 2 15 90 87 67 12 4 96 32 99 17 76 44 18 86 11 16 57 1 4 15 86 93 68 15 94 91 29 2 27 37 21 78 91 13 77 42 84 49 12 6 92 3 29 21 8 43 60 57 91 4 58 10 52 6 23 54 71 49 88 37 39 55 31 33 26 11 10 9 21 29 53 33 92 91 39 0 88 93 35 96 17 25 89 14 94 22 24 99 58 42 16 22 2 70 87 35 77 97 55 87 19 43 76 33 89 67 60 20 3 27 90 70 22 27 55 37 33 81 42 88 95 79 39 4 27 93 46 52 91 57 97 49 81 4 67 98 99 2 22 7 72 81 8 52 83 38 98 80 24 33 48 30 9 99 64 17 7 16 88 59 9 62 98 23 19 34 83 23 31 1 43 3 88 68 73 48 0 15 40 31 0 76 80 73 53 70 82 47 69 76 66 98 58 16 44 21 55 35 77 74 16 95 22 73 83 14 1 34 64 41 23 30 68 17 9 33 70 21 67 71 18 20 58 15 27 20 30 11 10 55 67 49 76 76 71 33 32 58 40 96 92 96 1 0 73 41 67 62 61 6 6 12 97 8 82 27 92 96 3 44 23 16 39 21 56 65 86 54 15 77 70 80 55 53 12 91 71 43 58 15 50 80 3 88 59 77 48 18 88 35 25 93 63 56 75 97 26 44 47 94 22 33 3 43 18 47 75 65 53 67 14 85 20 20 78 29 28 42 70 11 7 18 7 50 49 23 61 87 82 92 46 59 47 65 19 42 1 74 94 11 24 33 68 0 7 68 99 88 3 63 59 32 99 23 9 95 67 39 8 5 72 10 95 82 94 53 26 2 47 27 17 64 91 38 82 60 12 27 83 73 93 45 90 7 69 89 39 92 81 78 99 1 38 68 50 79 72 
94 36 54 92 56 12 86 71 25 21 32 51 93 64 8 77 39 41 37 16 81 89 60 60 87 80 61 15 93 20 50 68 59 90 96 29 80 95 87 87 14 81 54 71 59 55 73 75 5 51 54 26 30 99 36 48 27 62 41 57 41 27 86 71 97 94 2 42 36 30 65 4 6 91 68 73 12 56 67 85 83 28 65 11 56 57 81 64 1 89 67 45 97 44 60 81 70 22 6 70 98 65 38 94 44 41 51 16 69 48 7 41 90 44 76 8 79 35 68 65 93 5 69 82 40 60 4 37 20 80 53 78 29 60 10 68 16 93 83 49 68 89 1 19 89 71 65 77 12 53 32 18 63 18 13 96 10 9 30 88 31 38 22 53 57 95 71 78 23 38 16 12 51 61 5 72 53 13 45 65 94 48 56 96 52 68 1 9 76 45 42 17 97 98 95 76 71 31 67 53 8 99 1 36 17 23 31 56 69 38 0 17 61 70 75 79 75 31 2 27 1 35 92 89 28 66 22 83 54 42 28 93 63 66 31 10 27 14 42 2 97 83 50 60 46 20 14 54 97 44 27 18 9 30 55 71 43 73 28 65 14 22 68 37 21 94 98 77 68 64 91 83 81 46 19 55 4 83 85 49 88 45 22 7 89 28 60 72 71 87 1 74 28 9 60 70 61 71 66 42 92 44 14 78 74 28 66 9 91 54 48 1 2 71 65 74 88 80 19 44 55 40 5 88 27 61 91 80 75 49 67 64 44 42 3 8 39 62 52 31 20 48 87 54 35 91 9 90 14 46 0 42 47 96 36 0 7 49 75 30 63 80 37 60 31 66 34 0 20 10 13 77 2 95 5 87 93 39 74 19 71 42 91 99 47 87 61 5 93 60 2 24 42 16 47 37 21 0 71 23 70 70 81 2 73 74 91 29 66 85 84 15 60 60 95 50 32 9 85 45 68 32 25 39 67 5 42 28 42 16 29 53 20 36 32 78 66 44 21 76 14 24 35 51 40 80 9 12 53 22 16 60 80 16 80 95 43 63 98 57 87 98 45 37 82 38 5 7 76 19 23 99 15 23 86 34 0 26 77 68 47 86 62 43 70 80 87 15 84 38 99 67 75 46 75 99 45 67 45 10 
91 54 81 78 55 48 74 18 22 74 99 47 88 29 3 13 40 40 22 36 16 78 61 31 87 12 63 36 39 83 68 70 27 57 26 34 33 58 35 19 53 17 95 81 35 76 90 48 56 96 12 62 11 28 7 8 97 93 36 88 79 10 26 89 97 20 83 27 26 17 41 46 62 25 68 81 17 17 9 77 10 28 6 8 84 30 26 51 43 3 44 67 18 39 39 63 40 16 93 24 21 53 36 27 55 55 48 59 16 42 50 95 21 0 72 94 95 98 82 35 57 39 89 55 26 24 98 77 93 63 81 2 50 90 63 49 23 12 41 8 87 5 70 79 5 24 98 85 16 38 71 93 97 14 60 83 46 57 97 43 14 66 98 8 93 88 39 25 26 46 16 24 98 96 64 36 6 97 24 81 64 28 61 49 53 54 29 81 71 88 34 92 97 77 43 99 39 39 84 90 49 31 56 10 29 65 2 28 61 93 77 61 33 6 19 82 73 37 27 25 67 70 74 16 94 1 35 7 87 99 54 37 39 14 35 11 5 34 14 7 5 73 38 74 98 46 23 64 35 90 68 65 16 23 20 97 51 84 83 35 50 88 37 81 36 98 39 79 62 86 9 50 30 46 7 79 8 19 47 92 13 52 18 86 10 63 82 41 78 28 47 27 50 31 64 99 44 97 17 73 10 5 59 61 61 66 4 41 61 97 4 50 70 81 98 55 16 75 34 8 11 79 39 36 25 46 65 87 28 10 97 93 79 39 76 27 81 43 69 31 96 48 9 50 39 84 84 5 50 5 22 87 80 39 27 90 19 19 42 0 47 17 63 80 4 4 8 65 34 64 93 66 66 40 84 90 75 81 68 51 4 35 95 21 47 83 94 52 90 0 32 50 22 82 87 82 66 12 38 82 97 32 58 62 34 9 51 29 62 76 29 43 83 43 40 79 32 74 49 67 8 43 75 43 68 81 56 54 59 11 55 7 1 69 62 50 8 55 67 17 80 89 37 37 2 11 12 53 49 58 16 15 21 26 82 36 29 10 16 57 54 77 15 59 46 42 22 31 8 42 28 90 70 88 74 2 53 82 2 58 12 94 7 83 87 35 67 16 77 45 93 62 32 22 78 87 20 3 45 12 
67 34 34 14 3 25 49 10 76 63 40 35 24 90 22 67 76 81 12 57 45 10 39 46 23 54 40 55 80 84 57 46 92 64 85 6 8 65 86 76 20 68 88 79 86 70 44 72 71 44 38 91 28 14 56 93 30 18 36 58 37 69 68 20 39 58 52 80 75 90 32 21 80 68 51 47 93 10 79 10 97 4 1 7 15 79 67 62 5 84 68 13 68 54 44 67 41 45 44 4 63 65 53 72 97 39 96 83 1 30 85 28 61 69 92 21 56 78 47 49 9 62 74 91 44 87 3 90 73 86 37 70 81 71 67 34 18 17 1 22 62 2 7 87 11 51 77 36 65 32 89 64 17 54 98 25 29 96 13 71 91 39 47 93 11 66 11 83 75 10 8 24 21 47 40 86 7 26 86 45 18 43 77 84 77 66 18 2 83 62 68 59 28 30 58 13 20 0 45 34 8 86 30 7 53 99 70 98 90 98 20 3 45 65 79 0 22 0 17 3 95 75 10 16 31 82 21 95 76 95 80 11 34 49 87 44 26 11 67 71 11 11 87 51 80 65 82 1 23 94 46 95 48 81 37 10 20 51 62 27 39 97 14 83 52 68 63 2 5 84 56 56 31 1 27 88 46 26 28 62 68 15 94 8 86 2 99 80 32 24 39 20 66 29 29 86 35 41 49 66 81 0 77 85 89 9 51 7 32 82 75 21 21 95 85 55 82 80 33 11 10 91 49 79 41 31 66 67 69 37 71 19 74 57 30 91 5 1 8 56 17 80 8 30 23 66 47 82 3 5 94 23 14 71 59 95 74 27 13 79 20 53 91 63 33 70 63 18 75 82 83 38 77 84 91 46 94 28 44 85 45 47 92 47 12 48 71 53 39 20 14 50 64 87 42 58 33 66 79 17 40 21 62 18 17 74 11 33 32 77 11 87 65 97 57 87 17 74 91 60 71 32 32 14 19 69 28 89 78 27 99 77 19 17 1 79 67 78 42 30 15 9 85 69 14 86 38 52 88 65 60 49 35 99 84 82 19 93 52 0 69 80 67 98 44 1 30 2 58 72 78 82 30 84 38 35 72 72 3 98 30 37 58 8 17 39 75 0 8 21 24 54 32 33 79 51 55 7 11 86 
75 84 64 9 41 66 50 12 47 18 76 12 54 71 33 84 76 53 59 29 40 48 22 76 90 14 83 80 41 98 45 56 4 22 32 5 29 11 65 84 76 44 29 31 20 13 37 46 53 57 44 28 81 30 27 13 92 95 78 42 34 37 68 95 20 78 69 37 13 80 34 96 22 14 93 95 68 8 57 57 62 83 28 38 10 27 91 2 16 0 90 61 76 86 52 76 31 57 81 47 62 63 42 80 46 8 81 82 79 69 18 34 70 80 25 70 84 95 2 39 37 69 25 8 89 72 41 95 38 13 58 84 86 82 13 59 67 58 61 83 80 6 48 20 9 42 4 77 2 22 83 75 56 22 76 88 40 55 46 7 36 88 81 3 11 59 39 82 33 77 21 92 43 61 43 80 8 51 90 18 76 32 63 54 99 63 90 20 6 27 85 57 49 64 14 69 68 16 16 20 88 91 37 46 85 8 39 38 86 65 52 62 98 77 38 77 28 13 5 25 41 13 40 80 98 79 41 85 74 39 8 2 5 77 32 20 1 89 71 9 59 30 21 81 69 77 8 0 59 38 71 35 15 35 36 1 26 51 33 96 16 14 18 48 15 64 23 67 63 43 81 29 72 37 79 58 36 16 77 6 74 55 97 53 72 82 96 39 77 14 84 21 98 92 83 33 46 90 42 10 55 42 43 96 64 61 92 82 23 47 85 32 47 33 43 23 3 42 50 99 20 83 0 85 69 89 47 93 23 49 77 82 42 21 6 27 35 92 82 80 67 16 75 10 82 51 53 66 8 4 60 81 54 22 82 24 52 21 18 54 93 11 0 54 63 86 18 1 13 37 54 93 83 40 92 91 77 40 63 74 35 50 63 72 35 47 46 41 51 36 11 93 4 66 70 75 71 4 98 16 23 16 3 96 96 36 52 19 58 14 24 14 41 34 95 53 87 18 95 52 46 82 80 89 97 17 1 97 29 43 35 96 48 69 11 74 76 78 43 31 80 0 9 59 29 38 64 91 59 15 87 47 34 3 75 68 71 52 91 15 45 4 90 26 37 12 8 87 73 16 85 51 24 77 10 93 47 80 45 83 26 66 64 87 82 79 21 18 90 38 25 30 39 17 89 10 29 81 15 66 
46 93 69 94 69 71 7 3 19 7 56 44 61 11 55 43 43 86 46 16 14 61 42 85 76 79 64 11 92 96 4 51 36 52 92 69 87 25 64 17 50 66 75 83 31 78 44 57 7 1 78 34 60 20 36 29 99 90 53 49 26 53 3 92 22 35 86 3 43 95 64 40 56 71 59 99 96 75 99 13 16 98 84 27 11 31 49 53 29 11 90 70 88 37 56 6 68 17 83 53 67 89 17 84 95 33 96 17 12 23 75 4 54 86 1 47 8 58 15 54 64 68 85 40 33 78 62 60 47 6 23 31 82 63 77 64 73 28 46 49 32 28 17 62 48 70 1 68 22 82 16 71 82 91 48 19 41 22 6 52 41 6 13 4 5 54 89 73 5 36 4 98 67 12 18 26 69 88 60 19 85 97 24 82 71 70 27 56 57 31 60 26 49 21 31 0 50 16 84 42 20 29 35 61 25 9 59 77 40 14 58 23 89 16 97 40 65 31 40 58 84 51 16 35 8 91 55 68 56 18 80 80 56 15 43 21 7 9 43 34 86 15 74 26 91 67 77 71 42 64 6 90 22 40 86 67 4 84 70 84 59 13 47 67 32 71 0 23 44 42 57 94 17 26 62 64 6 91 30 11 57 59 48 40 32 8 65 89 68 1 64 11 24 99 42 22 41 31 46 66 60 62 8 56 85 17 44 30 46 78 38 99 47 71 27 51 37 14 6 5 8 44 92 38 10 94 41 41 25 68 92 75 75 0 25 65 20 55 77 8 84 6 6 52 23 88 39 96 85 97 14 97 77 10 47 80 1 28 76 93 67 87 88 30 70 4 56 37 32 4 89 41 19 30 53 26 9 94 84 98 25 15 10 83 38 68 26 38 14 51 27 22 99 54 84 70 57 38 65 95 40 28 11 26 47 85 61 16 42 9 29 42 59 3 73 23 35 12 27 40 24 90 65 43 62 7 1 24 70 14 8 72 9 27 45 18 93 29 20 26 32 17 84 72 94 17 66 22 89 40 86 5 3 24 11 81 7 44 63 11 75 28 24 71 81 61 93 34 40 65 83 1 42 2 87 15 55 93 72 51 63 15 77 74 15 83 77 0 98 99 29 44 67 56 6 73 79 26 96 41 
36 9 18 93 5 12 19 63 36 83 28 64 69 28 6 46 57 74 55 7 80 2 64 22 34 26 34 29 68 14 98 36 21 96 81 93 3 95 59 29 20 88 22 14 64 77 87 78 49 57 97 78 3 19 69 70 93 78 8 0 26 22 78 3 0 12 12 70 63 64 29 49 91 22 98 67 43 17 98 17 41 40 2 70 70 13 78 71 87 4 12 21 8 4 54 17 36 20 74 27 89 65 15 18 22 86 83 27 54 8 28 68 79 47 60 43 54 76 0 99 25 45 85 33 14 53 44 47 22 37 80 49 30 75 43 21 84 61 95 73 85 6 28 58 2 14 9 96 77 72 74 47 5 55 89 52 57 58 37 48 77 57 66 88 13 39 71 33 9 41 68 90 5 35 24 8 78 33 14 6 6 25 50 41 25 3 98 1 60 41 61 1 17 93 20 75 42 99 32 87 90 7 91 38 25 47 42 26 4 5 54 20 18 63 6 89 41 14 13 9 55 24 76 45 18 73 82 11 70 97 25 7 14 88 72 84 70 98 47 47 35 16 63 31 35 74 31 94 71 19 17 47 59 26 81 41 21 10 79 39 56 40 56 40 65 59 38 36 7 40 39 28 60 35 95 67 28 50 13 49 97 5 84 60 27 30 14 45 89 94 24 44 40 31 63 91 20 79 71 76 16 57 22 16 57 47 23 67 70 80 7 38 95 38 36 68 27 58 9 64 86 67 85 17 75 80 23 55 86 90 5 25 57 2 35 52 68 82 75 7 55 50 79 68 63 1 19 94 43 25 43 66 65 87 50 91 87 22 16 17 27 15 61 13 31 89 20 63 65 90 63 8 50 49 91 35 3 26 95 6 64 47 28 44 13 60 23 37 87 93 58 88 8 94 47 12 53 67 59 38 42 1 87 30 35 62 12 96 74 24 80 45 29 72 75 46 6 40 63 36 24 61 0 69 84 15 55 98 15 85 65 53 97 29 66 4 35 71 78 63 29 61 48 59 51 12 6 43 53 33 84 8 96 62 36 51 7 14 64 22 22 53 26 11 13 69 73 7 17 98 97 7 51 48 53 35 25 15 71 68 88 90 52 80 46 28 52 15 89 79 44 44 57 53 29 1 43 65 0 19 
65 90 13 53 16 78 73 70 19 25 95 73 42 83 52 21 59 91 81 1 7 78 13 29 44 96 0 42 30 9 27 95 4 26 5 20 28 61 2 67 85 86 6 69 4 60 23 74 33 84 19 4 60 95 76 17 24 22 1 39 10 45 50 31 69 24 58 17 24 22 24 3 84 75 99 92 64 21 23 88 78 33 69 13 49 62 93 23 44 42 97 55 19 97 56 64 76 95 92 76 63 1 9 62 87 98 8 67 65 50 30 54 82 71 1 71 96 96 43 0 68 98 56 79 18 37 51 38 85 51 95 52 69 91 44 67 10 64 3 46 20 43 10 1 75 91 25 79 91 27 60 11 0 29 14 22 98 89 89 4 69 68 27 93 91 94 72 86 50 14 21 0 31 16 13 68 71 87 82 64 14 68 26 93 93 75 14 21 76 57 51 55 75 58 83 36 76 99 22 92 46 18 74 94 97 29 43 36 90 17 56 7 7 16 82 54 74 40 66 36 63 29 32 54 0 29 96 9 32 43 42 97 50 14 6 83 43 94 58 89 98 7 62 84 44 45 52 77 52 28 84 14 3 6 86 10 15 21 3 31 60 45 0 56 91 5 32 48 27 40 36 86 41 47 22 58 89 21 79 54 77 76 17 0 28 74 47 35 36 42 73 47 23 4 83 62 76 94 38 89 64 73 39 64 43 28 58 49 4 15 65 18 80 50 52 89 71 98 40 52 27 64 17 53 13 74 1 87 25 15 78 1 30 87 53 94 2 1 63 70 43 87 56 73 2 19 15 38 91 31 9 53 61 24 78 76 51 86 12 70 3 35 45 1 34 88 11 29 0 92 69 57 93 76 25 66 29 16 28 26 72 68 82 43 89 92 71 96 84 19 65 63 49 18 98 64 75 34 72 21 60 16 40 38 63 40 64 50 60 39 24 90 31 92 11 98 75 6 13 18 20 7 60 55 51 32 71 22 81 95 78 69 51 61 11 95 28 82 81 20 35 85 67 26 43 65 63 65 60 64 60 38 31 61 16 46 41 5 62 65 77 93 91 41 20 43 24 3 20 90 39 77 79 19 93 81 80 66 27 73 95 68 68 43 50 77 75 39 96 33 77 71 81 31 96 50 91 14 53 60 
39 68 23 29 19 68 74 99 6 54 15 50 80 84 64 10 68 63 95 15 3 44 54 12 40 93 25 48 68 87 43 22 74 32 70 27 35 59 85 82 18 75 19 35 56 78 46 74 78 16 57 25 95 66 38 17 95 15 2 58 0 44 42 71 12 50 34 92 15 54 40 15 35 20 91 40 10 13 12 92 59 42 61 98 14 60 8 70 48 45 3 17 78 98 37 40 66 75 23 23 24 44 17 49 10 29 62 54 74 85 67 80 23 98 22 66 86 80 82 78 98 51 87 96 6 29 14 91 78 1 3 25 10 21 68 86 86 94 90 37 56 22 83 45 10 24 18 40 75 87 78 77 38 45 71 76 69 82 31 12 87 77 88 9 91 9 83 22 3 87 49 56 49 52 35 83 57 45 3 33 27 70 53 25 18 59 55 13 58 31 17 43 54 36 80 60 5 28 85 10 29 29 32 52 48 67 5 15 23 95 58 68 32 51 99 99 56 5 27 34 13 22 68 83 9 52 33 5 95 2 1 26 93 22 54 76 66 95 7 21 32 96 47 9 58 84 12 42 64 12 27 76 19 62 52 56 39 23 55 13 54 83 96 69 54 87 17 17 58 24 58 0 5 50 22 62 51 88 23 12 77 22 50 50 67 22 72 75 60 91 44 56 48 59 34 32 96 93 71 39 24 46 50 81 53 75 87 69 1 82 1 97 63 28 41 4 65 80 1 48 48 50 10 17 91 46 23 62 0 22 61 45 44 49 39 12 20 70 33 82 80 20 19 42 14 7 4 0 66 3 83 66 44 39 59 85 43 97 98 32 9 40 11 47 75 22 20 68 7 19 5 62 66 81 83 79 23 13 55 68 97 31 98 86 16 50 73 87 38 26 5 69 23 97 1 98 52 83 59 13 12 53 99 9 85 17 37 67 5 88 70 12 98 0 30 47 90 87 29 64 58 50 22 62 11 23 31 58 19 85 22 68 30 86 67 62 40 76 31 87 72 87 72 13 57 10 95 86 24 74 18 23 63 82 66 23 96 97 20 26 37 81 14 49 78 13 44 1 80 70 15 46 32 45 43 27 3 97 84 26 69 47 58 85 55 69 89 83 34 14 41 43 73 53 74 55 74 14 88 52 
63 79 43 9 86 84 81 13 43 61 22 16 38 26 11 42 84 22 78 70 6 52 86 25 43 19 16 15 29 81 41 40 64 15 37 59 66 7 71 71 34 66 5 96 73 79 98 57 78 87 95 65 59 6 67 59 72 58 50 48 80 59 68 4 28 22 25 45 26 62 52 15 2 12 97 93 9 90 27 6 39 7 98 76 61 16 16 41 95 86 62 27 93 6 49 86 85 9 5 99 56 85 18 91 61 27 33 64 43 91 22 3 85 89 88 99 80 74 52 76 96 14 70 52 98 27 88 70 6 50 8 48 35 24 43 55 31 8 87 84 1 66 63 1 79 11 33 56 81 20 13 40 35 56 62 78 51 82 72 49 7 54 5 9 40 75 97 8 43 81 29 22 70 80 13 63 58 76 68 58 83 42 89 84 49 87 68 53 34 76 46 23 53 94 33 89 5 54 26 85 41 8 40 37 98 43 61 59 73 60 3 7 7 12 25 33 89 19 82 15 61 27 71 27 15 8 4 85 64 57 70 99 81 15 0 46 62 53 43 29 88 99 48 32 95 19 84 54 48 92 70 57 40 9 60 46 77 66 29 84 13 61 87 38 96 92 93 89 33 20 51 26 75 29 84 80 26 29 20 52 33 15 98 34 5 4 84 31 4 7 90 67 3 92 19 61 64 98 70 61 43 38 97 42 19 91 59 59 65 27 35 43 92 62 75 19 86 82 62 11 3 30 5 38 86 28 32 1 8 88 92 86 89 50 44 72 19 47 97 3 46 50 18 78 89 2 8 15 11 94 69 53 58 73 64 20 38 59 8 33 29 16 16 10 90 79 45 24 48 34 18 97 24 44 13 21 65 43 75 76 94 3 66 70 33 67 88 33 32 27 16 6 41 5 39 66 30 67 69 44 92 53 81 92 87 43 52 73 71 54 22 86 21 59 33 42 73 44 76 18 3 54 47 76 99 7 60 49 89 69 73 85 17 34 19 54 84 25 15 78 35 69 70 82 67 93 38 28 61 4 23 75 79 78 79 6 8 6 50 77 40 89 36 42 31 75 28 11 89 24 73 19 34 26 39 28 69 17 1 25 66 43 64 91 84 22 70 32 79 54 80 22 18 83 53 81 88 70 12 16 
9 15 47 53 19 55 85 75 58 59 93 4 27 57 68 47 71 85 73 67 4 35 59 17 20 87 39 46 86 53 43 77 41 94 81 12 54 58 36 68 62 63 11 46 68 6 11 15 52 57 56 95 87 29 99 86 1 17 67 54 5 46 28 93 15 69 3 35 16 34 87 42 37 89 99 34 53 86 69 54 33 37 7 75 77 52 16 40 17 9 25 93 95 47 80 21 50 68 29 66 92 10 7 22 32 46 89 33 27 58 22 16 20 41 2 40 97 85 26 83 12 48 89 94 26 79 47 40 31 63 26 94 78 52 32 56 58 24 69 6 13 76 53 78 76 69 68 97 55 70 52 45 31 28 54 62 9 66 81 55 37 78 84 79 86 87 2 83 55 96 42 98 75 65 48 40 26 1 86 95 64 88 19 8 9 66 70 8 33 68 2 30 40 53 41 88 5 43 25 36 24 19 70 57 62 18 29 25 24 1 92 54 19 16 87 48 78 59 71 53 33 37 1 48 40 76 62 30 67 80 80 66 28 27 95 38 29 21 89 14 20 50 74 69 24 29 20 98 67 17 14 89 85 97 40 85 70 83 58 20 14 22 84 53 24 78 50 38 76 96 23 79 58 6 72 77 64 34 18 49 59 70 71 83 49 68 49 11 17 95 99 83 72 61 89 99 62 38 86 96 84 62 65 14 73 82 45 53 66 73 52 14 74 28 6 75 26 2 93 47 1 10 3 15 72 22 15 30 92 93 41 21 44 70 81 74 33 3 42 17 70 53 64 33 89 49 98 82 95 51 43 44 71 81 11 19 62 23 90 94 53 10 73 0 24 74 12 1 66 11 63 59 29 9 60 33 43 8 16 92 16 0 41 71 34 9 51 75 31 21 6 68 50 36 60 26 5 57 30 64 29 96 60 45 2 15 89 99 68 29 48 68 58 63 93 27 94 73 35 68 46 5 62 15 46 5 32 31 46 99 15 54 36 64 41 79 65 6 66 10 61 51 66 47 68 90 49 98 48 36 63 58 55 89 27 25 1 96 5 22 51 16 79 52 70 5 97 42 70 50 45 31 76 28 98 41 6 95 55 60 23 48 86 44 83 62 69 75 36 73 17 48 32 56 41 65 68 22 10 90 
14 83 80 22 36 67 23 65 41 24 63 82 39 36 13 35 97 73 64 3 65 12 58 96 86 63 22 22 0 35 42 46 72 69 64 30 50 84 43 79 24 23 99 24 13 43 0 11 13 37 55 69 34 9 38 63 48 17 78 78 29 11 82 82 97 8 93 27 60 16 8 84 47 70 17 33 56 63 95 94 24 69 56 25 15 40 19 84 3 94 37 10 80 4 66 40 88 33 31 78 69 13 27 20 83 40 51 82 72 39 62 15 65 19 17 77 39 98 50 72 9 71 95 54 72 13 21 2 85 38 14 35 41 8 24 98 47 77 27 70 61 95 84 76 52 30 91 60 34 53 34 75 40 22 83 69 53 86 24 24 44 52 45 9 1 49 78 75 35 88 14 18 20 3 3 54 78 82 34 96 24 66 29 52 80 88 7 3 31 55 8 7 66 72 33 69 4 37 91 46 52 47 19 38 4 87 41 68 81 19 5 98 94 74 73 3 55 10 5 34 43 1 55 18 58 88 22 6 62 14 77 80 48 93 48 29 98 20 11 75 12 17 34 69 55 63 63 65 7 58 86 55 56 50 5 6 44 30 92 5 88 78 77 20 54 30 11 87 80 84 40 42 64 52 19 73 15 7 47 22 20 38 61 57 31 83 48 23 57 52 63 38 85 7 83 83 43 31 89 29 60 52 50 42 43 96 97 28 43 88 61 25 24 53 16 18 18 92 95 60 8 16 18 36 53 27 70 93 33 62 66 63 6 41 43 54 32 25 72 76 34 76 92 35 93 70 65 74 71 22 41 22 21 73 83 88 85 80 40 49 87 92 62 84 80 85 8 68 95 12 52 85 48 54 14 24 46 91 65 86 34 95 71 80 28 15 84 37 72 92 7 24 81 57 0 85 8 34 89 9 37 91 16 44 6 53 89 31 80 51 8 38 45 21 21 83 78 93 50 20 62 2 76 29 68 22 6 42 46 18 50 83 45 35 77 69 19 23 62 8 38 14 54 5 38 86 82 23 94 97 80 64 36 34 39 85 79 85 10 94 4 87 7 30 79 13 56 31 31 95 69 44 72 12 67 84 77 0 96 27 45 42 80 86 33 92 72 19 54 44 77 33 96 36 95 1 84 91 71 58 
14 13 61 39 15 9 82 66 16 46 25 99 10 48 84 61 21 64 70 68 18 29 11 80 58 8 71 21 43 39 46 8 33 41 48 28 41 33 4 64 9 64 18 84 81 32 6 54 28 18 87 72 66 2 15 75 20 1 43 22 88 88 43 18 47 87 20 28 40 80 37 81 35 70 79 2 62 72 87 21 15 6 21 14 42 57 67 49 80 90 75 6 28 1 24 95 13 79 26 54 44 10 61 46 3 99 28 76 34 53 78 73 33 64 65 19 71 20 9 95 25 99 47 88 82 12 22 61 13 57 30 3 64 16 88 79 48 1 9 7 56 87 98 83 63 40 26 14 48 86 58 92 72 72 94 22 18 16 9 64 93 82 83 75 56 56 33 19 34 43 81 34 1 87 98 10 79 67 70 7 21 43 98 77 32 29 6 33 9 41 57 13 25 92 95 77 84 56 17 67 21 38 93 74 47 63 72 7 19 91 7 8 78 83 85 13 45 46 21 24 45 15 42 4 76 41 88 93 97 2 29 82 62 16 13 79 92 93 14 49 83 9 11 71 88 94 6 54 79 75 4 4 61 98 75 24 10 35 75 45 50 20 62 9 40 58 97 80 40 19 20 1 61 2 0 88 94 32 26 5 31 21 66 20 30 14 74 18 15 59 20 62 43 60 11 87 32 56 49 77 73 83 92 23 43 97 50 60 89 17 6 36 24 2 9 29 46 87 89 21 12 18 43 51 25 80 75 13 8 23 32 84 21 91 33 26 45 1 23 27 8 1 47 39 10 87 87 62 72 9 9 94 47 95 48 53 51 95 21 7 34 49 59 14 23 17 50 14 9 44 33 72 95 5 20 93 70 93 73 56 88 68 93 52 63 57 90 23 25 24 22 76 74 12 30 94 64 0 52 20 77 65 82 84 10 75 96 71 79 86 95 91 87 85 3 36 93 86 50 51 59 17 54 88 82 34 65 90 39 76 87 60 48 87 88 90 90 64 54 36 41 16 97 18 0 46 69 78 71 81 24 73 14 25 93 4 8 21 4 6 88 81 3 78 51 84 60 31 14 53 71 9 21 77 15 62 76 73 92 65 56 90 28 95 93 92 86 72 32 95 6 23 64 51 19 40 9 79 57 14 
10 56 31 66 10 51 32 58 5 80 44 77 69 73 33 30 77 2 19 64 60 62 17 61 97 86 92 73 6 40 61 92 15 19 86 42 64 1 21 47 89 21 97 52 25 10 29 68 25 99 78 74 62 73 3 15 98 54 15 23 90 87 38 25 76 88 24 30 64 35 10 76 43 42 31 15 0 29 26 5 41 63 88 93 33 64 49 85 16 19 82 30 34 56 73 44 21 9 72 77 88 81 43 2 28 61 57 85 66 38 21 77 77 3 41 31 66 87 95 49 85 13 57 92 9 64 6 89 23 89 23 92 11 47 52 53 11 57 92 4 24 29 94 95 58 61 1 56 12 6 32 88 80 33 10 94 44 77 65 9 28 72 77 70 94 93 88 64 8 10 24 36 69 79 17 7 91 46 67 61 19 5 37 61 21 73 11 15 97 44 26 24 3 97 34 0 71 23 57 16 48 63 41 38 90 74 77 74 24 67 76 30 95 16 43 98 77 62 2 20 58 29 56 62 81 74 66 93 61 61 49 24 66 30 3 58 37 87 83 28 22 62 68 34 81 51 68 3 55 61 61 40 7 13 40 93 84 74 13 86 17 11 9 81 78 86 5 31 56 75 32 8 24 37 51 74 72 6 48 21 79 28 1 53 19 22 50 60 7 69 86 71 85 93 0 86 48 8 80 22 23 4 70 27 78 62 37 70 29 93 9 8 82 89 73 35 33 38 10 13 23 96 66 99 39 44 76 44 13 66 64 46 4 96 65 72 85 43 42 0 74 73 94 87 75 67 31 15 16 52 0 44 82 57 69 43 15 82 71 38 24 37 29 16 65 86 7 40 84 79 17 35 89 20 66 27 46 17 97 17 61 39 15 51 50 53 83 2 75 72 42 53 77 25 15 95 61 21 2 30 59 5 51 1 54 28 42 3 0 97 32 84 58 25 41 71 35 52 63 65 13 67 1 53 45 2 1 44 49 3 79 87 43 55 36 83 39 3 26 96 47 58 0 53 59 17 48 87 56 23 3 11 49 30 44 73 79 5 69 43 40 79 50 27 11 28 32 88 46 67 73 30 78 88 33 83 38 3 60 16 77 60 65 77 61 8 19 54 76 36 69 95 78 13 51 73 15 56 70 49 
71 26 29 32 62 39 66 59 5 23 55 89 6 97 82 91 63 31 29 15 10 29 22 65 68 85 66 89 19 3 52 89 36 2 20 42 13 27 5 88 27 97 96 4 68 28 90 4 90 78 31 45 35 18 52 72 40 55 70 49 4 29 48 53 95 30 95 69 22 36 60 3 1 61 30 37 90 83 60 57 43 76 1 11 15 37 86 61 25 35 56 30 53 98 31 12 91 62 26 1 26 82 8 92 17 99 98 73 52 25 2 49 81 3 67 82 24 49 22 63 40 17 36 19 35 3 45 63 37 66 33 93 39 46 33 34 29 47 52 0 6 9 26 4 60 82 77 74 16 86 58 7 71 77 78 10 24 70 69 22 32 26 24 82 87 74 50 2 85 53 4 49 89 33 49 4 65 57 66 38 58 43 99 40 29 8 34 71 46 24 21 32 40 6 94 39 10 11 17 87 24 50 49 93 44 84 55 51 70 16 56 35 59 50 49 35 86 12 7 75 1 90 87 26 89 22 24 45 86 38 24 10 18 52 69 7 60 22 63 41 86 31 89 0 6 66 19 56 11 46 59 74 31 22 88 27 32 70 18 56 13 61 64 78 99 56 98 12 72 67 99 27 78 59 58 74 99 19 23 90 99 83 32 87 94 78 52 52 84 62 60 67 95 26 69 92 28 7 93 36 24 7 25 85 44 34 78 40 82 33 7 50 6 73 27 15 94 44 7 36 22 95 94 46 46 39 38 8 56 99 94 78 8 98 2 82 7 45 83 55 12 0 24 3 21 22 28 57 73 42 84 44 16 11 11 39 32 10 45 73 35 78 65 10 25 24 98 75 19 25 59 82 56 77 30 42 87 13 38 62 57 55 53 27 68 35 92 95 57 42 92 59 10 67 49 85 22 6 17 11 29 56 15 58 59 18 17 50 80 45 50 13 49 34 84 30 6 44 5 5 71 6 92 28 84 73 51 23 24 58 99 99 44 8 75 63 11 44 44 36 37 36 9 71 30 97 54 53 84 60 70 3 72 44 57 65 25 90 91 19 65 97 19 98 32 27 55 48 14 44 44 64 57 49 9 68 91 27 39 87 20 25 91 25 99 55 71 49 29 89 9 78 63 40 90 65 62 11 87 6 
48 36 86 21 96 32 2 11 68 4 86 49 26 26 63 20 5 75 17 78 53 58 65 12 10 65 96 8 25 7 22 4 3 70 71 88 10 81 26 49 78 76 81 42 76 66 0 76 21 72 21 76 48 33 38 35 40 22 21 30 73 42 1 83 49 32 42 0 16 8 3 69 11 55 78 99 72 67 64 84 87 46 73 28 27 70 98 78 39 85 89 87 58 94 16 90 34 36 42 86 89 73 43 68 41 85 98 40 77 64 76 80 23 62 2 38 65 1 27 35 99 4 55 65 57 90 11 14 16 33 18 29 34 84 8 81 84 79 5 76 16 73 8 10 30 18 72 69 62 78 2 51 90 18 84 1 10 6 54 87 33 66 19 38 85 37 83 53 31 11 58 7 40 62 83 19 47 11 54 73 18 34 79 69 98 39 8 62 47 66 28 8 32 85 33 44 5 37 67 67 90 22 95 94 33 79 50 66 62 1 50 32 58 51 37 46 14 39 59 66 98 10 39 58 42 33 16 72 47 6 86 48 45 89 14 21 67 56 38 49 44 21 70 76 1 26 78 77 15 26 9 93 86 26 9 52 66 22 28 34 97 17 46 64 89 50 24 59 83 73 97 72 0 25 23 1 95 40 84 63 16 72 33 12 63 86 19 83 20 28 28 69 34 27 44 18 97 43 33 41 76 26 99 80 86 11 57 20 53 55 96 15 13 81 9 15 74 79 64 18 32 59 86 70 98 2 60 59 53 6 21 22 43 60 2 61 3 34 23 76 78 49 70 18 46 93 15 53 94 71 30 94 43 23 68 56 26 96 30 6 54 77 35 79 2 1 85 6 62 85 75 98 34 80 17 60 68 8 36 66 92 15 19 94 0 28 46 72 13 11 41 88 7 23 29 52 39 27 7 84 87 54 35 42 18 26 71 76 42 62 91 88 98 12 56 3 36 11 98 81 51 97 35 73 64 11 89 64 30 92 21 2 43 96 64 19 17 78 14 35 9 55 38 73 70 76 17 53 53 10 31 44 92 53 6 72 21 11 40 67 81 42 63 9 13 99 58 98 83 76 51 52 87 88 3 33 28 9 66 43 5 30 96 41 53 59 99 65 23 54 78 3 94 95 24 28 17 47 17 6 
60 75 38 48 10 91 15 5 54 21 19 50 24 72 42 43 9 47 18 45 89 36 66 37 64 93 78 88 59 60 9 28 89 49 87 14 54 30 74 16 58 78 43 25 80 70 25 79 97 97 14 76 16 57 6 60 80 23 23 61 88 22 41 4 38 17 25 55 37 99 48 88 43 91 63 25 63 94 69 4 16 69 61 29 15 77 68 81 29 52 72 22 59 17 54 65 69 15 6 11 25 96 9 90 10 88 87 13 1 75 65 27 26 7 85 85 74 60 25 75 55 2 97 60 45 93 28 67 8 96 64 65 29 48 0 92 18 77 79 98 4 76 47 15 83 39 67 95 57 31 21 68 3 40 86 30 56 30 43 59 6 58 88 73 6 14 99 50 23 18 19 24 94 31 45 29 36 5 39 20 77 84 35 12 72 14 47 33 90 76 18 9 43 86 21 1 19 20 20 44 41 19 74 42 66 67 64 48 64 97 84 96 21 76 53 17 62 92 39 44 15 12 43 44 64 12 93 18 80 25 47 44 53 4 70 17 33 80 44 82 40 56 80 94 57 68 25 48 97 86 47 76 82 12 40 85 4 85 18 71 46 17 38 13 62 77 77 80 82 98 92 92 62 68 13 66 30 78 8 63 66 96 71 17 15 22 38 72 95 31 66 78 51 20 48 37 5 94 24 76 45 13 90 32 96 39 32 33 31 32 94 42 16 99 99 30 54 84 33 3 30 0 91 99 74 90 36 92 77 91 26 16 34 17 52 82 66 87 1 27 92 48 79 25 59 89 71 83 84 72 93 73 64 82 69 35 72 11 3 12 2 89 85 29 38 2 63 41 54 18 72 52 62 48 62 7 32 79 14 54 31 29 21 92 13 91 94 94 79 71 13 86 32 54 51 6 24 24 79 6 42 46 49 82 64 83 77 72 34 94 41 60 70 90 58 33 54 17 13 23 10 55 70 33 48 71 1 56 5 72 92 25 6 9 55 8 66 72 30 33 94 40 88 92 50 65 48 23 94 70 61 10 89 13 81 86 93 73 27 23 3 0 29 37 48 18 35 20 17 97 62 58 34 11 7 15 69 21 35 51 65 73 59 89 21 94 56 80 35 6 9 58 20 29 56 74 66 41 21 82 
8 41 84 2 4 77 70 4 98 30 3 24 96 30 15 26 17 83 73 65 39 72 47 54 4 12 7 93 19 58 29 39 43 52 78 82 51 28 4 69 26 92 40 11 78 65 52 33 37 22 49 85 0 46 92 46 77 31 51 6 28 97 62 71 70 78 26 37 48 35 23 98 16 43 97 35 95 14 56 95 54 97 4 9 2 60 17 39 77 40 31 16 8 38 78 97 14 63 18 32 30 17 57 21 40 47 3 45 27 97 21 3 47 15 57 97 97 89 50 16 84 17 89 48 71 41 19 82 82 19 76 18 93 44 27 35 86 72 86 49 15 82 4 26 12 23 2 96 62 27 67 66 56 16 7 89 53 14 14 29 23 59 60 8 30 99 69 55 55 82 78 74 94 53 77 68 86 63 1 15 68 17 36 17 31 80 67 80 23 85 47 47 95 89 0 6 60 82 10 58 86 6 47 41 96 10 64 44 20 46 19 81 84 83 72 8 92 57 23 53 40 26 86 56 72 18 31 67 95 9 95 39 67 6 96 61 46 70 81 75 6 44 56 51 69 65 49 80 64 91 95 99 96 62 54 11 6 23 52 76 79 44 89 92 99 79 2 3 63 27 55 56 52 33 16 37 47 51 57 52 86 26 81 94 40 63 61 13 55 6 40 40 49 36 42 25 25 50 9 58 32 63 43 24 43 49 42 6 70 82 41 49 6 74 40 47 19 19 33 33 61 77 67 56 4 11 58 47 65 78 29 75 59 40 13 87 6 0 43 18 83 40 32 38 52 7 3 18 73 32 19 19 44 2 81 47 4 82 63 14 56 54 14 98 50 4 93 96 50 54 67 58 61 66 80 24 65 69 75 58 71 88 54 93 30 55 97 90 38 77 0 17 73 4 51 86 73 45 59 75 58 83 98 34 72 9 55 54 28 32 60 44 44 53 60 81 29 3 32 24 53 37 64 25 40 51 30 63 86 9 42 58 62 19 88 9 81 35 82 17 70 0 33 44 80 81 43 19 24 13 43 6 29 20 8 77 26 46 45 74 79 19 60 14 2 31 61 40 79 30 37 41 29 82 72 45 4 35 0 16 16 87 20 24 39 68 68 90 74 47 57 55 3 14 51 25 31 85 76 39 
18 56 84 93 92 76 59 31 59 63 75 56 44 56 91 49 82 3 31 19 12 5 65 34 71 52 72 11 16 46 30 77 83 95 71 18 56 87 11 7 57 65 4 62 96 52 54 82 54 31 11 29 4 72 75 25 86 4 98 32 29 79 55 78 13 77 1 99 27 84 48 69 34 16 39 66 36 39 43 10 80 39 34 56 35 68 57 39 20 58 95 55 59 78 87 31 48 80 31 25 92 34 30 68 91 15 87 6 9 45 64 50 11 31 49 43 60 5 88 38 33 82 45 24 73 41 98 76 21 99 69 63 47 0 81 85 87 71 41 27 34 67 19 70 59 23 28 11 52 3 12 14 18 28 85 88 79 95 95 12 91 10 11 18 36 84 0 51 43 77 49 16 12 95 56 97 33 18 23 83 90 7 77 13 94 65 3 3 66 99 59 64 46 5 73 70 80 81 52 59 78 41 75 35 86 26 53 51 35 66 78 60 66 31 3 36 74 7 43 0 1 47 70 43 38 24 54 2 43 87 41 25 0 55 71 48 12 48 60 9 64 66 52 17 52 20 77 14 0 87 1 52 60 30 80 22 12 59 44 79 35 97 7 20 17 92 44 32 22 90 63 35 45 99 62 99 65 55 56 96 78 54 24 34 67 36 77 29 7 82 85 0 10 41 26 76 98 38 88 3 97 2 52 88 32 95 8 62 96 74 68 93 4 2 81 67 91 89 16 83 92 81 70 6 35 10 9 14 70 34 77 16 24 46 20 81 40 99 78 69 53 59 45 3 72 44 96 78 43 45 95 60 61 25 46 48 55 96 73 46 57 1 12 36 7 4 26 53 45 39 48 20 85 80 87 50 36 77 41 1 80 88 8 61 73 68 83 15 24 92 71 39 80 38 77 98 59 98 40 33 20 28 41 29 87 47 97 47 80 76 80 41 36 75 24 10 13 11 31 70 44 84 56 54 82 64 43 15 2 15 60 73 64 56 74 9 31 99 49 34 46 32 24 16 62 20 11 54 95 71 67 18 27 97 87 39 7 13 35 38 7 71 59 84 37 0 79 55 1 40 53 6 8 87 10 14 43 76 76 34 94 14 83 39 64 19 27 37 59 0 98 28 19 49 13 66 32 49 44 64 
62 42 54 48 34 0 58 98 21 91 64 46 14 22 91 48 87 3 71 44 67 25 94 85 32 99 98 13 96 10 41 75 21 72 35 3 50 75 8 5 7 82 20 41 52 25 27 42 12 67 56 49 59 99 7 80 49 36 62 70 41 70 29 2 95 68 18 72 82 68 56 10 61 95 58 31 34 37 6 84 28 97 18 0 53 20 75 62 19 40 56 80 44 35 22 65 15 29 89 14 45 15 77 2 20 12 98 17 83 21 5 51 6 43 65 64 67 67 88 54 1 23 1 36 36 24 18 58 57 92 41 42 56 36 77 5 35 76 30 27 80 85 80 22 26 55 40 2 44 33 88 85 31 66 21 61 17 5 2 50 5 51 70 64 85 67 38 82 62 98 12 72 3 57 11 22 80 80 25 33 89 60 5 90 93 7 8 65 44 98 14 84 60 71 40 75 38 24 33 78 77 24 6 29 55 13 62 79 73 66 34 30 0 41 56 46 16 27 26 84 67 67 45 73 97 52 55 96 79 7 90 36 61 93 42 61 41 77 20 28 53 24 88 29 43 16 40 72 3 34 42 12 5 96 41 12 69 87 50 70 31 33 20 13 42 49 57 89 84 89 55 82 78 36 11 49 70 9 51 25 6 1 58 94 63 81 32 95 10 38 34 66 82 64 89 36 26 96 86 56 44 37 93 24 22 77 94 38 67 93 27 5 54 66 80 9 47 70 3 62 30 99 51 43 80 81 15 42 31 10 39 35 37 93 43 79 0 23 35 2 80 86 65 83 18 71 85 18 88 27 26 58 17 28 49 18 70 13 71 6 52 59 58 50 44 45 36 14 41 18 64 66 49 94 13 8 50 18 16 44 14 60 56 35 5 51 12 31 87 70 81 81 98 15 92 84 4 62 58 34 47 2 18 85 76 35 39 99 47 45 59 33 46 66 7 88 72 90 59 77 99 14 88 91 83 14 57 46 21 62 79 54 40 48 1 0 91 11 30 85 84 19 28 53 99 19 5 50 73 71 16 12 35 20 94 31 9 24 73 67 24 10 88 27 80 62 21 46 54 5 96 1 77 76 48 65 85 13 3 28 13 13 73 18 13 11 45 10 48 14 63 68 40 59 61 17 6 81 57 45 
47 49 63 56 27 15 75 21 45 18 5 39 67 4 95 92 88 97 82 39 87 14 53 64 53 71 98 23 38 10 59 13 56 58 44 34 72 70 5 60 10 60 98 70 27 64 14 65 1 65 61 7 90 57 41 24 80 96 79 58 72 83 41 55 88 30 75 58 3 4 2 15 44 9 60 54 30 45 33 19 30 55 58 5 33 76 24 76 96 61 39 69 49 70 92 99 48 44 7 93 49 49 65 77 4 87 53 27 54 31 57 94 6 19 4 70 69 97 38 3 73 14 3 81 88 69 35 0 67 60 82 10 20 65 67 91 41 97 26 64 26 70 63 91 94 93 49 78 64 18 22 14 76 46 47 93 53 14 0 67 73 58 58 22 3 17 48 60 35 91 15 54 15 14 29 66 17 65 63 44 97 66 54 76 32 3 31 10 21 4 81 35 54 31 16 48 66 95 16 81 95 37 76 88 35 75 35 62 95 99 67 24 53 1 8 46 97 76 39 12 10 34 12 97 27 17 88 17 86 28 87 38 55 83 49 31 13 2 35 51 8 80 4 16 2 82 1 3 55 73 70 18 87 2 31 33 3 77 94 29 50 40 76 74 82 97 97 90 85 5 83 95 1 6 72 25 51 67 17 52 83 50 82 21 29 71 74 50 54 83 37 23 27 56 69 54 33 91 33 14 36 29 37 12 73 58 85 62 93 79 12 88 56 47 81 24 22 65 87 13 17 92 46 51 27 30 56 69 62 65 61 59 25 87 91 10 92 1 45 80 27 74 41 96 7 53 60 68 1 80 48 73 51 6 97 34 8 20 29 68 52 95 33 84 24 17 73 22 51 77 6 6 33 40 34 88 98 2 2 68 43 72 75 78 16 47 22 4 38 12 50 54 79 46 57 25 50 97 89 39 37 84 44 6 67 65 53 95 55 15 9 49 2 69 82 62 29 81 41 64 63 60 86 24 48 92 60 95 30 34 6 74 66 96 21 89 98 2 31 10 30 61 31 38 49 23 94 19 5 30 90 91 73 15 36 29 58 26 23 10 4 99 63 99 51 7 16 2 73 33 7 12 69 22 45 44 93 95 2 29 84 25 60 73 3 97 73 82 5 57 78 94 25 98 5 9 95 92 32 33 
17 11 19 10 14 32 75 43 92 67 68 37 3 82 28 33 38 53 73 83 78 43 81 13 87 70 12 57 98 7 22 16 64 53 77 63 37 5 69 86 13 64 22 38 61 32 26 71 65 1 12 55 60 22 36 6 65 15 0 86 92 24 26 16 32 5 94 60 0 39 27 34 36 3 65 90 14 57 38 64 56 56 6 83 63 17 2 19 44 69 20 97 30 98 71 80 45 16 54 45 97 80 0 86 22 34 37 34 86 52 32 24 59 30 70 2 28 31 61 40 54 68 30 14 67 35 7 26 73 67 73 53 84 58 29 51 70 43 42 12 26 29 67 38 35 3 61 13 58 18 11 31 70 44 20 52 80 55 96 78 98 69 75 40 7 16 38 76 28 13 60 48 41 16 84 39 19 88 67 68 13 13 69 57 13 61 19 83 12 56 59 37 16 97 19 92 12 14 7 50 57 55 2 94 40 22 47 94 64 59 48 78 53 68 43 96 13 20 94 72 63 23 4 43 29 65 98 46 70 60 68 37 24 55 53 57 22 5 40 80 29 61 36 79 99 15 88 64 80 15 11 71 65 24 55 75 23 48 13 1 82 46 72 4 81 88 33 37 79 6 63 17 18 34 62 28 62 70 86 53 2 75 76 91 11 75 92 90 89 18 29 11 11 80 57 64 52 2 30 91 3 81 39 60 15 55 63 45 87 97 67 58 9 97 31 1 20 5 78 47 36 51 53 88 77 82 81 0 10 41 4 99 11 71 78 41 85 62 79 1 77 44 48 83 15 39 18 93 8 28 2 83 15 51 24 33 32 24 89 5 38 45 18 64 50 94 74 38 31 93 86 29 96 39 1 77 40 95 86 81 84 6 0 10 86 58 53 42 57 95 12 78 29 26 37 15 92 24 76 24 5 86 28 48 72 95 49 24 18 55 50 76 19 49 32 75 89 40 89 94 59 93 0 24 90 24 29 71 6 75 83 26 72 11 21 39 94 70 38 51 59 77 0 72 13 87 42 70 13 69 80 2 6 7 55 58 37 11 2 73 23 85 53 2 70 71 16 38 9 42 62 59 55 84 58 26 95 27 25 28 85 45 46 93 63 38 38 1 66 27 96 24 67 37 92 20 54 66 70 4 
97 1 6 55 72 64 17 81 84 92 3 53 81 69 78 24 53 64 89 49 18 45 54 45 59 30 93 25 85 63 7 89 31 57 74 88 24 36 73 42 0 92 78 60 54 7 70 42 32 55 40 1 44 31 94 20 45 78 40 64 41 28 87 35 78 96 21 81 66 90 94 0 88 82 39 34 67 93 48 16 13 89 39 2 72 59 98 20 4 12 97 99 41 92 41 71 98 92 25 63 3 9 79 8 19 34 65 3 64 21 81 74 39 96 89 3 47 59 87 5 69 12 52 55 18 19 71 24 84 0 80 74 46 77 38 5 97 0 86 2 98 89 37 67 82 55 47 93 52 1 53 65 10 6 44 74 79 6 15 72 19 19 35 21 55 10 45 56 50 84 84 39 36 59 87 71 75 94 53 3 51 15 87 9 50 38 34 36 80 11 10 83 51 39 94 25 66 93 77 53 3 38 96 31 86 93 9 84 8 89 39 42 21 3 23 72 82 0 34 93 53 31 36 22 88 59 45 9 28 4 50 7 75 62 78 2 37 18 45 63 8 32 17 18 49 60 91 44 84 69 44 4 43 58 73 73 31 63 96 10 32 24 83 87 14 41 6 47 24 89 44 23 56 31 90 54 99 82 96 41 38 67 16 37 5 85 68 11 47 15 42 31 82 66 98 56 29 5 76 39 55 68 26 34 98 10 48 43 15 65 78 72 84 35 90 1 39 66 42 36 93 31 64 57 63 40 49 99 55 35 3 89 55 78 42 24 5 73 29 20 86 69 76 97 53 62 57 44 58 26 51 74 24 7 30 72 34 23 1 23 93 96 88 18 58 39 54 46 82 76 30 26 43 54 8 39 9 18 62 57 17 22 55 2 88 24 96 7 99 60 18 29 1 30 55 49 43 75 52 76 87 55 30 76 99 12 52 43 76 25 69 69 84 73 50 95 61 40 34 98 11 90 63 41 33 3 12 19 99 6 1 49 14 31 31 95 9 67 29 76 38 17 66 51 8 98 31 79 16 68 71 54 29 20 78 38 41 53 19 68 96 85 1 53 83 70 19 46 5 43 59 99 44 12 88 80 76 19 4 10 52 1 88 95 93 92 33 92 67 78 55 43 13 94 24 6 4 57 67 66 
67 96 70 95 70 77 60 43 92 51 71 29 29 45 53 8 88 41 73 0 17 49 25 69 10 54 74 78 87 25 71 35 20 79 53 37 14 95 27 65 5 78 9 72 72 26 50 30 9 7 78 46 26 58 49 73 88 46 62 33 4 88 43 36 31 46 41 25 78 64 19 46 37 15 94 30 64 82 55 29 32 58 28 74 55 8 99 60 62 52 33 24 17 12 15 98 80 50 71 78 21 31 52 93 95 12 41 84 49 3 59 88 73 30 78 50 27 25 3 73 24 54 71 94 88 8 6 52 24 76 9 44 96 92 32 54 24 48 36 41 36 92 76 91 65 23 18 1 94 44 41 65 79 62 28 81 68 72 57 7 34 7 31 93 18 91 13 19 86 36 29 30 60 68 36 3 47 5 38 73 68 17 12 60 42 26 92 6 10 15 92 10 22 58 83 18 99 24 41 13 16 54 13 6 49 69 60 56 76 40 67 6 58 80 37 25 73 20 22 87 57 63 91 50 17 79 75 70 43 99 42 43 34 79 48 46 63 78 20 93 46 60 37 98 99 18 56 32 77 22 79 32 45 59 86 91 18 49 92 91 83 9 69 19 97 55 29 54 87 27 39 99 35 61 83 66 24 29 25 31 5 75 63 68 11 59 60 68 77 15 54 45 82 28 21 89 80 55 26 53 68 0 31 62 31 40 11 25 87 62 59 7 49 19 74 52 13 39 55 25 86 23 17 25 29 77 56 46 32 21 37 28 51 61 26 13 65 23 59 72 46 50 24 91 49 94 16 96 78 19 25 16 50 16 41 75 6 65 48 58 47 26 39 50 71 23 9 56 49 40 8 70 49 3 70 49 26 8 64 67 87 40 15 94 52 38 53 34 27 78 26 60 67 75 72 20 60 16 84 40 3 45 70 33 2 19 70 93 71 29 28 93 90 52 24 30 53 29 87 63 68 18 6 37 44 7 48 25 78 17 42 81 27 68 29 1 47 8 16 8 61 97 90 24 90 60 2 94 92 66 45 13 27 39 88 72 36 89 50 10 14 54 61 74 2 64 72 71 16 64 83 82 47 80 99 33 59 81 87 34 85 87 32 29 38 75 27 62 89 59 64 78 51 36 35 52 84 88 56 67 
67 61 73 82 57 14 74 87 94 49 0 39 96 65 23 10 56 76 65 74 54 84 44 59 33 21 85 58 3 98 9 32 26 93 0 13 35 32 73 39 86 14 21 1 98 4 96 45 70 76 60 53 28 64 47 98 33 51 11 5 77 45 59 71 76 67 37 22 66 0 22 4 87 6 78 91 42 41 65 86 27 22 29 15 18 30 69 41 18 80 4 84 93 17 38 7 94 3 40 94 49 84 19 52 82 75 87 86 92 46 83 0 35 78 72 83 80 48 73 52 84 14 74 24 56 98 18 93 87 41 53 24 24 14 26 75 10 83 51 33 21 53 2 20 67 56 40 22 10 17 29 86 20 8 15 29 77 40 2 36 91 1 39 49 48 88 15 26 11 8 27 93 84 28 14 97 85 84 75 35 21 30 71 24 13 98 12 78 48 59 99 1 35 87 16 41 52 0 56 13 49 77 55 61 9 5 78 76 88 74 71 71 96 17 8 38 7 35 65 20 73 71 57 12 9 15 18 19 44 44 59 35 21 2 99 10 41 83 60 56 25 86 5 81 40 3 16 19 46 89 98 82 1 56 56 80 35 21 70 3 49 15 70 17 47 7 75 88 31 89 90 98 18 60 45 26 92 16 74 55 31 7 51 65 23 63 79 10 25 21 79 26 97 37 35 70 77 32 82 46 79 57 73 49 42 89 75 73 76 81 36 87 61 57 87 8 43 34 84 29 54 48 43 60 3 1 7 67 89 37 10 12 29 46 49 18 37 43 2 32 60 88 16 51 61 52 19 24 46 83 61 22 26 48 76 49 20 33 37 4 58 90 33 88 34 84 94 65 72 47 19 48 21 26 7 66 18 90 83 37 23 20 3 32 73 18 48 11 50 20 55 64 16 83 12 79 29 99 19 81 74 38 2 15 50 52 33 17 80 16 99 74 14 87 42 24 56 3 45 9 72 18 83 91 96 85 94 40 23 47 41 7 35 2 51 61 47 53 58 7 91 58 43 39 36 58 46 22 94 65 43 73 43 80 54 86 85 14 81 89 39 20 12 82 40 9 50 89 92 48 45 65 24 93 6 73 16 75 50 73 71 82 4 79 97 24 36 41 4 39 59 58 45 43 20 63 68 10 71 80 
78 91 64 79 42 15 69 64 94 77 27 49 64 77 43 77 49 71 29 67 99 45 69 52 85 2 57 1 63 4 5 50 5 65 53 24 9 97 68 99 55 67 58 12 11 94 59 52 56 69 76 41 80 62 71 15 84 86 50 37 26 41 61 26 87 54 21 1 82 64 87 47 94 19 16 47 83 20 41 71 56 71 19 55 15 8 45 34 9 84 65 35 56 20 71 40 18 6 43 69 8 23 66 12 19 68 56 33 5 97 29 35 28 55 36 32 70 45 23 34 8 78 36 18 45 21 19 33 65 36 69 8 67 61 32 41 82 82 29 0 35 80 15 91 32 71 44 80 39 87 24 14 70 22 0 63 13 72 9 89 13 27 17 60 68 16 99 86 80 29 22 76 24 5 14 53 73 65 63 36 73 29 89 51 34 66 33 41 77 53 96 59 85 88 73 87 9 75 29 76 88 41 96 74 85 92 27 49 30 15 80 24 25 15 42 24 44 92 74 81 48 56 57 8 21 32 27 9 25 6 43 15 27 86 47 2 93 9 39 44 67 0 89 27 70 73 63 22 61 14 9 30 63 93 88 71 69 3 40 39 37 93 81 42 60 93 71 87 16 41 87 46 52 27 16 86 80 43 16 9 88 14 84 33 20 88 73 25 58 9 7 77 31 4 98 42 63 92 4 17 18 54 2 2 38 42 26 96 23 17 20 88 41 39 88 21 86 50 80 90 59 95 98 50 90 87 76 71 24 80 85 38 60 29 59 33 53 52 23 46 60 67 81 35 13 33 41 83 78 65 64 21 56 31 79 6 55 6 77 59 76 18 87 16 61 30 25 66 67 29 43 48 14 85 21 36 74 72 38 35 50 42 3 50 10 27 23 55 96 41 86 13 62 64 54 43 1 74 85 38 66 13 25 37 70 7 53 48 75 36 41 12 81 2 23 87 96 53 42 26 80 56 75 11 70 48 2 4 93 51 79 61 77 8 82 5 7 53 40 38 77 97 48 11 43 79 5 9 30 47 12 42 32 95 67 38 69 24 15 38 72 11 95 82 76 86 63 5 33 28 68 12 86 63 96 15 41 27 52 71 77 11 48 13 42 19 8 89 2 18 76 42 38 77 81 93 48 15 13 9 
16 46 71 82 17 42 89 1 70 49 86 66 8 83 3 43 25 70 92 97 25 53 47 72 88 92 0 59 56 32 23 16 53 44 42 73 2 7 3 4 22 24 13 33 79 62 34 93 25 6 4 37 74 17 18 71 41 82 70 88 9 35 16 15 71 39 57 77 46 60 81 45 81 90 62 78 19 16 63 47 83 1 80 90 94 30 18 44 81 86 61 23 89 57 15 86 54 93 44 29 0 6 40 8 32 58 45 85 2 77 18 12 98 45 43 79 76 43 82 50 88 60 98 85 66 99 85 63 19 88 23 74 28 14 28 64 50 92 30 79 51 9 97 21 34 8 71 69 89 46 12 6 35 44 88 69 80 23 26 77 41 55 25 27 39 18 69 42 4 40 5 56 95 76 2 29 80 48 58 28 12 54 46 88 57 90 33 44 17 27 6 78 92 70 43 81 84 52 19 61 29 62 41 23 12 42 3 17 86 32 53 35 37 84 61 59 83 34 79 50 11 5 97 7 36 28 53 31 27 83 6 66 49 2 67 25 21 99 38 88 3 12 60 75 36 18 69 75 72 96 63 70 6 51 74 31 2 7 47 18 77 74 57 24 20 88 28 14 90 11 19 39 68 24 67 7 54 69 50 49 8 76 9 29 56 28 50 39 45 66 77 22 89 91 41 28 59 60 21 84 64 34 28 86 87 16 14 96 86 85 92 21 39 90 93 90 59 92 5 78 50 77 10 94 27 29 62 25 45 43 69 38 62 97 12 4 23 88 64 17 69 79 78 14 74 70 75 90 30 34 91 21 92 64 0 94 36 16 24 57 83 43 43 14 21 86 58 62 1 20 98 51 17 93 37 17 84 65 6 8 22 12 96 27 79 35 57 60 34 48 39 17 7 49 66 65 83 95 55 83 75 44 84 85 60 41 29 70 65 69 19 97 38 49 43 17 79 43 6 65 24 49 50 63 47 66 87 10 6 10 95 48 28 4 78 17 2 29 50 39 14 64 6 16 22 33 62 67 89 58 62 92 15 79 75 39 95 80 34 81 26 53 42 60 69 97 52 80 25 35 68 15 82 8 39 34 98 17 47 44 32 65 95 63 97 62 32 12 65 93 95 16 53 42 59 84 4 65 65 52 
59 29 86 12 53 47 14 23 35 87 99 5 60 69 55 42 37 54 41 11 75 24 73 57 13 99 83 72 32 1 34 17 43 53 46 35 72 72 78 66 12 96 90 65 22 16 51 34 79 79 96 84 64 72 26 92 9 7 19 67 13 46 91 66 62 78 90 11 78 58 32 52 90 92 91 97 57 76 75 51 16 58 92 38 37 87 64 46 54 82 40 69 72 58 56 32 43 8 63 61 3 95 96 44 35 60 80 96 37 95 43 44 47 9 24 5 25 68 84 87 39 8 93 71 24 11 69 87 30 79 16 28 44 90 46 11 97 82 35 15 59 39 19 74 21 86 29 6 52 27 5 86 36 65 57 89 17 92 90 78 40 27 35 45 55 31 74 64 68 4 73 34 50 18 22 40 92 39 11 89 7 60 29 59 25 33 83 26 55 4 62 89 35 52 42 71 59 54 28 56 18 40 77 52 30 62 25 83 34 22 10 89 4 47 46 28 67 92 92 15 75 37 54 85 93 54 63 87 97 79 39 79 97 36 73 62 84 18 20 50 58 13 69 67 22 80 34 54 65 54 8 44 41 90 18 66 34 65 91 33 15 42 28 96 96 35 52 11 19 42 55 66 57 62 70 6 98 3 87 76 4 95 23 20 75 47 58 75 53 17 61 4 44 59 35 51 24 48 73 76 43 10 58 91 34 52 95 83 34 8 22 36 42 91 69 47 99 44 65 61 62 7 40 89 52 99 84 22 60 17 37 84 88 82 84 96 73 59 65 30 89 3 74 18 54 87 45 86 92 61 53 47 13 29 99 63 96 40 90 98 68 49 44 92 51 30 3 57 99 63 68 34 19 77 1 47 21 85 21 17 99 30 52 66 75 44 80 95 95 15 83 74 21 52 65 43 87 42 5 28 83 7 63 11 45 68 9 23 5 63 67 83 86 31 47 22 55 49 93 12 34 73 49 52 34 66 42 74 13 58 3 98 9 38 48 66 42 66 95 17 81 23 28 13 23 60 74 58 9 66 50 63 87 72 93 76 71 27 17 45 43 31 60 34 69 93 21 59 86 73 39 10 33 39 83 30 2 30 92 31 6 21 73 88 92 26 7 63 4 39 7 71 52 63 62 42 40 49 83 41 
46 7 45 89 89 77 46 79 10 31 47 64 89 73 13 50 17 93 2 37 22 6 92 29 73 39 43 2 1 78 74 57 85 70 64 51 26 75 3 64 63 8 65 26 14 9 93 5 52 51 76 29 84 97 28 14 40 60 96 3 84 20 2 7 27 80 6 27 28 68 75 76 73 54 31 92 50 51 74 30 91 23 79 11 34 10 71 19 8 40 29 73 94 12 78 46 61 36 65 30 25 88 54 68 81 40 49 43 75 22 84 97 49 17 16 33 25 46 12 19 97 81 74 47 18 92 84 90 98 18 22 76 27 67 68 47 86 89 43 34 48 38 91 98 71 20 43 77 20 38 16 87 92 61 11 34 17 61 70 12 82 90 9 20 53 37 81 45 16 43 52 98 2 87 30 83 96 74 72 39 63 80 15 83 99 10 79 85 65 88 57 72 85 32 13 63 4 30 60 20 95 53 9 3 19 53 74 27 28 98 98 56 7 6 77 58 25 75 31 57 84 39 36 25 4 72 76 40 19 6 42 50 76 22 62 28 58 84 32 28 27 60 7 99 51 74 9 52 67 48 79 49 37 48 1 16 2 22 24 32 54 93 3 39 39 36 47 90 88 96 14 42 54 81 65 21 71 82 85 3 19 41 83 98 65 46 82 76 32 6 34 58 9 87 83 48 90 98 52 48 55 6 36 83 92 59 97 78 24 89 51 28 72 10 59 52 91 97 13 66 77 0 42 47 61 80 66 97 67 88 85 71 21 24 52 52 58 11 11 33 41 19 88 46 75 99 42 62 43 96 28 34 49 96 64 30 65 65 31 61 33 74 41 62 58 31 80 80 90 37 70 59 2 64 48 59 39 96 86 24 2 73 35 19 88 67 75 84 89 96 0 72 81 68 69 38 44 72 46 16 62 18 23 31 27 16 51 27 36 73 1 72 19 55 12 85 27 67 32 25 78 99 95 56 97 70 37 86 77 21 12 71 38 16 7 38 53 95 20 39 70 54 12 79 62 2 2 22 97 2 47 8 87 28 41 58 99 25 97 35 61 24 7 75 76 77 40 40 91 89 53 3 2 7 34 32 75 6 20 3 54 90 52 62 52 5 1 53 63 59 93 89 78 19 30 88 34 95 67 68 
98 54 44 86 91 53 69 17 47 24 87 35 51 69 67 94 54 80 41 67 24 17 16 23 90 84 23 55 92 16 79 66 9 74 94 13 53 58 3 98 45 46 23 75 99 21 60 13 48 43 95 20 86 60 15 22 73 22 88 16 60 94 94 79 72 69 38 31 5 7 77 80 50 61 55 74 42 48 90 39 70 77 36 89 73 26 22 9 73 5 70 98 80 43 10 67 43 55 86 13 54 33 83 43 48 57 77 38 16 33 34 63 68 30 4 10 78 9 25 85 56 4 49 54 51 82 84 89 27 49 12 22 36 50 69 2 45 55 19 99 18 40 24 53 67 54 43 6 48 47 96 22 29 89 41 27 2 19 88 50 3 65 29 11 16 24 35 54 85 73 50 46 76 49 8 82 39 61 37 26 31 62 95 99 77 63 65 86 56 10 82 62 99 53 21 24 89 34 64 62 58 29 74 91 8 56 26 66 62 99 33 41 99 57 1 68 63 58 43 54 65 23 13 76 84 55 72 28 39 40 97 71 2 73 99 37 64 73 65 92 98 48 20 84 89 87 79 94 63 74 69 12 74 78 82 48 41 89 38 83 19 21 94 24 65 55 1 45 55 28 70 89 18 20 90 74 96 54 17 77 29 12 36 68 57 11 74 47 30 94 10 38 4 3 67 14 37 58 27 66 17 29 69 60 38 23 67 24 45 41 51 92 94 34 76 17 52 6 62 13 56 49 86 33 34 97 80 37 24 93 26 41 55 36 14 82 51 1 83 66 23 48 40 56 33 5 92 80 23 63 73 57 2 64 60 32 73 91 84 92 73 74 86 38 92 57 5 75 64 31 69 95 10 91 30 92 34 54 54 0 61 63 18 4 96 78 36 21 86 61 53 27 77 48 63 76 53 81 97 94 26 51 62 60 14 2 19 65 62 39 4 46 86 4 96 81 10 67 84 15 28 27 9 92 43 23 17 71 56 78 68 39 99 35 3 0 8 62 56 47 28 25 87 77 46 0 92 89 97 67 47 80 84 62 65 44 51 11 75 29 79 6 44 15 57 89 65 16 23 97 49 49 88 69 15 42 86 45 46 7 16 86 32 77 32 52 84 18 97 52 38 39 30 99 42 38 51 83 63 59 
52 52 17 24 7 62 39 17 9 53 82 85 44 92 56 57 82 34 84 20 86 54 6 60 43 11 29 27 10 87 12 10 49 91 10 31 32 27 81 29 15 46 12 12 32 21 35 24 34 25 35 94 69 26 87 29 84 76 27 11 77 71 27 73 32 87 54 39 83 90 63 66 65 38 31 54 8 78 21 48 87 59 94 65 43 38 21 17 9 44 42 26 0 34 1 7 45 98 66 55 65 38 78 78 13 52 61 51 48 93 5 15 96 86 5 25 78 27 20 46 72 14 3 11 48 12 22 28 26 34 18 96 53 23 90 30 46 59 68 82 73 67 81 5 52 4 64 45 28 66 31 96 87 2 90 18 60 1 86 13 45 49 98 49 75 33 99 17 73 85 13 0 46 33 43 87 0 27 55 66 89 21 39 8 97 35 71 72 56 69 56 94 62 81 17 11 63 20 72 89 36 1 3 32 75 85 92 56 18 85 77 39 35 61 64 78 7 31 66 37 68 44 2 58 67 53 68 54 66 68 83 54 2 27 4 15 17 25 96 29 10 56 23 89 20 23 98 57 48 81 46 84 41 22 26 54 46 1 71 21 75 93 74 9 68 31 98 57 35 44 26 18 74 3 1 79 8 2 0 90 80 98 41 58 26 31 1 86 46 8 58 96 27 11 90 14 25 1 22 5 73 37 60 18 72 66 39 82 5 97 36 45 59 40 93 14 92 67 7 81 76 76 53 41 36 2 79 44 25 70 64 52 88 98 8 22 59 5 53 46 1 74 36 12 2 16 38 45 81 54 20 23 35 24 64 54 96 14 60 71 48 20 36 61 42 54 51 41 52 96 10 86 27 60 73 42 52 50 94 51 83 85 59 89 91 48 18 7 43 60 55 57 71 16 98 69 18 93 9 48 62 27 68 66 60 19 83 73 17 83 68 7 98 50 9 79 0 65 64 17 28 82 54 20 97 74 65 55 69 75 2 39 29 38 65 88 87 11 45 38 30 1 83 97 5 39 26 84 19 37 38 3 75 94 18 0 90 91 74 72 97 20 53 97 21 49 30 25 76 28 5 20 54 45 52 75 92 74 70 17 27 9 92 30 92 34 11 66 11 77 13 79 13 52 23 66 67 33 10 28 
35 30 9 67 13 0 7 38 63 9 37 18 37 77 34 66 27 80 0 5 15 62 90 77 10 55 44 48 26 40 7 51 57 41 78 49 60 69 32 93 94 30 91 13 51 18 59 86 77 39 23 2 50 21 1 74 86 17 16 64 82 39 39 26 73 17 0 56 6 67 98 14 14 23 99 57 3 90 12 11 82 82 86 93 29 13 57 85 91 90 75 33 16 15 15 90 96 15 67 72 95 32 31 21 55 7 70 28 89 70 61 28 56 83 66 5 55 48 95 31 17 91 61 56 35 66 95 55 16 21 74 38 28 11 73 7 99 98 76 91 63 15 26 6 33 77 75 59 64 81 35 43 63 2 17 0 79 74 91 40 35 56 51 17 72 36 57 40 4 44 61 5 43 96 15 49 16 68 65 98 16 52 17 90 13 72 88 83 77 37 71 38 33 73 0 35 83 86 30 91 73 93 8 19 9 36 84 4 94 92 52 23 36 17 69 51 59 82 58 81 88 33 18 16 32 22 58 33 17 59 66 76 23 61 67 4 99 41 80 91 62 81 27 58 7 12 39 43 38 78 47 31 68 93 41 47 38 21 32 85 23 98 20 17 12 24 92 93 83 94 4 71 28 71 15 18 78 89 22 26 64 6 75 57 66 93 64 46 31 52 68 15 12 99 67 75 79 30 72 5 24 99 40 80 80 26 44 75 88 84 75 63 68 77 33 42 24 93 99 2 69 65 76 43 21 39 72 89 37 87 3 17 47 40 60 93 15 10 14 26 41 49 38 30 83 66 86 27 17 69 46 79 22 39 9 76 85 72 83 33 84 40 12 33 3 17 23 27 76 20 24 59 65 48 67 9 63 51 30 7 10 77 88 44 73 54 20 46 96 43 35 59 23 95 1 44 8 78 7 5 51 86 16 49 21 66 9 17 35 7 33 71 65 93 99 9 83 54 62 10 46 40 54 60 6 93 72 66 38 23 10 24 5 2 28 1 96 97 66 53 4 38 67 31 5 5 1 28 87 19 98 48 84 4 78 0 26 43 98 41 62 96 49 24 49 26 37 39 70 22 84 50 21 84 39 22 15 17 7 54 69 89 54 31 25 53 4 18 58 15 87 99 79 29 64 48 71 88 27 9 
88 6 40 87 50 85 27 36 73 49 12 58 25 8 0 88 73 25 80 63 86 47 87 28 50 98 42 17 72 10 46 58 21 91 90 46 95 9 77 26 89 6 70 10 92 16 34 70 33 6 74 86 39 42 77 73 29 64 65 58 63 50 81 44 33 71 77 20 77 61 6 32 63 70 15 58 89 53 29 86 0 30 41 52 60 35 11 5 66 37 59 3 0 31 57 92 21 21 35 4 91 7 2 17 93 42 72 23 77 59 92 3 66 48 55 92 65 28 43 85 73 75 9 62 84 40 98 13 40 32 14 6 82 16 20 38 37 7 53 33 62 39 5 46 52 92 10 19 86 88 98 29 20 84 19 17 62 99 4 8 6 14 51 72 64 52 53 75 83 95 18 23 99 27 46 95 36 9 87 49 32 47 4 44 77 22 13 56 90 95 71 40 64 54 70 55 39 84 34 31 77 20 51 70 13 61 68 57 97 65 86 37 90 69 24 31 40 59 30 76 36 44 71 90 88 56 15 50 15 6 57 98 97 45 55 57 82 75 23 92 4 39 94 16 25 18 28 45 63 85 35 81 17 66 7 1 49 76 81 91 46 84 26 97 15 82 51 9 24 3 71 22 91 91 85 57 12 90 18 99 32 35 12 82 56 77 24 70 4 82 54 54 30 77 15 68 93 58 51 57 70 43 36 56 17 65 17 5 7 13 35 64 62 93 61 95 22 58 98 89 83 26 68 20 79 48 30 78 61 51 15 6 29 61 17 29 71 90 71 15 74 15 55 1 26 95 38 18 98 91 45 1 1 76 80 49 79 23 53 16 74 52 59 36 55 56 79 67 35 72 79 80 26 89 25 30 27 25 51 13 76 89 85 11 42 49 34 36 64 61 62 97 49 69 50 66 80 88 94 50 23 36 61 99 50 25 63 58 97 47 95 20 92 64 37 46 79 75 89 18 13 54 42 90 96 26 78 56 78 52 34 19 39 22 20 17 14 48 19 86 60 9 51 56 31 61 26 59 83 35 63 42 15 90 48 27 58 95 17 43 7 78 7 6 17 51 85 14 31 15 18 69 5 7 55 72 20 58 80 25 55 62 90 61 37 61 6 23 32 97 28 67 66 25 60 94 87 29 32 45 
88 80 84 24 79 89 95 1 95 29 31 9 49 98 27 67 23 87 74 90 52 2 90 12 32 18 42 0 41 42 61 43 21 65 81 22 59 84 43 43 9 16 43 71 59 73 46 27 33 88 85 93 5 63 73 65 59 47 5 55 61 92 56 43 11 57 40 24 51 98 26 9 21 61 23 54 97 29 10 81 68 84 3 60 79 49 63 58 85 69 5 20 97 97 89 58 13 39 63 18 53 60 25 84 39 35 8 98 9 60 1 46 7 27 0 2 87 42 33 96 86 72 98 78 89 24 15 39 31 65 88 47 29 79 8 23 79 78 11 32 1 73 85 10 42 34 15 60 4 76 11 23 85 80 15 70 7 89 47 79 78 50 24 43 65 9 95 27 6 58 10 76 4 92 51 36 10 87 26 29 66 33 9 58 18 78 18 96 49 23 49 46 81 78 47 68 47 60 58 36 59 46 53 74 51 89 71 61 58 35 43 30 38 43 95 93 65 52 77 7 74 40 5 43 8 29 72 67 87 51 89 61 59 12 30 88 29 19 73 97 47 27 51 7 15 52 52 98 51 20 61 51 3 3 83 55 75 83 53 15 23 21 35 22 33 56 59 49 90 20 68 27 43 74 34 27 49 22 21 11 43 32 78 66 51 24 42 69 75 52 72 41 93 56 29 16 25 76 1 35 46 12 93 43 32 55 15 51 89 32 62 80 57 38 71 77 62 63 23 82 79 84 22 32 92 91 55 43 19 73 84 86 74 61 1 78 41 16 20 58 13 42 19 94 85 53 22 3 8 96 58 61 4 87 31 34 13 78 53 46 84 11 8 32 41 20 94 40 39 0 75 89 96 24 92 17 64 57 13 18 22 16 27 19 8 38 26 47 7 49 14 74 59 86 41 26 12 53 0 8 45 46 13 43 99 6 96 84 10 29 97 54 67 29 2 72 65 11 77 65 22 20 84 18 33 95 18 79 77 12 33 39 19 32 2 73 88 60 41 39 81 15 98 68 63 92 2 79 59 47 50 37 34 23 25 75 4 96 16 60 94 26 23 24 2 65 14 90 18 42 13 35 83 26 39 8 63 78 73 72 84 87 86 37 80 70 58 85 50 87 79 28 75 41 23 36 8 49 20 99 
73 56 93 28 31 38 54 77 78 41 73 56 82 69 93 29 59 25 87 23 95 58 55 65 62 87 5 82 36 24 1 24 34 91 76 54 22 59 5 36 16 51 87 47 69 31 19 69 64 33 67 45 1 35 60 11 29 42 93 15 91 58 70 16 40 13 84 48 58 65 29 4 14 58 46 64 75 8 11 68 49 52 44 77 50 72 13 31 8 32 99 59 27 56 41 16 96 75 15 26 93 61 30 58 99 68 8 68 74 3 55 94 32 59 80 84 97 63 8 13 25 32 86 77 71 84 38 55 28 46 30 77 55 53 84 97 31 60 11 63 86 50 37 12 57 15 60 45 43 27 35 68 70 1 8 10 67 11 15 22 98 72 37 61 83 46 2 46 63 69 52 56 41 84 18 2 30 90 88 6 67 52 59 65 94 81 99 69 68 38 66 64 26 55 0 81 61 77 65 85 10 9 43 31 13 37 89 7 17 42 84 55 61 90 43 99 42 59 52 43 37 59 20 50 58 5 35 45 21 80 26 21 80 11 52 45 25 5 52 92 82 78 27 57 26 61 93 87 21 7 74 91 50 75 9 76 4 56 77 39 72 25 2 15 78 87 67 30 6 20 5 80 47 81 78 84 8 49 47 68 31 45 99 82 96 83 37 57 3 83 51 85 29 78 20 86 34 33 91 57 66 78 86 84 66 57 53 43 33 70 46 43 37 77 41 92 38 42 8 70 88 82 97 15 60 73 7 47 46 25 54 71 28 7 69 7 50 93 88 22 73 72 38 68 61 55 37 36 20 15 65 14 18 97 79 34 38 73 26 97 66 23 34 27 57 67 62 46 8 53 71 79 7 71 35 86 57 11 43 70 99 96 85 46 49 52 77 89 17 41 42 29 45 36 95 50 95 51 15 85 43 89 46 47 27 80 25 38 41 97 3 60 6 8 85 13 30 87 94 34 32 11 27 58 27 22 27 44 1 17 43 99 51 33 4 1 5 77 59 15 84 78 77 43 53 79 46 52 7 94 84 26 56 74 53 57 52 86 1 80 39 90 97 89 92 65 30 87 58 7 30 70 26 0 16 30 96 97 59 58 54 13 89 3 79 26 96 90 21 85 40 74 90 27 2 10 55 17 56 25 
45 15 34 46 31 61 53 75 36 50 15 84 71 96 70 73 32 27 35 44 29 21 25 20 41 14 82 79 19 2 38 48 70 7 99 8 60 39 44 70 52 62 73 74 21 47 6 84 28 1 88 64 68 84 52 75 96 41 1 99 96 46 16 88 86 29 93 80 32 64 65 16 69 53 30 59 96 55 35 58 89 72 37 85 55 40 9 82 0 95 90 67 91 26 17 92 52 84 87 9 31 42 44 21 86 7 86 32 12 50 39 30 82 32 71 0 5 75 31 82 12 91 18 2 35 3 22 41 76 47 55 67 69 3 60 32 51 12 81 8 18 53 63 66 84 2 49 92 26 24 44 62 64 51 90 13 25 83 32 94 75 56 71 16 83 86 14 6 56 17 50 92 57 29 63 47 89 36 1 70 87 66 58 80 40 90 80 36 15 60 96 16 43 14 84 73 9 14 31 38 70 4 7 79 29 92 23 56 28 55 89 98 19 35 70 4 65 56 32 62 23 4 25 15 59 93 42 85 73 29 12 33 8 23 62 90 3 8 39 89 49 12 14 63 82 10 64 8 74 33 96 72 60 5 78 2 4 25 64 18 33 50 88 66 62 20 32 37 2 56 98 12 45 89 16 78 96 23 43 5 84 65 54 73 3 66 98 29 76 46 39 28 8 49 6 26 69 77 69 19 14 96 73 31 15 40 67 14 78 82 33 17 54 0 28 94 51 6 86 61 18 24 28 64 43 46 29 0 12 36 28 28 23 7 56 94 43 12 10 64 3 51 40 8 88 82 40 91 0 31 94 98 14 87 25 34 12 73 14 26 51 79 35 82 6 83 27 58 54 20 95 79 12 70 97 46 34 55 50 7 11 88 62 83 65 4 26 33 54 19 97 73 91 13 52 86 66 99 82 18 82 78 68 68 35 68 84 41 89 64 24 10 67 45 13 97 46 69 37 13 62 46 74 23 47 13 76 39 40 11 8 80 14 1 18 62 70 47 36 80 56 79 60 93 84 18 93 99 78 11 60 88 98 71 20 32 15 57 43 27 55 95 11 49 71 97 69 18 5 68 79 85 87 45 28 40 70 3 0 86 91 59 37 24 13 59 5 28 67 16 88 94 99 39 13 47 63 14 76 84 
91 36 19 89 43 67 66 90 30 17 51 30 99 39 78 13 91 88 11 45 56 30 89 45 92 48 59 66 69 92 73 63 8 37 53 99 31 83 51 8 95 86 18 42 22 45 63 40 41 55 43 94 41 3 88 72 79 8 12 70 86 75 22 16 60 9 61 28 35 99 94 49 25 55 24 74 94 67 46 76 34 37 29 93 99 71 66 90 35 88 26 65 85 35 60 30 20 2 11 95 52 18 45 58 9 20 15 56 25 63 78 54 2 29 76 98 12 75 39 44 28 41 35 34 82 48 27 46 82 54 58 65 89 39 22 7 30 22 85 17 75 88 82 62 42 38 86 75 47 77 95 61 23 33 33 95 41 19 95 99 5 79 44 69 98 0 14 19 65 19 87 4 6 98 19 43 73 58 73 29 41 14 90 34 11 14 25 45 3 50 43 78 42 79 63 20 44 0 45 14 20 85 89 95 36 12 85 2 47 60 10 75 84 87 15 6 44 82 10 19 51 14 21 67 75 33 60 34 2 71 43 34 97 10 15 14 20 20 80 30 8 0 21 62 39 58 3 82 7 51 39 25 81 80 11 1 79 73 71 98 92 77 72 8 23 0 40 90 27 37 39 80 65 86 82 57 14 93 18 22 39 51 79 17 70 46 2 45 59 43 15 80 10 50 99 95 23 74 61 95 3 15 36 92 85 34 88 90 66 54 28 45 12 28 87 49 69 50 50 50 46 7 66 86 37 18 29 40 48 4 27 72 43 38 77 97 65 84 93 37 90 39 41 91 95 41 40 85 74 22 82 29 0 41 50 57 56 77 2 82 78 5 39 73 12 87 11 51 28 20 95 15 66 6 96 61 11 2 63 34 98 96 95 49 45 5 80 84 4 87 62 47 22 15 88 92 96 44 49 35 94 42 55 16 14 17 6 11 84 35 7 39 24 67 58 67 62 7 56 25 55 41 89 87 14 17 49 58 18 54 13 85 43 66 13 67 67 63 87 89 30 80 74 90 20 31 5 67 98 40 30 48 99 29 30 80 53 75 13 82 82 98 21 96 52 93 96 41 5 36 23 97 62 97 86 76 26 84 8 20 58 74 73 62 4 44 75 23 32 38 33 10 73 86 67 85 56 1 58 49 
82 92 34 66 87 22 49 35 67 54 13 58 8 66 46 15 80 75 78 74 37 0 73 30 50 63 45 96 87 55 97 12 32 55 11 14 70 79 92 75 42 33 31 34 46 21 26 62 85 76 64 81 83 78 57 3 17 70 16 27 6 0 2 90 2 45 84 18 10 37 94 12 60 81 77 28 28 57 78 36 87 37 64 84 82 96 57 1 27 50 51 69 68 98 17 46 48 82 79 77 63 14 25 0 44 54 36 7 40 80 53 72 64 9 8 42 3 35 0 67 39 74 84 68 53 91 65 92 7 54 33 15 13 79 3 6 62 76 64 64 96 37 58 83 42 79 66 75 81 17 35 82 93 84 57 65 42 74 0 41 22 45 81 82 77 17 38 32 26 35 20 83 3 63 48 20 89 97 43 28 76 19 95 41 74 19 79 19 38 19 84 49 90 72 65 15 62 58 87 91 93 88 98 71 66 76 68 8 19 14 79 69 45 66 97 73 45 47 98 83 9 49 74 79 41 85 59 13 4 88 65 2 30 53 28 92 80 71 82 83 90 46 86 21 39 29 84 53 46 72 94 68 84 6 10 68 93 66 77 26 36 33 3 89 85 83 47 35 73 64 74 84 41 73 12 1 34 63 15 26 29 30 54 75 17 77 20 59 6 61 1 66 16 43 56 54 15 63 91 80 98 83 48 24 85 75 40 80 7 74 1 80 91 89 36 27 99 66 15 73 82 52 15 2 99 45 61 39 55 44 0 62 5 40 59 26 48 0 59 55 57 81 43 74 75 13 62 73 3 25 96 66 3 49 45 58 34 51 47 56 21 73 86 42 37 63 84 87 36 92 57 81 48 52 25 13 66 70 29 53 7 58 84 5 65 98 13 17 99 85 87 94 6 0 28 39 99 28 19 42 65 27 30 35 73 71 87 4 62 56 69 62 46 13 49 31 2 42 17 20 65 91 52 84 77 72 43 26 25 59 48 68 94 50 74 53 50 6 52 64 73 35 49 21 84 59 19 55 68 89 19 94 1 61 24 64 18 69 51 71 42 33 7 48 31 67 20 94 94 5 2 48 87 4 43 41 46 42 72 2 22 46 88 64 66 99 77 39 89 34 8 61 6 36 15 43 56 88 6 7 
46 32 31 89 35 89 89 91 87 27 74 63 5 23 27 74 84 97 65 99 27 13 74 44 70 9 86 17 34 83 38 99 44 35 92 59 29 84 0 94 88 63 78 11 32 91 14 59 39 23 69 0 83 17 44 57 45 41 10 77 4 26 25 35 87 10 57 69 89 15 56 3 23 76 21 21 35 54 23 11 44 1 52 42 18 18 83 64 71 66 4 68 50 87 10 2 67 1 81 71 83 8 40 22 34 12 28 10 18 85 35 84 42 32 64 63 3 61 96 48 85 38 3 13 37 4 47 81 41 69 10 27 56 86 74 50 84 97 10 2 2 50 34 47 65 66 43 46 22 48 84 18 82 24 29 5 36 11 50 7 92 56 6 34 32 4 80 7 70 73 65 96 82 18 8 3 46 4 47 77 71 88 58 10 54 7 20 80 35 10 76 41 28 20 54 39 9 52 19 6 79 67 79 65 35 57 44 5 76 31 17 84 91 17 97 79 22 89 42 13 30 0 49 99 58 35 90 20 69 49 19 83 27 83 54 52 43 68 4 0 75 77 84 37 33 40 12 73 33 81 36 88 30 49 97 24 49 59 70 65 35 83 16 66 63 13 47 82 76 13 50 90 24 56 31 45 25 91 24 97 63 51 41 30 90 85 84 81 61 62 69 75 76 38 9 1 90 93 69 78 6 26 47 3 34 99 93 59 12 40 53 83 48 7 8 35 7 8 77 25 87 98 52 49 39 66 40 35 12 11 18 45 87 33 99 92 41 82 27 0 9 85 55 14 89 81 76 42 56 78 49 37 78 38 68 69 48 15 15 62 89 71 40 23 53 68 77 97 78 68 10 3 16 28 25 3 13 49 75 96 93 59 4 21 46 34 50 84 7 69 15 38 82 89 76 95 47 54 23 85 40 99 67 6 42 32 93 49 41 71 47 52 50 44 54 4 0 18 89 21 65 8 20 13 42 1 46 17 90 86 83 45 47 2 17 53 74 28 93 13 55 87 60 35 72 91 79 38 42 10 60 45 13 13 49 20 18 55 94 23 49 58 70 24 83 17 26 33 8 46 26 75 2 58 0 81 14 93 94 0 71 6 22 31 23 62 24 90 48 19 48 46 68 25 4 95 29 68 16 6 
24 81 68 74 87 54 74 97 76 75 20 22 44 22 60 93 44 33 3 4 6 6 23 69 4 79 5 18 88 59 29 39 75 61 58 42 12 64 37 31 71 59 45 95 51 22 74 51 35 4 11 9 56 78 88 74 56 8 96 80 97 15 58 41 60 10 46 1 4 29 70 8 54 99 29 32 71 50 16 2 36 17 16 67 24 49 99 57 72 0 6 21 50 2 18 27 92 56 10 92 55 31 5 24 93 85 68 72 48 71 30 82 64 78 82 70 32 45 64 83 40 11 68 78 73 41 11 54 26 55 39 54 18 44 26 83 69 35 94 12 23 23 75 34 14 65 80 99 96 12 11 96 65 25 43 75 18 1 55 54 94 32 85 44 72 14 4 95 5 36 74 4 59 3 64 75 90 81 83 58 26 73 19 75 90 27 38 91 64 64 92 62 44 41 44 81 57 11 97 15 37 71 13 91 52 20 66 64 13 97 3 42 96 71 25 8 75 35 60 67 87 32 47 90 65 3 39 3 45 18 15 33 46 58 87 73 91 60 98 98 10 87 52 72 37 96 50 61 57 98 16 99 23 51 35 60 92 7 72 10 33 99 23 81 23 12 40 12 27 1 35 84 89 86 46 55 14 87 31 4 83 33 55 6 4 19 55 93 37 35 41 23 80 66 37 36 40 49 19 17 72 62 36 35 34 94 37 28 82 32 31 45 45 18 57 32 91 82 26 28 61 9 19 22 75 51 28 46 9 13 78 67 99 46 80 39 78 47 80 46 93 3 97 37 48 35 10 46 4 38 53 34 63 43 45 42 33 30 54 30 59 20 99 88 11 43 0 55 28 77 36 94 91 84 60 39 7 94 2 8 57 94 65 30 59 55 65 12 62 99 21 85 93 78 43 36 36 52 48 20 5 85 33 76 21 11 9 16 14 41 56 97 96 46 35 2 42 60 57 15 2 34 62 82 28 36 2 20 66 25 96 9 72 1 35 87 50 36 48 44 10 19 37 22 92 2 34 14 47 69 39 92 22 59 25 62 90 64 40 12 22 30 67 39 5 86 77 84 43 92 37 2 10 4 41 78 14 86 45 35 90 32 29 79 13 82 45 45 53 7 88 67 51 47 11 65 92 72 33 74 
91 25 55 43 42 35 4 22 21 70 71 9 0 92 19 27 0 28 80 22 33 74 51 37 94 8 54 52 66 52 73 62 82 68 68 98 79 54 30 65 69 46 73 55 43 61 67 20 65 99 36 58 24 35 69 64 90 93 17 40 38 88 46 71 96 34 94 68 3 68 26 8 46 18 59 98 74 47 35 28 90 85 42 92 68 96 82 41 35 98 4 72 28 38 96 86 78 85 38 97 80 14 70 47 61 71 29 1 18 26 57 12 15 56 82 4 49 95 70 95 25 36 38 68 37 93 75 47 31 99 92 68 82 62 8 29 25 43 98 41 81 6 99 91 74 30 88 84 61 2 49 36 81 65 97 90 44 76 2 49 55 2 99 5 28 81 93 63 70 83 71 30 46 27 70 74 65 9 83 90 82 20 70 32 18 62 43 3 37 13 34 48 78 4 93 41 14 7 41 80 29 28 41 55 77 62 41 96 12 43 41 26 95 48 54 44 48 52 29 50 84 23 68 58 89 96 56 48 80 40 11 37 93 92 46 44 47 13 26 11 1 31 88 33 65 20 61 92 12 41 23 44 66 62 61 44 72 86 61 5 83 13 96 77 82 41 86 3 7 53 39 3 82 21 73 31 67 71 51 47 41 55 49 76 38 13 16 5 37 61 28 65 50 24 93 41 45 21 43 69 21 83 65 46 62 77 96 39 21 29 87 10 99 29 14 76 5 98 36 87 94 95 5 92 93 39 32 21 89 30 19 97 62 37 56 97 14 79 76 25 60 26 7 4 75 86 51 80 46 33 92 98 74 7 51 49 97 52 49 0 54 47 72 8 17 17 72 78 1 55 55 27 90 90 77 74 56 28 41 34 17 68 25 39 10 1 88 16 29 61 18 23 5 64 76 69 50 22 5 69 51 81 91 22 69 85 74 91 86 74 17 55 58 52 83 98 24 94 46 6 33 25 14 53 36 25 59 50 38 15 86 2 20 85 65 65 97 36 6 84 9 92 38 2 14 65 14 86 71 88 86 11 62 71 80 15 70 22 71 31 32 62 80 67 57 75 41 50 81 69 20 37 26 66 79 8 48 55 2 43 96 32 48 26 51 25 33 88 56 31 15 33 32 26 59 15 73 7 7 9 
45 77 34 93 68 60 31 48 61 35 34 63 41 58 95 92 76 78 57 45 72 8 42 16 47 67 95 20 76 58 66 19 57 17 66 53 96 22 79 36 3 47 3 96 45 47 77 52 61 54 71 81 25 57 29 47 99 81 32 11 99 46 47 28 94 11 73 4 29 16 23 24 68 37 69 50 4 29 28 59 75 9 69 13 84 34 4 3 23 60 13 75 5 45 59 59 47 17 47 31 15 55 51 77 28 79 96 94 47 18 69 40 61 63 77 53 43 43 47 31 60 28 55 56 50 5 67 41 16 85 16 69 30 33 71 31 33 83 52 83 61 4 44 28 44 4 92 0 28 37 93 56 0 13 10 92 87 32 58 13 82 5 79 15 15 27 74 61 45 55 40 66 94 1 44 31 59 84 82 79 91 82 27 74 78 35 34 9 63 8 35 20 68 96 6 56 69 30 9 52 35 69 34 47 91 67 55 64 86 24 83 69 10 63 58 56 38 50 19 87 18 67 21 45 10 73 67 2 84 84 45 95 24 28 76 53 59 44 39 84 49 38 67 79 63 81 12 46 5 15 25 3 25 60 29 17 88 54 71 18 85 79 31 23 39 4 47 5 30 87 21 50 53 43 45 36 86 14 1 98 46 80 83 21 79 83 55 0 63 90 62 66 23 53 10 7 20 33 62 46 32 4 41 3 77 56 62 29 9 64 27 37 9 67 62 96 72 52 51 69 70 93 87 58 74 32 73 96 88 83 75 77 58 83 91 18 13 23 2 34 26 74 8 98 83 58 66 40 28 27 53 5 58 79 32 1 15 83 67 74 5 90 40 22 91 60 18 16 2 90 17 18 93 8 50 86 39 7 35 90 60 20 16 63 18 24 83 60 13 61 89 4 13 18 50 28 44 55 55 53 55 3 94 42 56 73 11 52 57 92 12 6 79 27 85 72 58 76 29 55 64 0 95 87 0 35 1 3 92 36 23 28 68 40 95 53 61 67 71 82 30 99 47 8 90 24 88 67 90 12 66 29 92 19 53 66 29 69 57 8 35 55 28 50 46 44 78 91 79 97 28 40 61 39 86 35 28 67 77 61 11 6 89 50 18 18 90 90 76 21 54 67 73 44 94 98 71 91 44 22 
79 87 69 95 98 60 18 19 85 32 52 37 92 67 0 79 57 77 52 82 61 49 95 19 99 20 35 93 6 89 93 32 51 77 61 27 2 6 99 85 17 44 36 20 49 4 65 0 50 64 69 7 53 50 57 37 64 45 49 98 88 10 29 33 58 23 33 83 44 21 20 13 45 5 71 42 47 55 25 84 0 23 26 5 27 17 48 45 84 32 90 82 3 94 27 94 13 30 61 92 8 81 79 6 12 4 19 42 89 94 24 64 7 51 59 51 71 76 84 57 68 46 60 88 46 81 97 75 98 84 9 17 18 30 74 93 26 46 29 69 95 55 6 27 31 26 27 1 54 85 49 16 23 30 19 33 26 71 21 59 52 22 60 99 51 8 6 25 56 14 0 74 94 44 18 86 93 41 8 12 19 35 62 52 13 43 45 41 57 36 80 55 11 29 87 86 22 87 83 47 65 43 90 86 61 64 82 45 44 41 64 88 22 13 81 86 99 63 68 11 73 44 29 26 40 3 79 97 59 7 77 22 45 19 37 8 80 46 84 95 92 48 12 37 32 45 64 29 4 13 74 48 14 63 26 29 30 30 46 28 71 73 67 11 48 73 71 49 16 60 17 88 46 4 56 69 59 82 76 86 12 0 65 31 67 58 61 75 33 72 16 81 9 55 2 94 23 85 70 25 12 37 72 34 73 31 20 47 98 44 16 48 0 14 34 49 28 27 31 37 34 47 75 65 2 54 67 42 46 86 2 59 52 9 51 62 33 3 43 29 82 83 86 0 42 26 88 61 41 68 4 7 72 13 57 99 56 39 80 51 87 58 89 52 36 72 52 63 87 71 58 87 57 51 92 49 9 24 93 36 27 79 80 68 87 20 20 4 61 45 33 43 12 60 69 39 41 22 81 83 82 75 14 67 50 96 43 28 26 44 31 50 17 86 31 32 44 27 38 47 44 35 88 59 80 5 36 1 54 87 44 26 34 30 44 18 29 34 51 93 55 70 39 50 55 20 0 97 69 42 71 66 18 11 39 2 15 83 68 89 8 64 50 53 83 6 71 66 11 14 32 55 11 71 73 60 61 4 33 52 21 93 5 5 66 68 87 30 66 3 66 32 13 75 46 84 34 86 6 47 
87 82 2 87 78 29 41 14 72 0 76 12 13 88 7 21 56 1 36 23 44 57 81 98 91 13 50 26 82 2 40 33 62 15 84 48 97 9 75 45 63 31 13 15 59 47 64 6 97 40 26 90 90 86 87 94 78 3 80 47 88 34 90 71 50 62 36 23 71 59 54 36 91 21 2 21 98 46 17 95 76 80 65 95 70 76 42 68 16 67 93 37 39 83 56 81 81 61 84 87 33 76 47 68 23 58 98 83 98 5 62 29 61 45 32 57 46 0 91 77 63 27 81 9 15 23 94 28 59 94 92 9 41 38 78 40 71 98 28 45 56 29 47 91 28 63 45 21 78 11 98 53 87 5 72 38 60 51 76 80 98 63 30 77 17 75 19 14 59 29 57 74 27 0 3 38 34 91 86 22 48 44 51 63 34 87 33 50 15 44 65 80 64 14 33 38 12 62 2 67 56 35 85 58 0 23 19 66 46 51 12 89 38 50 17 88 62 24 97 65 43 28 39 13 61 82 8 64 35 90 70 46 9 69 16 83 17 15 4 46 9 32 14 1 56 31 90 80 6 35 73 60 72 44 32 70 7 75 64 84 25 37 92 7 43 81 21 19 92 6 80 90 13 22 22 35 4 2 12 30 47 70 31 3 95 85 64 16 64 28 49 18 50 58 25 48 24 20 46 94 93 14 63 84 28 42 98 23 16 26 16 38 44 12 83 85 91 54 9 58 7 47 11 42 39 25 6 2 38 3 1 97 82 69 87 53 98 78 11 84 47 85 18 45 33 41 47 55 76 74 94 73 21 31 37 54 15 62 30 84 9 76 3 3 57 17 2 32 49 80 65 66 22 42 53 99 31 5 37 52 55 51 94 85 36 16 48 49 94 37 12 44 7 53 4 50 1 53 50 26 83 98 68 71 88 9 47 55 60 16 75 73 63 68 46 53 95 35 5 41 92 70 15 6 14 45 27 27 99 21 21 54 48 18 64 60 21 78 42 10 62 18 83 37 64 97 66 46 83 18 2 34 14 97 60 71 58 63 30 52 62 49 27 34 2 51 64 84 61 62 67 63 85 24 89 25 82 86 94 7 98 98 3 26 99 2 55 11 77 85 75 97 94 45 2 62 83 12 53 85 
41 83 6 63 56 8 91 37 38 71 21 17 51 71 46 70 76 17 24 41 53 86 27 26 96 65 29 11 6 83 51 27 56 82 94 90 79 79 20 32 11 32 61 67 94 2 65 45 35 27 46 50 81 6 86 93 94 85 47 57 32 39 14 35 94 51 53 71 74 46 79 27 78 1 8 22 96 81 6 84 34 58 55 97 2 21 24 77 14 93 81 83 96 60 2 89 8 27 25 38 2 79 9 29 41 26 83 54 64 37 75 14 85 27 33 87 99 35 16 48 8 61 75 50 50 54 42 92 9 64 39 97 2 52 50 35 3 35 22 74 54 31 89 17 30 95 89 28 0 20 71 30 19 41 93 21 54 29 35 73 37 68 43 93 58 67 50 0 85 72 16 34 35 86 63 65 11 40 11 39 45 12 37 9 23 70 86 5 49 29 49 51 29 21 73 17 35 98 56 37 45 66 11 95 82 25 87 59 92 56 47 8 23 15 98 90 88 66 23 14 82 59 56 35 48 61 49 95 72 44 53 82 66 91 1 25 87 74 83 51 99 18 24 36 61 97 6 8 11 62 97 3 86 57 32 24 86 3 78 27 89 73 98 62 92 41 3 31 51 84 76 88 90 49 63 63 67 59 53 80 51 43 82 32 63 28 20 43 28 47 21 26 82 52 80 93 96 54 89 30 85 79 98 71 80 59 0 64 62 67 30 25 28 39 42 7 3 77 70 8 89 40 94 39 96 15 62 52 45 56 15 42 13 75 81 95 50 3 27 64 9 18 34 9 91 64 95 33 66 38 64 22 13 12 61 92 14 57 7 3 67 81 88 66 71 28 60 9 39 53 52 55 85 13 65 60 15 49 75 97 26 13 23 82 68 46 45 14 5 78 50 69 87 87 73 2 8 86 9 88 47 61 6 72 76 78 23 63 4 38 72 88 5 36 7 7 55 66 84 79 8 6 60 31 55 9 87 99 47 33 2 97 38 99 39 23 48 43 16 94 58 58 28 5 99 5 39 42 1 52 72 31 47 70 13 25 54 99 28 73 25 85 52 60 5 83 21 25 12 71 51 52 38 87 71 86 82 86 21 86 95 29 22 58 86 28 85 46 89 25 20 83 88 22 7 20 31 81 41 2 
57 86 73 26 31 16 51 43 44 77 15 0 52 39 66 19 70 41 56 78 98 71 41 62 66 25 18 18 65 46 75 49 14 47 30 63 90 53 3 65 48 5 26 31 84 7 24 82 54 1 41 98 44 33 81 18 27 72 75 45 82 4 18 39 95 48 42 68 58 90 14 44 39 2 94 20 63 5 67 88 6 33 62 6 20 63 57 98 22 76 0 54 86 8 20 51 89 76 29 37 7 63 25 47 4 92 94 63 58 90 88 53 3 91 5 25 12 21 5 22 75 46 22 20 73 19 15 2 30 23 46 21 73 29 32 19 75 71 40 47 64 64 0 0 4 33 99 4 71 87 77 87 94 24 5 44 72 15 60 87 33 41 59 64 53 90 83 39 64 95 78 85 5 17 65 26 41 77 71 46 38 58 49 97 27 20 48 82 38 58 95 39 19 86 26 31 70 31 9 0 28 56 97 44 34 47 35 34 95 45 87 48 87 8 80 59 39 5 25 81 51 58 47 34 58 43 52 82 76 57 99 30 98 78 17 85 30 76 84 69 89 56 49 62 81 98 84 26 34 54 38 45 91 9 66 51 61 30 36 64 52 50 94 0 23 18 30 91 1 3 34 50 27 26 94 99 84 37 95 21 94 73 0 72 63 50 86 47 88 64 88 50 73 76 52 22 89 26 63 35 52 75 30 70 22 38 66 60 85 47 97 77 53 29 91 11 35 73 92 85 76 29 50 36 75 81 21 49 34 59 49 17 77 26 36 29 32 78 73 36 67 2 0 33 82 62 59 41 33 50 28 34 4 74 68 41 59 67 67 73 38 2 89 56 7 3 68 34 96 25 99 7 74 57 63 70 2 72 55 96 83 68 86 73 0 77 24 9 80 44 76 61 23 5 52 1 91 34 98 97 27 59 59 83 51 15 97 40 40 59 73 32 68 33 77 87 33 88 38 9 62 74 54 22 27 54 13 19 83 31 13 44 51 92 42 58 60 98 35 70 40 59 67 66 69 64 39 0 86 18 64 33 54 4 59 68 98 64 83 71 22 22 26 0 75 5 4 52 4 73 29 65 22 68 34 70 92 62 54 79 51 42 28 96 99 90 3 90 26 50 9 76 17 83 97 72 11 40 5 46 
4 24 19 32 83 19 74 39 76 45 31 64 69 74 60 71 69 76 20 16 49 58 72 43 30 39 78 34 24 38 9 72 14 87 60 20 66 74 86 61 14 78 93 69 55 53 22 57 64 86 61 15 82 3 28 35 27 64 37 38 49 11 15 25 13 74 2 20 91 62 44 82 36 77 22 47 69 23 51 7 81 28 29 67 54 61 65 77 96 15 29 9 7 64 61 85 46 85 39 29 27 80 86 68 25 75 48 29 51 56 82 33 7 90 49 55 32 12 43 49 88 65 64 79 88 71 17 62 15 0 24 87 81 18 25 11 65 50 25 49 54 24 93 70 63 76 1 4 36 64 57 54 47 32 36 87 70 70 28 85 86 15 61 5 9 38 41 96 65 64 23 83 5 99 58 46 60 7 81 13 58 93 41 21 49 90 94 14 37 99 69 45 87 7 5 67 12 30 85 26 96 95 34 84 45 85 58 10 38 53 72 23 71 39 29 69 94 21 5 47 15 28 94 84 37 38 38 70 1 52 11 70 58 5 4 8 93 50 45 70 33 63 79 46 94 10 25 7 15 95 59 47 82 60 17 74 88 81 54 46 32 59 41 80 12 0 27 54 77 98 39 57 10 74 27 5 20 78 7 35 36 95 94 49 21 27 95 8 48 65 70 70 74 6 4 67 81 6 93 27 73 62 27 60 92 0 90 92 23 48 18 43 75 20 8 30 65 96 20 70 94 28 22 91 6 83 60 36 13 98 68 6 2 8 39 27 35 75 64 44 89 54 5 14 14 52 11 74 89 69 52 35 89 60 2 65 16 73 77 46 88 64 77 12 27 33 1 25 52 9 35 73 82 2 21 86 96 22 71 36 77 9 23 68 65 0 17 87 76 64 91 14 47 8 63 40 56 38 14 50 85 36 37 58 41 58 86 20 26 74 78 81 97 12 64 24 10 67 96 61 31 4 73 48 57 86 92 23 46 18 14 19 41 31 28 28 17 56 24 71 67 4 34 48 90 42 16 52 45 99 92 0 40 45 0 79 15 66 78 4 60 32 72 76 17 58 14 11 45 62 94 16 15 24 37 50 79 28 19 55 14 83 3 88 8 68 84 63 44 0 58 33 74 46 98 84 75 25 91 78 
98 74 30 54 58 58 29 38 29 60 81 26 27 83 53 16 14 55 5 81 64 88 56 99 81 83 2 68 70 24 9 45 98 91 94 46 45 83 11 9 51 35 50 53 18 19 84 53 50 51 82 69 23 82 80 0 76 2 33 7 19 31 3 97 8 41 59 40 55 89 2 26 33 9 41 43 86 87 22 39 56 4 5 54 30 79 26 40 71 97 43 74 33 34 92 94 41 52 97 7 61 49 8 3 75 7 43 97 92 3 84 84 13 91 96 57 20 93 41 30 90 23 52 64 52 73 21 39 16 51 83 47 29 20 87 49 58 51 77 70 18 31 70 15 16 54 84 50 93 22 30 59 2 36 51 94 76 36 82 5 65 1 31 45 57 36 84 58 69 99 0 79 50 84 36 90 1 39 65 67 74 44 13 51 82 24 1 76 70 27 23 43 69 23 23 49 1 55 99 26 44 1 79 27 64 88 22 14 21 17 75 67 54 53 66 73 91 7 67 9 57 99 43 42 14 78 44 90 79 75 48 56 96 47 9 11 99 20 19 30 3 31 81 28 45 59 49 33 95 6 47 18 89 18 99 98 2 54 82 65 5 18 70 61 15 56 25 83 19 9 45 23 19 19 92 55 28 56 77 13 9 71 45 82 15 69 96 50 13 7 97 22 22 15 23 25 72 76 68 54 52 93 98 48 21 88 52 11 6 51 84 2 22 87 3 10 74 21 28 42 34 94 16 68 31 49 17 7 12 26 10 56 23 98 30 6 6 6 73 49 15 67 92 63 72 3 27 97 70 84 7 27 69 97 37 35 99 18 17 39 29 88 31 50 15 30 83 68 13 77 71 44 16 78 5 97 74 1 66 28 36 92 67 65 30 5 94 44 82 69 71 66 58 77 10 16 72 11 16 83 95 37 66 65 31 71 21 87 20 94 0 83 31 56 94 55 42 3 24 43 37 66 18 32 48 73 33 61 2 44 8 3 83 54 45 35 47 18 83 47 79 31 85 61 75 40 94 38 8 73 2 99 10 53 48 60 26 88 18 82 74 16 24 55 49 92 69 3 9 3 26 1 2 55 73 23 85 87 25 30 8 65 6 41 48 90 3 79 28 3 58 99 52 29 16 76 49 19 66 9 
59 30 3 86 49 45 23 16 4 23 67 18 34 94 14 52 88 53 80 24 38 24 13 55 90 2 92 41 80 31 68 48 64 16 86 74 56 11 32 81 4 59 50 98 91 8 12 9 96 70 95 8 17 96 79 54 46 67 7 99 85 92 75 41 24 59 35 44 76 28 64 81 53 51 29 75 27 18 18 76 67 46 83 15 36 95 87 89 31 72 43 73 53 99 94 31 64 8 61 85 1 4 19 73 12 39 39 25 68 38 20 44 57 71 34 0 79 94 42 8 53 17 94 96 46 78 98 55 3 96 98 92 5 47 37 64 36 79 5 99 20 43 80 57 51 18 22 31 75 99 84 18 53 14 81 71 78 23 31 4 57 1 64 34 6 61 58 27 46 76 7 22 98 45 61 56 60 8 76 14 31 84 21 84 94 60 40 12 37 60 9 95 35 20 64 55 31 18 25 22 52 16 73 61 63 52 58 1 60 11 12 62 63 83 65 62 37 65 94 36 21 15 48 68 76 30 22 38 57 22 19 96 96 36 22 21 21 5 44 11 52 45 98 30 4 70 32 62 68 90 57 5 76 10 67 86 12 58 50 7 98 9 56 26 14 21 23 18 90 42 55 95 67 45 54 43 25 44 73 23 74 44 23 19 25 3 91 37 4 11 79 27 88 47 92 75 69 37 69 3 98 4 34 53 61 94 55 8 78 41 77 3 28 53 77 85 37 13 81 34 75 83 94 6 67 5 14 0 85 34 34 40 52 95 59 76 55 94 94 63 64 61 36 87 40 23 55 20 91 64 63 81 41 81 31 87 53 81 84 80 18 10 82 30 4 20 76 12 64 56 87 60 21 35 10 82 40 44 13 80 75 72 73 2 47 61 82 59 80 73 64 84 80 47 63 85 82 45 6 66 64 80 34 24 72 29 62 21 95 22 94 92 94 25 13 47 68 59 23 81 56 79 51 8 16 7 79 84 63 8 1 34 91 10 86 83 46 74 30 27 90 44 95 96 26 7 53 95 4 63 17 22 35 97 17 3 98 68 20 56 98 39 85 35 46 42 21 12 89 99 48 13 15 46 97 69 65 66 6 72 19 45 82 26 15 53 33 41 88 25 28 29 51 40 86 14 20 20 93 20 
20 30 57 50 81 79 70 95 79 86 80 38 70 53 52 40 40 77 41 60 16 22 31 10 67 10 99 38 38 4 87 31 71 96 69 31 29 13 34 1 51 47 27 71 76 91 20 21 64 28 19 45 69 83 79 43 28 76 93 0 14 34 31 67 55 89 27 44 62 31 35 20 73 30 63 8 86 39 58 0 89 97 16 79 0 16 39 17 5 4 36 80 95 71 81 67 59 70 85 28 44 29 63 92 49 45 43 44 6 66 97 82 26 10 48 0 52 45 34 92 3 21 36 53 50 17 8 69 52 25 25 51 35 59 35 63 28 73 24 96 42 50 19 78 96 26 38 68 65 42 37 35 12 23 1 47 85 97 70 58 76 47 40 39 88 82 19 24 37 23 2 75 26 88 26 41 34 97 44 36 39 95 76 55 99 34 10 20 59 16 13 53 57 25 54 2 86 44 3 69 48 37 41 79 48 93 7 30 52 79 92 16 39 9 99 35 41 14 12 45 96 92 2 54 63 46 95 48 38 6 27 67 78 57 73 96 98 59 2 46 74 60 79 39 88 34 73 64 60 19 27 97 49 95 20 99 4 61 30 6 82 13 50 61 22 90 69 11 60 64 6 65 69 93 73 62 38 39 19 6 91 42 43 29 65 76 41 30 74 92 61 27 52 23 90 36 52 76 71 60 76 99 69 66 16 28 10 36 70 9 78 64 11 69 84 28 52 2 55 67 8 22 58 88 76 45 9 83 21 86 53 6 20 71 89 6 8 50 30 30 59 42 8 18 46 89 46 68 78 55 39 3 19 67 30 93 8 4 95 35 23 90 96 66 23 6 87 80 47 8 76 43 9 88 89 53 95 23 60 45 44 34 57 70 66 10 89 29 34 39 90 63 1 59 15 19 18 43 39 61 79 84 93 60 17 9 55 29 6 89 59 16 41 19 93 43 85 33 46 49 34 37 85 80 36 61 32 30 92 2 37 24 68 60 65 93 42 87 92 13 36 4 83 93 90 6 83 2 92 15 23 88 10 36 59 42 30 64 33 58 29 55 28 54 12 14 12 41 40 49 6 78 56 21 4 79 6 7 18 5 48 5 38 79 68 23 45 8 22 0 11 21 77 54 46 11 97 92 86 32 
60 39 55 72 10 55 65 35 33 82 7 9 88 77 48 9 3 34 95 47 32 69 62 52 45 35 41 26 83 4 82 80 45 85 51 86 27 85 16 12 75 7 14 89 97 44 81 87 8 53 49 34 25 36 18 85 0 14 90 7 72 96 93 26 67 94 60 12 9 29 71 83 1 42 87 19 34 14 64 85 34 11 62 54 44 95 47 40 39 92 48 36 50 43 19 33 26 25 1 23 7 98 51 84 38 28 30 51 71 32 35 26 29 27 16 94 78 11 52 60 56 51 65 30 12 17 28 23 19 19 77 63 10 36 44 2 43 19 30 10 60 68 92 95 1 30 41 55 21 77 42 14 70 20 71 88 63 94 56 40 1 29 81 47 92 55 45 17 30 88 65 28 62 63 44 31 23 1 54 40 23 87 29 93 30 48 84 44 86 46 78 21 89 27 57 4 36 99 48 35 49 92 93 44 16 58 99 31 58 68 27 94 36 35 25 82 78 29 10 42 45 77 72 58 97 69 69 97 3 8 87 49 72 65 99 39 74 88 37 86 35 11 83 5 26 43 50 21 53 9 73 31 12 91 16 2 99 55 32 67 64 90 95 46 1 93 51 32 33 88 37 73 40 23 68 32 39 37 55 5 55 46 19 39 8 24 31 25 31 38 87 94 71 53 80 99 34 11 0 20 99 32 89 28 23 46 76 8 67 72 98 91 76 18 79 93 60 12 0 29 87 84 23 33 52 2 82 47 94 2 91 2 27 83 43 46 64 6 92 76 72 4 5 90 73 48 68 1 12 88 81 68 97 11 82 44 48 7 44 76 2 0 17 91 78 77 60 75 33 41 20 17 72 52 73 70 98 44 27 9 17 18 68 86 45 81 28 96 10 73 52 34 73 84 92 35 62 45 68 60 64 77 16 87 22 38 34 61 61 94 44 71 38 68 22 88 45 12 11 1 34 69 20 63 15 54 80 57 66 53 62 97 89 52 55 49 59 45 91 45 68 38 62 47 51 68 43 1 75 63 33 74 29 61 69 88 33 54 7 90 87 97 80 78 94 52 34 39 93 93 49 62 22 27 15 6 77 16 67 79 39 82 84 72 46 19 58 99 57 80 7 37 36 7 88 13 1 48 2 38 
87 63 85 45 20 68 49 55 15 38 66 27 35 28 38 95 17 73 13 4 18 8 78 79 1 44 63 9 53 92 61 62 74 37 77 50 84 10 69 79 41 64 47 11 25 79 59 46 51 57 64 7 1 98 30 67 46 68 49 92 63 84 99 70 36 64 73 24 69 54 63 66 12 21 24 91 96 26 61 5 35 66 45 62 92 94 96 30 84 39 89 14 62 8 94 63 68 24 91 68 52 84 75 15 91 65 11 10 1 45 47 93 1 32 26 88 66 84 63 67 70 82 37 52 50 28 36 80 38 62 53 13 47 64 33 63 26 23 93 9 14 24 4 70 57 47 11 23 31 77 69 55 36 55 75 38 19 28 10 2 31 56 85 8 53 43 20 89 38 85 89 16 46 71 73 3 60 75 46 32 56 59 72 10 95 47 96 95 58 4 84 85 38 84 45 28 70 15 37 78 61 6 25 14 30 7 50 69 9 40 41 2 68 4 85 51 38 47 24 40 78 0 10 56 99 52 65 10 59 30 72 58 42 42 95 15 60 66 47 15 81 34 14 9 91 62 72 79 97 42 55 9 28 80 32 20 99 6 79 73 7 78 69 28 2 46 96 53 63 69 99 66 99 49 47 59 10 39 53 61 21 19 20 65 74 53 73 84 97 16 90 66 62 5 20 28 47 4 28 17 23 53 27 18 31 9 65 42 8 49 31 78 33 64 89 60 86 77 83 69 33 24 73 29 5 70 8 75 20 33 63 58 21 32 72 42 53 2 91 42 89 30 64 14 1 60 0 39 24 30 28 62 92 1 69 21 71 12 99 25 81 53 36 77 64 8 24 82 26 49 55 0 26 61 62 27 42 59 26 2 10 66 61 32 5 51 26 95 96 25 15 5 99 45 29 41 24 59 99 59 81 4 19 48 82 74 58 20 10 9 46 40 62 95 89 50 76 42 60 30 8 12 29 88 89 91 84 36 66 87 63 65 66 85 20 5 17 85 32 31 12 58 42 70 60 36 38 29 25 78 22 91 32 29 68 18 43 73 18 70 81 2 2 67 6 78 94 19 51 54 91 77 29 86 64 63 42 92 86 57 49 59 70 70 83 80 46 78 98 69 51 48 25 34 54 38 4 33 81 60 
1 61 57 9 87 73 66 16 78 53 34 61 91 85 94 82 10 85 61 60 37 93 38 26 79 26 13 62 72 64 61 21 42 98 72 60 57 63 38 84 63 86 66 10 4 88 91 99 20 44 2 65 52 88 37 55 21 38 55 58 71 89 77 21 15 77 33 97 87 0 72 76 58 75 22 79 50 32 92 18 81 9 41 65 16 97 10 40 58 14 82 22 4 55 82 34 51 22 24 33 74 28 2 64 46 20 25 85 75 82 99 27 25 81 2 75 12 98 22 12 19 10 77 59 87 6 28 92 78 41 12 84 21 88 91 71 75 69 57 83 99 32 82 1 77 38 1 16 68 62 41 92 38 66 79 13 44 21 71 84 20 91 87 41 81 86 42 14 89 22 12 74 53 43 19 9 24 81 33 15 88 65 71 60 34 38 45 35 16 46 71 26 94 42 59 36 12 64 96 0 25 59 43 93 49 44 84 79 14 91 51 77 93 47 19 83 59 30 87 82 50 56 23 21 47 84 53 10 24 92 29 94 46 40 22 53 7 25 58 58 24 26 95 77 10 76 30 21 94 99 1 21 43 60 92 30 51 51 21 75 33 44 17 83 49 46 4 42 95 80 92 86 93 0 89 32 80 92 52 59 46 43 6 93 66 64 82 4 43 65 63 54 69 18 11 80 84 3 35 51 58 64 8 96 17 39 77 34 54 63 1 69 16 15 39 10 3 77 65 56 18 92 67 72 74 88 96 88 73 52 45 49 20 0 28 40 61 53 58 14 96 26 29 18 34 84 89 59 82 3 81 81 36 50 72 1 99 53 93 68 56 54 15 75 79 78 45 65 44 33 81 45 46 11 96 27 94 64 34 68 12 14 41 8 49 38 75 80 41 13 28 4 75 47 85 14 85 17 55 40 18 51 18 38 93 87 57 44 16 21 70 42 76 15 63 49 6 4 88 61 43 0 93 3 28 57 43 54 25 5 26 92 96 30 61 82 0 87 77 36 46 69 79 89 70 4 61 43 83 44 47 1 25 46 54 30 15 87 32 90 4 58 25 70 48 44 18 36 75 73 24 31 94 70 31 60 71 87 24 18 82 6 36 64 51 15 45 76 54 24 82 26 33 96 94 17 45 12 53 37 
7 75 30 82 99 71 84 44 62 94 76 96 37 50 30 89 66 35 4 54 67 38 7 75 72 35 71 30 16 70 81 25 95 55 3 97 26 32 44 73 43 27 76 86 7 20 22 89 89 34 37 0 33 16 44 89 89 55 5 33 19 71 75 51 47 75 50 75 2 97 7 54 55 17 90 91 48 76 24 15 21 8 20 9 61 58 80 91 69 41 76 5 5 13 55 36 20 62 84 73 83 21 55 63 85 28 16 33 77 94 4 28 4 81 35 33 86 48 61 82 35 3 35 15 90 81 65 47 12 40 85 70 86 51 59 57 65 87 59 28 5 98 46 64 29 14 64 49 4 82 9 69 91 54 72 26 15 7 0 53 38 1 73 39 21 40 2 28 71 60 23 85 5 61 89 30 61 61 93 89 43 12 77 1 22 39 77 55 51 72 10 33 83 68 68 40 30 61 97 43 92 38 19 0 11 37 59 6 14 16 12 76 24 98 65 30 19 68 11 45 94 38 61 8 49 31 93 28 81 2 68 79 27 49 25 92 85 32 34 86 75 29 46 59 94 89 93 87 90 19 38 61 41 87 78 1 51 46 78 75 1 99 99 51 89 17 91 74 87 32 79 63 48 58 22 41 97 43 69 41 16 30 25 95 11 9 1 49 10 63 85 86 82 40 53 48 65 34 2 81 31 7 45 44 45 21 10 87 38 73 20 67 60 11 10 26 52 50 89 24 60 71 15 49 76 26 55 2 55 57 14 6 67 39 6 71 23 72 76 49 84 4 60 17 26 33 31 58 45 68 28 9 51 54 36 47 64 7 78 16 39 40 51 64 3 98 16 96 86 94 57 70 28 78 23 17 3 67 33 57 93 73 48 61 75 96 23 85 89 49 12 2 6 4 40 32 73 99 20 48 12 71 97 50 92 85 26 97 82 19 96 4 64 88 6 39 31 14 53 59 51 66 5 45 27 6 14 74 79 6 18 90 95 19 72 15 30 31 12 29 39 92 68 46 87 85 74 16 35 22 71 87 51 24 59 73 78 60 42 77 76 67 90 32 38 18 98 14 17 6 39 62 26 86 68 48 85 84 80 3 47 2 27 84 48 2 56 85 20 56 58 53 89 9 76 87 90 16 22 86 
30 13 21 48 8 37 54 69 42 25 35 17 4 32 37 48 62 95 74 54 20 72 38 8 97 47 63 10 42 93 69 92 68 71 55 82 92 45 84 91 38 60 9 50 21 26 95 40 41 13 99 64 94 30 92 0 44 6 96 30 66 25 27 23 63 18 61 32 31 7 51 18 82 57 20 69 26 95 55 39 66 19 47 34 67 41 34 13 70 63 71 18 78 92 24 89 72 69 11 8 24 21 23 48 41 32 73 46 55 46 15 22 40 85 16 96 42 52 13 92 40 10 36 84 39 34 56 90 14 24 96 92 79 52 67 34 16 21 95 30 93 25 37 84 32 3 57 51 67 77 49 32 17 87 63 44 56 96 22 88 37 35 30 40 84 28 89 55 61 5 32 41 35 39 58 14 33 81 9 11 71 95 34 26 89 87 71 23 9 48 60 96 17 62 75 85 72 10 27 76 66 46 50 43 86 60 81 23 3 39 29 27 56 50 24 86 41 44 38 89 63 0 8 24 91 89 16 30 54 92 94 60 79 61 67 34 97 28 16 80 90 86 61 24 9 18 82 15 52 15 58 13 57 22 75 36 90 77 25 88 50 0 38 53 42 43 21 29 96 15 37 45 11 4 5 1 19 7 10 10 62 37 12 8 75 52 40 52 42 4 25 47 61 25 43 31 61 71 68 74 91 25 93 1 37 98 8 99 28 93 74 22 76 29 36 29 14 92 85 19 36 63 62 30 66 90 60 23 68 36 58 30 3 58 68 57 37 53 43 29 19 80 79 60 53 90 17 5 81 48 96 73 19 99 30 74 21 21 82 85 57 84 86 60 91 87 14 76 9 35 35 81 56 77 0 91 53 74 28 35 28 83 26 7 72 34 14 18 26 69 33 28 18 70 67 4 0 74 22 15 11 93 90 16 44 18 83 40 97 44 34 64 88 1 3 73 65 78 50 79 94 58 45 89 34 69 42 8 12 56 18 53 30 28 40 68 34 76 42 55 32 48 13 8 99 98 19 10 32 17 62 13 16 72 50 59 50 71 35 25 97 30 96 59 15 87 35 17 90 20 62 39 34 17 97 90 84 74 6 87 4 61 25 15 29 63 52 59 41 47 86 50 27 58 93 29 41 29 9 42 
89 16 63 57 39 97 76 42 40 25 63 23 70 93 37 89 44 51 86 93 39 17 62 17 56 74 73 46 44 4 88 4 46 34 37 60 48 51 88 38 45 15 95 67 49 53 12 80 53 16 97 96 8 85 44 2 18 4 11 87 61 71 78 99 61 37 75 61 20 56 27 52 86 36 10 54 53 56 51 8 28 42 65 20 41 67 36 54 89 10 17 15 83 6 75 33 75 24 43 91 12 70 39 8 27 84 52 81 91 72 45 28 14 9 2 82 89 68 94 29 23 19 33 23 98 69 29 85 43 93 7 11 39 2 89 31 81 19 65 0 97 84 36 77 74 97 27 50 33 66 94 26 54 55 8 22 90 0 7 9 29 7 36 36 45 44 64 88 3 66 0 18 6 92 82 26 9 55 98 19 47 30 32 50 93 10 94 53 72 23 64 98 78 62 70 39 70 68 70 56 94 79 11 4 7 8 36 92 69 89 1 74 69 72 55 76 65 8 11 75 83 42 41 55 76 82 53 84 51 31 97 15 96 52 52 45 90 65 62 27 48 13 1 90 99 57 0 93 1 5 18 9 92 81 66 53 58 63 96 90 79 67 26 24 3 71 84 58 66 41 84 94 86 1 26 0 28 63 55 61 13 21 9 63 26 76 87 7 65 97 48 38 82 34 53 76 14 26 34 14 15 29 74 61 97 63 12 96 44 84 96 11 61 12 46 72 45 80 3 10 23 40 61 27 77 98 66 78 42 67 68 42 10 42 59 42 11 38 94 89 31 99 15 19 78 94 30 93 65 59 71 57 63 16 91 86 43 13 32 7 46 16 88 61 46 70 21 18 67 65 13 52 65 63 95 34 79 23 64 73 3 67 96 54 33 82 30 62 24 42 45 82 94 88 67 48 87 90 58 48 18 50 14 80 19 22 38 44 21 79 90 53 98 66 36 10 22 24 37 32 89 37 15 28 99 35 77 71 90 59 91 62 23 64 6 25 29 63 62 12 6 47 82 60 54 42 7 79 65 95 14 92 0 61 39 13 88 73 66 21 70 16 59 68 58 43 8 33 53 94 76 75 84 9 21 83 72 21 75 53 74 16 91 65 20 96 1 44 97 14 78 47 7 16 24 79 76 55 39 34 
17 35 71 45 47 79 55 66 74 53 58 99 42 37 41 96 34 5 36 34 6 74 32 88 74 97 96 15 39 0 54 88 4 58 65 5 97 35 4 76 83 33 30 26 72 76 72 88 92 32 38 38 44 33 49 41 74 46 76 71 89 46 46 44 63 47 20 47 84 91 56 37 16 37 81 45 8 15 59 2 37 37 81 21 82 99 85 94 35 31 80 47 14 93 11 74 64 6 25 72 35 58 2 35 15 93 59 49 47 36 51 89 42 65 94 50 1 20 36 90 18 36 84 21 77 69 45 73 82 51 52 52 23 11 39 39 19 40 62 66 56 54 97 58 5 6 93 70 95 36 62 97 37 60 75 74 54 7 84 30 10 82 61 2 95 60 32 84 29 40 41 31 83 45 83 40 56 1 82 65 38 56 30 76 47 90 3 97 33 33 67 20 74 15 96 75 47 80 14 88 40 65 67 89 25 25 34 92 51 6 16 94 46 22 45 43 17 51 62 56 47 76 67 48 29 15 24 2 20 11 56 63 40 69 33 91 17 34 5 94 4 62 36 53 14 72 11 5 21 60 5 19 39 33 96 69 55 60 62 16 60 93 1 46 49 25 15 30 75 52 30 17 33 55 38 51 14 12 4 59 90 77 4 67 65 59 34 36 65 80 50 28 2 62 24 29 80 85 45 69 95 19 71 90 42 23 70 68 66 80 72 28 84 50 46 52 58 45 33 88 26 85 80 23 83 22 6 63 4 21 6 85 82 43 33 64 33 16 68 91 98 78 27 89 60 72 13 69 29 85 44 54 6 69 28 25 89 77 99 89 93 82 4 21 87 64 20 48 4 72 52 13 19 76 88 14 65 17 31 83 2 34 93 26 34 43 93 97 15 96 87 70 44 70 25 34 38 54 72 10 47 38 97 6 49 41 12 94 43 79 53 37 78 11 38 11 97 94 92 80 5 77 29 63 80 67 50 84 76 86 36 72 12 14 28 9 82 41 55 13 3 96 15 12 67 6 76 82 47 68 97 85 12 21 83 47 89 71 6 42 52 94 25 85 49 15 29 74 28 8 13 49 76 26 73 32 64 38 74 98 60 16 96 1 31 61 79 27 20 64 11 49 63 15 59 19 1 39 0 58 
42 38 81 31 26 39 2 24 34 27 34 8 45 46 69 87 6 59 50 95 48 41 67 88 83 18 90 3 73 65 93 25 21 31 65 50 10 93 0 60 27 21 94 56 37 10 44 12 26 81 64 70 77 13 96 52 98 2 42 24 28 53 47 46 39 47 63 52 11 55 49 53 66 72 31 5 65 44 4 20 86 86 92 60 40 78 8 4 71 66 11 59 94 83 91 2 23 82 52 41 45 9 50 19 87 60 89 11 52 36 54 90 66 1 80 98 32 43 32 17 47 44 24 75 59 79 37 44 66 64 76 78 85 59 58 17 7 70 52 55 86 50 14 46 55 24 70 8 73 0 47 71 45 31 50 65 8 18 17 1 50 17 79 14 33 53 19 48 17 44 36 5 79 71 96 22 16 10 43 2 47 25 59 17 29 91 25 77 84 90 51 41 94 2 80 95 24 91 55 51 90 63 96 24 8 97 27 19 29 51 19 18 67 6 54 16 44 83 21 18 27 0 10 35 66 41 96 50 11 21 19 75 72 40 57 97 76 9 57 52 82 71 17 87 72 51 5 71 45 5 82 84 6 41 88 35 79 92 51 38 52 71 43 40 57 49 47 32 15 4 20 3 12 26 63 59 31 81 76 23 96 16 51 64 48 79 95 31 56 9 5 72 62 89 15 9 21 36 62 28 18 60 73 68 62 4 51 11 70 30 79 87 9 72 81 34 77 4 64 84 29 46 54 27 49 3 11 18 42 71 38 9 40 39 56 80 25 25 10 42 83 87 49 20 73 34 89 65 14 82 78 1 15 58 94 61 54 90 22 77 18 32 10 56 29 83 96 47 0 9 8 44 90 53 8 85 23 56 96 82 70 35 43 55 69 28 28 62 40 40 30 35 57 90 20 41 98 54 11 16 35 40 49 67 34 78 26 55 72 95 61 69 53 94 17 5 59 10 61 75 71 99 1 87 5 85 42 91 18 23 99 44 54 3 37 81 27 27 32 6 6 71 79 65 36 74 9 5 1 19 1 32 36 21 56 63 28 84 57 59 89 50 81 26 94 80 51 82 69 17 37 25 63 73 81 2 14 9 19 23 88 71 60 92 50 80 66 67 33 93 80 56 39 6 65 67 70 52 68 23 
60 79 11 37 23 51 68 69 47 10 95 33 88 46 17 4 61 99 93 48 5 47 33 83 61 13 79 10 74 4 40 83 61 56 4 77 8 91 44 46 88 9 9 16 15 60 26 7 42 13 47 26 74 46 70 95 71 42 66 8 43 10 51 63 92 14 90 18 24 43 17 68 87 50 48 94 31 25 5 30 28 76 29 60 51 91 16 77 15 45 96 84 92 20 89 55 67 28 59 75 83 57 62 96 22 93 25 63 39 17 11 28 15 91 91 54 85 12 35 1 3 59 87 8 49 77 81 6 64 26 92 37 11 80 97 81 65 82 69 27 23 16 72 46 27 42 5 18 10 42 23 94 34 98 80 81 19 57 20 93 90 48 20 0 78 59 0 32 47 42 93 92 76 99 51 20 85 61 62 33 1 77 16 45 8 31 98 21 17 35 74 43 46 54 29 99 67 76 28 81 96 79 36 81 37 36 14 73 36 32 76 90 46 14 85 65 50 6 23 16 71 21 75 13 23 16 21 47 71 74 1 83 36 18 53 16 22 72 31 22 57 19 41 19 10 11 39 23 79 88 53 25 89 86 95 47 81 58 57 27 61 97 14 86 52 64 19 30 28 80 7 10 83 34 10 24 72 66 55 42 11 87 6 21 20 38 73 48 68 16 81 32 85 89 29 95 23 3 95 94 62 62 86 98 14 9 23 54 52 33 78 7 23 37 88 12 95 81 91 40 1 10 89 93 39 26 44 70 21 41 65 57 72 60 12 77 42 53 67 25 51 42 63 58 86 12 55 13 19 51 91 77 83 13 0 51 96 80 96 30 83 96 61 6 91 41 68 24 24 60 88 0 48 79 93 58 32 74 21 84 10 21 26 96 86 39 16 17 39 60 21 20 40 2 6 2 58 40 40 42 75 7 16 44 63 38 27 95 90 29 49 91 35 21 15 32 39 90 95 16 65 4 63 4 80 10 73 12 93 27 14 61 71 19 0 64 1 70 90 83 47 7 90 3 99 20 16 38 1 16 14 8 44 49 33 73 60 51 59 49 93 1 83 94 89 2 12 45 5 31 14 55 87 11 49 3 56 86 19 61 92 15 0 28 30 32 45 7 58 75 74 93 33 94 7 51 60 14 40 42 
67 73 63 74 91 97 82 8 69 84 58 39 61 33 75 53 87 23 17 15 21 77 54 3 33 38 17 32 80 26 95 84 87 16 72 21 30 5 33 49 82 76 95 64 15 36 69 98 53 24 70 57 14 73 85 75 57 97 83 92 6 57 71 75 82 76 50 7 40 55 65 24 48 60 66 21 94 67 8 56 50 33 59 20 7 55 41 51 50 99 7 44 89 45 86 26 75 37 38 94 49 83 95 77 34 31 45 54 63 54 34 90 10 52 82 49 91 35 16 4 67 72 62 92 77 77 73 90 71 47 14 6 50 73 28 57 48 16 38 26 49 73 8 41 71 44 33 75 91 5 20 61 5 12 92 63 10 85 55 90 48 22 58 57 94 61 81 88 14 77 95 62 8 83 45 53 23 72 14 27 53 42 22 76 74 44 44 77 93 85 10 95 0 7 92 48 30 63 37 33 97 5 58 9 56 26 15 13 97 2 59 85 23 68 5 53 0 58 68 43 21 45 28 44 35 16 2 10 32 76 87 97 9 24 16 4 6 26 72 82 70 61 40 88 77 24 11 1 47 47 82 61 55 45 27 18 64 58 46 24 70 50 14 59 4 58 20 43 97 21 57 27 97 9 71 68 46 67 30 0 61 68 11 86 14 49 41 5 15 78 18 69 12 79 87 4 20 63 64 45 30 64 98 57 10 6 94 79 26 63 7 41 32 7 79 35 14 70 22 68 28 86 15 75 80 77 62 92 32 27 74 18 67 27 43 87 53 12 27 98 73 38 42 53 28 86 82 11 31 34 48 75 51 56 72 34 32 38 79 90 33 70 47 31 34 30 23 10 51 15 20 28 44 90 51 75 27 60 19 11 38 18 9 4 81 27 59 27 16 72 34 6 57 12 83 8 83 6 64 85 35 75 62 94 13 73 73 16 23 44 92 87 66 51 23 4 58 74 82 58 10 5 74 21 18 5 54 96 92 73 68 53 18 13 12 15 59 85 66 63 16 60 71 50 11 39 52 70 64 35 18 22 52 12 33 59 40 66 63 68 39 65 64 58 90 83 32 97 51 44 40 41 20 55 33 32 30 40 53 64 97 13 47 72 77 48 33 47 93 77 24 88 60 28 63 51 53 38 84 36 
19 13 60 86 29 13 54 95 38 92 29 58 96 12 85 51 14 23 79 90 60 87 79 7 85 96 35 61 55 99 73 57 90 40 42 1 10 14 49 16 47 53 10 33 82 32 51 60 86 88 66 67 30 77 13 69 76 12 62 19 50 16 99 4 17 21 89 3 48 74 3 6 66 26 6 45 50 9 35 91 9 15 8 27 8 94 10 11 85 71 54 66 44 39 6 48 51 68 27 79 33 69 69 59 30 62 50 85 8 43 27 23 31 56 3 30 11 49 93 57 62 87 33 85 17 19 70 82 0 41 30 94 4 47 37 95 67 99 94 89 44 66 92 64 61 15 72 75 99 20 88 22 17 19 12 29 27 35 70 57 4 16 27 47 10 16 68 27 69 20 10 67 23 75 26 43 66 41 87 35 42 18 89 15 57 7 90 30 44 37 23 14 28 85 70 19 13 21 57 23 89 25 57 0 20 32 64 48 11 0 76 57 58 50 29 63 47 11 53 23 19 36 49 21 35 57 59 25 84 36 74 74 42 98 81 15 55 2 12 22 54 41 83 98 6 26 40 91 17 3 71 53 77 12 40 33 82 54 17 58 7 34 17 32 37 67 44 74 29 46 44 2 17 97 39 17 63 17 62 75 90 39 69 35 89 41 52 62 83 13 53 50 43 24 63 3 77 48 99 81 85 90 37 43 48 78 97 51 76 99 2 18 15 92 59 98 71 99 48 82 20 59 63 72 67 8 84 84 94 38 50 17 11 60 39 98 22 81 97 75 41 40 69 12 74 80 5 5 51 30 61 50 1 58 27 73 95 60 96 98 48 11 20 66 76 46 33 39 10 51 95 10 66 12 80 42 6 72 22 97 70 6 27 57 92 32 81 40 92 15 78 23 28 96 55 23 55 42 41 97 47 47 3 76 4 20 48 48 47 89 16 53 43 35 18 41 91 48 45 34 97 40 83 95 49 38 49 21 72 35 85 61 58 12 52 8 82 94 64 29 62 29 77 30 99 57 74 38 89 21 94 23 62 73 0 75 23 91 55 35 96 12 58 42 1 72 27 43 45 71 15 6 42 41 14 88 12 41 75 5 75 53 89 50 19 13 19 15 23 33 9 14 6 63 24 40 92 66 32 60 
43 84 28 26 39 94 58 62 0 25 0 21 60 91 78 99 77 92 68 86 16 50 67 45 58 75 83 21 9 82 23 48 42 63 32 26 70 31 91 29 95 11 2 96 88 99 93 59 55 74 13 57 98 16 4 61 20 96 2 31 94 28 44 66 18 73 27 34 10 83 83 72 67 1 1 87 32 89 22 30 86 91 52 15 58 18 18 66 9 14 23 78 46 88 27 51 57 79 49 33 63 96 24 48 38 61 89 84 86 89 4 15 77 3 59 9 15 60 23 67 48 77 52 63 30 34 51 43 25 8 2 32 30 97 88 56 40 57 57 63 49 11 0 95 52 74 72 6 49 57 88 53 42 34 2 6 68 82 89 25 34 87 61 30 69 30 72 69 79 55 71 60 38 47 22 53 75 96 67 71 68 15 36 47 2 67 57 22 82 68 97 53 2 78 7 52 71 19 55 99 77 86 29 97 7 73 70 54 91 30 26 88 9 81 9 18 24 21 64 12 52 8 51 61 31 72 52 9 85 72 75 97 33 78 36 25 31 46 96 62 55 34 32 32 67 55 33 37 76 8 49 7 85 35 10 82 0 61 16 74 89 13 86 60 56 59 64 50 50 72 71 20 35 65 36 36 71 85 26 53 43 9 66 56 53 27 28 99 30 1 19 42 90 82 29 87 1 25 88 69 1 8 57 76 76 80 95 91 40 0 54 54 52 66 12 34 20 49 3 62 88 48 53 98 56 99 32 87 68 68 90 69 11 23 96 87 33 65 69 46 22 46 37 35 39 21 83 10 47 82 24 31 22 90 77 54 84 0 43 43 33 80 16 94 36 71 89 17 74 46 54 36 93 52 85 32 57 49 46 39 21 16 35 7 52 47 88 73 29 74 93 12 21 85 87 50 97 90 83 1 48 38 45 26 94 94 88 91 33 89 39 2 90 65 27 98 51 39 22 16 12 19 8 89 63 75 23 59 73 27 88 20 10 96 47 68 56 33 32 25 7 51 68 71 35 20 18 51 30 18 47 62 79 89 22 47 8 2 16 37 40 85 58 58 64 70 33 5 7 43 79 29 95 70 10 73 58 20 6 22 13 69 70 84 72 46 0 98 11 91 29 29 99 14 6 74 55 43 40 5 
4 14 50 64 30 18 45 97 30 59 80 9 5 6 1 45 63 8 85 25 72 92 91 63 17 9 60 0 78 99 83 61 30 53 84 41 15 63 89 50 76 76 48 14 85 11 86 66 46 5 79 89 71 26 39 62 50 86 40 13 33 18 41 85 97 47 11 70 39 77 26 33 22 91 2 81 13 66 6 91 51 51 0 57 69 46 75 38 22 41 82 25 4 48 97 52 14 2 5 39 97 24 15 6 51 40 21 95 94 17 49 19 97 73 54 70 33 99 7 29 14 86 41 91 84 33 8 59 80 37 3 10 97 72 45 48 44 79 7 15 43 42 70 79 33 15 35 7 11 68 45 92 69 13 94 76 76 53 30 26 59 88 21 48 59 53 80 99 8 8 46 74 52 87 59 82 38 5 20 61 27 71 3 50 60 66 6 79 65 52 55 64 75 70 99 0 84 31 84 56 11 11 11 12 94 27 14 5 16 50 40 24 54 19 98 73 85 37 22 81 41 39 15 73 17 53 60 11 11 38 60 39 85 89 26 8 52 5 64 11 36 44 49 35 72 59 82 29 43 35 17 98 14 20 41 82 96 53 86 76 29 67 78 59 23 88 38 19 54 95 77 21 88 91 17 71 75 37 47 7 51 14 42 53 32 40 71 39 57 64 39 89 4 48 80 85 44 41 80 72 73 72 92 46 66 81 69 15 1 96 49 55 99 47 40 15 57 36 43 19 35 3 4 22 46 7 75 41 96 29 37 36 91 8 51 23 22 19 49 60 33 12 19 76 94 23 40 87 63 14 34 51 30 30 85 56 11 2 47 78 56 78 79 23 7 39 28 44 99 57 57 5 32 29 91 31 80 76 58 17 34 12 87 58 34 57 73 75 97 27 44 0 63 2 99 80 26 5 40 92 73 67 72 23 36 20 63 7 26 60 94 95 32 65 88 53 4 81 46 6 50 5 21 8 81 91 8 67 66 75 35 44 44 98 4 61 31 91 76 13 27 78 3 11 99 76 19 4 55 72 34 50 61 23 99 22 39 91 4 49 26 15 69 95 45 52 71 40 77 15 5 48 75 9 59 69 55 47 69 38 31 28 86 82 31 39 74 21 60 25 37 98 78 94 62 2 67 11 86 88 
49 96 28 37 90 23 56 46 62 45 30 8 73 51 6 83 3 72 42 6 92 33 12 25 11 45 41 44 30 73 44 8 31 7 59 28 53 67 43 58 30 34 30 85 80 67 18 76 37 10 35 72 15 71 53 87 20 98 71 26 15 20 63 9 87 78 15 92 7 37 51 28 10 46 33 37 80 46 29 90 2 37 89 68 70 10 4 76 49 87 16 40 65 15 77 42 90 83 20 25 57 13 2 20 71 45 6 86 34 10 5 65 76 37 43 37 24 40 92 27 87 6 12 5 52 1 44 96 27 84 62 81 66 23 3 76 19 27 86 46 88 62 92 76 85 26 6 76 6 29 70 48 29 17 31 29 40 8 38 70 30 19 1 37 30 79 45 37 45 52 81 53 61 54 27 76 1 88 90 9 43 27 75 56 55 82 48 78 58 79 56 69 71 15 68 60 69 5 77 26 78 16 67 36 90 86 65 56 3 3 43 15 51 3 61 43 86 95 8 9 93 38 77 41 7 3 64 76 68 45 95 1 32 12 92 47 81 42 16 17 51 52 85 63 78 41 36 36 53 47 27 37 98 93 39 37 70 49 25 65 70 23 54 98 94 62 71 93 29 22 38 98 81 45 35 16 1 37 66 8 36 30 89 64 16 36 96 18 34 12 23 36 84 12 60 58 64 59 90 42 27 38 17 48 78 96 18 91 23 8 97 70 91 0 82 86 19 3 89 19 89 20 34 53 40 66 3 65 23 60 39 20 29 90 83 55 69 79 62 63 8 48 98 43 51 81 29 88 43 19 78 49 34 1 5 67 4 91 96 38 58 19 11 36 86 54 60 46 90 72 99 33 17 39 25 18 63 93 60 82 85 50 47 55 14 11 17 59 0 5 3 10 5 90 33 33 71 94 54 25 94 49 61 57 37 39 54 64 84 56 69 67 68 85 59 62 83 10 22 96 10 46 44 16 77 28 39 5 58 19 59 69 40 52 51 82 52 94 77 21 49 90 57 0 77 93 72 33 12 87 44 71 84 64 54 37 97 16 63 4 78 55 57 62 36 52 78 80 39 95 9 4 70 47 95 96 26 20 56 73 74 96 7 35 62 93 95 56 69 40 78 75 27 44 46 96 67 88 19 81 
37 49 20 2 39 12 57 60 57 3 40 26 31 94 70 61 14 16 73 34 5 51 24 18 94 76 47 1 59 30 83 34 78 82 60 78 61 99 17 23 42 23 35 11 82 34 35 81 38 29 89 3 66 29 45 92 30 93 31 84 23 49 57 86 27 33 6 69 15 58 88 38 43 43 43 89 39 34 0 50 61 16 91 70 55 58 57 78 79 46 28 91 76 45 92 2 39 22 17 18 93 3 22 81 86 74 82 59 31 80 70 81 68 69 50 84 85 82 43 15 18 42 80 10 48 54 43 41 98 53 7 78 68 80 35 55 94 50 26 94 89 54 53 9 10 36 56 32 51 49 24 0 77 67 56 35 82 8 35 85 52 14 42 41 19 67 51 84 16 78 65 77 97 74 24 63 63 9 19 79 89 71 24 88 23 56 72 67 30 7 0 70 74 5 75 6 42 10 93 85 95 18 80 97 12 86 33 58 99 32 68 24 83 56 3 56 13 61 36 16 25 48 34 98 35 10 14 46 42 52 59 98 3 46 34 82 72 72 94 39 19 97 87 80 94 49 57 72 33 46 71 98 74 61 5 50 63 97 15 8 33 1 79 19 8 54 81 3 60 79 28 69 82 12 76 98 93 92 85 63 98 63 91 37 66 7 84 9 87 15 26 49 14 64 85 2 3 14 91 69 33 51 91 73 80 66 26 35 64 91 92 46 17 8 58 64 67 51 80 72 90 58 10 60 86 51 87 94 47 82 89 99 65 32 42 63 30 97 78 91 4 52 83 92 24 61 25 15 19 15 5 34 57 76 56 14 3 65 56 97 89 30 19 86 39 98 11 78 43 27 28 5 16 81 67 34 89 86 28 71 14 29 71 77 62 63 0 18 92 46 35 36 44 78 13 93 80 25 96 11 27 26 24 58 20 16 23 59 36 28 26 84 14 83 62 73 11 65 66 25 30 31 73 62 16 63 86 29 62 21 34 49 51 80 34 1 81 27 66 48 88 45 29 81 1 67 65 23 4 72 2 91 31 54 86 15 77 67 44 73 4 26 61 1 46 55 46 99 2 49 15 69 93 14 67 63 31 4 38 79 67 98 35 15 29 84 94 97 56 60 77 46 99 45 21 66 68 37 67 19 
71 49 91 17 95 60 57 37 70 50 7 20 22 30 86 2 64 57 88 57 12 56 94 44 21 16 25 69 6 25 58 70 21 29 18 40 3 25 3 20 32 57 1 83 88 11 23 31 23 38 94 14 65 89 58 2 21 8 86 58 39 99 67 36 23 20 60 15 16 63 93 31 72 12 19 27 10 95 6 91 2 57 6 2 96 37 87 29 63 26 57 4 43 23 94 40 65 54 13 74 62 81 38 71 63 1 99 69 27 89 43 41 77 48 25 81 48 98 15 8 56 36 23 72 90 77 59 15 47 27 44 4 65 98 0 8 47 75 79 17 39 13 66 18 37 5 87 36 93 51 68 32 51 72 79 45 45 57 69 96 78 3 90 22 10 20 61 53 87 19 0 38 46 35 22 62 45 58 63 11 95 88 84 96 12 1 48 36 3 71 49 32 45 42 59 64 13 62 58 91 16 43 10 84 37 75 16 88 81 2 63 69 83 89 60 41 16 86 61 44 17 47 15 42 81 73 27 57 44 28 78 49 84 32 21 4 31 34 4 88 29 60 65 3 44 41 11 47 82 93 19 62 6 93 63 51 96 86 42 85 9 66 31 92 50 66 21 2 9 26 62 59 94 62 82 24 31 58 7 65 42 17 58 73 78 33 81 63 80 42 19 93 71 76 43 27 50 90 61 37 13 52 17 73 52 31 34 37 87 60 34 24 72 86 50 82 41 76 40 17 1 66 11 13 91 6 32 35 69 14 2 30 13 93 55 42 89 91 41 6 84 85 69 23 29 96 7 53 64 40 34 29 1 44 42 36 19 84 96 72 66 84 36 20 9 43 42 48 11 62 94 14 58 90 4 39 44 39 72 73 74 98 5 56 6 34 36 75 73 26 23 33 13 74 63 76 91 84 67 22 93 68 22 37 6 43 87 55 30 39 95 55 63 71 54 62 84 54 89 69 97 25 23 18 27 94 15 86 17 42 38 62 27 29 53 45 83 32 53 92 74 56 62 66 16 94 96 50 45 62 1 15 94 23 54 8 3 14 95 65 35 27 82 77 82 97 55 27 77 58 56 81 76 78 94 67 12 50 73 97 15 73 39 97 32 82 98 51 13 12 13 86 55 65 49 82 5 25 32 97 
33 71 34 95 84 61 82 73 59 9 7 91 97 6 8 94 3 76 21 6 42 23 75 8 51 66 37 97 53 95 56 63 62 37 16 10 19 62 24 93 29 18 75 55 72 11 16 71 32 63 76 38 53 19 62 51 23 17 3 88 28 92 70 85 64 38 81 45 84 63 14 91 19 41 9 57 63 71 75 87 70 13 2 19 86 68 57 93 65 94 87 88 80 29 55 86 8 72 95 61 59 54 21 54 89 93 93 38 42 66 32 59 93 84 61 64 93 74 14 68 67 49 81 80 1 88 59 6 49 18 44 57 1 85 17 31 89 4 95 46 90 12 73 58 77 47 63 57 39 69 19 64 16 54 32 78 93 83 34 50 11 3 2 74 13 6 42 89 73 17 6 68 33 85 16 81 23 53 41 95 31 21 34 34 89 61 42 74 6 56 4 10 43 41 59 27 75 99 71 89 16 97 4 33 9 65 86 15 95 72 15 46 90 62 53 14 96 6 29 69 36 89 24 65 88 23 28 5 48 14 22 50 22 82 83 12 2 97 43 5 83 55 57 17 46 56 40 35 71 5 98 71 17 57 59 92 18 93 8 36 35 98 41 13 60 65 59 82 71 55 83 19 41 2 90 61 9 68 65 50 46 94 77 91 35 36 5 86 33 7 17 91 16 95 49 9 89 22 70 27 56 48 5 84 48 29 96 66 67 56 98 70 80 86 77 18 17 98 66 36 30 5 61 15 51 53 70 63 34 42 71 70 5 85 14 48 49 32 69 31 19 53 81 64 25 11 64 47 36 18 78 86 96 43 29 23 81 79 95 55 77 95 69 79 83 36 82 21 46 59 62 92 41 84 92 23 97 18 24 47 43 38 80 39 84 62 33 76 53 87 22 88 32 38 93 60 61 43 17 96 5 7 47 62 89 39 43 64 73 68 94 30 66 26 54 55 72 44 5 37 96 85 13 91 7 8 59 58 91 40 67 0 86 86 11 61 63 48 20 26 56 71 66 43 45 20 10 83 70 94 28 83 49 11 41 15 68 56 67 96 70 33 43 7 44 89 36 16 8 30 10 43 14 57 51 46 1 89 33 99 78 97 40 57 28 74 74 5 81 17 40 99 37 57 35 57 95 61 84 28 
48 76 0 32 40 33 15 36 29 69 75 66 27 87 95 84 29 46 24 93 70 41 84 38 80 11 29 75 83 24 36 36 81 76 87 7 56 23 8 21 38 60 27 41 9 45 6 56 93 64 66 2 21 27 61 23 27 65 82 45 49 88 32 57 57 49 99 72 81 2 99 44 46 63 82 36 76 72 68 76 71 66 50 80 48 23 52 34 23 50 58 42 91 7 60 46 63 15 36 18 24 92 48 94 51 40 37 22 12 47 99 53 91 85 26 0 62 92 89 65 19 30 84 67 8 23 95 68 4 26 33 98 95 64 31 99 65 57 90 91 58 33 33 38 98 94 15 26 0 16 59 77 48 37 66 39 53 19 3 59 91 66 64 84 93 6 43 58 38 44 9 96 86 76 28 56 75 55 40 41 93 54 4 12 85 31 70 39 80 67 30 30 84 51 3 43 15 22 69 15 72 31 68 13 94 3 58 70 54 70 31 58 69 86 82 14 86 8 37 6 36 86 13 66 87 97 95 95 52 28 14 51 42 9 9 5 76 58 52 85 44 38 14 44 16 37 6 3 15 65 47 33 62 42 7 58 45 21 55 89 24 92 96 26 37 41 42 65 23 65 57 17 64 87 27 24 51 81 76 6 85 56 43 40 61 54 54 75 21 97 5 61 43 99 59 67 56 17 17 72 16 0 79 49 14 80 36 14 85 43 43 55 51 42 43 34 29 86 80 56 83 42 95 38 54 79 1 47 11 64 83 31 34 51 68 41 70 15 81 85 58 63 49 95 45 48 1 16 26 86 71 82 16 1 51 73 92 13 36 77 91 70 63 69 85 26 69 99 53 51 8 37 71 30 16 74 80 96 70 9 5 19 25 41 11 48 35 74 89 66 33 78 30 59 15 7 33 45 74 60 30 80 60 55 19 14 57 47 79 8 78 30 17 95 62 28 8 93 44 40 38 48 80 41 43 51 97 53 79 12 99 43 46 62 52 19 26 37 72 11 78 38 21 46 71 11 92 79 24 78 77 95 94 89 85 67 83 2 42 42 10 48 43 2 56 90 37 96 45 33 77 37 54 40 62 90 69 75 41 39 54 45 72 20 73 64 76 32 20 28 50 31 46 51 28 1 92 82 71 47 
55 20 43 70 34 33 39 14 49 48 23 24 2 65 3 19 52 32 68 15 69 18 57 35 68 7 92 13 2 31 45 88 32 65 64 61 18 32 54 93 35 72 4 25 57 10 79 55 38 35 63 41 18 86 2 59 51 14 64 82 75 57 21 26 45 52 14 71 87 91 84 95 85 37 5 43 10 15 80 81 63 64 79 37 8 49 63 66 99 22 55 59 14 81 29 25 25 76 58 32 68 57 73 13 81 82 65 14 5 54 90 4 23 91 57 8 82 56 18 9 9 61 67 5 63 21 70 42 32 87 80 19 29 78 68 63 71 62 10 53 58 26 92 61 75 4 92 65 36 21 84 68 40 45 18 19 15 95 84 89 86 80 83 44 86 2 87 49 93 15 54 80 2 67 12 75 70 7 98 25 39 26 13 74 48 1 14 10 5 53 75 69 36 67 93 65 32 73 84 33 17 28 94 56 44 9 72 95 89 20 5 48 6 45 60 20 14 73 81 57 81 13 23 75 93 8 16 75 38 71 48 6 6 37 50 17 5 85 37 61 39 43 70 33 65 60 51 89 17 57 64 85 36 22 39 58 30 80 49 13 21 73 75 10 17 89 94 70 16 57 3 68 88 96 29 52 21 78 80 22 93 24 94 54 5 59 8 95 10 73 44 21 39 21 92 13 37 22 18 0 17 90 73 69 0 43 78 55 57 11 80 14 78 36 25 3 72 74 50 50 97 64 1 83 66 24 1 76 46 83 33 63 32 81 85 43 36 68 93 27 33 63 51 22 33 65 59 72 30 42 53 46 79 41 75 24 54 23 4 83 88 37 4 89 26 56 13 59 47 68 73 99 89 78 65 21 81 65 89 51 81 75 77 63 9 77 43 12 61 56 6 5 32 30 83 85 10 76 2 40 17 21 71 73 10 92 61 84 7 9 27 61 12 49 85 74 98 58 34 50 29 97 19 7 77 91 6 29 4 34 64 71 87 93 59 57 91 13 52 35 21 85 69 37 80 40 42 71 54 90 61 87 10 16 19 13 84 32 65 6 9 21 18 92 64 58 29 36 73 41 19 57 1 93 98 49 27 88 85 41 78 23 27 42 66 83 89 97 39 82 35 11 4 60 18 66 12 46 57 34 
7 48 76 59 15 86 88 13 36 2 15 93 1 27 19 44 71 1 15 34 28 79 49 9 45 9 86 13 92 64 42 50 57 2 43 72 25 30 93 50 35 52 79 27 47 17 12 60 44 1 51 14 27 53 91 43 32 55 83 83 95 35 1 57 63 3 14 17 57 11 22 56 33 75 20 34 37 60 99 35 18 21 22 90 42 74 61 62 46 18 5 41 69 37 7 98 14 52 11 9 99 23 75 30 13 43 17 94 17 70 96 85 64 24 55 69 7 0 51 21 42 86 84 82 27 57 13 30 73 79 31 17 97 16 99 17 71 25 23 80 98 78 35 33 38 10 16 16 18 69 4 17 25 43 91 23 75 67 66 12 48 82 42 69 61 53 64 32 16 55 58 88 17 96 36 12 73 7 71 86 97 3 82 54 74 73 64 39 84 87 29 13 28 91 12 16 31 77 60 36 35 35 14 5 40 20 74 57 75 79 58 96 66 37 99 75 13 28 77 28 79 53 49 8 44 68 45 98 69 86 28 56 56 28 82 40 26 26 6 49 34 86 51 13 68 23 60 33 46 20 79 79 22 17 99 15 40 8 84 85 73 19 64 1 24 1 96 60 64 42 48 75 50 25 59 66 12 97 52 87 54 33 82 71 96 47 67 19 5 2 74 62 94 72 83 83 90 84 54 94 4 77 64 28 66 86 61 75 69 7 85 2 64 79 37 8 49 60 97 22 38 12 64 80 53 17 87 53 22 8 25 54 92 85 74 75 70 94 11 47 67 53 85 53 81 39 2 52 58 18 16 60 83 61 3 9 92 78 98 7 61 65 49 47 0 75 49 94 30 42 23 82 34 83 2 21 83 87 99 20 58 6 74 12 96 73 82 77 54 27 57 47 29 19 69 37 94 36 51 62 91 84 58 6 91 25 70 93 36 37 57 23 82 85 5 31 46 4 56 69 36 53 24 78 61 94 99 78 5 38 54 5 44 10 72 65 17 95 9 67 76 63 72 91 88 1 66 9 12 74 20 97 4 26 15 19 98 50 85 15 90 3 59 87 21 74 29 63 93 85 61 8 85 7 12 16 66 48 97 81 83 39 3 92 13 31 61 92 98 11 48 51 66 29 17 43 39 62 92 97 
53 8 52 62 93 76 80 11 32 36 93 19 62 15 41 47 51 36 20 93 60 33 76 43 50 6 66 86 85 61 98 18 31 54 64 81 39 9 17 16 28 27 36 41 61 59 70 41 31 94 62 95 64 73 61 10 14 97 96 36 95 86 52 39 91 65 63 88 76 12 99 90 28 92 92 0 72 49 61 83 60 67 16 42 99 17 62 58 60 85 53 16 85 23 28 60 19 99 34 48 31 88 6 22 99 23 50 95 32 38 60 32 10 41 26 53 36 86 81 51 90 36 98 26 12 87 38 72 33 30 52 69 12 41 54 19 70 91 50 59 56 7 45 45 78 11 27 21 51 1 48 46 59 97 86 43 47 26 28 56 81 45 43 94 4 39 95 18 64 54 52 75 0 70 65 30 91 56 5 45 5 76 4 23 92 64 16 79 39 52 84 87 33 47 85 79 37 50 52 75 97 47 35 89 5 9 72 90 69 74 30 34 65 65 20 49 68 81 79 89 47 81 60 26 59 26 79 85 21 6 18 37 85 22 1 29 18 99 89 49 29 40 31 67 79 82 10 85 31 44 21 70 7 21 78 61 90 81 9 80 76 39 53 12 69 84 68 28 99 19 42 57 13 82 52 69 8 9 84 50 53 93 68 57 3 53 98 70 83 96 47 7 97 49 57 29 16 15 9 26 21 15 57 87 96 8 92 36 19 61 96 53 35 57 4 95 64 15 18 56 57 7 53 15 64 65 97 76 59 80 52 2 30 26 35 70 75 42 69 35 96 82 28 90 4 6 31 68 93 52 4 77 92 94 70 28 61 81 79 96 88 63 72 45 93 60 8 60 80 92 53 78 0 20 4 20 84 65 40 99 74 73 94 82 0 89 31 8 89 27 77 58 57 61 39 50 79 93 15 1 34 46 37 51 65 83 86 56 24 75 70 56 72 12 90 46 82 72 52 98 91 29 68 53 50 88 67 54 6 29 98 30 89 76 33 11 46 15 0 1 39 86 18 45 22 47 5 66 73 39 73 72 23 13 0 66 73 38 65 33 37 72 31 75 90 2 37 57 32 92 16 51 2 72 32 43 12 12 14 97 30 3 50 19 18 69 57 69 0 57 57 2 13 94 31 83 44 61 32 63 
65 54 64 92 79 83 80 9 3 77 3 52 75 54 26 30 55 91 26 93 31 71 18 21 16 31 14 62 88 35 24 41 96 9 85 98 36 21 17 32 38 13 54 35 26 37 66 42 22 66 28 59 24 22 50 87 12 51 0 46 84 94 35 48 85 61 54 69 32 69 17 19 1 20 24 69 27 77 86 94 87 49 28 78 37 36 35 40 77 55 13 21 26 52 42 44 41 83 17 98 52 26 6 44 57 29 37 74 16 48 90 35 31 94 83 22 53 52 10 59 62 73 44 35 66 43 9 64 15 9 52 32 11 42 1 23 12 10 53 92 95 72 34 88 78 56 64 49 17 94 67 97 31 74 90 25 18 45 51 85 36 45 80 77 17 80 66 13 57 58 40 20 60 56 61 50 94 51 6 45 4 98 82 17 60 55 83 50 60 24 6 90 78 89 21 26 11 84 56 14 21 5 61 49 65 83 1 57 61 63 12 14 46 20 18 84 38 10 27 96 95 23 28 4 95 11 31 1 19 18 45 29 14 79 21 24 32 95 68 88 38 44 59 25 8 96 92 10 27 37 94 4 56 70 26 90 50 41 38 46 8 58 59 71 23 9 96 84 72 75 31 60 93 42 27 98 12 10 9 42 42 63 23 40 38 8 96 89 88 45 5 29 63 32 43 60 16 89 62 23 94 23 13 32 43 6 96 80 48 30 55 5 0 80 95 28 61 31 53 13 92 54 33 72 34 81 97 54 2 44 31 57 33 23 24 5 79 46 86 76 60 72 6 94 71 47 58 16 10 10 67 81 30 64 58 94 0 27 72 24 4 66 18 0 21 75 22 18 74 75 16 45 59 69 28 82 98 58 96 6 95 6 56 53 11 70 52 33 33 79 78 44 23 80 81 81 50 91 25 20 74 42 79 72 13 67 99 80 38 0 97 61 58 89 65 99 90 66 27 54 34 26 69 95 1 8 38 58 41 71 31 30 41 85 35 68 54 31 25 9 90 97 52 67 99 12 86 92 99 11 58 76 34 70 26 68 32 40 50 47 41 59 96 13 15 50 16 30 43 6 92 92 34 37 55 0 81 15 67 51 50 34 30 11 53 33 81 23 48 62 44 52 63 84 62 37 42 43 54 49 
35 19 40 66 94 40 36 94 28 82 75 62 32 21 95 97 48 17 50 70 95 96 22 68 41 20 55 13 88 6 20 75 78 81 99 39 39 27 96 38 92 82 0 57 12 97 9 56 94 40 72 15 67 25 50 47 13 65 21 90 24 46 56 41 17 50 51 90 80 80 70 83 54 65 44 41 34 18 28 40 3 68 73 46 63 1 33 2 3 89 62 27 35 99 68 13 22 69 62 76 78 52 0 66 21 65 4 58 91 72 16 90 44 51 27 88 32 7 47 65 1 86 63 89 16 37 73 75 32 93 54 92 35 91 28 18 65 28 92 27 50 80 68 70 80 88 67 41 65 61 36 95 25 26 31 16 7 95 50 38 4 96 32 11 97 82 68 57 51 20 7 41 24 92 53 35 71 91 77 12 66 42 48 73 54 67 92 19 29 43 21 3 96 33 91 40 60 67 34 95 70 20 3 67 71 62 43 97 5 56 24 49 83 98 66 6 29 12 92 54 44 48 8 26 95 40 45 68 90 32 10 33 10 23 18 46 25 72 78 62 31 63 2 42 9 41 11 91 17 12 64 14 63 11 36 90 78 5 92 51 73 84 90 63 87 75 45 25 38 72 33 87 92 4 53 84 83 16 7 47 14 5 92 3 35 30 1 67 88 28 21 56 69 2 28 68 46 67 96 93 64 77 58 59 61 91 38 14 86 1 82 55 13 42 84 28 94 34 67 54 25 62 36 55 80 32 22 21 58 75 2 14 9 99 35 52 68 80 41 6 13 37 96 47 33 55 96 6 15 55 70 71 21 37 97 98 92 81 2 85 24 91 49 23 56 53 17 98 11 48 98 80 36 0 52 82 54 60 7 92 86 90 13 61 69 70 16 70 32 89 37 49 71 87 43 64 30 85 60 86 14 81 64 93 71 99 52 13 52 89 82 87 40 97 73 29 56 25 92 34 73 64 62 25 91 87 73 23 2 70 23 64 24 88 48 45 15 72 34 43 32 54 5 27 20 6 58 31 94 83 10 60 98 46 55 80 32 28 51 57 56 52 4 3 89 22 47 75 39 57 7 73 25 20 48 91 82 7 52 50 64 70 10 24 3 39 90 74 43 96 41 33 52 39 33 64 81 85 38 28 
63 60 18 90 23 61 35 32 91 94 3 26 1 0 48 75 96 79 16 92 63 96 94 57 63 7 79 66 73 99 60 27 16 83 17 39 51 74 41 77 94 89 98 24 37 0 36 73 62 70 17 42 97 76 80 41 40 29 82 18 24 31 0 33 4 29 86 23 56 68 31 59 47 82 63 32 69 9 5 81 64 80 13 55 71 41 57 42 12 43 82 87 26 28 65 81 82 98 14 71 51 33 89 21 83 28 88 61 52 89 40 39 42 78 91 52 79 37 66 20 17 86 58 30 35 60 48 80 11 57 61 31 6 79 19 76 49 47 70 16 34 79 46 61 53 94 49 13 77 30 39 78 9 31 91 63 96 6 65 14 69 40 87 46 91 92 9 15 1 27 76 88 95 67 44 65 24 93 77 9 75 35 91 25 84 44 66 89 20 30 16 6 75 10 56 81 33 46 34 67 43 52 44 94 76 25 45 79 0 76 80 32 51 79 60 44 48 95 37 72 44 80 21 21 94 31 35 59 57 96 28 4 88 38 8 77 12 41 48 72 99 38 90 3 44 44 0 60 23 82 92 98 67 16 19 62 69 99 61 93 46 10 69 1 27 5 81 34 64 51 0 51 23 38 46 94 87 89 20 4 73 75 29 44 49 82 3 78 20 43 10 87 16 39 94 79 65 33 7 89 91 7 6 69 79 74 58 40 71 58 16 81 36 69 42 45 78 70 21 88 15 21 58 68 40 21 58 29 80 2 2 53 13 41 22 46 92 5 4 30 20 75 3 39 70 95 32 59 39 24 5 17 63 62 17 88 21 3 71 84 34 29 50 31 74 73 56 13 93 22 65 11 18 48 83 29 6 83 35 34 7 1 7 0 55 90 70 92 23 85 59 51 31 56 38 82 87 32 3 43 26 19 61 88 42 69 10 79 21 96 59 11 59 7 66 14 55 62 38 76 38 15 72 11 53 28 91 95 87 0 49 79 16 83 76 57 31 42 93 91 2 26 44 54 25 63 8 39 44 68 10 67 55 90 76 19 94 58 38 41 38 6 92 42 61 6 37 1 90 23 60 38 81 1 37 82 3 10 43 66 77 98 11 78 21 20 59 4 26 20 8 89 69 99 89 92 44 40 37 64 
78 80 91 71 70 13 88 8 85 30 72 56 90 70 36 12 80 70 31 34 31 56 36 63 99 1 80 60 18 41 41 47 19 2 85 80 26 18 47 67 53 29 10 48 28 6 20 2 37 48 82 88 39 5 93 74 44 94 29 90 53 62 46 74 1 87 0 93 48 40 3 52 89 58 31 55 82 25 94 32 91 15 62 83 90 74 50 62 17 69 47 95 96 85 27 60 37 89 38 83 49 36 15 78 68 48 25 92 56 43 99 45 70 77 69 74 98 69 52 57 89 65 71 99 71 95 87 10 2 70 96 62 51 24 13 54 59 17 70 88 95 11 43 41 31 60 92 30 97 93 79 8 60 8 53 97 83 45 69 88 64 16 86 81 92 61 91 12 61 64 96 75 25 79 70 82 57 2 34 55 58 50 79 62 59 37 69 26 43 45 86 12 92 89 7 1 16 32 86 39 66 33 19 60 17 94 59 45 60 61 57 28 2 40 71 84 76 40 79 98 47 80 22 29 41 35 13 53 13 19 34 48 95 56 77 24 52 4 32 41 81 72 7 5 24 99 80 33 30 21 94 96 64 95 29 37 35 17 42 46 21 76 11 42 62 77 60 90 56 53 39 95 55 55 81 79 0 59 63 23 66 0 16 80 9 1 95 97 22 79 19 95 88 50 92 82 46 56 78 19 0 22 5 66 78 78 67 86 82 52 82 27 26 77 31 15 42 9 79 24 47 12 92 21 72 56 59 51 84 37 93 14 68 85 90 28 75 60 37 33 3 11 1 8 45 4 44 9 36 65 42 91 81 94 24 56 43 76 94 26 78 12 21 20 53 19 58 17 64 67 15 5 38 30 58 86 87 14 83 9 74 76 16 61 25 16 1 99 16 21 50 38 87 22 0 21 94 1 8 95 96 82 44 25 75 74 55 7 13 89 91 68 16 82 69 91 74 51 61 30 52 71 51 76 35 21 49 8 8 37 9 7 44 70 25 58 47 36 34 36 74 26 70 17 2 59 73 24 16 21 61 67 22 70 89 56 39 18 79 45 89 0 1 63 46 9 42 8 29 42 73 36 19 6 2 89 17 79 99 29 3 31 81 67 42 94 59 13 46 98 51 41 79 95 60 27 33 96 31 86 
45 54 53 53 58 23 28 63 88 78 29 2 16 33 49 65 72 51 94 44 28 99 13 8 30 61 98 55 65 75 52 13 28 94 89 27 29 23 4 88 92 28 73 22 94 99 84 31 21 49 30 32 90 7 1 33 0 65 31 90 67 75 80 16 89 88 3 59 32 32 9 24 44 33 84 34 73 46 24 13 36 96 39 22 59 88 34 45 35 13 10 36 18 70 80 27 84 91 85 1 93 60 9 66 76 25 46 33 18 40 23 32 14 29 29 13 95 28 90 80 86 4 56 54 30 54 0 56 50 91 96 32 2 30 86 55 96 41 18 76 52 99 94 52 61 54 11 62 51 58 59 45 82 38 61 28 44 97 80 17 62 75 96 21 10 50 45 2 57 11 58 42 63 53 65 72 63 72 67 85 74 94 90 24 66 46 53 33 59 93 8 34 80 65 21 63 62 44 10 96 22 37 96 36 0 84 19 37 84 56 79 85 8 64 51 42 26 30 63 66 71 76 91 68 72 44 38 7 29 47 57 64 35 13 97 50 38 87 94 94 62 4 72 59 21 84 61 95 90 17 93 50 37 72 63 59 19 96 89 61 83 81 17 7 49 37 64 3 13 9 76 72 19 18 66 94 82 46 94 90 39 72 77 34 76 80 70 82 80 73 12 24 84 17 40 1 63 71 71 4 62 76 10 98 19 96 56 67 82 62 76 72 24 53 92 53 0 20 81 57 56 56 88 16 57 40 28 61 21 9 57 84 8 99 56 13 36 72 8 45 78 92 52 60 46 57 46 36 18 92 20 10 29 59 65 54 89 48 38 12 12 46 69 68 75 70 65 29 92 41 52 53 85 76 58 15 16 8 54 67 64 48 26 39 94 95 62 6 61 26 77 49 35 37 20 35 11 29 3 33 50 67 25 74 83 74 9 73 54 67 98 57 73 52 28 84 52 45 33 67 79 6 11 45 66 12 30 90 65 0 60 85 23 10 35 81 76 59 47 5 96 56 96 71 34 52 43 62 21 51 36 54 49 69 86 79 97 90 18 28 8 23 9 87 30 34 89 38 33 85 30 95 19 64 41 32 1 12 37 24 60 90 64 78 3 77 40 68 29 63 10 2 41 19 46 12 39 63 69 64 
49 90 3 1 14 16 89 89 25 12 30 3 9 75 17 36 99 44 59 39 73 83 32 88 58 22 51 47 58 89 21 72 48 60 30 16 81 31 4 81 46 44 32 99 17 77 26 88 59 96 51 61 86 7 49 53 21 89 23 10 80 36 66 29 51 33 31 15 1 28 17 69 73 89 34 23 79 3 97 45 99 79 46 74 70 85 61 54 46 52 20 1 36 96 92 64 1 91 10 40 96 61 98 72 69 69 19 92 67 95 68 80 97 16 90 25 40 70 4 6 48 96 12 89 39 57 23 92 42 36 22 75 5 13 49 35 62 62 52 65 1 24 84 88 59 82 53 39 17 46 86 82 67 87 92 22 79 40 54 86 42 83 48 17 73 68 47 58 77 90 53 71 42 26 25 21 84 3 53 43 75 62 14 77 7 39 76 83 27 31 50 46 34 64 84 61 26 41 4 32 29 27 61 54 65 5 39 57 69 50 31 42 93 0 69 12 0 19 95 65 24 83 79 27 78 59 46 85 67 82 31 74 98 27 6 89 55 29 45 62 69 43 46 79 63 74 35 31 7 2 35 35 32 81 45 6 92 96 5 34 45 70 82 55 57 96 62 32 75 66 33 60 36 22 16 39 90 98 28 1 80 86 70 2 86 76 56 22 26 23 19 98 51 86 43 40 9 85 66 44 1 16 29 68 51 39 3 50 21 50 39 82 69 50 57 45 66 15 88 0 91 32 30 73 25 4 71 49 82 98 34 93 85 43 94 90 52 62 96 7 52 72 26 56 84 18 76 89 64 16 88 59 91 67 67 27 83 37 26 25 69 51 6 22 60 79 60 57 45 75 99 86 19 46 83 28 32 66 58 94 85 90 5 8 95 52 46 71 18 29 3 4 20 44 74 48 1 88 94 90 26 10 40 68 75 11 43 65 46 86 57 31 45 53 27 78 94 95 3 89 69 21 40 79 54 93 13 26 29 67 70 64 54 52 31 41 12 75 74 85 53 50 75 76 34 12 10 59 81 53 61 74 52 19 35 66 8 30 92 21 42 74 94 48 81 63 35 65 36 78 80 68 9 82 37 82 94 49 14 64 38 64 61 90 32 96 29 40 24 35 27 5 86 71 11 69 23 57 73 10 
65 60 0 83 34 18 23 41 4 39 66 99 79 50 0 44 12 61 98 30 97 36 90 57 49 16 1 76 57 96 17 19 62 25 48 90 41 14 61 17 29 58 68 24 44 13 23 49 12 81 54 91 23 46 37 61 29 3 15 8 54 58 91 10 99 77 2 4 1 71 70 85 71 79 86 58 67 39 1 92 61 59 12 72 55 23 11 47 40 87 7 99 14 1 39 8 97 52 47 2 86 7 88 89 16 76 92 10 46 30 21 2 66 33 26 5 44 12 77 12 37 23 99 66 30 71 60 8 83 18 34 47 25 24 69 54 92 86 96 48 41 36 90 14 47 70 14 53 34 38 87 35 21 37 52 23 24 91 3 18 2 44 57 28 77 36 26 72 74 49 9 95 34 24 37 37 69 70 37 64 30 39 41 94 39 12 30 6 83 0 9 52 4 28 38 24 62 77 19 46 78 70 78 31 43 6 42 55 70 65 87 16 67 41 31 45 15 4 97 42 48 56 31 27 55 36 42 8 61 25 67 52 68 47 20 97 11 14 37 23 9 86 31 6 41 47 64 21 49 29 24 48 61 30 16 74 31 98 69 4 17 46 72 76 53 18 59 89 7 28 46 41 79 32 34 57 41 44 6 58 90 39 49 32 57 10 59 59 18 44 19 31 2 83 56 72 84 49 83 90 30 76 4 47 26 96 69 15 54 38 71 31 29 18 14 25 33 96 75 90 82 68 0 65 13 32 28 72 93 6 87 81 40 34 40 87 69 75 74 84 56 12 60 28 71 46 32 15 11 76 37 52 67 68 51 72 13 0 84 49 20 88 33 61 93 62 2 45 76 61 94 93 59 2 97 75 27 7 51 51 46 51 33 1 27 35 54 73 22 49 39 83 22 90 23 23 6 4 86 18 92 82 8 94 32 56 89 1 93 46 22 69 51 67 39 0 96 61 87 51 92 86 27 25 63 78 58 15 90 48 80 5 36 63 34 62 70 74 65 85 37 41 35 96 68 93 82 54 17 69 2 76 0 0 38 71 85 79 46 76 17 3 55 15 45 26 90 61 2 4 6 5 44 6 44 85 0 42 48 42 83 53 89 44 53 97 45 54 78 53 62 70 24 55 5 96 93 97 65 53 
79 42 14 81 41 15 14 44 79 44 3 49 25 68 71 72 52 98 44 18 73 60 20 86 70 77 40 71 74 62 19 15 85 0 9 78 64 46 73 72 34 76 68 3 55 66 7 40 59 7 15 11 15 60 66 68 79 90 25 5 88 43 48 22 28 43 65 32 66 73 89 25 16 3 87 3 65 4 30 43 0 44 57 87 26 9 21 83 40 61 11 33 81 94 83 0 81 77 45 18 74 70 33 20 9 0 88 57 24 0 72 9 27 78 28 13 9 0 41 60 96 41 4 68 11 65 94 69 11 32 92 21 60 76 10 93 58 58 82 46 11 71 37 88 18 55 30 59 73 83 82 47 23 64 62 61 13 43 83 74 10 78 75 64 76 62 32 39 34 87 6 94 51 69 64 14 51 13 92 70 76 51 7 19 26 81 95 73 68 44 95 15 3 77 14 48 51 34 11 79 5 42 48 28 46 11 31 19 94 30 62 97 53 89 14 72 0 88 33 68 35 16 37 15 41 99 48 45 61 27 31 88 99 31 80 21 78 11 16 56 13 40 3 0 84 47 69 31 73 32 92 89 50 7 95 27 0 34 3 34 88 9 76 67 73 42 30 17 7 83 68 68 34 54 37 81 94 15 77 40 97 11 78 49 61 65 15 86 89 85 93 35 66 16 69 75 46 11 77 99 35 41 7 93 45 99 2 46 50 71 45 34 57 68 13 35 29 70 55 57 43 71 83 77 66 80 35 25 31 58 55 59 12 63 20 52 60 89 23 43 68 69 19 10 28 0 75 80 57 98 37 95 58 98 25 28 44 34 38 25 67 51 18 98 65 60 69 31 57 15 80 61 41 88 77 51 83 45 26 83 30 93 85 77 26 13 91 63 97 8 74 2 58 74 3 88 99 75 80 34 43 21 72 95 71 43 37 98 21 32 47 25 38 67 33 71 32 84 41 67 68 31 47 13 68 95 38 44 29 86 50 60 51 31 49 51 41 12 17 51 70 1 41 53 92 93 80 36 91 59 50 27 46 35 92 33 22 95 34 87 19 32 83 30 75 17 17 2 76 42 73 33 86 9 66 61 37 45 61 57 80 38 51 44 93 13 86 31 75 4 25 12 6 53 83 56 6 35 1 70 
50 9 35 56 22 26 28 46 39 97 49 5 34 33 96 54 23 91 5 66 39 3 93 88 41 89 89 5 93 58 77 11 10 57 94 25 21 41 24 50 1 87 20 13 85 41 89 4 56 63 65 55 27 89 47 90 88 44 46 37 18 4 45 25 85 62 85 36 91 91 2 85 43 53 86 36 61 4 54 78 26 19 82 70 42 36 75 39 51 90 34 38 20 10 52 18 13 96 9 40 69 62 62 70 61 97 62 51 51 19 66 38 79 85 75 42 16 74 24 23 19 27 5 13 67 28 72 5 81 67 6 14 50 88 59 70 96 57 33 29 2 27 26 49 2 16 69 59 46 78 92 73 87 28 11 29 60 59 27 72 14 48 15 90 26 52 3 85 68 32 24 32 26 18 14 22 32 0 25 3 19 71 61 98 95 55 76 39 54 17 94 48 54 9 50 59 18 22 52 58 71 22 20 73 64 70 2 71 80 25 36 71 51 95 36 41 32 77 91 58 37 36 69 68 52 87 57 69 4 9 87 37 83 27 88 98 15 69 46 16 38 42 5 26 23 73 9 91 93 59 53 56 58 95 35 8 4 51 89 93 31 47 76 15 23 79 23 35 75 21 21 58 7 5 67 86 5 9 56 7 22 31 30 25 24 89 30 54 19 3 66 59 0 79 6 56 24 6 60 43 69 49 25 65 33 66 25 23 4 91 72 58 40 23 22 18 75 68 40 60 16 77 12 54 77 37 83 31 61 40 68 35 12 53 4 48 11 71 24 38 45 87 43 88 46 97 1 11 76 55 42 26 59 4 87 87 57 29 33 53 22 73 23 47 20 20 31 59 6 5 76 19 86 17 3 76 48 83 10 35 53 62 32 57 57 83 54 61 93 16 37 41 7 1 33 74 33 84 58 24 4 48 61 45 82 13 77 14 3 72 94 47 97 81 25 32 97 12 14 1 3 72 59 56 93 16 14 68 88 28 60 8 96 80 99 20 45 28 72 68 10 56 33 94 57 20 55 73 43 54 3 55 65 54 86 66 35 11 45 38 16 84 34 54 86 14 9 6 52 92 18 71 81 27 15 81 11 67 12 37 7 69 61 62 19 70 24 78 33 8 16 84 10 68 61 8 23 28 52 52 
38 18 97 6 5 40 24 36 66 30 69 94 10 53 64 54 31 9 31 8 0 65 81 97 21 77 75 90 34 32 20 5 36 71 79 23 48 21 19 78 90 29 22 20 83 98 23 85 31 73 52 46 59 68 33 90 1 21 28 97 91 68 45 27 72 97 18 82 24 90 30 83 12 36 83 63 39 96 23 64 11 52 87 21 78 75 67 34 90 29 66 65 79 78 59 42 68 22 54 52 57 33 15 52 23 36 87 77 33 71 80 30 21 12 52 72 2 4 49 94 29 13 12 5 57 68 1 99 71 24 17 5 82 71 79 77 76 95 56 97 33 47 18 72 7 39 19 8 90 73 81 22 17 98 81 66 65 80 77 34 30 29 22 24 11 20 57 37 17 67 28 25 15 80 61 77 81 68 79 84 78 1 0 93 82 58 6 7 56 17 97 78 12 44 0 98 36 0 23 5 88 82 96 6 40 59 5 83 9 79 9 58 79 72 50 44 45 51 75 25 25 51 6 16 21 61 8 22 62 92 51 45 25 58 76 91 7 66 45 90 57 3 73 94 83 34 39 30 25 83 91 95 12 50 55 23 18 84 86 1 68 78 91 76 94 21 31 8 28 59 18 51 84 90 23 37 65 67 51 67 34 44 84 62 69 50 30 36 58 69 93 46 46 40 89 74 21 89 51 91 64 52 28 14 79 67 94 31 2 87 33 97 45 37 32 14 61 51 85 11 29 52 11 6 1 24 97 44 93 89 70 46 50 31 47 14 89 14 44 67 56 6 10 82 93 14 0 10 95 21 81 95 7 21 38 76 48 8 41 42 27 97 85 21 98 10 54 12 58 23 47 6 30 68 2 74 42 79 8 55 92 92 46 96 69 76 95 22 15 71 75 83 66 40 72 5 69 7 95 59 90 7 36 52 8 85 5 86 48 47 60 88 14 60 12 43 50 69 54 13 39 20 97 44 82 28 30 61 66 33 88 64 22 88 91 47 51 65 15 86 68 88 16 62 75 58 47 24 15 0 7 35 71 1 5 84 76 52 13 59 5 36 50 91 45 7 48 78 98 17 63 1 45 81 19 64 59 12 54 14 54 49 2 40 71 53 32 28 42 85 55 8 78 60 73 31 83 88 98 67 
30 15 55 11 24 95 34 59 32 51 42 18 89 49 2 23 79 84 49 20 70 49 85 62 90 49 16 65 21 4 14 15 45 33 61 94 76 72 81 55 40 4 23 91 36 46 60 21 12 66 66 95 12 49 11 45 92 47 41 28 70 41 93 93 81 41 26 11 97 9 96 27 3 93 77 86 1 2 48 78 33 71 57 45 47 37 97 89 77 62 14 16 6 37 49 82 57 45 25 53 15 86 71 95 87 80 88 43 58 27 90 41 83 35 39 23 15 85 62 32 84 2 36 83 62 10 82 69 70 79 12 30 19 28 13 21 6 52 43 57 75 51 66 70 45 94 28 1 52 10 44 25 97 39 47 35 37 62 50 51 59 49 1 78 24 13 23 70 16 0 64 17 74 13 71 31 51 17 76 46 23 46 97 86 44 81 55 8 87 76 91 59 44 54 49 58 42 30 49 53 15 14 13 2 49 72 91 93 41 38 74 11 51 75 66 12 2 65 3 91 1 51 66 6 22 26 48 22 46 56 63 48 85 45 51 81 15 70 96 39 4 90 48 11 24 95 15 2 18 93 9 99 58 37 59 8 36 1 90 77 3 78 85 47 49 81 45 81 85 94 42 86 67 38 28 47 23 56 91 68 24 2 87 6 2 29 66 20 38 7 43 88 41 35 26 79 44 74 33 19 30 84 43 65 42 12 79 83 59 85 32 28 29 93 94 5 2 7 43 74 60 76 70 46 85 49 84 48 81 8 17 2 54 60 26 42 50 10 37 34 0 61 60 4 16 1 85 50 92 99 29 44 79 36 44 28 85 23 5 65 88 99 75 63 85 90 74 25 54 58 73 77 14 14 52 60 85 89 22 85 98 49 85 39 82 83 73 41 56 41 58 82 65 95 85 26 16 94 92 99 66 54 65 43 62 83 68 37 77 59 35 78 76 85 55 82 70 77 33 10 39 39 67 25 29 81 27 66 30 40 68 52 75 57 23 57 99 64 23 46 47 6 58 88 9 80 75 31 17 78 36 91 68 65 39 91 39 31 23 92 44 77 78 83 11 91 28 98 74 29 87 9 91 25 93 95 41 92 61 54 81 79 33 55 10 19 3 91 31 62 59 27 65 35 85 61 89 48 32 39 
34 70 14 83 21 46 44 40 12 62 52 60 30 34 9 39 58 81 40 3 90 51 93 92 97 31 71 1 62 84 23 39 83 23 13 6 26 64 25 55 23 11 10 65 7 1 57 30 94 51 84 15 75 40 51 62 72 62 70 52 0 91 24 19 57 13 44 18 69 71 46 91 69 77 77 56 68 70 30 45 73 5 23 24 90 7 65 2 15 70 39 10 14 53 64 55 85 42 55 2 31 27 57 61 42 14 18 66 17 27 95 55 68 39 99 34 88 58 69 71 17 53 18 74 61 94 40 14 58 27 45 15 99 21 76 0 27 88 53 30 30 58 83 21 85 30 71 84 96 35 2 15 90 53 3 52 75 98 50 21 29 40 4 21 41 43 24 69 71 21 85 61 68 17 61 31 55 4 54 63 18 45 99 39 14 96 41 25 6 85 66 55 76 30 70 55 1 50 60 15 46 12 71 10 67 87 2 28 42 35 45 58 75 24 41 5 62 89 65 17 10 3 62 57 77 95 4 97 72 62 46 15 93 8 92 70 37 52 14 44 35 49 68 70 62 75 40 65 34 24 99 23 90 5 12 90 0 85 86 33 53 0 80 33 6 43 42 41 40 28 9 40 49 84 26 38 51 72 12 30 56 72 47 80 94 69 29 39 11 31 47 88 24 82 95 56 48 96 5 30 11 63 99 32 32 94 49 75 30 14 8 33 22 23 5 31 46 13 65 16 36 44 9 97 78 94 63 64 68 31 87 18 67 37 3 55 57 53 79 69 28 69 86 66 47 80 16 29 87 47 36 56 62 54 10 33 50 86 92 27 20 92 74 60 98 62 74 10 90 12 17 11 20 37 36 44 80 95 18 34 63 85 66 16 6 40 75 11 20 40 58 6 79 39 80 53 11 50 36 49 98 7 15 74 95 51 55 71 59 5 61 9 69 70 78 47 11 58 84 21 49 39 8 84 82 84 31 32 87 45 17 51 70 22 45 97 79 73 74 80 23 60 86 63 74 13 69 54 81 88 68 23 4 94 91 71 31 84 12 74 88 91 13 48 92 57 99 65 87 68 95 55 33 57 17 75 32 56 72 36 52 18 13 22 37 55 95 31 20 45 90 30 53 61 55 37 47 60 20 33 
4 65 56 75 83 16 33 2 34 74 16 78 53 88 89 62 72 65 76 89 5 92 23 93 30 29 48 98 8 31 9 34 28 58 99 41 60 98 36 35 89 39 12 27 71 22 89 26 82 0 26 89 5 98 85 27 84 5 32 38 81 14 82 72 38 8 66 81 44 17 8 47 12 59 31 20 59 24 89 75 50 40 40 38 96 49 37 71 86 55 15 90 97 41 11 26 22 8 6 74 80 3 90 13 99 70 16 81 28 14 21 40 69 57 19 97 54 15 63 74 20 89 9 41 49 89 20 80 13 81 2 28 39 98 70 50 58 44 16 61 54 29 68 26 46 95 99 49 48 82 63 87 19 5 30 4 27 52 52 64 90 86 76 8 53 64 63 50 74 49 47 1 5 51 36 17 97 59 16 39 40 52 24 7 54 77 61 15 78 71 4 75 9 77 82 2 83 43 31 44 10 22 29 32 78 18 47 64 18 19 46 66 25 8 56 70 45 36 27 33 82 7 60 92 70 45 49 89 52 61 60 37 75 29 85 11 0 76 10 63 50 16 0 23 84 81 85 83 56 50 84 11 44 30 56 60 54 42 5 70 76 89 19 76 87 35 77 49 87 91 89 84 44 87 28 22 3 89 24 30 96 51 60 88 31 34 16 70 16 88 18 72 67 19 32 14 44 41 31 83 92 77 67 0 96 66 12 2 89 27 9 68 85 71 86 64 39 22 15 84 61 3 55 48 34 87 11 46 58 41 16 9 54 32 14 66 47 55 73 91 79 75 91 29 21 6 64 29 24 81 51 74 68 35 58 69 8 81 51 73 79 69 32 10 45 99 52 35 84 20 3 47 40 93 12 84 46 52 96 61 7 49 38 18 29 36 65 68 90 5 70 3 41 52 50 94 65 74 90 42 3 63 61 7 32 61 98 46 83 37 91 32 0 9 45 97 12 22 25 37 67 75 70 87 88 17 16 95 75 64 56 89 49 46 45 78 75 3 94 34 64 89 57 71 9 65 60 42 34 5 86 51 59 27 40 13 74 90 40 2 62 31 33 56 73 35 21 82 22 63 68 9 66 69 10 94 72 65 26 50 86 33 63 83 14 77 23 47 33 66 35 62 11 82 23 32 7 93 26 35 
16 98 3 39 44 99 29 12 20 41 5 28 41 19 82 60 41 58 49 26 8 1 21 81 33 73 80 77 96 80 32 10 30 46 41 31 66 4 71 89 78 41 11 90 13 41 97 35 11 48 32 29 24 51 17 19 68 77 77 90 26 24 82 71 98 96 72 33 77 41 56 87 0 97 77 92 96 41 5 47 20 12 42 74 80 8 17 29 16 48 46 48 0 85 90 5 82 89 9 70 68 64 12 15 68 85 27 95 30 29 34 33 29 31 33 21 56 24 79 55 42 23 31 98 91 55 2 57 74 7 84 38 3 63 99 48 26 70 32 35 29 15 87 13 61 96 13 71 8 87 68 28 69 54 99 33 57 58 39 62 92 56 13 8 67 57 84 12 45 94 22 23 23 70 66 2 28 18 12 32 73 49 84 9 49 78 40 49 33 18 57 81 82 19 36 57 47 29 1 63 25 15 75 76 51 33 13 72 79 91 9 51 62 30 63 9 95 77 92 81 63 24 12 61 87 63 76 5 79 33 56 42 26 43 60 85 66 46 69 53 17 54 71 52 35 47 81 37 18 17 16 9 4 62 99 47 76 38 10 11 80 52 22 53 73 36 61 83 95 44 14 94 42 66 55 97 29 82 77 20 18 80 24 55 91 21 83 67 48 7 38 7 5 34 79 51 13 64 53 41 46 63 32 74 51 65 65 24 55 84 32 47 64 32 83 40 4 86 1 76 59 86 40 34 58 95 6 85 62 17 62 72 71 71 42 27 98 74 96 41 42 34 62 94 11 84 47 67 68 75 86 55 34 3 56 8 55 47 89 62 24 34 66 32 67 72 66 77 38 29 62 69 92 10 55 28 83 63 86 9 18 38 49 7 51 70 41 48 57 70 14 79 36 66 66 48 77 62 30 5 48 82 29 99 55 94 63 9 61 83 61 49 2 58 65 25 25 47 72 19 99 76 38 23 94 83 46 53 86 9 95 19 70 37 50 96 58 61 45 86 24 3 84 41 45 50 81 92 57 78 45 56 66 9 21 71 88 68 46 58 25 9 61 46 7 11 97 36 38 55 30 67 8 31 18 81 86 28 14 53 49 87 76 36 16 78 94 59 40 89 90 12 38 95 27 74 55 70 98 98 
14 51 18 80 49 59 17 74 37 71 84 71 96 83 1 79 23 57 23 46 29 94 89 38 45 93 67 49 7 27 97 3 10 59 41 79 8 59 19 28 27 91 47 3 86 88 75 72 71 55 10 49 0 47 8 69 79 33 87 36 50 82 93 78 35 18 39 79 40 55 13 62 58 0 63 97 4 7 8 84 54 45 96 7 51 96 67 41 83 5 32 98 33 16 3 96 39 0 83 14 66 51 47 69 85 38 59 56 29 97 26 54 14 97 89 85 20 38 2 33 13 39 50 81 30 55 3 65 85 77 87 77 28 0 49 80 29 17 5 9 69 92 14 26 67 85 1 70 99 15 37 65 2 25 57 25 47 13 81 68 78 53 97 51 36 72 70 68 68 9 31 7 93 78 3 26 75 44 47 11 75 56 15 98 29 53 40 31 51 81 49 29 40 97 62 76 94 52 16 81 49 22 46 59 28 58 51 44 48 41 81 76 64 2 1 32 82 14 24 83 3 2 38 81 98 43 69 54 29 41 41 6 68 28 57 0 70 79 64 16 70 46 89 56 10 79 11 7 97 59 33 96 58 2 2 96 60 92 44 71 33 53 90 3 34 32 42 87 36 11 3 87 39 26 96 71 22 29 49 73 19 14 67 71 32 88 7 53 15 12 77 39 62 54 59 46 62 68 83 68 41 65 16 73 97 13 98 62 31 38 39 85 40 62 22 35 38 80 78 41 26 0 66 63 28 59 63 72 85 10 97 14 93 41 35 29 31 3 90 29 1 48 20 41 26 55 2 5 83 18 94 84 33 86 41 70 8 63 8 68 9 20 72 54 32 83 16 87 6 96 42 59 20 78 94 9 27 45 46 57 35 90 17 53 61 36 6 45 42 80 80 55 20 4 64 75 55 87 62 53 96 20 24 33 77 63 71 3 66 48 63 54 22 64 97 88 73 77 67 96 92 69 24 36 49 24 68 22 57 97 70 72 92 35 9 55 15 25 88 72 47 81 65 52 37 60 3 74 13 68 30 90 56 6 32 13 5 14 82 94 59 5 84 31 91 37 41 20 43 63 37 10 19 22 0 64 99 10 59 99 2 39 45 16 85 51 55 98 75 5 4 84 11 87 36 24 39 19 67 12 
32 29 21 17 73 52 19 30 89 66 41 94 7 81 22 53 0 12 63 12 91 57 3 7 92 68 82 83 23 71 69 40 10 19 74 33 14 51 12 73 13 24 45 64 40 18 14 42 44 45 6 83 30 34 55 4 39 86 89 85 11 18 33 40 5 81 6 37 24 32 1 82 45 69 50 88 89 42 8 43 89 90 29 78 79 95 0 3 90 98 55 46 16 17 16 99 70 16 54 53 97 1 15 96 81 59 61 51 55 73 98 75 71 67 92 74 38 34 85 27 4 41 54 21 25 54 78 66 20 98 38 74 73 36 18 16 47 44 66 12 85 67 74 46 19 80 43 50 19 79 59 53 73 1 19 39 74 87 79 13 0 24 65 72 66 80 78 34 1 50 73 40 68 44 1 94 24 50 49 31 43 16 6 16 82 48 34 39 44 99 86 34 12 38 97 22 6 4 30 93 23 87 10 43 7 24 47 72 38 75 96 81 77 6 50 9 46 1 38 66 58 45 33 84 58 33 80 9 32 82 15 2 23 14 56 0 82 91 16 99 10 9 26 71 1 1 83 83 37 23 56 3 84 7 26 73 34 15 15 56 29 53 78 20 75 38 48 36 49 98 11 76 11 82 64 45 72 26 96 11 27 0 97 79 70 72 38 34 58 10 22 64 92 53 28 68 46 53 74 46 13 91 46 70 81 12 26 57 57 63 91 25 13 63 27 26 9 52 48 58 16 24 4 36 97 54 52 89 65 62 38 99 21 55 31 99 85 93 7 96 37 69 34 80 22 92 26 83 36 63 6 62 56 79 59 21 93 87 1 16 55 53 36 74 33 3 15 39 14 7 97 1 2 93 62 89 7 83 36 67 36 85 58 17 48 78 29 39 46 91 30 8 32 98 48 24 18 14 86 27 56 49 34 41 22 85 83 19 51 80 75 65 64 98 62 88 30 9 15 17 31 63 64 46 12 49 5 5 27 67 63 55 28 63 43 67 45 63 40 35 30 11 25 6 28 14 40 62 29 72 69 24 33 36 67 70 68 74 96 84 52 8 8 70 73 40 4 1 61 74 14 84 48 20 44 93 8 41 85 48 6 86 63 35 50 6 3 7 3 25 25 34 98 12 47 81 95 26 80 71 
76 66 90 43 42 99 17 3 1 92 60 18 12 85 89 35 61 5 40 82 82 35 20 2 48 54 45 51 30 76 25 14 5 82 18 11 71 20 79 87 10 73 67 95 27 16 90 11 50 30 49 2 28 18 24 45 98 76 70 33 39 98 77 42 73 72 54 78 92 8 20 70 19 25 40 63 95 12 99 28 18 39 39 36 29 71 39 22 52 53 62 75 45 49 25 70 87 43 28 89 87 1 14 52 25 21 52 64 21 19 68 94 8 62 54 11 33 11 47 70 95 89 24 44 33 63 17 27 95 7 99 50 38 53 58 72 67 67 47 60 0 98 33 84 76 21 42 8 17 96 89 32 90 24 5 32 81 97 81 8 25 72 66 21 85 2 32 75 61 1 69 39 97 97 86 86 55 78 51 2 20 40 89 25 78 26 50 92 31 51 0 22 82 79 66 89 94 66 4 16 72 58 33 82 94 41 2 93 56 87 36 91 6 1 58 41 41 32 40 96 51 14 16 17 85 34 71 63 99 79 29 24 75 41 24 24 13 72 14 5 3 74 23 60 3 57 94 43 14 44 66 43 39 48 47 44 95 42 20 43 24 27 17 66 86 84 67 26 62 83 70 66 97 58 34 91 68 31 15 72 34 63 83 90 53 7 74 99 18 43 95 20 19 73 58 19 38 22 84 72 47 15 42 54 48 95 2 52 85 31 58 39 55 54 82 81 13 85 57 88 8 6 74 6 2 33 1 67 6 51 67 69 38 23 86 60 51 69 58 2 64 44 79 33 76 83 28 19 33 0 47 48 93 65 10 42 80 71 14 33 10 39 86 50 95 78 9 82 71 68 72 26 79 44 58 13 5 48 53 0 91 47 14 66 47 58 23 24 26 67 16 14 14 14 71 38 40 70 77 88 58 40 50 32 65 18 54 48 31 43 93 41 91 37 80 31 56 83 37 71 71 81 49 49 95 40 28 78 95 34 36 23 35 37 1 83 19 2 21 14 17 66 20 18 31 64 86 78 88 74 80 28 75 57 3 51 40 45 95 9 71 22 91 7 39 7 69 71 63 81 93 26 75 43 9 62 5 7 96 41 13 62 47 94 26 23 59 39 18 21 84 24 77 2 62 31 52 30 70 73 
20 89 27 8 25 36 37 98 36 22 57 68 21 10 39 62 9 87 17 74 35 97 41 11 48 90 24 28 32 23 56 29 67 75 98 89 68 36 88 5 41 85 39 80 43 16 92 48 67 5 29 24 17 63 17 9 48 86 75 6 51 60 14 98 82 71 4 9 16 35 78 88 30 52 96 37 24 75 14 91 8 86 66 28 64 76 63 87 5 70 25 44 91 22 69 33 0 26 23 80 23 89 63 10 78 63 1 6 83 79 13 87 65 16 21 70 18 61 36 68 4 6 79 98 46 86 49 74 21 2 29 52 59 86 66 89 86 38 18 96 20 56 0 57 33 1 6 7 5 4 28 65 96 74 57 29 56 26 18 56 38 45 72 88 67 50 81 66 48 82 27 22 47 98 92 49 4 27 21 67 61 95 34 17 22 66 30 9 67 20 76 67 38 49 96 86 40 33 6 11 23 13 27 9 53 29 10 94 31 32 82 89 28 53 88 21 20 63 64 13 77 39 26 56 37 92 63 86 44 55 74 48 31 32 40 53 5 73 39 21 25 30 93 18 0 29 56 29 24 55 69 58 94 22 10 27 80 32 20 74 61 0 89 56 17 60 72 25 16 51 6 14 62 91 13 6 45 9 79 84 30 52 78 35 64 43 2 43 6 11 66 35 15 21 90 76 24 91 84 1 40 17 6 44 11 62 19 76 77 76 29 54 24 8 47 45 21 5 51 89 47 52 58 68 8 32 86 71 88 11 88 39 15 60 34 43 39 43 75 64 22 46 54 96 60 33 47 91 68 44 4 8 67 95 68 74 90 83 26 26 42 15 51 92 53 65 95 0 2 14 65 43 15 99 98 94 82 13 72 54 62 96 83 1 23 28 24 0 85 20 56 53 77 82 59 31 44 82 57 63 56 3 25 29 73 51 12 20 96 86 0 22 30 93 74 59 98 87 5 28 31 57 96 87 81 10 18 61 26 97 28 99 82 90 46 41 54 78 53 36 72 7 64 22 48 71 38 31 73 60 44 50 42 72 36 85 71 42 53 33 79 57 19 69 59 67 37 44 65 28 41 65 5 76 84 55 68 94 71 57 55 47 29 35 82 11 67 98 89 38 44 33 93 45 44 92 24 46 94 73 
51 77 40 49 88 77 64 64 23 95 69 32 80 68 32 55 17 49 84 99 10 6 54 57 42 7 85 41 12 51 1 5 10 34 10 24 40 78 96 66 88 68 68 9 12 19 13 89 69 29 84 83 31 38 37 10 73 58 95 84 47 90 94 24 13 41 86 83 73 95 91 84 51 42 39 99 44 53 16 94 29 25 71 7 82 6 63 36 47 42 66 76 89 52 92 89 76 39 70 10 99 24 82 15 45 14 91 39 27 64 40 29 38 12 80 14 86 34 25 50 99 35 53 97 55 43 41 32 28 1 68 76 55 45 85 31 13 42 1 52 13 34 38 99 47 94 21 41 27 26 99 81 81 49 90 84 56 85 67 27 44 65 89 82 4 22 72 11 11 20 82 23 43 57 14 48 16 43 36 16 86 2 49 92 21 24 39 1 0 12 19 51 72 69 44 48 75 68 35 7 4 38 53 92 88 79 28 23 21 32 6 86 2 99 26 24 56 36 37 64 56 78 32 27 77 84 19 85 22 73 81 80 39 22 33 22 80 26 56 16 47 59 15 60 44 67 36 25 5 57 56 83 55 17 60 48 34 9 28 97 27 14 43 30 4 27 45 33 84 40 97 28 57 61 51 69 10 8 33 46 65 28 4 61 53 15 45 53 27 50 96 45 38 52 5 32 68 41 50 7 51 80 69 95 60 6 33 70 58 36 62 51 38 83 92 84 70 35 80 48 20 2 79 13 89 57 35 35 42 51 44 77 33 85 74 32 6 95 59 74 8 53 51 9 46 63 70 36 55 25 13 49 22 1 73 40 18 55 57 95 18 43 27 6 43 13 37 24 97 22 55 86 42 1 51 28 85 1 52 54 52 85 44 50 20 11 74 95 53 49 14 7 64 4 66 76 87 67 1 67 5 89 22 66 2 82 0 27 61 99 95 70 63 90 61 44 47 60 17 97 16 94 68 75 61 18 2 27 0 35 32 59 52 90 28 65 59 71 16 95 28 59 22 67 86 7 35 41 10 80 39 63 61 60 69 44 0 34 12 92 43 53 76 47 72 87 12 92 46 96 44 32 18 11 27 58 84 9 95 17 97 31 48 28 99 66 18 34 86 34 6 95 10 73 38 77 73 42 16 78 
58 0 80 41 37 89 72 10 9 57 86 60 76 41 52 53 7 12 71 68 97 99 32 79 52 96 42 74 9 49 18 16 15 77 71 70 75 56 95 48 82 27 5 29 24 3 67 58 20 82 35 15 64 9 76 84 49 4 28 1 50 99 67 17 2 34 19 4 63 40 26 88 10 75 43 24 28 7 40 18 2 8 76 79 52 77 24 4 46 62 28 63 71 16 15 54 61 27 14 71 10 5 9 1 2 42 35 90 56 78 93 66 45 38 36 43 47 13 38 88 10 87 53 71 29 92 14 54 70 29 61 38 71 11 86 19 56 50 40 39 21 41 80 93 38 36 88 27 76 63 8 47 41 73 76 78 91 15 23 70 61 94 56 82 78 50 67 64 38 68 71 30 78 83 62 12 60 46 16 28 43 1 67 15 32 65 17 11 37 73 36 46 29 59 47 50 11 82 38 45 4 53 92 92 95 23 66 62 92 65 63 14 33 69 14 12 70 28 84 3 23 54 83 81 34 44 33 67 91 31 49 65 4 72 23 60 53 51 58 40 0 35 55 96 5 73 55 55 71 69 73 30 18 42 65 0 92 50 4 97 85 53 89 17 88 76 99 83 75 49 40 29 22 17 6 91 35 55 60 48 48 79 63 71 69 25 17 50 52 27 30 75 74 4 49 84 28 99 13 76 97 71 17 42 50 84 17 58 71 18 42 18 72 36 55 51 68 52 81 4 89 77 40 13 44 73 91 8 62 24 10 0 0 0 97 47 74 95 40 94 78 66 13 54 43 63 5 97 16 5 99 57 39 10 14 0 34 46 13 85 88 47 84 23 75 84 92 99 44 21 14 38 63 3 89 63 58 32 53 82 96 34 84 98 35 96 15 92 21 41 16 4 65 51 87 16 26 39 82 83 40 20 1 71 11 29 21 82 4 31 91 81 32 53 52 3 68 10 1 24 31 76 4 45 46 30 25 27 1 77 18 70 0 27 79 81 53 48 35 99 69 96 35 79 97 8 87 7 26 15 6 69 98 37 85 11 82 31 84 14 93 78 53 57 62 61 13 27 29 56 21 65 29 83 16 4 70 9 81 34 57 57 59 11 73 38 35 95 81 15 10 2 41 54 79 32 21 60 23 46 
59 89 40 16 29 24 87 19 47 38 89 70 42 95 4 69 45 29 1 17 83 88 97 98 94 82 88 6 2 7 81 77 76 75 60 17 36 39 88 32 33 70 9 16 84 37 40 39 52 21 0 15 21 79 30 44 10 4 44 79 24 2 11 41 55 47 12 24 15 92 79 25 11 45 71 75 84 75 53 94 78 30 84 24 90 92 76 56 31 61 14 12 67 61 92 25 84 63 70 76 56 0 71 83 73 6 43 65 69 49 13 42 13 31 45 66 78 87 25 27 73 98 99 21 43 16 21 94 96 88 8 46 81 93 98 37 28 27 63 30 63 47 77 2 63 38 75 22 38 1 19 57 30 49 8 13 53 11 18 19 66 15 71 57 6 52 10 21 26 47 6 75 50 41 93 99 11 26 1 95 81 56 19 17 44 24 14 53 64 79 87 14 19 2 39 26 5 38 80 79 62 70 47 92 43 52 21 64 86 72 56 13 15 54 41 88 99 57 64 28 68 94 16 96 17 43 27 61 84 29 32 28 77 1 35 32 17 14 48 6 90 14 44 30 9 13 53 57 89 54 73 51 22 85 52 27 10 25 93 57 11 87 77 92 57 42 54 0 73 48 44 37 77 61 37 88 26 39 42 85 92 82 92 26 41 29 56 39 85 39 23 3 76 19 81 38 97 26 56 63 9 19 31 12 43 17 7 19 90 11 18 75 23 76 10 12 2 16 80 43 11 7 14 78 37 48 94 35 73 57 32 78 15 9 54 23 59 54 2 48 22 29 71 36 83 70 51 25 11 88 60 84 99 16 26 51 77 52 53 98 70 0 8 20 15 20 41 11 77 9 33 90 69 8 86 84 79 95 79 43 38 67 20 22 73 86 59 81 77 18 50 48 87 85 46 30 19 63 43 48 61 16 21 51 7 46 27 10 31 51 21 27 42 91 67 16 69 1 16 21 8 50 61 76 0 46 79 99 5 1 30 53 52 13 86 56 40 22 49 79 4 34 47 72 48 15 67 38 36 13 71 10 38 4 81 87 62 9 43 81 12 80 56 15 69 98 84 63 69 32 58 94 40 72 27 87 75 42 34 33 29 6 98 81 31 48 96 20 72 40 9 49 73 95 98 34 8 37 10 48 
85 84 48 36 61 29 2 11 35 90 69 21 21 60 74 22 44 34 40 61 74 98 87 37 79 22 84 81 81 29 94 11 77 7 64 24 35 30 80 38 37 62 96 57 91 92 51 80 64 30 38 31 89 10 55 69 86 85 29 0 73 38 2 43 96 7 6 51 69 69 77 52 16 38 54 10 99 12 76 60 4 53 97 60 84 34 94 57 46 60 71 48 84 59 71 60 86 77 26 20 55 71 40 99 4 86 9 88 49 69 43 53 6 33 15 56 3 29 56 71 4 71 60 85 88 22 41 71 87 89 63 4 57 93 90 76 25 54 39 1 58 72 70 48 41 51 6 26 70 19 29 42 31 22 41 42 43 54 19 36 0 0 10 19 56 57 83 73 68 39 13 8 85 99 90 16 74 72 72 27 18 92 68 56 96 1 6 32 80 47 55 78 52 44 11 56 75 21 79 6 48 51 51 35 70 92 63 94 63 74 35 83 26 36 70 54 30 80 39 34 76 61 95 74 3 79 98 76 14 3 6 79 9 19 28 87 94 93 92 37 99 51 4 29 51 39 31 3 21 44 3 73 21 52 92 27 70 3 23 50 86 93 96 55 20 55 38 39 88 76 47 59 62 81 38 37 96 21 51 95 21 27 88 45 49 13 66 30 68 38 58 91 50 6 16 86 84 84 27 76 56 80 34 97 64 22 87 93 73 99 34 12 15 15 68 89 40 30 45 98 37 15 90 51 74 61 39 49 94 48 96 89 50 8 30 49 10 49 85 14 74 23 20 23 6 38 0 81 49 92 56 72 14 18 68 21 38 44 41 80 4 37 65 43 67 34 15 99 4 86 85 35 36 10 84 63 34 46 68 42 44 52 28 52 29 42 20 1 35 34 98 34 0 57 74 45 47 61 5 90 68 73 95 21 38 9 39 14 96 69 67 64 5 96 66 25 45 5 30 32 68 47 25 28 61 98 14 40 8 21 51 91 32 61 75 87 8 66 69 88 19 21 87 14 25 42 72 3 79 66 2 30 54 31 40 69 28 63 66 16 80 18 11 26 43 92 4 15 83 31 26 54 55 97 98 33 39 40 86 24 81 73 91 14 16 30 29 18 0 4 94 0 6 16 43 42 82 18 83 97 
10 78 30 36 56 41 61 69 59 8 86 13 94 18 42 81 26 56 49 30 9 24 54 61 38 16 8 79 23 5 33 2 85 89 76 17 31 12 52 77 14 25 18 25 59 45 51 2 0 22 28 50 80 9 14 42 9 48 6 66 5 38 91 2 77 71 89 38 87 20 6 53 38 6 67 30 6 47 34 18 67 34 29 14 63 90 34 92 94 41 4 59 53 85 84 76 4 0 37 94 89 56 73 66 82 97 85 64 33 62 27 49 98 1 18 13 77 51 25 66 14 59 8 33 97 26 91 13 29 52 20 74 0 92 23 96 71 77 28 48 60 47 17 86 77 0 65 64 59 89 20 65 67 31 24 57 56 26 11 8 21 66 42 90 8 53 17 26 11 22 56 30 5 43 82 93 65 33 75 6 83 50 35 24 99 47 97 91 78 99 29 98 34 48 78 45 33 41 99 13 17 44 64 13 83 68 48 11 69 42 24 72 80 31 42 92 98 69 43 50 72 7 17 59 27 38 38 95 20 77 65 92 18 83 86 26 99 96 32 20 41 97 92 49 10 76 65 53 94 88 10 74 45 92 99 74 45 70 36 62 76 65 98 68 84 47 56 88 54 41 1 8 10 68 26 50 62 46 47 66 37 27 85 28 93 52 87 67 2 81 89 51 37 22 72 21 2 76 79 8 13 9 77 33 83 90 80 10 51 83 85 0 46 76 93 0 81 58 12 3 64 7 16 92 68 14 41 74 65 11 30 53 36 47 66 2 12 62 8 58 89 12 63 62 26 90 26 1 28 5 60 90 39 80 43 77 92 27 82 19 47 54 55 80 73 22 97 53 30 22 67 10 49 42 53 1 52 57 48 68 86 31 65 71 46 37 60 18 97 55 59 93 67 42 0 37 6 16 18 38 44 33 85 9 98 60 75 41 84 61 91 60 99 27 20 3 49 4 33 18 64 84 55 40 21 12 18 95 78 92 61 82 74 27 61 84 96 73 73 77 23 90 59 62 8 97 0 77 56 51 24 69 4 5 72 75 18 30 29 18 94 62 14 81 84 68 29 94 4 67 42 45 83 60 55 13 48 61 3 62 92 36 69 24 85 33 0 23 9 66 57 60 85 90 16 74 19 84 91 84 
37 13 31 90 23 87 56 14 48 23 79 2 84 25 78 27 76 62 80 16 58 51 30 94 11 84 60 74 66 3 56 58 43 63 12 0 12 55 74 53 67 67 97 44 12 77 21 41 36 35 76 25 10 48 75 27 28 72 95 32 58 22 0 79 31 17 37 30 32 44 25 77 89 61 81 45 64 19 80 91 53 44 67 62 48 91 29 45 53 63 82 77 5 63 70 95 67 59 49 49 74 66 61 55 62 21 39 36 5 9 1 88 11 29 59 48 40 75 60 0 29 79 44 77 29 87 48 19 86 21 10 28 78 70 33 82 63 48 67 90 14 74 69 73 23 82 2 79 94 28 8 97 64 61 20 39 66 51 56 83 45 51 66 52 25 98 2 11 59 52 48 82 48 70 39 74 60 7 41 18 67 78 49 36 91 66 65 12 90 9 47 10 98 13 54 5 42 28 28 81 18 67 15 1 6 17 1 42 27 60 36 78 90 17 62 0 41 28 28 51 95 87 81 49 60 51 94 18 1 34 75 61 33 35 92 38 68 7 17 53 14 78 67 6 76 37 96 70 3 37 73 88 81 3 22 3 75 29 25 60 87 94 79 7 23 54 19 94 90 24 84 76 52 11 1 91 12 30 3 81 27 27 52 61 26 79 33 69 48 56 45 74 59 78 39 66 72 30 60 45 9 88 34 67 54 64 60 33 66 52 71 58 31 84 0 12 56 98 84 99 10 58 64 45 25 96 32 10 25 93 26 38 4 20 39 41 70 86 50 99 50 60 28 52 86 39 11 61 74 79 13 4 25 77 51 96 2 51 35 1 21 82 86 94 0 66 70 71 75 75 32 37 21 40 97 4 65 43 95 1 93 40 61 84 82 35 90 28 52 47 57 56 92 21 60 12 99 79 73 21 5 49 50 64 14 13 48 78 31 62 49 32 4 28 72 33 96 74 57 44 86 20 85 22 35 49 24 93 83 40 58 74 92 71 39 8 9 64 11 29 8 75 56 61 11 59 61 96 15 48 43 25 17 6 38 97 4 88 70 48 12 63 74 42 29 84 53 68 63 79 59 70 53 10 54 0 31 45 46 48 44 63 93 27 47 5 35 73 22 9 46 98 88 94 77 94 4 22 94 85 
47 8 32 4 80 15 34 43 86 34 81 19 86 70 43 41 47 85 5 99 30 64 83 99 61 79 50 90 31 92 91 75 73 65 73 24 68 14 35 79 50 70 55 61 37 37 9 4 74 10 8 47 74 21 2 18 91 96 91 9 56 90 88 57 34 68 64 49 18 19 58 83 7 98 28 19 90 84 63 23 90 12 76 12 85 33 75 27 16 20 58 60 50 88 16 95 1 96 87 20 68 23 83 97 16 24 31 64 27 43 65 51 5 88 45 82 31 98 62 76 86 63 84 6 14 46 29 94 22 61 63 36 9 96 45 37 49 93 98 54 67 30 26 75 7 32 18 3 1 97 42 50 28 97 69 36 75 72 97 30 89 43 48 54 33 31 70 96 22 46 63 2 15 9 43 96 62 73 4 72 18 63 81 80 51 62 85 93 89 18 45 54 43 86 65 54 57 33 96 74 32 53 67 55 45 60 68 81 12 72 15 88 62 74 29 68 70 66 39 14 76 92 17 91 99 98 48 39 60 56 20 42 86 56 18 38 20 47 5 47 49 19 63 61 10 28 27 54 81 45 8 27 81 46 45 8 18 23 59 6 14 70 90 81 32 89 96 42 0 47 46 10 35 76 32 35 33 67 31 27 56 3 9 11 79 17 44 10 71 69 35 70 24 93 42 10 71 26 48 13 42 86 66 97 52 30 9 71 31 53 20 7 84 44 87 79 70 55 20 45 10 40 48 12 53 95 95 26 6 66 28 51 61 9 30 45 56 73 20 61 65 60 92 61 60 68 33 58 87 62 63 32 63 76 38 95 57 58 59 96 25 44 22 53 1 73 22 57 13 24 55 12 22 14 97 93 24 11 2 73 21 20 82 35 71 50 52 44 25 48 92 65 92 94 23 3 35 84 10 86 37 5 11 65 22 22 40 53 65 38 85 67 24 27 73 55 17 64 3 75 36 48 11 13 16 83 58 40 30 0 54 20 83 3 55 43 42 40 77 91 78 47 15 81 13 97 87 36 1 19 44 91 34 86 48 99 48 7 93 97 82 60 26 54 24 70 89 31 21 4 20 35 8 4 56 7 63 28 94 93 28 20 92 89 55 10 22 88 57 30 26 97 16 83 57 60 3 22 19 5 
63 38 64 54 73 3 44 96 10 63 48 19 17 98 74 56 68 48 75 83 82 48 31 21 15 39 96 15 80 43 22 28 28 42 27 23 7 74 51 57 23 98 58 78 68 52 85 1 96 76 33 65 79 89 78 36 91 15 79 71 91 49 74 56 77 36 11 91 53 12 52 21 61 8 88 41 22 48 84 59 96 54 9 53 48 82 79 75 88 11 62 87 85 21 91 2 93 20 73 50 0 76 92 81 12 87 17 20 98 17 8 23 50 58 35 8 66 85 80 86 75 43 84 96 21 5 25 6 25 78 21 27 47 92 19 48 28 74 51 4 96 55 93 72 72 81 31 29 88 55 0 80 83 11 43 5 3 46 31 91 15 75 50 63 38 51 53 95 86 61 40 53 92 21 11 83 34 57 68 93 14 53 54 22 37 95 85 95 80 57 98 78 65 57 77 69 30 77 46 49 93 53 29 66 75 13 6 52 35 47 39 48 57 97 35 71 92 59 11 54 79 80 90 42 43 89 39 98 89 58 90 63 50 4 10 88 44 90 21 30 39 52 56 17 40 81 67 72 28 83 45 45 72 93 3 16 39 84 22 42 98 50 12 81 19 51 99 66 76 8 42 66 2 94 83 29 63 55 14 32 89 28 90 69 76 2 37 24 43 0 67 68 42 73 9 2 26 14 27 57 94 96 51 59 77 7 72 23 7 9 39 80 80 4 44 69 86 81 63 45 71 51 37 84 27 79 81 51 55 62 52 25 66 72 4 70 78 78 95 44 63 26 11 35 36 36 17 65 74 5 87 52 33 60 46 39 64 89 32 75 20 9 12 73 36 61 95 14 12 70 75 75 99 57 3 7 81 1 46 47 93 10 87 72 67 35 60 89 13 17 1 47 63 57 0 81 61 51 51 68 16 37 57 77 96 88 89 97 8 22 15 13 70 99 8 94 76 67 68 29 75 80 34 62 88 20 96 66 44 95 35 28 56 6 37 82 12 66 45 63 32 38 32 35 13 46 65 57 21 30 78 96 33 95 73 9 25 64 99 24 97 79 16 49 55 61 35 33 86 39 89 53 33 39 88 62 74 82 48 66 57 43 82 2 11 40 35 64 68 0 63 18 77 21 98 44 2 62 51 75 
31 87 3 42 84 28 96 46 18 43 75 8 4 46 27 98 14 97 8 62 5 23 94 25 23 3 21 16 80 89 76 31 73 58 40 91 88 24 24 82 20 30 8 68 42 23 46 40 57 45 43 27 50 79 17 93 11 11 96 26 65 2 55 98 51 29 93 88 5 97 88 70 65 73 73 50 44 42 60 65 0 59 70 45 49 59 44 9 38 24 37 57 61 77 48 43 14 10 19 12 63 98 96 56 51 69 70 85 45 23 7 45 16 85 15 85 73 7 6 69 39 89 94 18 37 6 7 11 88 10 85 95 47 59 4 54 89 18 1 26 46 31 79 91 20 98 43 46 23 47 57 10 62 88 52 77 52 98 0 54 47 5 53 66 4 64 59 20 64 13 36 84 1 80 58 96 8 6 22 50 25 51 99 44 67 64 35 53 99 7 82 95 75 36 29 41 11 9 90 19 78 16 85 60 69 3 6 51 84 81 23 41 6 43 93 54 27 61 2 62 24 6 63 66 98 9 19 59 71 10 17 90 74 21 90 13 27 45 44 93 33 63 88 88 47 95 15 33 57 91 83 73 77 84 69 8 58 30 96 85 16 28 76 10 72 54 31 60 53 36 76 65 86 92 59 51 62 92 29 12 18 26 76 18 98 43 85 69 7 1 75 74 6 73 27 35 41 73 94 40 86 54 94 20 48 68 85 13 26 4 18 32 17 10 50 44 53 69 10 0 71 28 70 39 62 74 77 56 24 0 66 19 58 58 42 46 70 63 82 83 39 48 56 73 2 16 45 32 8 65 66 30 28 78 67 16 35 8 59 6 45 93 70 50 61 91 51 42 84 45 70 92 2 61 97 22 37 14 33 46 86 10 27 95 61 87 87 64 1 29 21 96 72 75 31 11 88 11 75 13 98 83 73 61 2 89 18 7 95 9 93 9 76 74 22 38 71 86 22 67 69 83 35 39 18 30 81 74 55 25 80 74 97 39 82 37 95 66 83 65 27 74 43 37 57 4 63 7 29 9 0 35 70 88 57 91 38 14 84 30 72 89 59 10 80 14 62 89 30 71 7 4 97 7 29 3 5 64 18 27 23 55 17 65 0 86 63 83 37 43 11 64 13 7 55 16 87 73 77 81 
82 35 28 43 46 14 8 67 93 66 7 30 85 52 76 48 84 96 80 51 94 69 68 84 81 35 66 61 43 10 31 60 87 36 32 71 61 25 3 84 83 38 69 87 92 64 78 30 73 21 93 40 1 76 61 53 5 73 6 85 43 23 96 38 14 69 32 20 70 42 76 31 6 92 34 43 99 20 67 47 79 15 38 2 26 12 39 95 7 9 80 39 31 71 79 13 21 42 20 29 18 27 21 75 47 52 76 85 3 46 83 28 78 77 35 96 86 57 13 91 10 75 44 12 32 82 93 6 67 15 47 42 24 46 76 41 92 30 31 6 51 67 42 25 7 91 27 87 40 60 73 9 59 55 74 35 41 47 86 68 97 64 47 48 20 62 39 13 16 15 53 10 95 43 59 13 29 89 76 50 92 31 69 12 64 13 98 13 6 92 42 69 93 9 74 7 51 3 18 62 27 45 45 0 3 99 88 92 37 19 28 98 23 83 95 49 60 66 31 89 47 40 17 69 94 58 37 86 35 29 23 84 94 45 98 96 56 21 83 20 50 46 52 55 96 93 77 32 47 8 10 52 1 47 66 21 0 99 64 94 7 68 1 36 44 52 93 52 9 3 5 10 52 80 36 80 48 35 80 92 18 53 23 61 79 33 19 69 76 68 35 14 44 44 31 94 1 84 62 65 62 27 81 69 51 82 87 78 29 19 3 85 60 27 78 81 6 54 38 80 45 18 17 35 4 81 2 29 18 79 21 6 96 83 45 23 20 32 67 24 1 52 52 60 57 8 3 56 80 95 24 10 92 51 32 88 50 3 66 98 42 88 41 21 1 90 31 60 58 55 54 2 3 5 33 89 86 55 45 33 20 74 80 9 31 17 18 11 98 67 50 53 13 10 16 58 48 64 44 57 61 57 49 6 88 52 87 31 86 75 73 1 79 40 80 15 4 82 4 13 69 59 48 33 36 95 88 14 82 56 92 82 50 32 40 66 83 96 30 75 57 26 7 55 63 13 98 24 15 28 70 16 34 32 58 70 74 42 54 20 29 48 87 90 8 50 31 86 96 73 78 96 95 15 87 0 19 6 83 89 94 17 79 12 69 7 49 85 19 63 98 18 60 55 77 34 83 1 49 83 
11 51 14 95 89 94 73 79 71 33 83 89 35 99 53 0 35 66 89 26 27 54 91 53 56 57 77 17 48 56 7 9 29 66 64 63 58 3 81 45 60 8 50 90 25 1 98 21 99 63 22 28 79 95 23 15 76 34 44 36 70 67 37 91 89 82 50 49 83 26 74 90 65 42 8 85 81 67 71 59 77 77 56 52 86 46 68 68 24 31 66 46 13 37 59 65 44 67 37 25 35 67 73 45 14 46 12 24 78 56 20 32 94 59 38 81 21 83 59 48 52 90 71 92 69 16 45 73 93 86 89 54 86 42 86 18 11 66 60 11 24 78 40 39 21 55 53 24 15 30 76 62 85 56 55 74 23 39 19 64 44 65 73 57 32 84 69 22 41 41 82 14 52 56 21 82 38 44 85 49 96 31 22 30 62 69 17 19 58 54 24 97 85 69 95 77 98 75 37 13 32 47 46 15 88 66 97 6 6 6 26 43 88 7 55 45 67 38 62 44 47 58 29 2 17 27 29 83 39 80 88 87 54 56 58 65 58 29 61 94 63 17 68 86 76 96 13 3 97 1 95 20 29 33 82 15 15 29 20 34 3 12 40 42 93 76 25 30 78 83 57 71 92 21 6 84 71 20 61 79 23 32 25 48 68 72 23 17 67 5 48 79 67 65 98 93 12 11 90 2 63 13 17 72 54 94 5 30 81 17 47 86 29 65 63 47 92 55 8 28 42 77 64 26 34 53 54 54 84 65 34 67 17 91 56 34 55 8 70 11 7 37 71 43 80 42 60 98 22 43 12 39 51 71 54 70 4 66 19 49 59 6 73 98 44 2 12 72 46 71 2 68 80 82 88 79 83 94 67 69 73 78 36 87 82 74 76 35 38 50 27 80 3 38 95 94 9 44 43 7 87 55 80 4 92 70 40 97 90 57 37 55 25 17 28 43 3 9 23 99 59 28 24 48 24 26 23 76 3 35 58 67 87 65 47 73 27 0 53 38 98 30 98 72 51 69 60 92 63 30 91 63 83 40 83 36 40 4 83 91 78 73 21 87 29 71 18 91 70 52 76 54 81 47 42 61 82 57 52 22 50 56 12 22 22 41 96 29 50 37 5 9 83 72 47 44 45 75 42 31 
29 58 41 68 30 39 1 58 82 84 16 96 98 7 89 26 85 5 71 22 63 22 54 22 61 27 74 89 8 79 43 21 38 62 35 76 6 2 42 14 76 40 79 18 25 99 64 83 4 51 71 17 64 58 66 51 84 85 88 11 5 49 77 80 67 28 0 52 87 0 2 78 79 60 58 33 18 16 7 58 9 83 50 54 22 36 12 4 16 40 34 41 32 51 3 53 7 32 26 73 60 62 57 22 7 96 21 93 49 7 35 7 26 86 6 50 13 54 70 80 18 35 40 20 66 19 87 7 82 34 62 62 57 78 47 37 0 16 92 21 35 86 60 9 6 58 64 97 91 3 82 68 14 62 21 60 94 48 27 35 73 42 72 9 59 77 88 11 95 4 78 54 31 98 1 68 97 52 0 90 22 10 65 15 18 61 47 80 80 34 28 85 59 80 76 50 17 83 95 85 23 24 41 95 78 91 48 46 8 64 9 34 85 65 3 26 44 24 36 41 1 73 94 64 81 57 13 94 68 89 21 27 9 92 95 61 90 10 55 92 74 79 41 8 69 27 84 65 31 23 65 78 80 25 36 0 37 59 8 89 54 81 22 92 39 4 9 72 61 97 19 85 63 55 30 97 9 84 31 47 79 78 62 64 13 18 32 83 25 92 42 90 1 85 58 29 32 72 3 91 63 62 4 55 0 42 65 29 49 24 5 84 85 62 75 18 48 76 32 90 1 74 8 62 77 51 57 77 61 92 84 86 46 80 9 26 72 98 22 3 13 67 38 9 8 57 35 61 6 23 21 24 51 43 29 8 92 69 51 97 0 41 82 71 72 22 40 47 31 1 92 27 38 66 30 14 65 0 32 24 86 83 55 10 89 81 40 41 72 90 43 9 80 77 7 91 80 66 35 22 18 77 61 82 3 39 49 78 2 76 4 44 36 44 58 99 23 58 0 44 20 98 2 56 29 78 28 41 55 79 3 78 8 68 59 60 65 71 71 10 97 15 80 1 13 63 57 97 87 21 86 78 17 77 72 39 72 30 97 19 60 1 60 4 33 97 43 20 62 11 35 38 18 35 72 78 16 90 86 36 15 2 30 43 54 74 97 17 24 75 22 97 67 0 54 39 90 36 85 67 
40 41 58 13 31 99 79 4 26 46 43 5 66 81 80 46 99 7 56 70 65 35 94 88 97 12 5 88 34 73 13 81 27 75 20 15 94 50 55 10 1 84 69 84 61 22 8 0 4 55 3 40 68 48 26 48 12 5 0 7 17 80 6 8 25 91 41 45 30 22 38 5 11 51 67 40 47 69 69 28 94 31 56 89 67 33 19 68 55 11 0 11 19 9 65 79 84 71 77 95 88 22 21 4 35 98 19 2 68 82 8 59 72 45 40 37 61 58 22 84 79 30 33 72 81 28 11 24 64 57 51 80 43 46 16 60 2 7 67 22 64 5 53 96 23 74 47 29 39 75 10 42 14 26 63 19 38 89 46 16 35 27 60 41 3 34 55 73 11 25 65 6 68 30 20 16 6 30 9 1 23 84 74 19 71 95 25 76 23 24 98 70 83 56 68 73 32 10 89 42 14 63 31 21 7 97 81 2 93 86 25 12 92 33 57 10 70 34 93 50 90 82 81 7 67 52 43 1 95 50 91 80 36 3 53 57 37 31 87 16 36 84 96 10 23 54 92 77 44 37 73 78 65 61 25 54 60 55 57 33 79 74 17 38 16 52 61 27 11 34 84 51 28 29 98 37 50 27 31 92 36 30 42 83 60 6 15 16 81 5 17 40 37 22 79 73 70 90 13 2 40 31 98 85 44 94 71 90 44 80 10 0 34 7 48 18 17 14 59 68 58 38 1 14 48 78 41 20 58 89 79 42 64 23 78 62 68 50 95 92 26 94 21 21 75 58 7 23 10 96 45 95 63 94 87 40 52 15 55 16 21 26 25 69 52 29 59 37 97 32 17 21 54 59 39 82 66 42 42 25 39 79 21 53 85 73 28 90 85 15 56 44 74 39 56 89 3 84 63 39 37 78 91 45 11 20 97 84 99 46 6 49 94 5 14 9 51 11 76 31 44 80 69 89 14 1 47 70 5 38 96 36 75 87 71 93 73 70 12 66 75 28 63 6 33 65 46 0 69 77 54 52 88 24 70 15 47 16 12 37 47 58 19 35 40 27 82 49 81 79 17 13 4 39 41 97 75 66 19 5 28 1 55 97 37 49 55 57 91 57 29 37 76 24 48 88 10 29 52 20 
34 73 71 12 49 35 72 17 29 98 22 81 91 17 44 36 72 65 7 56 78 22 51 76 0 99 15 52 36 59 76 39 96 55 85 60 7 64 92 83 70 32 34 19 98 55 51 0 36 38 32 31 46 49 98 15 59 65 40 91 51 80 60 61 23 48 18 29 60 14 8 70 98 56 85 88 74 77 12 3 33 11 48 39 17 36 94 8 50 49 30 12 30 89 70 67 0 86 87 94 99 33 61 75 77 38 57 64 82 13 33 90 95 80 32 11 55 17 35 67 68 96 47 24 29 80 47 60 75 24 96 76 29 37 63 22 32 98 19 62 98 25 56 24 51 88 80 52 66 91 80 24 34 64 33 50 12 46 71 69 54 94 33 98 96 6 30 22 82 37 31 6 79 72 27 98 56 93 8 42 40 53 66 38 31 62 88 15 92 47 17 78 7 80 37 29 94 89 46 80 40 69 65 62 24 46 24 23 59 70 83 68 40 1 61 25 71 14 2 87 56 44 7 30 65 14 74 8 95 28 66 91 48 27 85 63 9 70 36 4 39 75 94 23 11 30 73 90 26 61 10 41 72 23 55 26 21 44 54 16 77 4 15 72 44 27 6 92 95 38 14 4 36 49 81 74 8 0 10 33 97 89 71 25 85 77 54 21 61 34 82 41 38 94 53 66 60 98 97 67 76 69 84 8 18 10 40 98 95 71 83 5 15 39 98 65 18 27 96 64 35 96 78 78 50 73 44 38 87 50 46 12 71 87 40 60 14 31 51 10 52 3 77 87 68 96 23 54 39 28 9 58 19 59 81 31 59 48 24 79 48 81 61 64 33 45 11 91 15 64 82 67 0 84 44 78 77 63 30 31 29 99 92 68 52 97 21 10 31 61 92 39 26 66 38 63 32 61 33 62 5 78 52 64 74 7 4 39 53 23 90 73 43 58 47 46 66 39 76 64 38 51 94 83 30 96 56 24 15 88 74 84 1 87 2 42 19 26 17 53 40 46 61 35 85 92 12 35 21 94 47 20 94 89 36 45 2 49 84 68 38 42 41 66 42 93 60 77 89 62 10 61 7 79 21 39 68 49 28 35 10 16 54 8 33 13 99 77 74 80 43 26 6 8 44 35 32 78 70 88 
58 4 81 95 16 85 99 53 18 44 7 39 80 15 37 0 94 94 30 54 40 61 6 35 66 32 29 80 4 72 67 36 2 34 32 10 98 14 47 86 6 95 28 63 11 10 87 45 62 32 19 77 58 48 0 38 78 64 45 77 49 54 69 52 11 6 0 82 2 29 68 50 77 13 45 10 43 4 53 63 68 27 52 38 47 45 72 88 11 82 12 61 55 19 50 45 91 2 25 53 46 6 52 68 61 79 44 13 45 87 32 13 52 15 90 84 52 4 89 8 48 32 49 57 39 13 67 62 54 8 50 12 41 41 41 69 61 35 14 92 49 26 9 31 2 60 93 55 47 61 36 68 17 24 86 80 44 95 0 28 26 2 25 46 24 43 0 57 25 94 83 90 9 5 91 27 83 59 61 80 70 32 53 37 87 4 81 39 74 41 81 3 45 66 64 97 29 70 9 6 50 64 14 75 79 92 37 82 70 10 62 15 17 85 0 65 77 79 67 61 65 7 61 90 58 79 20 61 50 63 39 3 39 22 41 76 42 67 22 23 51 74 99 35 79 1 88 72 47 89 12 71 78 1 13 2 26 21 17 63 11 78 80 38 77 74 98 41 71 30 47 12 59 48 81 9 12 78 51 21 37 78 20 44 36 79 93 54 88 68 14 51 62 56 38 12 58 25 26 77 4 93 96 85 37 22 20 97 28 29 7 13 96 14 98 85 56 45 13 39 24 96 9 28 49 15 10 28 56 84 1 81 75 53 5 59 41 26 28 14 40 83 93 60 23 5 24 86 84 20 37 56 30 49 96 55 48 61 44 34 23 86 35 77 8 20 34 50 4 14 57 32 51 18 1 77 23 87 12 98 31 6 17 46 11 99 48 51 57 44 8 20 21 34 75 7 94 23 58 85 37 80 94 52 93 28 10 88 47 96 79 26 94 20 20 20 86 86 69 93 74 34 21 44 24 98 75 78 45 3 74 65 96 11 61 26 63 88 18 95 27 0 44 5 7 99 39 35 84 19 67 12 27 14 29 42 83 45 89 80 9 18 35 33 50 63 20 33 80 21 7 99 3 68 65 88 93 89 18 19 75 32 53 69 66 16 22 91 99 43 42 66 59 78 74 2 78 23 32 10 
96 37 50 82 28 30 0 54 40 92 85 39 13 30 76 76 5 19 81 75 79 56 61 43 26 69 82 27 4 45 96 84 55 91 71 64 1 20 46 76 28 19 55 40 62 82 21 72 23 25 42 81 75 15 12 76 74 65 70 9 28 80 18 36 66 87 78 73 30 68 3 46 2 65 2 37 28 22 6 85 89 77 88 9 19 87 93 56 27 53 65 48 67 12 68 77 96 13 2 8 36 4 39 83 66 80 44 23 97 52 23 5 34 71 97 33 88 97 78 28 70 68 84 55 44 58 87 4 42 5 29 81 18 90 26 27 18 55 58 93 69 71 34 5 54 51 59 94 37 10 73 63 83 32 63 51 64 0 23 73 27 15 57 73 20 88 39 80 52 34 8 88 50 74 1 56 69 10 87 83 31 50 19 90 4 44 22 59 5 19 56 31 3 43 79 40 95 57 91 95 91 9 74 88 94 63 57 48 96 22 49 90 48 13 31 61 75 20 4 48 30 27 6 47 86 6 3 81 77 89 31 91 52 88 91 76 68 65 6 97 14 12 29 51 11 56 27 83 55 60 39 21 8 73 92 16 85 2 92 33 13 7 72 34 46 95 80 17 81 76 20 76 95 20 66 7 17 69 57 56 72 44 5 63 89 99 39 23 35 80 28 75 88 5 41 88 45 34 17 42 88 56 11 49 40 35 85 42 16 42 46 6 47 37 39 94 64 83 44 43 68 69 45 92 40 70 25 38 17 93 30 28 21 97 54 35 12 27 67 75 27 65 86 78 95 17 61 9 9 99 32 9 45 79 32 12 80 58 87 96 95 44 99 58 24 27 35 15 35 18 73 7 86 24 37 47 93 13 78 76 5 25 10 13 53 76 33 34 65 54 56 25 98 40 24 53 54 2 4 56 26 74 58 73 73 5 34 71 43 1 52 9 46 99 45 66 8 66 39 98 29 12 32 86 82 47 60 44 78 78 82 83 68 49 25 18 45 30 10 6 16 42 61 21 75 95 44 8 23 11 0 21 54 17 87 58 60 83 12 36 9 79 96 15 33 42 65 93 6 14 38 29 37 42 74 7 73 16 16 1 33 50 82 59 64 53 92 82 39 14 76 9 1 26 8 25 58 68 23 27 
34 41 92 72 27 27 11 96 38 70 9 30 42 7 74 39 62 69 25 53 91 22 64 78 93 37 80 45 10 93 95 84 91 27 16 94 7 35 44 63 9 89 39 6 10 90 16 34 96 47 64 92 45 37 75 72 94 34 81 62 45 32 65 71 76 20 60 12 21 88 64 86 7 77 57 95 94 50 68 87 90 1 26 75 64 41 95 90 98 99 83 57 51 45 5 37 42 0 38 29 75 25 20 85 27 34 20 89 13 29 77 15 17 45 95 37 32 93 98 73 71 18 26 65 13 12 2 37 12 79 40 78 39 98 45 58 45 28 21 69 80 11 8 46 92 57 62 70 34 73 41 68 32 5 85 47 38 93 1 0 58 37 56 10 8 42 88 2 81 23 54 43 2 62 18 11 7 16 85 24 13 4 4 0 2 10 42 54 35 64 30 61 28 82 10 38 75 75 56 64 32 51 83 38 15 3 9 83 34 29 58 4 41 32 87 97 55 12 47 27 99 18 41 33 19 26 36 98 59 64 8 89 41 9 46 42 15 98 41 77 58 74 46 9 18 80 37 94 71 59 53 33 62 29 34 31 2 10 33 81 72 57 87 4 96 91 45 33 63 31 28 46 38 26 85 93 73 20 63 36 76 27 84 61 44 18 32 48 93 8 0 4 26 87 26 39 30 26 22 12 46 99 0 21 83 57 10 0 61 45 89 74 76 95 64 59 98 94 45 16 21 26 14 6 90 32 77 30 86 7 55 38 76 48 79 35 8 39 99 67 3 21 59 1 54 73 56 62 3 75 67 74 93 2 15 88 63 89 76 26 52 28 24 61 34 40 99 67 9 12 94 86 41 5 37 48 3 37 25 67 31 99 79 35 93 42 50 1 6 70 47 79 29 79 15 21 87 53 20 66 26 12 8 8 53 65 7 88 29 93 75 25 87 52 16 22 86 80 1 26 5 0 1 80 96 19 79 15 3 81 56 24 12 75 93 5 39 54 4 36 50 14 10 45 98 68 0 60 43 54 18 67 78 57 35 98 73 67 39 31 43 99 1 4 30 38 1 47 29 70 89 45 62 40 6 62 24 30 5 21 84 31 90 15 69 98 34 8 65 49 24 48 30 66 9 47 89 31 56 84 
49 99 70 11 72 44 6 33 18 5 25 43 74 11 77 22 84 32 31 91 47 84 62 3 12 88 14 32 39 23 49 32 87 3 43 69 28 24 60 38 94 7 42 81 87 26 71 29 57 46 85 70 47 24 21 87 70 88 9 80 14 47 13 92 21 64 91 96 30 21 18 16 63 67 52 89 46 8 72 36 84 47 39 74 97 21 68 85 43 38 69 50 90 97 44 27 97 13 84 7 19 68 33 64 26 97 81 32 12 53 79 99 55 89 88 43 14 27 77 73 99 58 28 11 85 71 46 23 19 25 44 95 46 31 97 33 85 93 99 49 63 57 29 28 20 7 13 52 53 58 22 14 2 84 64 39 33 31 91 17 85 98 48 23 43 44 37 36 31 31 0 85 54 16 30 98 62 89 86 86 87 30 16 96 41 68 50 49 78 7 86 11 89 7 56 96 18 6 82 72 21 39 62 27 17 90 26 35 54 67 95 72 95 24 74 68 71 78 74 97 6 22 12 29 54 44 52 30 92 45 1 34 37 58 85 68 29 39 29 23 99 25 79 75 5 18 14 34 4 30 80 17 19 4 49 18 97 49 35 8 65 92 96 69 25 78 91 44 81 20 22 39 93 95 4 70 85 93 91 53 17 89 96 10 60 77 81 15 28 14 62 59 11 9 72 86 57 72 15 94 38 91 27 51 64 25 80 70 20 94 96 10 45 69 37 91 54 96 64 48 22 11 41 82 52 23 40 81 68 65 84 34 10 10 30 46 65 79 12 31 37 63 90 16 89 68 40 10 32 19 21 4 44 28 32 22 55 26 78 41 86 91 11 89 91 63 92 41 79 69 52 48 40 78 37 68 7 96 25 59 42 2 14 91 60 34 83 26 65 46 36 43 3 40 92 55 81 72 40 8 47 23 7 89 46 77 4 58 53 83 68 43 8 95 5 11 93 83 62 19 68 39 31 58 36 10 47 67 58 23 76 5 43 86 7 0 50 38 29 65 79 71 29 66 63 87 95 53 95 76 88 28 2 62 55 79 99 91 79 6 48 70 98 23 65 48 30 62 92 64 50 62 59 86 23 43 22 62 87 68 47 30 2 94 43 37 96 53 35 46 14 56 18 96 15 4 41 87 77 70 
56 95 44 44 35 71 19 98 78 36 55 25 56 11 64 61 82 17 17 89 77 58 94 76 17 85 31 49 61 25 68 85 39 66 27 96 6 13 70 61 29 62 9 23 26 1 54 48 87 59 15 87 27 93 52 66 4 53 94 81 75 36 75 18 81 83 11 61 69 54 49 66 61 18 95 80 90 31 3 80 38 13 26 66 76 98 36 67 47 12 16 17 31 6 25 11 0 13 51 8 11 49 83 93 98 54 27 40 39 80 1 24 60 97 86 39 77 69 85 27 62 46 16 96 31 9 63 52 26 24 37 28 52 34 55 59 42 48 25 72 61 10 50 89 88 61 71 77 81 50 21 33 10 99 79 15 81 64 58 71 2 16 91 34 72 61 60 23 79 82 79 68 73 0 11 22 2 23 89 73 96 1 54 50 94 15 97 61 76 39 91 33 48 54 78 34 44 34 55 86 32 63 79 11 17 74 96 44 31 30 55 78 94 34 81 77 31 74 98 11 41 50 37 84 61 36 62 91 39 70 44 52 10 2 23 6 0 76 37 87 41 29 18 33 44 73 50 95 79 16 10 69 27 1 87 4 84 91 78 90 86 67 55 36 92 77 5 84 55 30 17 86 51 66 98 6 5 27 64 88 80 18 32 26 18 4 52 53 6 16 64 10 11 74 63 27 42 27 30 66 44 76 77 18 18 88 19 52 2 82 13 11 50 86 70 30 54 91 97 58 57 5 62 52 0 24 6 52 33 92 33 32 90 2 73 34 16 3 73 83 17 48 3 64 84 94 94 59 40 10 74 27 15 51 81 75 5 95 30 80 47 12 24 17 9 48 17 27 60 23 55 4 96 75 99 57 54 80 81 75 75 89 87 37 36 15 37 64 64 16 44 23 15 59 77 45 50 66 73 28 11 88 98 79 15 36 81 31 80 50 74 98 52 41 60 8 86 20 45 22 19 32 72 96 42 69 77 69 52 93 25 78 39 74 39 23 40 84 17 77 90 70 27 9 57 92 68 67 43 57 95 83 34 38 58 23 82 78 4 29 52 79 76 56 67 21 79 49 37 18 63 89 93 46 86 11 76 83 12 15 98 16 41 0 3 5 33 37 30 23 46 56 12 94 51 51 84 34 65 21 
29 21 58 67 9 77 76 97 53 43 73 59 84 52 44 51 84 63 82 78 94 2 26 7 58 84 58 59 68 83 4 98 37 95 63 24 64 31 21 51 58 74 20 48 48 53 0 8 25 51 41 89 63 16 70 94 78 83 29 79 2 73 47 92 76 19 94 39 4 40 17 48 29 70 12 5 78 3 77 94 72 89 2 27 32 30 8 20 50 37 79 24 50 41 75 44 86 25 83 74 48 68 92 53 26 2 24 59 47 22 74 30 99 17 9 84 77 74 73 45 20 44 78 41 53 17 12 50 40 25 49 22 29 47 81 89 39 21 51 14 65 94 33 88 73 23 57 63 55 78 33 54 91 15 48 55 62 7 82 29 68 47 2 26 53 37 89 69 86 1 10 81 27 35 96 67 91 75 64 36 93 72 59 59 96 10 98 65 77 74 8 58 1 3 32 27 11 34 56 65 82 25 69 13 66 61 40 23 11 93 32 56 39 82 97 87 62 72 24 44 39 49 92 4 56 17 88 16 68 66 26 36 68 61 84 1 32 20 81 69 51 9 18 79 46 3 21 99 45 95 42 36 34 98 32 60 87 33 66 83 2 25 11 34 79 93 62 46 84 92 38 9 27 7 30 68 13 27 48 6 94 54 83 60 29 48 29 42 69 76 22 64 0 4 62 4 47 85 1 19 26 90 65 2 46 88 31 28 20 10 62 81 87 69 40 13 33 63 59 89 10 16 91 0 30 25 96 10 96 53 47 69 75 56 52 69 12 62 71 38 55 44 51 20 66 17 85 94 68 3 29 97 79 42 2 7 73 46 6 43 15 93 1 20 90 4 28 18 57 62 16 83 19 17 38 38 99 48 46 80 33 28 21 87 35 95 32 40 48 21 81 52 51 85 51 63 43 72 57 48 74 33 23 90 91 85 20 47 45 67 39 18 73 30 81 39 70 93 46 64 59 40 20 40 17 90 36 2 51 6 39 15 50 1 68 92 96 68 26 48 32 94 96 65 43 65 62 20 69 38 95 82 51 85 86 4 47 18 54 50 9 77 77 68 37 12 42 65 1 18 53 65 76 98 36 52 43 25 88 23 47 49 18 7 15 14 14 96 11 94 15 55 57 92 12 11 44 25 63 88 
86 55 76 45 94 61 36 16 53 99 47 32 44 57 38 54 55 74 9 27 69 63 20 9 80 89 88 7 41 11 29 54 43 28 66 29 25 85 88 37 30 73 70 54 97 48 0 20 15 49 47 97 43 79 57 10 4 7 17 73 35 32 29 54 9 87 66 44 5 48 72 98 41 36 87 53 5 17 68 69 24 55 40 32 83 84 98 65 8 46 83 88 47 23 71 97 63 13 21 11 3 84 19 60 66 5 32 18 24 48 58 8 50 8 31 77 37 97 34 20 5 10 70 85 7 76 47 22 33 55 83 42 42 4 51 22 98 66 10 97 78 33 42 54 75 20 10 11 43 57 14 95 97 99 1 87 94 59 4 18 88 59 68 36 42 3 6 61 4 69 60 89 48 20 75 58 25 71 27 91 71 18 3 52 23 13 69 11 93 92 76 9 11 71 68 86 55 95 77 88 32 96 96 91 77 1 34 53 39 5 7 76 16 15 19 24 72 52 2 97 75 43 49 94 62 34 38 75 90 3 8 60 43 97 28 18 6 88 15 6 97 34 78 40 3 64 34 89 38 44 32 72 76 64 28 46 14 91 75 76 55 71 99 41 4 51 42 15 97 37 2 62 96 66 68 87 87 1 74 63 67 90 26 25 60 88 40 12 14 52 43 52 12 55 1 66 99 38 88 46 17 57 63 72 7 78 76 43 12 38 17 2 79 16 58 99 88 29 31 48 58 92 78 60 27 31 19 80 20 70 58 66 51 38 85 93 15 8 7 89 22 43 60 5 72 84 66 63 11 52 99 16 86 51 84 75 87 19 77 98 8 91 10 23 53 17 14 25 78 66 33 67 22 60 55 40 24 20 63 76 45 70 98 50 15 1 69 34 44 59 87 49 42 77 75 23 66 51 76 75 6 86 62 9 43 54 6 24 59 18 97 87 67 13 30 94 40 46 8 65 11 4 13 96 19 4 84 91 66 74 20 88 82 10 42 35 77 35 5 73 39 36 84 36 80 91 87 65 70 58 50 83 63 88 39 48 10 12 38 82 54 40 45 51 71 5 53 24 49 64 27 14 14 64 43 22 52 30 15 23 88 5 11 29 69 32 68 48 99 41 77 1 61 16 77 61 44 74 14 12 
38 50 6 84 4 25 99 97 44 8 44 95 58 24 79 2 23 1 25 21 82 31 76 87 11 53 54 17 57 51 46 60 25 83 20 86 43 6 13 75 43 48 28 58 88 13 9 91 19 45 18 95 0 87 13 94 24 17 38 64 71 71 9 20 48 41 9 73 45 29 78 25 1 58 33 55 99 73 63 7 13 98 79 69 36 11 2 38 81 55 7 86 29 66 95 31 73 42 63 32 33 81 97 74 62 26 20 7 86 69 35 23 47 71 55 56 54 73 28 56 25 99 97 70 51 32 3 26 31 28 25 60 44 46 5 4 67 92 96 9 61 99 90 31 3 27 52 71 63 39 11 44 61 93 62 17 69 1 35 60 79 86 22 61 89 76 73 91 51 8 27 62 77 25 99 82 48 12 56 71 46 79 43 57 20 1 40 98 92 69 93 82 0 83 39 46 96 19 10 68 43 78 95 42 65 78 0 85 51 89 12 55 3 91 84 4 94 31 93 58 43 96 50 27 42 9 76 0 33 59 96 55 2 54 37 64 37 81 4 7 71 98 80 28 43 73 29 20 75 79 99 16 19 78 86 92 14 95 89 82 49 9 79 99 44 68 41 84 13 32 18 37 96 67 44 38 85 88 47 62 44 17 91 1 30 40 44 93 83 57 21 25 35 83 11 4 53 72 19 35 94 22 27 22 10 68 3 68 61 68 74 82 80 6 20 13 2 40 42 41 81 31 66 36 31 94 11 32 70 98 31 53 24 75 47 67 58 93 46 14 15 72 82 83 24 16 28 59 99 3 34 1 0 61 38 28 18 19 72 32 98 59 92 18 93 15 33 67 15 14 49 78 68 30 15 29 6 4 5 23 99 86 41 64 29 79 6 25 23 68 22 83 69 85 7 80 67 30 11 7 46 51 40 33 87 1 16 10 24 75 96 26 28 75 23 11 15 98 90 54 18 51 57 15 44 90 28 2 93 76 7 31 50 76 31 30 49 10 38 67 38 79 1 68 86 60 8 13 34 44 65 51 20 42 13 52 10 32 31 50 96 73 50 38 15 42 58 91 9 47 29 7 62 90 4 16 51 60 95 67 59 30 25 93 24 83 25 75 15 57 44 96 74 73 76 21 93 47 72 80 
35 69 81 51 78 54 8 51 49 26 54 92 57 13 16 32 2 13 67 56 72 24 14 58 77 96 53 59 1 13 50 34 39 32 18 86 29 9 7 57 48 44 55 97 21 3 39 91 7 68 49 90 20 40 11 57 29 59 57 93 46 34 16 33 46 92 68 18 84 70 75 93 30 65 39 18 73 90 46 35 34 56 16 30 91 95 53 24 33 76 27 50 96 64 18 28 55 34 94 11 6 33 45 91 53 69 86 46 31 12 45 72 23 8 19 51 82 96 48 92 69 64 12 87 52 29 55 12 46 76 65 23 23 46 33 60 52 40 7 62 42 27 27 13 26 98 12 22 47 31 58 44 97 72 28 12 5 79 81 84 12 40 85 95 88 73 42 16 12 22 56 5 79 38 73 46 40 57 81 35 9 4 94 94 54 42 59 92 43 41 66 21 88 72 62 1 15 90 98 10 55 63 51 8 9 97 16 32 8 86 87 69 9 67 23 34 22 24 60 55 82 59 71 34 22 90 39 33 51 93 75 75 24 39 85 55 96 39 6 7 83 83 90 96 25 56 98 33 96 61 93 83 67 92 40 48 39 77 30 43 33 90 2 78 64 30 50 25 65 18 15 78 95 13 58 49 24 87 59 63 45 61 16 81 1 50 41 59 10 77 17 37 27 41 31 64 5 45 41 86 34 97 69 30 55 72 23 80 38 29 66 3 55 35 62 48 21 24 21 2 15 5 89 18 28 54 29 85 18 58 28 99 54 28 14 87 16 25 24 0 60 28 62 10 85 57 99 38 86 22 89 53 82 39 66 72 92 18 86 96 19 42 45 12 30 75 47 76 44 30 2 78 41 17 17 11 76 66 99 95 52 65 1 2 84 90 75 48 72 3 76 97 5 6 97 32 68 83 52 5 82 81 69 37 98 41 45 43 11 70 1 88 39 23 37 34 0 34 14 49 11 67 28 30 15 20 96 24 67 50 1 19 86 72 5 30 73 30 19 82 86 73 51 45 92 85 57 20 95 47 45 3 17 76 26 72 1 90 18 43 19 85 50 38 25 61 94 29 4 94 99 43 41 11 27 49 18 19 49 30 40 69 73 64 59 20 34 46 92 83 14 2 13 17 78 21 5 70 23 97 
59 27 29 86 29 89 82 73 53 78 48 12 51 41 2 6 68 97 44 77 95 70 34 69 32 20 15 69 89 57 82 91 96 39 72 76 13 73 67 84 94 60 11 55 24 1 8 29 0 93 27 4 62 53 68 39 20 55 43 89 6 77 97 86 73 53 13 53 34 64 40 35 0 51 82 19 0 54 66 58 44 39 12 1 93 63 5 60 18 95 98 66 38 82 97 55 5 77 56 60 78 63 59 73 23 13 57 39 30 37 62 9 79 83 47 84 61 68 9 78 25 95 6 19 76 28 17 89 73 34 25 86 43 0 89 3 80 96 51 60 42 84 42 85 49 89 64 79 53 64 75 54 69 94 10 13 53 31 59 41 16 94 64 59 73 72 62 85 46 95 38 97 81 33 31 14 90 37 50 15 34 83 73 47 75 46 69 84 52 43 93 82 34 80 36 77 86 12 46 2 25 21 68 75 98 14 16 86 3 87 47 30 15 53 5 34 62 22 0 79 29 80 65 13 91 92 91 87 48 47 13 30 50 36 54 25 89 29 95 42 47 19 13 40 48 2 12 22 42 74 7 47 88 90 85 90 12 51 31 3 39 4 6 70 48 83 56 52 99 9 94 53 11 89 61 61 1 58 70 5 24 34 78 47 46 57 33 24 16 23 81 14 9 77 3 10 7 22 58 4 79 17 50 73 78 9 91 87 51 82 94 99 42 54 20 48 26 26 31 20 84 57 81 51 28 25 18 98 11 25 59 32 61 83 63 54 92 35 55 89 53 96 66 50 63 66 63 53 32 7 97 73 90 53 94 19 7 72 3 4 73 84 48 96 90 70 41 1 61 8 24 37 7 25 72 55 44 18 21 47 49 81 25 0 72 60 38 29 35 42 80 59 32 71 1 34 20 70 60 78 50 14 59 84 26 94 69 72 7 38 27 81 36 25 41 76 30 4 11 2 11 91 72 45 89 6 78 51 18 11 31 40 90 27 5 17 33 89 81 17 67 42 5 21 65 13 41 2 86 67 38 97 83 7 6 75 38 62 27 98 93 85 40 64 5 65 92 1 28 32 72 26 0 22 94 0 53 55 95 34 98 75 59 47 7 42 47 80 74 89 48 65 35 48 1 85 80 66 72 71 
92 10 73 62 11 23 88 96 27 90 38 87 82 6 69 60 52 52 95 20 46 56 28 80 79 24 71 96 94 44 51 8 48 74 54 77 99 71 33 93 95 25 77 97 48 18 82 51 97 53 86 41 36 80 8 16 69 38 9 48 23 37 51 95 32 10 17 16 60 40 98 82 74 30 57 61 2 21 32 77 34 30 59 17 19 27 48 85 62 40 77 82 3 24 17 25 93 1 7 47 51 88 35 28 27 12 22 99 43 70 8 65 68 65 60 76 63 47 28 38 61 19 37 62 99 5 81 34 22 95 31 25 19 89 84 39 26 71 56 86 36 73 82 88 10 39 99 39 69 3 79 68 10 28 26 75 71 28 91 25 87 40 7 35 12 29 36 58 59 11 78 23 36 82 50 21 89 69 61 49 95 6 23 10 70 17 80 69 5 53 87 14 72 84 85 16 3 14 40 41 55 32 9 2 27 69 55 17 39 34 62 43 96 54 30 69 8 72 75 46 83 60 56 59 2 7 51 97 95 63 61 49 57 34 46 70 22 54 67 68 78 77 25 77 53 90 61 60 4 40 19 67 84 9 75 17 16 85 63 65 48 44 49 50 50 81 79 67 63 5 4 5 65 12 44 34 12 74 60 8 87 36 59 83 44 76 40 63 31 62 13 65 91 77 44 19 33 74 40 23 20 6 39 36 5 14 45 23 44 82 27 73 24 42 12 36 64 21 3 71 37 51 67 1 6 26 40 41 14 7 35 23 89 57 63 11 49 90 61 71 82 38 13 26 99 69 66 90 39 84 64 25 76 22 56 28 44 75 11 4 49 9 98 81 29 7 26 79 57 86 92 67 89 14 55 75 5 97 77 2 26 22 78 50 32 20 83 99 78 88 58 6 3 77 39 97 60 86 22 39 2 5 78 91 21 2 13 10 44 70 69 88 7 5 23 14 31 82 21 53 46 45 65 54 19 1 0 63 30 7 41 93 34 55 90 78 94 70 31 84 3 64 5 83 96 90 25 88 15 14 46 55 15 42 36 58 53 43 30 62 84 67 17 17 52 40 73 52 57 42 5 32 7 55 18 48 1 46 1 85 68 22 70 60 9 23 95 71 6 93 12 34 25 9 42 28 25 64 43 67 
49 51 55 60 62 15 44 70 56 92 51 92 52 73 8 45 85 17 53 20 21 77 36 44 53 28 98 50 75 96 48 60 6 83 48 48 19 20 55 58 91 95 62 6 9 70 13 49 58 30 40 6 22 82 20 12 29 98 80 82 97 70 76 34 93 72 9 85 74 74 91 79 98 41 43 94 27 15 6 97 40 92 6 36 9 32 29 85 7 78 71 96 99 55 83 6 33 32 82 99 0 50 63 22 63 93 23 65 64 75 77 41 4 5 87 59 63 10 23 64 74 75 76 6 70 16 28 59 46 65 31 57 16 50 89 71 68 35 80 3 34 82 22 56 49 95 41 98 8 74 2 76 71 11 87 98 37 19 8 95 49 81 35 36 82 76 51 29 56 94 82 99 20 0 39 39 71 33 43 82 10 7 69 6 76 93 79 64 12 62 55 74 17 14 68 87 11 30 2 92 96 20 83 82 91 93 94 13 95 38 56 51 87 93 30 93 20 5 18 9 48 39 5 49 54 39 84 35 18 46 2 82 55 72 89 59 85 57 24 27 72 16 29 12 26 48 27 38 36 19 50 40 44 16 98 28 93 52 24 75 35 22 42 72 93 63 94 43 29 20 6 49 82 86 30 86 67 57 5 29 79 19 48 75 76 83 5 10 61 28 20 48 39 24 88 1 30 83 76 17 84 42 13 74 65 12 83 96 23 30 12 45 69 6 32 67 1 70 43 52 46 29 84 34 81 51 6 91 87 9 68 78 96 52 28 54 58 14 27 79 21 84 67 91 86 30 82 82 50 0 56 1 32 26 19 16 29 63 97 26 71 65 57 93 20 4 97 66 60 56 60 38 98 64 92 26 7 88 90 92 35 1 32 94 32 11 46 58 92 56 37 11 22 24 81 35 24 91 78 42 96 54 28 90 36 12 9 71 35 96 71 40 12 93 23 27 85 89 73 62 57 90 33 10 45 8 66 56 85 38 89 5 85 36 32 22 97 41 15 65 34 51 30 15 82 0 20 19 92 14 96 65 24 93 67 78 31 54 89 43 62 63 91 72 43 82 28 64 85 60 6 77 33 63 87 41 24 10 53 78 47 91 27 22 37 57 85 92 72 51 18 93 87 24 11 78 46 89 55 17 
82 44 49 63 83 30 18 85 63 43 16 41 44 72 2 51 21 38 40 87 89 65 1 77 41 72 19 20 35 63 75 91 86 64 82 2 36 59 83 23 66 87 10 96 35 58 72 52 7 28 88 24 93 50 77 8 47 58 45 86 41 33 34 38 68 30 11 34 37 9 29 69 13 90 7 58 98 67 46 62 7 47 53 86 92 5 40 70 9 36 30 83 24 8 65 49 13 77 13 21 89 90 94 12 28 41 10 68 43 65 84 25 14 52 30 46 91 46 96 54 39 21 82 47 77 42 24 89 16 45 0 48 60 25 28 14 16 18 64 54 42 98 66 28 27 93 16 36 85 36 78 28 98 97 45 36 47 45 47 98 85 2 56 26 78 86 40 15 56 39 50 35 89 68 23 64 27 59 16 11 70 57 70 33 21 76 67 31 14 4 29 87 41 84 0 21 36 61 21 23 76 82 82 23 46 18 9 32 4 67 95 52 30 40 7 17 57 74 31 7 19 54 15 44 42 91 54 57 49 22 57 57 45 65 44 87 1 43 98 5 28 68 64 58 18 61 15 67 65 3 26 26 29 17 6 66 3 91 44 51 98 21 42 41 46 94 62 51 68 89 79 34 46 9 34 26 41 48 36 80 17 7 8 40 8 96 84 85 73 48 31 75 90 58 65 76 71 19 58 30 93 15 0 72 19 8 16 7 72 78 31 91 61 30 37 30 48 75 57 44 18 26 15 92 61 21 98 2 61 47 30 65 79 97 93 51 82 44 27 42 78 41 52 45 94 17 77 96 34 18 51 60 13 57 95 54 43 6 1 66 30 54 40 87 63 59 41 38 51 97 55 62 19 46 34 94 51 74 59 97 81 77 8 56 46 2 45 75 93 97 85 89 41 47 57 17 3 41 17 45 19 10 56 92 51 49 99 93 84 42 89 17 98 48 61 97 18 23 39 20 66 91 52 66 31 68 84 98 58 99 13 90 57 29 90 12 27 23 21 42 90 94 37 30 56 79 94 87 36 46 86 84 42 2 16 34 54 56 99 36 77 37 5 30 81 65 16 25 26 54 65 82 72 36 48 33 19 99 79 5 92 65 70 81 66 24 86 69 37 47 76 20 42 76 57 0 19 58 4 60 
52 48 43 25 50 6 97 81 47 18 40 72 51 70 38 51 41 3 18 54 21 82 64 36 92 18 89 70 44 17 20 36 78 87 59 27 21 7 70 20 29 97 52 11 24 52 80 27 67 65 24 45 56 59 79 92 63 48 68 56 39 80 69 94 99 9 65 46 92 38 17 18 48 81 49 27 67 66 50 97 73 53 67 11 77 83 41 51 52 67 19 79 69 20 94 37 71 29 4 53 47 5 27 4 48 24 45 91 85 2 9 4 46 90 0 56 53 86 73 70 18 57 54 67 36 9 73 86 51 47 1 58 51 39 24 62 70 4 76 20 84 15 21 85 70 18 27 59 6 69 69 28 13 84 33 87 94 84 20 25 49 10 40 41 47 40 36 99 13 75 0 37 95 21 86 67 58 60 4 41 35 62 91 62 54 95 39 84 75 79 20 57 80 16 53 95 87 4 95 80 5 43 60 3 15 76 4 67 48 20 43 61 80 99 4 32 48 17 78 41 49 32 93 79 77 12 60 52 3 63 32 96 39 95 51 26 26 60 82 93 79 18 71 56 30 6 12 57 35 0 4 15 38 73 31 10 6 90 0 15 40 13 88 92 30 66 90 13 87 93 29 76 76 58 74 34 84 49 86 78 80 3 58 5 74 36 25 95 62 98 34 97 49 14 35 39 94 78 77 17 35 55 57 72 65 24 54 78 18 18 68 94 41 34 4 48 63 20 9 33 34 93 42 85 99 62 17 66 71 30 4 97 48 62 14 62 33 84 0 77 20 11 4 30 45 21 22 60 27 88 13 85 36 17 56 72 64 82 46 57 98 38 42 86 88 27 19 82 92 55 56 62 91 83 75 97 5 4 15 24 65 70 42 98 82 27 28 26 2 32 73 55 6 2 57 91 27 60 26 59 19 35 81 38 75 94 65 36 35 39 72 0 86 61 36 45 44 31 97 54 81 70 83 93 20 38 59 61 79 43 93 46 85 37 29 84 94 0 30 6 6 66 65 94 77 89 2 26 56 18 25 73 43 18 1 94 59 6 53 15 38 50 81 50 87 94 30 85 50 57 25 60 54 73 58 43 6 46 54 24 80 90 18 6 14 34 16 7 75 55 59 82 76 91 54 72 83 48 77 0 
54 21 79 10 8 96 31 66 17 92 74 20 8 69 45 81 94 68 27 3 8 11 16 34 75 40 12 36 31 97 42 30 30 76 89 87 59 56 84 85 99 15 15 81 90 57 89 72 29 78 65 11 99 51 54 46 33 39 26 21 79 47 52 51 83 78 89 16 92 87 36 96 19 76 65 36 8 72 24 21 77 78 29 82 47 36 51 35 22 27 69 0 37 28 25 10 88 12 15 12 21 38 96 4 90 61 16 65 70 81 4 80 41 90 28 98 12 40 8 92 56 7 85 0 79 79 27 96 74 92 73 80 88 10 24 21 66 91 27 10 10 31 42 10 34 29 34 20 51 53 45 50 69 53 86 42 4 24 11 72 7 3 41 83 97 86 32 66 85 55 32 2 62 24 34 43 15 43 27 78 47 49 2 49 0 32 56 1 9 2 85 75 5 94 96 42 10 93 87 64 27 3 65 31 85 71 32 54 20 16 87 84 80 50 70 0 2 48 47 46 49 35 9 48 92 11 90 33 57 81 75 50 14 89 63 42 32 68 72 55 66 92 29 13 23 59 99 91 70 33 14 0 76 94 30 44 70 68 7 59 57 77 2 65 16 27 66 70 86 95 9 4 43 19 10 26 11 96 83 83 12 23 82 12 2 31 82 55 25 11 3 77 27 24 93 88 49 35 85 44 91 12 56 94 57 41 54 47 8 96 11 12 84 47 15 54 4 15 15 80 81 50 69 2 42 84 28 76 3 27 33 47 83 27 73 32 92 35 53 83 70 45 86 53 83 71 45 57 49 64 6 91 44 96 34 10 42 32 71 93 16 17 63 56 31 69 44 24 75 11 3 38 18 74 70 23 16 92 72 6 2 75 10 38 64 57 31 31 28 24 41 6 3 52 57 35 30 8 73 90 42 10 39 5 67 67 37 9 7 70 99 80 53 32 77 6 36 40 25 51 94 36 75 27 25 44 39 7 68 69 11 87 45 9 62 0 26 88 88 80 21 38 71 48 92 68 69 26 65 87 23 82 31 57 65 42 53 69 71 52 30 57 72 15 81 42 12 30 30 86 7 72 1 50 64 33 67 25 40 32 2 37 64 61 88 21 23 72 35 71 48 75 95 94 82 13 21 87 65 92 
79 19 98 96 35 4 58 20 52 69 28 68 43 94 59 48 79 53 13 56 99 58 33 72 72 50 22 62 49 10 1 9 33 0 85 73 92 54 37 49 53 42 89 19 28 31 57 58 79 53 19 28 86 38 63 26 59 75 28 13 98 17 0 58 13 26 11 62 15 26 88 83 70 6 37 41 42 46 6 0 88 6 76 36 11 51 10 14 22 39 87 31 39 11 81 11 70 35 74 31 28 43 37 10 97 35 71 65 16 76 94 5 39 14 9 69 71 70 49 4 52 93 40 15 92 23 33 27 48 88 24 22 64 25 6 43 88 55 70 31 59 57 76 62 55 59 62 23 72 65 26 51 38 0 16 78 21 23 80 23 52 58 98 49 70 28 28 18 62 73 43 53 21 86 14 50 24 71 31 65 0 73 87 3 23 10 61 0 35 42 18 6 17 36 51 68 70 35 34 62 32 45 78 16 68 29 2 74 27 0 31 4 51 31 17 1 87 54 7 72 53 44 42 44 71 25 61 76 32 68 62 24 69 75 86 15 44 52 41 26 7 41 0 59 63 5 36 73 99 44 12 59 8 61 22 59 71 47 22 77 5 79 82 12 41 51 65 52 99 81 31 25 68 5 60 19 94 97 4 38 57 8 78 0 43 21 60 97 4 5 51 14 12 46 71 93 13 41 29 35 35 14 79 79 10 54 20 15 72 6 45 41 91 58 35 40 78 20 65 94 14 51 16 7 90 22 41 19 39 65 15 13 95 78 95 22 26 99 8 88 39 95 58 49 21 18 93 98 45 51 45 47 9 53 41 82 53 19 40 8 9 91 47 78 68 0 21 75 72 64 40 50 49 98 40 87 62 65 53 35 57 40 48 8 94 26 65 37 96 53 52 93 3 67 1 57 85 6 6 21 98 57 83 52 1 42 31 71 62 89 34 86 1 44 57 16 32 5 86 12 20 1 0 4 96 26 5 59 58 19 70 62 82 34 94 90 72 23 3 40 57 63 42 92 45 24 57 7 16 3 50 24 11 73 41 25 56 82 74 59 12 31 32 62 63 3 45 98 49 1 32 58 84 76 67 69 34 34 72 39 33 49 58 24 60 83 3 32 83 65 77 10 78 30 50 38 77 16 0 85 
32 4 61 78 38 66 90 4 91 64 94 57 63 23 98 77 39 37 82 56 38 53 38 8 36 4 18 2 21 78 39 66 65 56 75 48 43 87 7 98 84 32 19 0 18 21 77 87 33 45 14 89 8 8 29 84 10 41 33 85 50 75 94 99 37 49 95 67 84 73 6 18 26 60 10 98 71 20 57 93 36 13 34 12 9 40 78 78 37 93 63 80 85 8 20 44 83 71 70 96 40 10 54 77 8 35 73 3 85 10 84 16 55 15 84 61 18 75 68 75 60 13 12 66 4 94 58 10 48 46 31 19 55 65 13 94 98 4 10 92 56 69 91 11 39 22 6 67 41 88 33 95 39 83 84 52 85 99 0 5 54 63 37 7 98 85 57 94 45 21 62 1 73 19 66 47 86 70 13 15 13 34 59 69 79 52 22 65 96 73 94 16 71 72 51 60 32 4 51 77 40 1 9 17 87 34 81 60 3 31 20 48 27 55 87 66 91 5 7 58 35 79 39 4 11 95 10 67 85 1 47 18 19 24 30 93 78 68 95 65 43 5 49 67 41 38 76 98 35 20 55 10 96 28 53 32 0 14 50 40 9 72 12 30 98 70 11 0 51 27 22 14 1 60 54 63 6 87 76 48 16 79 50 23 66 86 78 45 72 83 79 14 21 97 40 68 70 87 38 67 40 62 60 36 85 64 28 17 71 54 85 76 49 24 16 54 62 60 3 54 11 80 72 86 64 68 37 97 6 51 68 17 80 77 62 67 51 13 99 37 39 75 88 47 94 37 44 85 27 46 76 84 71 59 47 71 79 61 0 16 23 75 61 59 24 88 99 14 28 7 99 50 50 35 93 37 56 93 95 24 33 84 61 31 26 63 50 78 28 4 81 38 79 33 80 29 26 95 97 94 59 43 96 45 64 64 60 57 86 32 69 35 12 34 77 62 91 72 2 7 9 2 80 15 48 66 27 54 1 14 34 98 32 15 61 65 10 47 33 64 76 98 66 36 29 0 61 89 59 66 59 13 10 13 52 2 14 19 36 15 26 77 7 23 80 52 35 79 7 81 43 17 35 30 90 10 71 6 5 98 33 21 48 76 18 74 74 99 71 26 80 87 35 64 36 41 46 47 31 78 
3 44 11 21 77 34 16 23 59 24 21 46 65 81 31 2 41 74 42 47 93 97 35 67 95 3 57 63 18 26 94 47 43 33 41 51 68 50 22 3 68 6 73 0 48 54 6 16 23 83 68 58 64 66 13 10 67 6 62 42 65 47 43 58 62 93 93 24 80 44 54 32 42 89 77 98 20 48 10 41 65 19 56 19 14 39 97 29 37 34 26 73 62 1 96 42 60 51 75 0 32 89 97 19 49 91 4 20 67 3 47 50 29 85 94 27 85 51 5 60 24 29 15 20 1 43 47 19 34 14 54 42 52 85 34 95 86 45 43 23 17 91 25 78 10 96 21 82 60 1 23 30 36 49 79 29 83 31 18 71 3 8 79 55 84 68 59 81 12 36 74 35 77 17 23 47 57 86 98 59 40 59 80 55 82 36 19 46 19 48 74 31 19 8 22 54 81 35 30 92 79 27 57 55 99 83 91 73 88 2 73 10 96 88 0 44 93 44 26 91 1 50 83 94 26 34 7 24 6 52 45 30 36 65 43 95 11 94 43 29 78 76 82 92 52 20 50 97 1 80 10 65 97 89 76 10 33 26 78 60 67 85 66 55 26 80 2 73 22 83 0 75 96 52 41 69 37 87 96 69 27 31 33 4 56 13 98 19 7 4 31 63 21 28 97 20 21 19 88 43 19 17 21 66 77 26 25 12 61 49 8 73 57 67 44 83 33 42 54 54 77 4 81 77 99 11 12 33 17 41 10 5 30 95 68 79 45 42 95 34 46 2 95 81 6 39 47 90 1 88 58 39 2 78 33 49 77 61 17 93 79 24 32 32 99 83 67 13 24 60 63 54 24 75 33 52 79 15 62 51 39 36 22 17 66 26 43 36 44 5 26 57 58 59 70 36 15 12 88 29 63 20 61 1 74 58 1 38 14 79 96 95 7 96 68 92 85 0 87 69 67 1 85 4 75 86 55 36 74 9 33 43 73 83 9 75 16 44 17 84 74 63 15 1 77 49 14 62 0 29 92 52 22 76 47 7 5 65 44 92 18 72 74 58 63 19 78 83 50 90 31 54 20 47 97 79 30 72 22 8 14 63 76 67 33 18 31 62 56 33 13 41 5 60 21 6 95 17 62 41 
57 86 36 39 70 63 11 85 61 75 82 41 27 63 73 28 1 51 31 84 96 12 54 23 34 33 20 9 71 50 39 7 92 54 88 88 74 23 45 16 74 36 26 27 64 78 72 31 5 95 37 53 86 3 83 22 14 83 89 76 11 4 6 42 23 48 19 4 76 88 38 40 54 93 24 54 48 98 81 77 2 38 50 34 53 62 0 25 35 3 42 46 1 13 14 85 31 22 24 84 47 36 52 0 28 56 43 39 59 37 27 38 27 32 2 19 13 90 92 32 31 79 4 9 23 64 37 45 71 27 9 80 87 24 33 81 36 96 22 86 78 18 92 65 60 30 97 23 15 69 32 12 82 36 66 81 16 88 97 45 47 14 76 3 56 29 50 6 94 53 42 22 40 84 78 11 93 14 6 83 34 33 48 45 43 62 90 71 85 71 39 7 71 1 66 86 43 41 87 44 67 62 79 68 49 57 70 7 95 1 75 31 38 96 52 14 82 10 38 10 93 8 95 31 72 3 58 88 67 66 52 31 63 29 85 99 66 12 44 90 13 40 14 86 28 24 11 47 47 30 15 20 0 47 45 95 17 68 34 57 40 27 36 46 32 53 43 84 45 37 92 71 7 45 40 24 63 96 11 78 63 44 89 46 95 84 97 8 23 76 76 35 34 59 21 45 4 70 79 15 9 0 61 67 82 62 73 82 95 71 90 81 97 34 68 26 56 63 70 28 81 75 74 48 86 84 37 89 22 80 15 3 67 89 53 38 85 37 0 16 9 31 41 68 65 82 64 20 98 48 77 51 63 73 82 52 92 37 5 46 6 48 48 24 29 72 18 83 44 48 15 45 48 67 44 64 91 3 20 12 90 11 46 13 85 51 61 24 42 2 28 91 53 4 9 39 62 33 97 74 64 38 44 6 84 55 31 64 80 12 89 8 66 80 93 57 8 15 42 68 90 79 32 41 74 45 68 4 98 41 81 92 59 15 20 98 49 51 17 6 48 87 91 79 21 96 22 67 3 42 91 75 51 16 63 19 22 68 96 62 30 6 52 61 28 55 11 42 8 31 43 31 85 75 14 43 11 81 53 36 22 73 10 93 66 13 18 58 27 67 32 14 9 29 72 41 40 30 21 82 
16 83 34 93 65 52 86 17 21 40 29 96 94 46 40 32 5 14 81 94 71 35 89 19 20 91 31 66 49 80 57 21 90 11 31 16 71 62 66 36 62 62 79 18 90 35 89 21 34 52 92 38 74 65 47 94 37 18 95 83 14 77 64 51 76 36 69 32 64 13 23 28 74 49 51 83 94 42 69 51 49 1 39 78 34 16 89 79 66 56 92 38 44 57 23 25 17 60 31 47 14 45 25 15 62 55 13 46 39 73 95 64 1 90 33 76 65 43 37 5 38 31 68 59 57 56 15 15 78 36 52 44 8 35 44 3 21 47 52 68 64 27 52 64 42 96 40 61 22 4 13 25 82 21 18 76 83 10 63 52 61 29 57 41 7 17 20 60 75 8 77 16 21 7 65 80 48 41 74 12 74 54 78 86 21 81 61 62 98 20 90 93 53 89 90 35 17 64 33 11 45 72 49 35 75 47 88 28 92 35 40 43 32 45 28 57 3 87 34 96 53 16 19 18 10 50 79 93 57 49 30 36 46 18 14 41 33 78 49 15 77 0 25 42 88 33 95 97 77 27 93 31 80 99 15 62 81 23 76 91 55 70 28 74 86 46 40 57 83 32 50 74 95 74 43 6 11 34 82 59 78 4 18 62 87 34 78 53 72 39 48 83 56 33 83 53 69 0 13 47 89 73 53 28 6 12 52 7 11 32 63 14 78 76 36 91 31 15 76 8 58 76 52 23 43 0 51 95 28 76 7 85 96 29 32 90 27 49 5 88 19 79 44 63 5 11 64 58 74 72 49 39 36 97 96 43 80 73 59 9 90 18 16 48 23 96 93 31 38 39 2 33 0 23 38 94 52 27 75 48 95 0 36 41 0 42 44 48 12 50 5 30 44 50 18 23 71 35 12 12 13 49 31 4 72 44 29 54 2 57 86 17 15 90 18 7 73 39 44 85 89 97 55 48 72 84 46 4 14 4 71 85 90 95 3 98 58 90 32 80 72 53 44 96 0 4 75 48 72 60 63 8 46 73 78 15 53 76 51 91 46 28 85 25 64 9 44 90 30 6 37 99 0 11 44 22 29 65 27 5 40 65 90 74 24 42 14 68 92 99 75 93 31 0 73 65 96 7 36 94 
73 70 34 96 60 48 1 6 91 29 94 37 85 90 34 89 13 32 6 39 91 75 8 26 79 74 92 64 72 17 48 30 10 60 52 14 84 58 16 69 53 20 31 65 7 91 20 25 44 67 0 47 13 10 63 45 84 72 34 67 42 88 0 63 49 50 87 18 94 23 45 71 27 26 4 65 71 4 99 98 30 7 78 5 46 54 4 15 46 16 94 81 50 78 31 93 39 82 6 0 16 33 96 11 5 99 39 36 32 18 2 98 26 44 93 48 79 45 83 71 75 60 6 67 30 32 71 99 75 99 15 71 98 70 65 29 20 27 37 71 10 31 84 24 64 66 65 69 23 1 71 26 65 87 36 13 21 43 66 30 29 36 84 39 82 89 63 10 55 95 70 49 86 60 86 78 92 98 54 51 86 88 26 31 51 17 57 94 12 53 49 45 22 67 26 97 78 33 96 42 99 85 9 43 35 42 32 5 99 58 87 35 72 89 58 47 14 65 45 78 29 52 8 41 12 31 53 65 49 60 46 52 54 14 31 16 25 88 6 92 20 35 29 85 46 36 32 6 45 49 8 90 86 78 47 25 78 28 13 54 92 73 58 13 38 99 17 89 25 29 4 63 35 14 49 56 0 41 64 15 48 48 30 46 34 57 61 78 33 94 93 97 30 64 55 1 75 18 81 6 90 79 13 88 1 45 49 28 88 36 57 23 3 10 26 17 74 56 28 20 79 65 83 86 15 33 87 34 67 53 75 34 76 1 6 5 89 82 69 39 92 97 37 49 39 15 85 68 12 63 14 10 23 5 41 68 59 36 84 7 32 83 89 98 0 70 75 62 11 4 23 78 23 52 78 26 59 40 63 19 43 45 72 85 50 82 28 15 39 73 35 82 30 83 82 49 5 48 0 16 96 94 21 68 85 77 77 53 80 63 20 13 92 56 5 20 26 24 12 25 54 96 80 68 99 31 81 24 95 10 45 30 43 66 48 15 79 32 50 11 61 25 88 54 78 27 75 32 93 64 24 51 37 70 43 44 21 38 51 22 6 80 61 6 4 99 24 83 0 89 65 47 42 70 30 67 81 74 92 76 7 96 38 71 79 77 36 67 91 76 28 32 31 30 53 21 71 73 5 65 
37 41 13 23 39 71 20 36 45 29 53 85 30 50 60 53 0 50 26 96 50 53 15 97 29 53 82 93 49 64 51 73 40 22 67 68 49 2 92 0 7 5 10 31 44 16 3 57 16 34 30 36 81 73 54 86 49 51 21 82 21 48 89 78 23 58 59 24 11 1 59 24 98 64 67 57 1 56 47 30 4 23 88 62 80 44 87 27 69 9 37 20 48 1 53 73 94 83 1 3 41 70 32 64 79 51 16 83 67 60 76 80 67 31 24 59 19 34 63 3 67 67 81 45 69 31 45 13 51 83 61 92 72 83 93 62 4 26 32 71 56 86 9 72 37 16 50 51 19 79 66 87 11 74 88 72 0 78 70 39 28 92 63 20 42 7 60 25 23 34 81 86 24 57 3 26 78 56 97 1 75 15 48 78 95 64 83 55 5 46 67 18 49 28 78 55 38 42 22 79 16 97 77 71 37 60 86 89 43 74 14 50 63 11 33 33 13 87 10 23 57 76 86 75 0 90 35 40 57 55 71 73 17 57 93 8 9 17 54 62 52 78 41 77 68 29 12 95 53 41 97 11 7 2 5 90 95 26 14 91 9 80 67 82 32 37 16 17 63 15 39 4 47 55 34 3 89 70 50 37 93 8 96 27 51 94 9 2 77 32 51 33 45 80 42 7 89 40 92 31 36 70 45 36 2 79 37 87 35 31 47 19 79 83 6 57 66 86 18 39 51 56 30 30 66 87 95 35 74 24 47 86 7 34 75 29 20 37 14 66 92 42 3 24 15 77 20 91 35 80 24 23 48 26 58 53 79 29 31 47 77 56 98 25 68 59 6 16 30 97 12 48 94 33 89 96 99 20 78 93 58 6 87 64 28 50 96 83 40 35 58 46 9 56 81 68 55 58 18 21 22 79 4 48 16 63 19 33 25 19 44 36 8 98 70 94 47 24 24 3 81 99 52 29 79 55 52 41 85 45 59 87 51 84 10 90 47 60 99 92 48 70 98 99 8 87 74 42 90 56 6 10 47 78 25 12 22 75 50 9 81 1 44 87 62 26 42 72 22 47 14 20 21 77 75 68 54 33 67 19 32 2 30 36 25 32 28 38 2 12 73 47 15 6 99 48 97 38 27 63 
49 86 80 55 18 32 32 4 90 68 57 2 13 71 99 24 83 54 83 7 79 80 67 1 36 37 78 87 95 37 15 78 53 64 53 25 82 39 42 41 5 15 52 87 70 49 7 22 34 30 8 77 74 44 1 59 39 36 78 15 52 81 40 35 32 5 88 83 46 22 98 23 66 4 99 93 62 42 32 88 33 18 64 94 34 48 95 86 28 49 95 97 29 88 91 58 37 29 83 5 8 50 51 98 82 95 47 33 49 36 39 15 16 4 46 98 4 88 24 82 20 14 97 89 81 48 44 52 53 92 32 90 23 41 0 52 76 74 80 42 48 1 79 10 28 42 88 82 54 9 82 90 10 41 19 74 24 7 58 21 18 79 36 99 43 32 64 88 16 34 54 13 6 87 58 50 60 51 24 69 18 1 15 31 38 1 70 20 35 55 83 48 11 8 98 43 85 72 84 40 78 63 61 29 31 28 98 22 48 15 91 0 92 74 24 92 21 66 27 93 53 70 85 21 24 96 92 63 88 27 88 21 23 18 96 31 60 7 44 16 73 49 33 43 94 18 61 74 22 8 99 10 78 7 53 38 94 60 60 54 24 47 88 50 50 49 57 51 24 88 28 32 25 39 26 57 46 39 34 48 13 26 73 14 6 38 27 1 0 14 83 5 22 27 84 51 39 9 10 76 83 19 66 47 11 64 18 23 92 59 34 95 50 94 68 7 94 19 99 22 70 39 9 24 77 82 95 94 83 19 60 19 89 95 62 73 76 4 60 48 38 16 43 3 94 76 71 45 93 54 16 18 73 84 90 14 9 6 26 16 49 25 83 83 27 62 71 65 14 7 5 61 54 29 91 99 20 6 7 77 16 95 48 16 92 92 50 31 35 78 5 36 85 13 18 29 72 80 38 20 64 50 45 49 35 2 31 84 17 17 8 11 70 78 77 14 19 74 12 29 29 90 76 40 84 98 51 8 65 59 60 6 6 43 72 57 6 83 34 33 79 5 70 6 59 19 44 85 95 40 6 77 34 50 71 92 49 92 28 29 69 24 82 1 5 63 18 89 54 40 94 31 53 34 61 86 79 86 76 11 35 1 30 74 47 18 41 93 28 74 70 55 80 15 11 24 96 50 46 68 
27 21 53 33 56 1 20 61 23 28 51 12 67 29 16 74 66 66 59 91 49 58 1 79 22 25 34 97 64 81 61 11 97 26 13 72 90 32 88 96 78 7 67 51 63 32 6 89 10 50 50 33 17 87 44 13 12 88 26 21 3 26 4 25 73 67 88 52 30 89 9 22 24 4 78 97 8 82 71 88 68 74 55 80 79 5 65 28 29 61 16 67 55 27 80 75 50 40 50 84 0 62 63 53 74 48 54 26 65 51 90 63 82 26 41 95 0 52 26 85 13 81 20 83 4 18 4 16 57 57 25 88 65 13 70 93 63 17 20 21 7 43 76 33 30 75 59 55 15 4 0 3 33 67 38 91 44 37 59 93 80 11 55 26 3 96 13 43 91 5 55 6 85 26 45 70 12 71 44 72 76 2 55 59 20 86 57 17 85 55 60 10 37 44 38 95 5 1 18 23 19 87 57 83 63 36 53 8 90 83 21 33 79 48 35 84 98 56 55 97 46 36 32 58 40 50 56 6 72 51 11 44 38 55 8 21 49 42 55 33 26 28 66 66 65 83 51 71 88 8 22 72 24 15 31 57 91 67 46 40 82 66 89 11 28 80 81 66 64 6 77 93 40 69 11 9 17 76 16 68 68 58 75 62 94 58 85 81 28 53 99 52 94 98 83 83 38 88 32 74 3 29 49 57 42 53 36 67 99 29 50 46 85 1 45 22 8 64 25 95 79 47 57 40 9 99 31 9 38 82 5 5 78 44 36 20 14 78 44 95 52 44 73 34 40 19 22 16 66 29 21 90 66 0 82 40 74 21 3 65 67 50 63 58 42 10 42 68 91 55 92 14 63 55 9 51 67 7 45 50 45 81 7 75 43 50 91 98 81 80 76 50 50 28 23 77 26 58 70 6 38 11 56 91 60 60 18 10 57 41 5 69 64 85 24 93 21 84 52 63 66 92 30 84 81 68 90 79 74 82 98 68 18 24 64 96 56 26 63 10 35 14 83 28 92 31 16 2 9 2 21 30 78 37 45 16 79 70 81 20 43 9 68 46 51 85 64 9 34 80 45 76 15 36 11 53 36 12 31 86 10 20 5 96 8 96 73 82 56 19 11 63 96 30 65 51 22 2 59 83 
62 56 0 91 11 28 76 76 20 56 16 91 88 70 34 72 96 47 1 9 57 77 7 13 13 71 5 56 73 67 2 14 49 13 36 28 95 66 16 74 12 52 92 14 35 0 22 68 23 35 54 50 49 61 84 49 50 55 8 89 15 17 38 33 49 79 93 19 65 39 57 63 89 90 47 45 72 42 70 40 16 5 28 12 1 0 11 56 8 38 33 1 13 38 56 85 97 14 50 47 87 49 44 98 74 92 77 68 82 40 66 85 79 31 19 96 35 72 76 30 98 40 41 4 97 71 7 17 34 10 93 61 85 18 9 44 3 45 74 87 6 23 17 71 33 55 27 26 9 7 55 34 13 17 96 64 90 0 26 86 86 91 4 28 41 80 36 36 21 36 38 29 50 33 17 9 1 84 55 13 38 80 8 76 51 54 30 70 12 26 64 24 84 81 71 41 5 89 28 19 86 83 4 14 48 31 80 48 59 25 13 66 99 50 50 41 63 69 47 73 44 67 62 66 8 1 88 84 85 76 47 80 69 73 9 87 28 26 39 15 92 48 75 44 99 27 15 49 70 47 55 42 61 89 80 92 15 73 50 96 15 25 67 12 79 86 97 48 76 72 14 7 27 92 54 0 70 66 25 31 78 37 61 44 99 74 66 88 40 50 20 41 61 31 53 47 46 73 44 88 46 47 45 63 72 93 33 77 9 39 85 88 66 85 46 29 23 52 84 43 63 85 99 44 82 12 89 24 5 16 65 24 50 34 91 64 79 19 66 44 71 70 90 67 94 77 26 9 92 70 21 96 41 96 91 17 67 63 10 60 5 26 78 59 58 40 66 30 13 38 39 24 8 95 54 17 99 55 53 53 94 55 50 84 77 33 72 95 31 60 42 42 5 20 69 26 76 19 0 88 81 82 82 66 0 66 75 66 96 33 83 17 45 53 63 90 51 79 17 71 82 99 27 67 9 72 95 44 99 70 14 75 72 51 52 10 56 19 74 45 13 21 39 52 90 23 40 36 24 81 8 32 60 57 26 70 33 27 84 26 20 81 11 30 13 10 84 83 43 38 23 27 54 97 86 99 1 9 77 50 31 21 27 51 66 24 59 28 6 61 31 72 22 16 53 6 84 21 13 42 
26 23 82 27 36 36 20 85 8 99 93 37 88 46 59 28 59 41 58 60 99 51 38 41 53 91 82 58 69 13 42 62 63 22 63 66 87 14 9 35 77 1 61 73 88 32 64 86 31 32 14 23 28 35 71 50 57 70 64 19 37 15 81 12 76 0 65 39 13 35 93 25 95 39 38 77 69 91 65 37 99 2 68 17 90 54 7 6 71 1 49 25 63 53 4 51 13 3 73 15 64 39 43 58 14 49 1 6 82 67 92 86 74 73 16 13 24 81 86 74 26 81 9 55 71 21 95 96 48 61 91 37 71 98 5 26 47 52 49 27 52 68 11 29 64 47 6 60 14 19 20 41 51 52 34 61 26 41 36 19 55 16 47 22 39 84 93 14 69 50 33 13 21 66 91 17 6 42 6 9 25 3 24 88 64 75 2 73 39 39 82 19 66 98 17 30 86 29 56 30 81 28 88 44 4 5 36 27 95 96 72 25 96 71 20 82 83 95 11 88 34 38 56 48 7 14 64 56 78 5 13 37 13 55 71 7 97 22 22 59 55 24 75 7 79 58 58 52 88 34 75 17 79 26 51 55 36 87 73 41 55 13 58 92 91 45 94 98 41 87 60 36 75 58 12 0 7 28 99 82 81 34 99 73 19 22 63 40 68 95 84 96 3 15 13 75 3 96 53 87 87 5 32 38 2 13 95 52 18 48 71 11 64 17 6 47 14 80 92 98 84 57 85 78 20 81 44 21 27 91 96 79 31 45 20 6 76 19 60 54 71 84 69 40 68 57 6 1 62 87 73 78 55 81 20 78 50 37 81 58 9 57 94 97 82 73 81 36 5 91 59 71 59 31 31 24 14 73 93 71 13 91 79 56 17 51 53 65 43 85 60 3 52 8 68 26 91 27 38 79 18 89 31 74 60 54 91 44 89 0 84 71 58 45 55 95 66 39 67 15 69 15 55 68 89 71 62 69 90 1 85 48 78 89 5 44 97 11 58 4 5 60 47 50 65 95 75 19 27 61 31 43 36 25 72 48 47 22 4 28 88 65 84 74 6 87 25 64 34 31 40 31 71 20 74 2 51 22 55 42 19 21 1 73 98 74 93 36 14 53 42 83 4 46 37 86 85 56 59 31 
16 74 52 9 22 28 68 27 75 74 49 97 23 0 21 3 57 54 96 43 74 40 79 87 38 76 46 64 91 54 91 77 98 33 12 83 22 16 63 97 42 32 43 50 46 96 18 70 88 88 34 10 40 71 68 4 67 15 51 47 0 54 60 45 81 62 2 85 31 68 69 27 98 2 63 49 92 90 10 53 52 2 26 97 83 86 86 97 78 23 94 67 45 45 60 15 75 18 47 38 70 12 23 5 5 65 3 6 61 47 63 70 12 19 34 23 40 73 58 11 3 96 22 77 89 97 33 12 38 26 7 91 86 29 45 60 71 30 92 84 46 45 34 81 48 91 80 64 38 68 35 93 54 90 50 89 20 0 80 0 6 5 10 15 23 45 10 28 42 72 97 7 66 46 63 55 84 75 65 21 1 60 48 68 88 97 63 38 27 52 84 14 89 6 87 39 54 5 44 52 48 94 92 24 73 24 13 32 89 53 21 18 17 47 84 32 4 41 49 85 89 7 19 67 45 19 76 15 10 34 29 17 28 74 79 39 43 41 98 59 42 46 52 70 31 14 84 56 14 42 35 78 46 32 39 11 45 59 11 22 20 42 30 14 35 15 39 47 49 4 84 60 4 38 97 50 86 94 76 52 75 25 47 92 3 74 57 37 70 42 37 24 6 51 67 8 96 21 48 69 91 37 60 65 73 78 66 86 18 70 72 6 90 40 51 91 22 67 69 13 43 52 30 51 18 67 48 70 19 60 58 12 31 43 66 7 67 48 73 64 92 69 72 75 4 41 48 64 66 22 95 12 0 36 5 12 3 48 64 49 57 36 20 45 59 48 30 69 46 62 31 31 67 41 27 30 75 78 42 23 20 71 35 50 25 77 80 86 2 29 97 65 72 17 24 91 94 55 63 33 44 98 96 53 99 81 78 40 5 37 73 39 66 58 80 14 11 84 41 98 14 98 9 45 7 67 96 67 49 48 67 23 11 6 19 55 68 96 17 92 77 64 53 5 15 43 8 33 61 70 45 71 71 54 89 58 15 54 29 13 62 64 60 8 43 92 30 20 87 84 56 4 48 77 93 72 40 70 13 78 60 79 20 83 30 51 72 79 94 74 91 56 40 53 83 92 74 70 87 89 
59 84 95 72 89 23 10 81 71 32 11 58 98 87 29 34 78 88 20 25 19 92 81 17 44 80 28 58 90 79 91 25 21 56 49 69 48 14 60 0 6 99 40 25 18 3 38 86 95 81 43 51 46 2 5 75 68 29 6 59 86 63 42 81 32 72 91 3 86 93 63 16 33 64 55 70 1 33 49 20 89 62 39 58 40 65 5 63 63 65 18 90 99 94 44 4 48 89 14 93 74 74 47 9 71 0 63 57 77 50 3 42 1 76 26 82 44 10 90 8 13 98 49 56 16 44 4 63 21 9 27 64 60 0 39 21 96 25 93 96 17 95 8 20 26 85 8 34 14 95 8 59 27 94 69 97 29 53 67 50 32 21 29 47 40 12 40 41 84 45 29 96 9 71 44 74 24 2 43 2 83 78 10 24 44 27 71 32 82 89 14 48 52 61 3 51 87 16 18 92 71 10 3 48 45 13 58 15 20 87 41 79 30 50 50 98 60 27 66 17 92 56 95 34 53 46 52 88 16 21 77 47 86 90 70 78 70 91 4 79 61 17 68 33 43 66 50 37 8 0 52 85 22 91 62 3 64 78 1 45 92 99 61 41 89 0 72 22 36 8 36 27 91 82 70 72 59 16 39 87 39 8 79 76 80 24 73 80 76 39 26 18 85 86 14 32 30 7 3 89 37 60 43 79 51 56 52 74 20 87 77 49 37 22 52 33 55 56 54 76 77 59 23 45 49 55 15 0 59 93 76 94 51 83 56 6 40 30 37 34 89 31 32 18 50 98 95 13 74 88 34 28 48 88 44 63 48 72 17 50 51 21 58 99 97 41 5 9 22 7 3 78 63 0 39 44 51 8 84 76 49 14 13 64 32 89 56 95 20 75 8 46 79 71 39 29 8 62 24 75 86 77 44 78 24 46 72 67 39 72 82 21 33 32 59 67 33 5 48 26 87 94 12 7 38 3 22 26 59 78 51 53 51 7 9 12 31 17 5 20 79 94 6 92 57 4 44 82 84 98 64 59 13 99 88 10 92 29 66 70 70 49 92 46 29 85 34 97 21 97 83 91 62 58 29 6 33 24 11 4 44 79 64 64 4 85 34 22 93 9 88 45 9 35 23 15 97 10 75 59 
72 98 90 95 40 32 1 51 82 87 5 94 5 72 0 53 18 84 48 4 94 84 84 46 21 64 26 80 89 32 39 66 14 37 41 0 25 32 2 26 71 17 6 63 47 85 3 47 50 91 3 36 38 12 73 5 25 61 16 48 4 86 24 90 83 24 94 36 30 59 94 0 76 37 34 16 83 42 30 6 45 36 35 57 98 98 97 67 89 48 80 88 67 17 40 46 61 37 3 20 22 23 91 88 90 73 9 48 20 15 90 65 90 46 23 31 40 67 46 12 94 51 7 87 64 23 92 54 42 86 33 27 1 90 62 39 43 48 55 12 27 24 40 33 53 81 13 16 30 21 65 63 27 88 89 62 46 49 32 11 66 81 12 91 60 38 63 16 50 82 99 84 30 10 99 57 42 65 51 17 24 14 86 85 24 17 22 16 21 23 35 53 47 96 75 68 86 29 70 84 0 96 6 31 24 87 98 62 50 90 58 41 72 48 61 13 30 88 5 14 30 58 63 55 83 73 92 39 95 5 75 19 63 8 76 78 90 60 24 12 8 81 22 46 56 9 93 92 4 23 39 39 36 76 26 38 78 83 69 76 0 60 93 68 18 71 45 4 78 46 86 42 97 56 67 48 83 95 8 9 14 5 97 4 35 55 61 89 50 97 51 6 4 1 26 20 89 69 20 50 63 43 76 0 3 72 56 56 58 24 16 89 9 50 53 9 16 17 20 9 29 89 82 50 75 51 60 38 81 51 11 79 81 33 74 4 32 18 87 65 44 59 14 32 11 42 83 77 30 4 43 37 22 94 14 83 42 52 4 27 73 99 96 44 97 47 80 11 96 8 94 33 33 48 86 45 95 61 37 25 57 34 21 86 14 12 99 74 95 23 49 62 93 95 92 21 69 32 45 92 85 32 46 5 82 55 3 76 70 87 65 92 2 81 36 44 36 79 24 47 85 36 45 96 10 49 51 13 88 82 10 52 69 36 86 83 69 56 87 47 34 68 88 43 0 64 18 70 96 27 50 49 25 43 22 21 39 43 28 44 67 8 67 6 96 38 24 63 41 79 48 20 22 80 63 30 15 19 88 1 14 57 37 20 57 12 1 36 8 88 17 32 52 38 28 76 24 21 38 29 
35 68 83 31 50 67 15 96 40 62 49 12 55 31 53 57 16 96 90 82 90 23 44 14 14 80 25 58 23 28 82 87 53 79 8 25 15 73 11 13 57 93 95 52 94 46 97 48 66 57 45 38 32 62 42 57 86 58 41 89 76 77 6 4 86 57 91 85 52 7 13 38 85 96 4 12 19 98 75 0 0 48 14 60 62 44 11 47 31 12 17 13 44 43 66 38 26 88 55 36 14 75 95 55 29 67 6 89 31 16 61 86 37 65 28 42 88 77 90 28 37 98 78 81 62 38 24 34 58 13 9 78 95 51 59 3 95 22 87 23 37 26 32 61 94 21 72 22 27 65 53 37 56 20 65 18 14 38 6 95 93 85 81 82 1 37 82 15 14 53 15 57 29 54 4 78 77 46 86 72 74 80 42 34 1 34 45 55 96 19 14 85 71 74 19 29 52 43 11 78 14 8 52 11 4 91 25 41 28 50 26 81 38 26 74 2 47 73 1 69 45 53 82 90 29 34 59 6 74 67 60 37 16 48 72 78 9 28 50 81 10 60 72 37 34 7 97 82 94 23 36 4 80 84 47 16 62 32 21 42 45 47 47 32 35 11 73 62 32 55 36 55 20 51 87 39 62 56 99 5 7 85 75 47 62 81 20 99 30 83 80 72 16 18 29 18 51 27 5 34 10 59 75 6 45 49 56 60 94 75 36 28 13 8 94 94 97 50 11 96 86 57 29 5 84 12 62 15 69 34 5 43 86 28 31 3 69 61 83 11 51 29 67 62 28 91 57 82 39 92 2 87 9 65 84 25 92 61 10 65 56 22 60 81 52 82 4 41 5 75 92 81 32 51 89 12 37 45 12 19 16 48 42 79 11 39 77 87 24 65 1 65 40 30 84 7 76 73 30 37 92 63 27 29 77 71 34 38 15 4 62 88 2 80 55 32 60 91 28 24 80 20 2 6 14 77 3 61 7 17 80 98 66 13 84 92 75 19 38 91 98 11 64 82 51 26 97 36 25 17 12 75 5 54 86 34 61 69 34 20 68 66 63 89 87 61 78 78 57 57 73 79 55 93 94 97 95 17 60 64 97 93 54 17 50 63 25 53 61 89 13 36 64 0 91 34 84 59 14 34 
35 47 46 72 45 96 12 40 72 84 43 55 65 47 34 37 84 75 31 24 23 73 28 0 73 35 80 44 72 39 16 52 62 48 38 87 56 75 2 87 40 25 11 31 79 19 52 64 81 14 16 98 13 69 87 81 25 83 82 92 68 53 56 29 4 52 97 75 4 74 31 95 62 3 36 40 18 2 92 30 68 9 63 21 1 45 17 51 56 25 16 69 78 34 33 5 76 51 39 74 38 81 20 56 15 14 90 91 87 34 61 10 74 46 26 54 75 13 3 57 81 71 43 28 40 92 29 56 31 68 88 76 61 5 46 73 54 50 81 80 88 4 85 20 45 51 59 92 58 5 77 87 28 31 87 12 22 60 10 0 3 93 31 70 42 96 34 19 79 71 56 94 48 85 74 17 40 10 55 80 30 65 27 38 1 47 48 86 78 51 1 0 71 14 98 32 43 27 99 77 66 37 96 46 27 27 61 97 91 81 77 25 35 58 61 78 85 97 26 42 34 23 74 54 28 49 19 93 22 50 44 4 72 72 89 35 42 68 97 63 46 14 23 53 46 90 38 18 6 83 24 59 6 90 92 38 72 87 27 13 99 2 52 96 64 32 55 90 40 59 20 96 94 63 63 20 94 90 7 75 75 83 84 41 68 7 69 34 53 12 25 6 52 29 0 92 55 73 86 26 29 99 20 12 75 79 66 35 7 99 0 40 37 32 12 85 62 85 39 95 95 40 55 78 91 1 80 36 99 84 9 52 13 6 42 70 63 78 76 98 42 39 5 78 26 2 25 43 87 46 91 20 33 24 91 25 88 64 72 81 34 83 26 32 89 43 18 38 56 76 37 68 50 52 94 96 13 29 70 59 40 97 97 10 83 74 15 0 69 52 8 87 40 56 99 53 16 58 96 89 53 53 29 94 7 93 26 7 19 81 1 99 76 26 17 12 1 76 72 46 32 40 75 85 71 89 69 95 51 79 48 39 39 25 35 15 58 97 83 31 39 26 72 22 47 37 98 76 96 40 85 0 97 59 46 84 1 32 44 96 5 86 29 75 72 4 44 60 34 54 27 63 49 64 44 42 65 82 42 26 79 80 9 86 78 55 45 68 74 67 31 13 58 39 17 26 23 66 48 84 
99 63 79 36 69 59 45 99 39 97 67 31 78 39 67 87 53 19 52 88 84 76 80 69 82 14 6 63 41 91 71 32 45 44 42 29 96 11 39 23 72 66 78 95 33 92 89 76 61 59 67 40 1 6 5 34 42 3 48 27 56 55 77 72 93 61 46 55 41 17 62 31 61 22 3 1 25 85 73 16 3 35 37 65 72 37 95 76 33 15 77 6 3 31 65 95 54 98 97 73 24 71 85 5 28 79 85 2 17 57 20 96 74 19 40 3 94 81 6 84 12 36 16 55 34 61 73 54 41 87 65 80 78 66 49 13 0 70 94 93 82 16 33 28 94 67 94 41 2 14 61 74 29 75 40 74 46 19 7 52 21 40 64 47 46 67 98 11 86 40 44 43 35 66 90 79 51 83 48 68 12 48 26 45 30 53 78 37 42 7 39 90 26 85 98 88 16 96 80 50 32 19 8 64 40 47 65 77 90 56 97 19 52 55 99 30 91 4 78 89 10 67 87 55 52 71 61 20 89 79 79 70 9 17 46 39 37 95 39 40 18 20 95 67 63 79 81 12 10 50 76 85 11 65 62 60 52 20 27 37 44 7 82 36 81 28 1 56 79 14 64 5 71 60 8 24 28 60 12 68 21 58 23 18 20 39 51 72 9 46 62 75 69 68 11 68 12 62 71 16 61 37 24 75 46 45 61 45 8 34 32 65 79 75 97 59 21 56 75 89 35 3 16 73 33 17 28 45 23 10 74 59 60 66 78 35 34 21 66 26 78 42 20 92 41 39 24 50 46 16 58 24 35 1 90 80 15 44 94 36 98 44 47 96 26 66 52 0 91 90 19 0 54 86 57 65 50 61 85 7 72 51 64 55 44 62 75 20 71 0 76 36 47 56 14 48 25 38 40 40 62 31 68 47 68 35 96 55 86 5 80 87 83 93 21 46 58 24 49 20 5 69 44 94 80 13 19 75 33 76 43 47 58 39 16 14 61 90 55 27 18 19 28 22 45 38 64 52 98 10 38 20 62 71 36 17 96 41 57 79 36 14 29 42 83 28 52 26 84 54 26 64 44 63 39 83 68 50 98 54 19 19 59 29 69 22 61 38 92 8 13 3 68 42 5 97 38 25 20 15 
69 22 35 11 27 49 35 83 39 89 95 24 65 41 16 35 63 2 31 81 26 96 24 61 73 26 45 47 13 6 48 20 92 96 80 3 20 1 33 42 90 51 99 89 44 7 29 93 23 96 62 57 85 42 44 78 69 25 27 49 67 31 84 85 38 39 94 65 73 63 97 18 34 60 58 65 61 69 74 72 9 14 38 3 46 94 49 17 26 95 68 14 81 40 95 31 43 78 81 12 65 59 78 14 26 9 19 97 79 91 78 80 25 1 46 46 55 20 37 83 87 64 84 83 69 57 7 54 45 11 13 17 68 62 86 72 31 88 71 85 91 89 90 27 56 6 79 7 47 65 22 55 9 20 63 48 70 86 90 85 70 65 66 12 83 58 75 41 95 87 2 52 16 59 78 4 25 67 65 25 54 27 5 18 91 19 28 64 17 51 41 1 81 32 51 16 41 57 26 8 76 28 4 79 70 14 30 41 8 66 0 69 69 84 43 99 81 17 76 39 8 20 71 17 91 72 54 74 30 73 71 38 41 65 73 37 97 48 86 71 86 5 84 27 47 30 9 31 67 34 35 6 65 82 86 58 86 42 57 21 3 80 26 2 3 84 9 23 34 70 73 73 54 62 88 14 4 11 98 90 86 22 41 93 44 35 68 20 4 32 17 18 7 92 98 77 85 39 79 57 16 77 4 64 84 76 54 34 17 50 92 23 85 33 62 43 87 64 26 6 89 63 57 80 50 79 9 50 91 81 20 46 35 39 15 67 96 83 88 85 93 22 93 19 20 52 38 33 40 2 88 28 64 91 75 48 69 88 5 78 34 58 76 94 16 18 90 83 19 22 7 16 64 53 19 41 96 93 12 23 39 32 98 7 97 69 33 22 27 51 83 97 41 86 91 91 74 16 5 15 92 63 91 6 26 46 79 94 60 73 97 0 46 49 24 67 68 83 32 21 84 16 59 46 12 49 44 86 57 91 15 12 36 73 59 21 36 25 32 85 5 73 9 40 23 67 17 75 2 19 12 26 28 11 36 5 99 91 89 18 70 78 38 62 14 88 36 85 45 26 92 3 33 71 68 48 57 49 18 40 34 23 45 40 8 16 40 32 59 92 44 85 16 33 68 56 98 9 79 47 
34 1 93 72 62 81 94 80 65 2 19 42 12 17 74 56 67 23 45 52 31 64 34 71 23 55 94 31 12 30 18 15 10 86 20 91 51 46 14 19 90 92 64 4 28 12 81 25 78 76 48 72 32 51 51 25 51 98 19 30 85 52 49 16 41 33 13 32 5 9 21 6 4 90 21 86 87 87 48 56 40 67 65 34 20 30 27 79 85 93 37 34 60 39 42 70 91 6 32 45 7 48 83 36 40 88 5 29 37 60 96 48 13 4 32 22 69 75 93 60 40 24 58 2 26 52 35 91 21 22 89 83 17 2 32 98 60 94 90 73 4 6 13 90 89 76 4 61 63 91 86 84 93 87 48 63 13 85 70 77 82 11 47 9 12 79 40 72 55 28 66 5 26 69 27 30 17 21 90 83 29 23 46 25 11 31 57 24 67 0 89 56 58 55 95 57 70 51 14 25 6 99 10 50 18 61 65 71 44 29 19 95 74 5 81 80 62 82 21 63 76 55 72 77 90 12 37 71 26 22 0 49 31 21 21 71 45 54 28 42 10 34 72 10 85 43 71 72 70 21 2 97 38 76 41 79 85 64 29 36 17 96 76 29 33 35 17 45 41 92 16 94 52 90 84 15 87 8 31 79 60 8 74 56 67 85 79 27 39 1 19 8 61 77 59 41 16 58 0 84 61 48 37 4 97 31 78 39 58 99 79 37 47 84 35 72 86 40 77 77 17 69 2 86 57 34 5 80 45 88 27 7 98 92 63 71 5 75 57 49 18 54 37 7 75 43 67 88 28 28 28 72 38 91 63 74 45 97 33 3 43 11 42 78 26 97 73 88 96 53 86 22 25 72 30 73 17 23 75 17 40 69 96 49 54 6 75 22 46 3 40 57 30 57 9 66 96 0 17 35 83 81 45 42 61 17 86 10 40 83 14 51 46 19 13 67 78 72 91 80 55 49 87 11 23 40 44 79 72 35 77 83 46 55 34 32 41 89 0 15 72 58 62 85 47 26 14 79 80 60 58 44 84 97 40 93 29 91 14 36 95 72 74 29 83 55 5 57 34 84 10 79 6 38 13 55 89 10 41 57 31 22 71 15 86 81 67 86 20 21 76 58 84 77 0 24 32 9 33 20 
46 98 18 15 25 26 84 74 35 55 0 68 92 98 13 68 92 60 42 35 96 24 74 81 3 16 46 49 16 61 43 2 68 59 97 26 9 74 43 26 50 73 36 32 57 36 89 21 14 29 39 35 50 43 36 72 29 87 13 67 91 39 83 90 97 95 59 41 98 81 14 70 84 48 0 98 9 73 87 27 5 50 72 47 6 38 10 79 80 56 98 7 42 15 85 9 11 99 15 80 65 33 69 7 64 61 42 34 96 23 83 52 0 78 19 14 10 49 31 23 91 82 71 16 12 81 1 94 33 61 51 82 5 61 71 8 58 54 84 3 27 19 72 68 43 41 33 45 12 32 21 64 35 97 73 36 42 46 70 54 63 74 17 48 79 14 69 90 19 40 16 90 73 42 4 86 22 95 33 31 47 95 54 69 2 61 11 60 30 96 18 37 46 59 38 69 6 86 63 73 70 64 0 34 98 22 81 59 74 28 81 93 19 58 59 47 59 98 67 78 42 68 23 34 37 6 38 94 34 26 41 52 19 0 1 72 63 36 24 47 42 28 35 7 25 58 47 81 15 36 55 34 34 19 50 6 40 1 13 58 39 26 11 32 83 90 82 92 55 49 41 49 19 51 24 40 52 81 56 60 60 99 60 31 56 16 82 92 0 67 62 26 30 99 32 20 21 41 85 41 22 36 27 41 4 81 52 49 57 28 4 48 97 43 6 94 90 74 61 37 8 51 87 50 70 35 85 37 41 60 48 92 45 88 64 37 45 70 19 17 50 84 64 16 67 57 48 75 80 99 41 25 32 43 58 73 87 12 70 70 96 17 80 72 27 47 18 58 66 3 32 81 41 47 32 8 96 95 84 13 24 2 36 83 20 90 52 63 38 84 75 20 76 51 29 2 36 72 78 70 72 62 37 72 66 67 20 45 51 10 76 4 56 51 40 43 65 8 13 77 6 61 40 26 96 98 43 89 33 99 84 41 10 28 76 75 91 38 60 19 80 91 93 73 35 89 5 46 70 13 20 67 71 93 20 69 1 26 41 70 77 52 28 51 4 18 34 70 74 78 71 29 40 52 7 32 82 50 1 8 16 17 27 68 6 90 33 1 93 3 49 68 16 67 25 47 59 42 63 56 
38 46 94 16 34 79 90 84 12 77 18 48 62 0 52 81 45 67 9 17 79 61 21 32 66 32 9 25 58 14 50 26 64 86 21 64 10 55 54 22 69 31 66 99 48 74 20 90 87 96 33 86 44 0 22 34 0 79 30 82 61 77 57 95 63 26 64 92 25 59 10 65 25 54 7 60 54 47 91 74 21 25 44 15 54 85 16 5 21 28 97 94 5 43 10 4 39 6 87 96 18 41 43 86 13 39 57 76 9 0 60 33 1 90 36 57 51 78 38 30 94 11 2 72 41 51 6 16 28 86 9 81 69 80 41 53 60 26 54 99 84 3 29 96 74 71 51 99 91 8 26 20 41 77 88 73 97 79 17 20 23 38 36 91 6 20 24 21 58 40 85 20 31 33 0 79 17 68 55 6 4 4 22 12 52 56 25 56 77 98 43 59 15 18 90 9 34 5 20 2 56 83 25 3 11 63 78 53 32 93 66 17 68 92 35 97 43 29 95 94 2 16 95 70 89 98 84 60 68 79 24 37 33 44 3 89 31 63 7 51 86 42 20 45 7 66 81 24 20 25 71 27 31 69 15 13 24 30 49 79 37 18 1 86 97 96 35 26 75 39 99 28 4 27 43 42 51 48 43 1 57 22 45 74 41 29 17 71 92 19 35 3 12 94 56 0 17 22 21 65 72 94 1 97 76 9 45 99 46 64 75 23 86 78 92 91 46 65 86 53 97 47 12 48 45 83 22 56 56 89 16 71 65 63 67 26 17 62 56 21 84 37 99 14 1 72 14 43 81 11 5 54 4 83 5 33 96 21 14 22 38 83 62 76 70 80 51 74 71 80 94 79 63 54 44 19 92 60 93 38 51 36 36 99 36 44 90 86 74 49 39 85 52 67 85 91 20 80 10 62 79 1 60 22 29 69 38 6 74 81 66 87 10 5 1 99 13 93 95 44 30 69 12 29 9 92 66 64 90 95 7 29 8 83 45 42 9 37 81 71 28 93 57 11 89 16 97 59 52 77 40 51 60 83 18 27 21 20 73 88 32 21 72 7 86 64 59 66 36 74 8 60 93 67 78 37 64 66 92 7 28 62 24 54 5 25 45 39 24 98 25 27 46 90 39 54 70 98 64 66 
57 32 61 84 37 91 56 66 88 88 86 58 77 91 72 46 52 97 85 52 51 54 96 84 41 98 14 48 78 88 41 51 64 95 78 9 88 1 44 42 28 9 19 56 67 23 92 59 97 97 61 11 29 32 12 8 4 73 35 93 25 54 62 9 93 12 40 87 75 81 11 12 92 56 98 67 91 72 12 96 17 59 7 15 47 25 86 82 36 43 79 18 84 28 47 31 61 61 63 68 13 31 11 33 36 23 37 12 4 29 16 37 99 78 53 25 20 7 50 35 79 33 25 75 93 62 72 50 91 91 62 21 51 4 88 4 61 1 82 42 59 66 71 3 7 50 72 89 60 71 91 3 23 33 59 39 47 20 64 5 55 14 95 40 63 62 72 62 11 50 85 59 31 43 31 54 17 39 68 78 39 21 15 89 36 4 99 42 7 18 72 45 70 43 84 77 88 22 9 18 8 26 68 23 60 96 6 25 86 69 52 24 94 82 12 14 60 67 66 10 59 52 64 26 63 52 26 40 23 45 5 93 86 17 22 23 82 50 89 57 13 36 2 48 52 56 95 97 89 44 56 88 85 34 60 7 70 19 49 64 62 77 78 10 92 79 6 35 94 71 27 65 75 64 68 62 37 65 96 2 55 57 61 51 97 61 68 61 44 51 89 69 92 80 4 74 15 32 85 58 51 48 22 42 95 45 67 33 2 75 99 3 4 25 16 93 98 7 15 27 12 87 81 72 29 64 13 57 57 96 59 17 5 82 60 48 73 67 55 22 26 40 44 42 62 99 86 98 88 33 14 93 46 37 66 45 85 87 83 74 32 55 32 59 73 55 82 90 53 54 92 45 17 27 18 3 65 33 48 47 95 48 1 49 99 36 20 47 65 92 84 14 0 62 75 57 26 1 48 44 28 95 37 9 80 16 2 47 23 42 4 4 8 6 60 93 98 24 91 99 37 35 2 40 59 63 34 74 4 2 70 31 65 40 56 78 77 6 24 42 66 42 2 96 78 85 99 97 19 1 27 44 95 88 78 89 27 7 19 63 72 56 84 43 44 10 83 9 3 47 4 59 61 13 56 4 49 36 9 10 14 71 48 83 29 75 71 72 64 11 47 36 53 42 5 79 22 58 23 14 
11 98 9 46 57 71 16 67 97 98 4 84 12 34 9 39 58 96 31 6 4 54 38 92 3 87 42 48 70 30 47 28 83 39 65 61 48 60 36 50 23 57 50 46 56 90 3 29 95 7 88 19 65 79 79 23 39 37 19 66 0 80 69 80 62 30 14 97 5 60 74 72 91 16 32 32 31 39 58 25 46 8 95 74 7 32 64 14 4 19 16 52 73 87 67 21 89 16 85 25 9 79 22 78 23 91 53 52 3 77 6 22 82 51 28 11 0 24 19 5 2 73 65 2 24 99 59 24 94 19 62 55 22 30 78 36 73 50 43 88 14 0 82 9 0 36 43 48 62 94 77 24 69 59 17 89 69 95 31 25 7 48 45 71 83 51 41 73 56 41 44 96 20 41 24 29 26 43 20 2 52 20 6 25 98 49 10 21 68 53 71 43 52 27 25 98 8 19 14 38 49 96 54 9 84 90 6 51 11 5 58 4 47 41 9 91 80 99 2 17 94 52 41 26 11 61 11 68 94 39 70 38 18 95 91 30 18 77 5 66 7 0 42 88 94 29 96 52 0 81 38 2 94 68 35 80 30 36 32 88 12 49 17 38 33 34 59 4 10 92 37 91 55 26 44 98 57 24 9 73 68 16 13 7 97 9 87 30 85 58 65 71 14 55 34 25 86 90 84 87 61 29 86 34 26 25 56 19 8 26 29 33 95 70 49 41 42 84 63 99 74 77 17 36 65 92 39 12 64 25 40 70 81 11 35 90 20 59 22 7 68 76 40 8 14 64 12 84 13 31 4 92 99 63 75 48 36 95 46 3 51 81 61 86 29 93 45 15 98 3 73 93 0 4 62 64 91 31 95 55 38 23 17 12 48 31 10 38 47 34 81 89 91 48 61 46 2 97 9 55 83 80 26 85 77 47 51 54 81 53 6 82 58 64 48 49 7 80 51 19 30 8 33 90 57 36 45 95 82 46 20 43 91 0 22 61 53 38 66 61 8 96 77 70 24 59 43 83 26 28 14 39 26 49 97 79 16 31 0 93 60 56 81 10 66 18 46 74 26 39 72 19 17 74 24 27 32 42 55 87 80 2 31 89 22 89 4 56 64 43 72 99 5 15 27 38 85 38 45 87 
72 52 65 88 18 17 14 36 59 83 4 57 74 50 22 34 83 92 21 76 89 55 55 53 28 39 29 99 47 80 82 34 9 3 17 89 86 36 4 22 88 80 14 80 39 32 94 45 84 18 85 20 80 6 66 64 89 12 96 62 49 16 72 55 7 90 0 30 14 59 38 17 51 35 45 65 35 60 40 67 81 99 72 92 49 14 73 20 24 82 76 47 14 62 20 35 6 39 53 74 0 30 76 92 57 11 60 47 18 26 72 87 6 59 22 51 2 46 32 76 50 65 81 1 30 86 82 30 96 44 57 14 31 73 34 91 93 71 28 51 5 75 58 66 4 27 19 85 77 54 51 69 90 6 31 28 9 73 66 71 75 64 92 29 92 96 47 71 91 13 17 93 7 93 50 71 62 25 42 67 37 34 57 70 16 51 13 22 28 85 67 95 90 91 10 24 94 23 37 92 59 0 67 12 96 21 19 11 16 78 13 33 75 70 67 28 45 45 84 1 90 39 71 81 62 13 67 27 9 26 78 85 22 24 54 73 41 52 91 34 75 11 54 38 45 90 81 63 68 65 8 41 27 64 76 82 26 22 18 57 73 93 31 63 12 77 57 95 69 84 44 63 98 10 58 31 61 75 87 38 93 54 13 75 32 38 71 90 94 70 25 90 15 28 43 5 3 87 57 90 41 43 11 95 85 65 52 84 3 51 25 90 69 19 67 26 92 23 32 40 22 13 50 28 26 84 16 36 89 78 42 28 71 59 75 33 17 95 70 23 74 63 90 94 91 34 41 7 23 29 87 72 15 35 30 60 90 95 36 20 33 39 0 99 77 22 10 90 17 83 46 71 38 4 27 34 63 6 41 26 6 50 83 35 16 56 64 69 56 10 44 60 83 24 55 23 30 95 70 17 53 51 53 2 59 80 72 4 74 38 77 42 76 57 21 85 85 93 30 92 99 66 0 68 96 90 3 5 35 29 69 39 42 46 31 53 26 85 45 66 83 36 94 76 1 78 89 17 91 28 34 28 87 74 16 29 39 58 39 76 91 54 69 92 39 52 92 79 21 57 50 60 66 3 43 35 78 48 95 68 17 11 58 27 21 33 60 71 92 10 0 62 54 53 54 15 84 49 16 65 
27 50 46 35 39 7 78 24 61 25 63 18 19 20 48 1 92 89 83 93 80 67 90 36 81 86 62 89 89 53 22 14 13 71 83 75 3 48 85 31 37 44 8 82 70 5 92 19 88 5 26 36 6 78 49 72 86 33 47 1 83 40 95 59 49 36 91 75 29 94 25 39 51 61 32 52 85 8 12 73 26 56 13 48 50 94 20 30 47 54 23 16 1 90 95 19 66 16 87 71 74 77 26 20 13 9 85 97 56 43 66 78 81 4 56 15 37 94 53 94 36 25 48 69 96 47 46 39 89 29 47 73 33 94 20 3 22 70 40 21 24 53 84 7 93 92 23 72 6 28 94 38 52 7 75 37 58 88 80 87 69 74 58 95 50 7 75 76 10 81 57 39 36 78 28 91 62 76 61 85 37 7 32 29 23 70 71 4 29 19 28 22 54 67 69 61 13 81 62 50 38 22 15 40 88 93 67 51 17 96 80 99 91 43 55 89 5 39 94 97 25 49 96 28 52 72 45 4 19 77 54 94 57 58 48 83 53 8 72 99 81 8 34 97 38 48 90 99 83 55 50 44 40 51 54 79 4 70 0 59 15 53 99 31 83 67 38 73 81 58 53 70 71 17 36 40 97 30 67 62 36 68 36 22 16 95 11 4 37 23 74 7 53 3 9 46 93 47 58 85 3 51 84 24 33 77 49 59 93 65 16 74 72 52 32 43 37 55 46 94 16 8 57 0 2 85 68 47 90 40 0 4 56 24 14 78 41 89 91 27 32 61 74 21 92 57 74 26 97 34 77 59 91 21 28 65 5 57 95 61 74 76 7 54 94 43 59 40 67 74 32 91 33 58 13 77 59 85 17 68 6 63 86 35 16 3 82 3 86 74 16 45 74 61 81 66 80 45 7 41 37 62 97 41 56 61 73 10 65 87 35 5 15 16 62 51 67 12 4 21 13 92 89 10 45 89 68 13 90 98 45 70 45 39 94 34 10 8 1 45 31 94 54 76 57 56 65 91 82 58 62 36 99 30 11 61 35 99 41 74 41 35 71 7 79 35 55 76 78 36 10 94 36 88 55 1 71 15 87 94 63 27 79 36 67 42 13 21 93 79 24 70 0 86 75 55 17 64 28 75 
56 82 53 32 24 0 74 1 45 93 28 61 6 93 1 16 54 47 69 43 90 69 61 28 7 85 94 74 5 25 48 82 21 44 48 51 31 42 62 44 44 54 19 47 33 43 54 48 71 29 13 34 62 89 79 49 19 90 96 49 79 25 40 54 92 60 87 41 26 10 61 65 10 58 33 33 30 13 23 77 78 5 23 27 37 43 32 9 99 35 84 56 5 62 12 23 97 93 64 11 32 80 61 45 65 1 10 54 44 23 8 55 11 21 76 10 8 47 54 91 91 78 4 26 45 79 60 91 81 74 9 28 74 12 79 3 77 11 26 7 84 4 65 73 87 94 23 30 26 69 34 52 84 81 98 84 86 0 64 77 63 69 55 86 66 82 11 32 53 81 29 76 17 10 70 64 61 4 15 56 72 61 83 87 77 67 15 77 45 33 27 95 75 41 6 65 54 47 76 36 85 1 34 36 7 4 82 35 42 64 3 83 56 20 63 68 14 96 7 42 1 70 39 42 62 50 34 38 78 13 84 86 37 97 62 56 82 3 86 35 40 48 17 96 80 60 20 77 19 92 62 6 94 47 70 85 42 92 83 37 5 70 21 66 90 91 34 91 95 1 14 52 21 38 47 38 44 10 28 96 61 75 35 59 24 88 85 33 18 91 64 49 31 20 4 66 99 5 43 22 61 11 22 45 89 40 25 74 38 19 37 85 15 1 55 6 56 62 63 1 99 75 27 51 12 52 61 47 32 93 52 88 57 29 82 86 58 96 53 28 20 78 91 13 42 58 55 17 45 87 6 78 75 0 22 46 1 35 12 84 38 41 92 18 21 0 89 53 58 80 34 15 6 98 84 20 9 30 96 48 43 0 0 63 45 22 6 27 44 20 29 50 4 4 98 32 19 46 24 27 28 66 39 3 38 73 30 21 28 6 53 14 67 18 86 93 89 65 38 9 52 38 67 68 34 29 43 5 47 45 19 35 89 25 81 25 90 10 99 5 91 64 65 88 56 39 56 80 32 50 44 1 58 75 71 28 8 70 67 73 91 19 62 7 32 93 4 65 61 64 9 67 3 25 7 33 14 13 58 75 5 63 58 35 28 94 73 30 87 6 82 25 73 10 25 83 1 74 60 99 
48 77 1 80 75 2 92 34 6 2 92 39 93 90 45 30 89 75 57 84 38 21 35 81 1 4 67 44 13 36 32 61 6 4 2 87 3 77 4 71 59 88 41 3 82 81 77 34 26 50 90 99 46 95 12 9 17 7 70 42 66 15 77 10 87 81 26 5 56 96 27 43 25 98 14 44 10 90 62 17 58 27 98 69 34 72 31 7 91 38 64 40 35 75 56 28 71 60 39 94 49 69 17 75 89 44 35 9 92 95 76 72 57 70 91 54 74 32 17 98 82 65 2 70 5 16 27 51 99 77 62 85 42 78 33 18 93 18 84 19 21 82 98 50 99 19 30 90 82 52 30 56 87 40 88 78 10 2 58 13 74 85 99 54 76 30 68 45 44 96 25 38 64 62 81 93 17 34 99 88 87 6 66 85 53 63 49 77 57 98 83 31 93 46 10 46 29 1 90 19 7 2 77 69 73 15 77 33 70 24 66 32 92 39 92 10 32 82 62 94 2 98 72 52 14 45 75 17 68 98 99 61 80 44 46 89 73 20 74 27 83 43 22 47 17 24 45 83 96 61 60 91 10 63 3 41 91 46 25 95 62 31 99 50 50 10 54 49 35 55 0 55 38 64 40 65 55 31 29 75 86 16 25 72 24 54 18 93 40 62 13 14 97 3 98 55 2 4 46 42 75 95 50 20 17 8 17 93 45 70 88 19 65 75 29 18 0 97 30 90 36 87 43 21 68 86 39 36 82 82 21 31 89 17 89 19 60 45 67 76 7 43 34 35 94 14 98 81 39 18 90 4 50 35 7 98 48 85 3 76 32 45 29 25 82 27 53 35 33 61 58 37 38 52 83 69 59 98 7 88 84 72 88 68 17 97 49 1 23 66 42 84 88 43 40 71 37 98 82 13 2 91 12 69 9 36 18 92 46 65 87 72 59 14 10 70 30 16 68 64 55 2 40 55 44 45 11 22 50 70 16 84 90 50 35 7 8 58 28 62 99 9 87 40 65 70 17 53 11 18 82 24 56 89 88 14 62 68 86 74 62 15 98 41 86 72 56 28 32 88 5 32 88 36 79 77 80 91 41 22 44 42 93 96 41 32 80 72 94 75 61 62 24 2 14 64 37 72 23 16 
56 25 45 41 83 4 18 71 31 29 46 36 7 44 57 65 10 57 10 34 86 81 52 95 33 33 78 92 83 14 68 26 0 33 43 90 80 83 14 85 83 72 67 12 74 96 56 26 39 66 11 60 84 16 62 24 27 78 11 54 65 42 79 90 28 76 1 66 33 95 29 87 54 36 46 57 80 86 17 81 81 85 87 1 91 91 80 74 96 35 73 69 13 20 95 14 85 50 57 18 96 75 12 26 31 5 89 72 22 14 55 70 35 80 9 34 40 33 82 40 4 38 87 82 22 24 9 43 58 15 16 81 48 11 67 50 55 27 77 45 22 68 75 46 45 42 19 22 58 88 64 31 89 18 87 60 13 46 69 64 80 0 90 52 30 35 82 54 36 83 90 87 34 48 1 29 99 66 95 89 33 79 6 91 77 39 3 28 36 98 39 3 93 31 90 15 13 31 97 35 4 87 47 71 6 70 73 18 30 10 86 85 50 82 11 7 95 96 8 69 2 1 39 60 55 97 70 45 93 63 75 36 63 84 70 56 13 67 54 50 49 1 76 12 19 85 69 40 56 87 6 56 19 29 8 80 66 27 44 11 30 15 97 2 59 19 81 95 91 17 94 4 81 59 52 30 15 28 50 89 15 71 40 85 52 71 72 43 36 7 73 0 77 83 31 57 54 2 77 63 72 53 27 65 57 76 40 28 3 68 19 99 68 8 24 11 32 64 73 4 23 59 13 61 17 79 65 28 56 43 54 93 17 20 42 29 25 72 34 82 49 71 87 17 95 90 72 79 15 62 80 96 95 5 60 33 59 32 39 51 43 16 79 9 13 44 47 59 73 35 95 91 8 26 92 68 53 41 37 56 22 35 77 86 98 99 81 45 9 16 80 4 81 95 58 58 76 71 38 99 38 49 27 80 0 34 84 79 41 86 7 3 96 34 99 55 22 92 10 16 65 60 69 36 42 87 61 76 51 92 26 62 67 3 98 96 38 77 40 91 72 11 74 3 81 22 39 54 38 35 17 55 91 73 6 42 8 27 33 29 9 14 48 40 17 43 48 12 33 57 16 48 68 5 65 97 82 53 10 76 59 46 79 66 73 9 79 16 45 57 54 66 50 63 24 92 58 54 52 91 
85 20 96 1 99 89 45 17 26 58 38 21 76 72 8 4 97 10 92 98 24 44 40 66 38 78 62 91 4 85 91 86 27 0 76 11 77 81 51 82 41 81 43 96 93 29 15 86 75 63 72 37 66 56 42 95 30 79 22 81 15 82 81 9 86 40 11 77 92 67 16 41 47 54 95 82 59 65 86 51 13 7 65 53 2 29 18 77 41 70 83 44 61 27 42 59 14 35 6 8 82 29 19 61 61 21 84 66 32 56 43 96 13 28 37 5 36 63 58 29 88 71 79 75 24 30 94 96 95 99 53 51 95 85 99 39 26 42 20 13 86 50 7 41 6 93 73 61 92 55 59 55 42 18 96 40 32 69 96 70 74 91 32 27 21 82 39 90 47 29 97 90 1 24 6 29 49 22 13 67 67 3 53 86 7 27 39 44 55 23 9 18 55 51 7 68 66 99 88 23 90 38 0 10 72 20 3 32 29 47 80 36 4 72 39 6 79 99 4 2 11 64 1 7 72 39 97 9 9 86 66 5 18 78 96 88 39 11 32 39 58 52 87 95 55 22 59 65 19 48 66 35 59 36 36 91 19 27 40 27 47 86 29 57 52 71 43 17 82 42 95 70 80 65 99 38 89 50 83 93 46 39 27 38 76 11 22 46 87 71 94 73 15 75 5 95 78 90 15 97 34 15 65 96 0 2 66 37 81 14 92 50 8 85 37 48 41 29 30 77 60 43 36 40 97 65 53 54 7 56 41 99 66 72 50 82 49 91 92 73 19 76 66 53 50 48 1 72 86 94 74 76 51 64 97 59 53 64 75 63 47 71 69 4 94 15 98 83 20 45 71 30 40 59 20 9 7 74 79 31 51 10 64 94 67 0 63 71 24 12 37 41 67 57 35 99 19 82 88 12 67 22 10 35 51 86 44 47 47 21 46 13 21 81 53 3 45 72 68 55 25 17 79 65 62 12 90 45 12 76 42 5 8 0 40 57 44 47 60 91 99 99 4 85 27 39 60 37 47 13 37 68 21 52 11 66 92 22 80 46 25 28 78 21 55 69 46 35 20 65 61 84 82 67 67 84 42 88 43 50 31 73 14 2 82 19 8 37 9 18 95 41 22 40 89 44 10 71 96 86 
58 60 11 63 48 97 40 57 52 93 92 22 53 50 63 28 30 23 53 58 62 48 52 82 48 47 3 52 11 60 13 65 82 84 42 55 41 12 15 25 23 84 72 90 59 90 64 87 25 33 31 68 26 44 15 94 86 9 51 6 85 78 43 69 60 57 90 9 38 18 0 15 99 95 15 81 59 59 88 30 9 15 94 64 74 50 39 73 37 26 35 33 89 44 44 2 41 95 94 69 71 34 26 28 30 52 25 81 24 0 24 82 36 7 2 29 1 30 66 58 76 94 89 42 42 93 69 7 48 82 95 30 2 64 43 40 50 21 38 63 87 41 48 6 2 72 78 44 3 92 18 94 91 73 22 40 24 79 18 5 86 66 41 16 25 61 21 66 2 29 29 93 75 58 88 75 49 73 24 40 68 64 12 68 14 24 78 53 8 37 15 19 1 63 80 40 23 55 49 30 43 99 80 31 76 11 28 37 99 12 70 46 81 54 12 9 58 41 36 1 33 47 32 50 87 53 27 6 44 99 2 98 4 61 69 53 6 40 99 7 83 16 53 73 17 54 69 81 42 13 14 94 27 45 0 37 48 13 8 9 33 57 10 71 97 70 48 33 14 69 27 18 10 81 13 99 85 69 93 95 34 1 62 29 50 43 32 29 67 89 77 66 89 78 23 64 79 18 7 98 3 70 50 33 3 99 25 49 83 21 38 63 15 91 37 64 91 5 64 14 36 59 63 53 80 24 75 27 48 93 1 34 42 99 65 29 94 98 3 81 9 16 53 46 72 9 67 47 29 44 16 87 27 97 30 68 67 41 20 88 87 83 25 85 94 24 83 89 27 70 29 39 87 72 34 4 73 5 12 18 76 22 28 16 93 45 46 70 1 23 34 80 49 76 76 17 15 66 74 70 59 39 88 58 67 27 33 9 99 1 71 4 69 80 95 15 92 10 14 5 66 48 79 11 72 92 54 87 57 59 56 67 89 29 68 63 31 95 22 71 41 84 46 89 43 15 98 65 67 31 39 46 75 6 2 96 35 48 63 46 37 20 38 85 98 61 61 74 87 14 56 45 67 69 43 22 91 97 69 25 67 82 1 20 31 7 38 23 62 94 42 95 94 50 80 4 72 57 62 94 
37 99 48 21 58 74 67 99 35 88 28 24 54 30 44 48 2 42 72 58 58 47 1 1 32 95 62 7 17 70 37 23 47 46 30 99 73 82 65 47 61 90 83 73 3 15 52 37 85 15 48 67 2 24 54 14 84 89 48 23 45 53 84 50 76 3 50 20 80 73 19 15 12 61 25 82 67 37 77 24 67 82 89 30 22 35 14 14 73 75 93 15 46 24 44 55 77 66 11 32 63 95 11 42 97 72 68 71 41 96 6 64 0 47 45 32 87 98 37 34 55 49 2 28 22 33 20 5 33 47 39 90 15 60 63 57 83 6 10 70 69 60 68 42 32 94 82 64 12 88 74 2 46 90 67 73 57 62 26 97 20 6 8 23 39 80 97 47 2 69 4 12 35 61 23 62 4 95 85 59 25 84 55 29 91 56 0 75 73 61 40 46 78 87 15 34 20 0 73 25 43 44 54 8 72 63 71 87 51 98 94 57 31 96 38 60 93 90 1 62 44 9 48 61 40 82 76 0 48 26 57 59 93 63 19 39 55 63 12 70 69 71 69 73 45 67 24 22 89 84 53 37 81 54 68 10 33 63 95 73 33 3 80 8 0 10 12 96 72 23 17 90 87 95 54 60 63 5 45 4 70 78 30 45 81 72 88 80 81 23 91 76 23 4 45 21 4 49 30 77 24 4 95 48 88 68 16 13 57 14 41 86 28 92 54 69 47 75 70 51 1 32 42 42 12 35 25 5 46 93 91 86 18 67 90 3 57 4 40 37 80 70 51 67 47 67 38 2 27 7 9 28 72 12 10 10 42 2 96 93 89 72 31 36 78 39 50 4 68 97 98 40 91 9 88 43 40 21 77 75 85 8 4 7 34 97 8 60 65 7 70 4 61 63 44 79 37 75 91 59 59 25 14 5 67 35 96 95 46 91 25 97 26 54 56 39 24 77 71 82 7 24 62 19 15 26 5 10 74 1 0 31 66 82 0 24 91 84 95 67 37 62 16 79 65 17 5 33 5 50 89 2 46 52 57 5 2 6 77 94 77 72 35 8 79 78 87 63 59 92 37 54 42 0 43 10 35 37 58 57 1 34 68 20 65 58 12 59 66 25 45 6 15 43 54 35 56 4 93 59 
47 60 78 13 20 55 14 86 38 19 29 34 33 96 69 49 97 12 81 97 80 93 45 63 67 4 22 84 48 31 20 26 76 86 77 92 55 93 93 74 29 65 96 44 80 48 72 37 81 45 28 26 11 64 0 20 89 38 70 79 32 85 61 84 41 35 99 58 0 60 96 51 69 44 44 28 54 90 13 7 73 21 19 47 55 12 88 6 85 65 36 2 15 69 91 61 86 72 76 39 26 86 26 0 68 25 97 82 23 65 44 59 37 4 84 79 69 24 35 93 68 69 90 0 65 71 8 24 32 27 76 20 41 85 72 78 77 75 75 57 56 72 4 63 82 90 97 39 4 68 58 24 29 66 9 99 78 27 62 49 10 62 71 45 10 48 42 52 28 93 74 98 76 52 86 32 31 76 96 63 40 64 61 52 73 72 5 91 47 89 54 85 64 72 4 77 92 87 0 59 61 77 89 72 8 98 6 53 49 84 25 78 18 11 64 68 79 36 26 90 23 58 76 24 83 80 52 73 11 26 94 11 65 58 89 4 35 86 60 52 79 11 66 36 8 95 43 73 75 36 24 97 55 48 4 93 66 84 31 48 83 41 91 63 72 32 42 46 33 40 36 29 45 81 65 14 9 15 25 38 97 85 86 75 81 28 98 1 57 71 93 7 53 20 49 8 24 94 56 33 42 1 37 61 11 19 80 12 10 84 59 48 62 28 5 73 75 43 41 55 80 33 58 10 28 71 38 81 11 38 39 97 31 55 25 64 26 79 61 85 69 0 13 55 97 7 73 70 69 91 2 12 68 58 49 76 9 14 55 23 96 91 2 27 95 75 10 25 45 51 5 82 97 40 75 22 38 68 22 96 53 49 37 95 68 34 96 49 90 54 47 17 28 45 30 67 58 14 57 41 68 89 71 74 74 0 85 17 6 81 20 43 17 14 86 74 37 17 61 62 66 41 84 52 57 25 76 84 5 75 50 19 76 15 61 58 37 93 2 86 60 24 2 24 45 61 77 54 9 92 77 7 18 44 48 59 21 85 57 7 83 41 28 0 91 44 41 86 85 73 43 10 40 36 10 11 79 49 25 85 31 41 16 63 64 16 16 43 32 82 36 84 68 14 48 71 20 64 84 69 
14 53 72 16 30 53 18 99 25 20 31 23 28 85 17 39 75 87 48 48 13 4 72 90 60 9 23 25 72 22 30 71 13 22 45 1 27 47 75 41 51 65 83 63 38 72 21 63 91 7 56 93 64 40 64 89 28 58 15 30 9 36 59 22 97 19 66 40 38 53 96 12 51 56 21 42 72 19 45 54 9 38 8 39 65 4 13 2 28 72 40 89 66 53 83 99 14 31 62 11 48 41 67 81 83 81 37 71 90 4 35 56 87 62 87 49 9 86 55 77 14 85 4 87 92 53 53 13 5 0 79 66 20 46 10 39 30 76 46 35 65 9 43 38 16 6 34 68 31 32 66 49 4 4 61 43 14 84 58 89 69 9 83 71 98 33 18 67 41 97 82 94 44 45 27 60 9 82 9 75 79 28 89 79 73 62 57 54 0 55 54 86 70 94 91 55 66 68 19 73 54 76 63 11 87 55 77 1 44 82 56 27 77 21 70 18 26 29 18 23 70 44 1 78 1 39 11 33 89 48 13 16 7 65 30 63 66 53 23 38 60 50 7 52 30 91 27 75 97 34 97 95 49 28 95 1 80 44 66 50 78 5 32 21 32 64 7 93 66 10 27 98 58 74 81 53 22 17 13 14 48 49 61 17 76 47 71 49 22 93 70 65 54 0 83 95 84 22 73 26 79 38 26 38 65 30 16 43 7 13 16 26 35 66 0 18 3 78 63 35 68 14 53 76 47 59 39 7 19 69 30 89 11 41 23 1 37 74 2 69 63 22 63 23 40 90 88 30 23 23 45 38 24 23 32 19 35 80 12 84 17 50 60 51 48 59 28 92 26 42 52 60 1 52 84 79 45 7 54 56 11 92 26 83 53 16 11 75 42 17 82 43 91 98 68 55 17 96 15 3 13 22 61 47 86 15 77 51 90 23 14 45 83 51 17 97 83 69 49 64 66 0 1 88 76 55 82 86 27 24 33 49 69 83 83 3 20 83 11 62 41 88 68 84 36 42 36 90 3 79 24 9 85 15 20 18 72 47 9 68 28 11 66 7 66 43 52 7 57 97 58 85 32 4 39 2 13 96 65 30 60 84 30 15 90 88 65 53 40 85 51 32 86 93 34 40 65 3 93 16 
57 95 26 55 87 22 33 98 30 17 61 14 34 14 20 53 14 6 62 75 2 92 90 83 73 39 92 5 93 80 50 58 95 82 26 30 56 6 44 17 20 36 16 90 98 39 62 8 72 57 72 49 77 10 63 36 44 43 34 45 70 4 19 0 55 95 8 22 57 39 21 43 21 87 22 33 19 17 79 67 84 93 31 6 42 94 62 76 95 42 90 1 9 89 16 19 65 68 54 72 97 51 64 99 92 69 79 76 57 86 49 27 23 66 38 92 3 48 63 30 2 65 57 65 89 66 76 66 70 39 53 8 49 89 24 14 94 10 18 42 5 0 66 60 99 28 34 51 63 28 29 35 54 42 7 88 78 47 56 30 53 6 60 17 44 13 11 63 5 6 80 76 46 30 47 41 7 27 64 48 51 2 78 99 81 35 43 79 77 23 32 78 78 35 5 76 42 35 15 23 80 22 37 49 28 60 28 91 48 47 34 39 26 54 12 37 62 71 75 37 13 8 0 47 90 93 50 52 31 48 85 13 15 80 65 58 60 58 29 1 4 0 96 35 4 88 20 73 50 78 81 19 74 93 40 17 7 7 29 38 96 58 53 30 91 9 80 19 40 8 94 72 34 3 36 40 1 85 77 5 79 47 42 4 44 18 87 7 96 43 44 50 48 58 3 6 63 1 61 75 39 74 82 75 10 66 72 52 94 43 49 70 28 36 10 33 36 7 31 46 98 96 35 91 91 88 42 48 96 81 98 59 78 72 10 59 13 66 98 85 50 11 14 47 18 4 5 97 21 32 46 1 35 58 12 62 62 37 63 40 36 35 45 62 11 66 78 80 38 48 8 83 69 86 78 21 84 71 86 85 36 82 25 13 42 57 21 14 56 75 42 39 41 89 26 65 89 32 74 65 89 22 30 11 12 10 27 19 38 25 47 73 39 59 83 65 28 17 44 27 29 56 47 73 11 93 75 71 20 3 74 18 83 94 34 28 98 49 1 43 36 22 50 92 60 84 22 82 15 30 99 3 34 14 94 13 92 5 19 45 77 85 1 48 83 7 23 79 11 77 98 98 83 47 64 3 47 58 28 23 6 20 75 68 86 3 87 72 42 8 29 38 59 71 4 39 93 64 36 4 
96 20 97 67 22 50 24 17 82 63 74 97 10 8 63 70 57 22 85 2 96 86 10 95 94 6 51 51 34 7 50 98 24 53 33 38 14 84 4 43 7 1 20 48 53 16 93 86 52 87 33 26 3 22 70 84 71 44 94 46 64 3 13 46 95 0 59 9 61 98 14 76 26 18 14 27 2 29 27 79 34 61 59 12 54 34 85 60 41 27 41 67 62 92 73 91 5 33 51 49 9 38 99 69 69 48 88 27 69 36 2 71 63 26 83 69 85 1 39 8 48 42 15 24 9 6 81 2 11 7 0 37 54 21 43 66 62 33 93 47 15 51 54 75 27 45 73 77 44 39 47 99 69 92 98 5 39 13 31 35 64 92 88 55 30 60 98 2 29 39 38 64 7 28 23 93 75 30 52 23 60 92 30 30 3 99 88 72 91 81 9 73 45 44 81 63 55 66 52 69 48 9 47 25 93 82 21 21 50 73 65 4 68 73 12 89 46 98 38 58 86 42 48 88 93 93 64 62 21 50 96 17 65 67 32 51 66 92 95 75 57 87 40 23 53 92 53 87 58 5 52 41 54 93 11 9 44 60 45 24 98 90 27 83 87 25 25 6 61 76 26 30 31 26 61 25 74 90 85 24 24 88 89 37 41 64 68 92 30 77 84 96 40 61 10 34 79 7 45 25 62 77 2 18 64 35 96 58 3 11 71 61 59 63 95 2 99 84 89 44 44 92 57 99 38 3 78 24 36 17 30 21 61 75 47 64 80 34 68 49 24 28 48 82 72 26 0 67 26 82 16 38 37 38 31 96 1 24 2 29 82 47 70 9 63 14 85 80 64 64 19 62 34 47 24 26 66 93 89 4 0 16 91 30 57 93 91 88 44 96 25 86 1 1 78 82 51 70 79 69 27 11 43 39 36 42 7 90 73 24 66 90 45 48 31 2 17 87 77 87 63 91 90 91 38 0 49 7 54 19 62 96 77 81 89 57 50 15 9 97 53 0 22 81 91 0 51 29 20 30 45 76 98 45 10 23 36 10 69 89 75 33 2 76 51 56 92 7 41 4 78 92 63 11 67 68 52 98 41 9 98 16 75 43 70 62 69 59 63 52 8 75 34 56 39 54 76 74 74 47 
11 44 33 79 50 3 67 20 84 65 87 63 80 88 62 57 74 10 87 62 16 27 23 86 23 56 13 29 80 50 41 13 19 3 63 49 26 98 35 76 53 53 18 34 53 69 60 22 18 90 87 89 86 81 90 18 19 74 35 26 80 15 54 82 90 12 60 54 64 74 11 53 73 85 30 95 69 1 71 85 23 0 63 19 61 84 41 6 5 12 23 25 58 55 29 37 70 41 16 4 99 49 82 6 35 15 23 37 73 7 20 99 84 74 9 89 22 78 56 27 45 40 23 33 25 97 98 68 10 85 30 28 23 65 94 32 8 26 64 77 72 23 82 24 13 6 94 27 44 97 38 28 80 24 60 10 50 53 49 72 43 76 4 85 97 9 73 3 71 70 63 90 34 5 23 63 95 30 18 16 67 52 12 38 29 34 90 78 99 55 85 23 44 43 40 53 4 48 36 26 16 63 90 9 87 21 25 56 65 72 20 64 88 35 18 84 56 32 72 46 99 43 71 33 69 12 79 68 24 4 19 58 79 54 62 22 24 91 57 20 63 94 42 41 69 58 52 7 38 88 4 17 71 45 83 54 82 12 65 95 65 44 78 86 9 25 91 8 96 47 43 47 46 23 30 32 65 13 98 19 26 29 20 81 33 38 21 13 28 35 78 50 96 84 53 47 33 53 96 40 19 42 91 32 81 50 65 88 25 72 87 7 20 19 89 54 63 44 73 10 30 42 65 8 16 56 39 12 19 55 99 41 34 38 65 80 44 1 31 11 63 95 77 32 64 86 51 9 33 68 75 22 88 87 83 37 18 8 53 30 52 5 90 0 44 16 12 70 92 99 15 29 50 54 74 93 79 58 81 10 78 3 86 97 79 27 52 95 53 4 27 57 59 48 98 92 50 9 1 87 59 32 11 31 23 1 7 67 96 27 93 76 26 83 19 90 62 87 32 27 37 57 49 52 44 93 19 14 74 59 88 58 60 24 77 57 8 8 23 37 96 53 1 88 1 98 6 34 69 18 19 8 82 93 95 19 24 83 88 26 74 64 81 84 48 59 78 74 31 96 24 24 66 92 58 13 23 46 31 96 49 7 44 64 25 57 24 3 94 89 75 7 66 30 8 73 93 26 46 74 
12 63 60 27 74 36 52 44 37 49 65 57 57 40 77 15 65 10 49 20 94 53 86 61 92 87 16 4 42 7 21 7 29 94 76 15 64 5 43 64 55 38 65 0 97 68 88 38 30 90 70 61 41 46 98 17 26 74 6 70 87 55 39 75 60 90 96 36 61 24 90 82 75 96 44 54 50 43 18 69 45 91 43 59 66 4 91 63 35 47 66 30 97 19 11 42 73 65 0 73 0 75 26 94 31 21 32 83 38 76 47 63 57 83 72 86 73 31 81 75 80 81 36 89 19 81 18 29 66 17 88 87 25 79 52 23 82 96 77 94 36 53 86 5 14 24 84 21 50 95 19 51 20 62 44 58 13 87 40 11 65 57 79 9 97 89 38 13 49 81 85 3 89 53 57 66 89 49 25 52 62 64 31 18 3 97 2 90 16 51 65 94 93 49 78 16 51 88 24 38 47 20 78 32 23 21 10 43 17 45 93 40 80 6 7 58 77 2 77 41 11 87 81 31 31 36 13 87 67 23 56 87 20 77 34 74 45 3 38 23 62 82 41 53 61 17 8 7 19 81 22 46 90 69 79 8 90 12 28 47 38 12 12 47 72 60 47 36 35 8 33 51 12 43 9 34 67 29 34 99 60 51 77 9 26 43 88 65 74 20 23 56 35 66 77 60 72 94 2 92 22 80 90 95 24 96 52 0 8 6 52 83 1 10 34 80 34 84 72 97 52 48 13 85 70 0 3 22 79 53 66 26 45 28 79 82 77 89 52 7 40 45 36 42 32 43 4 12 10 0 35 93 18 40 40 78 7 92 46 26 18 26 29 99 53 90 34 93 48 86 71 18 94 4 56 5 75 79 89 36 26 63 45 33 63 48 26 53 15 53 34 52 3 22 33 7 8 75 96 71 72 68 62 5 46 45 61 3 78 64 39 50 67 49 77 16 68 13 16 67 77 59 26 35 84 91 7 25 52 88 5 45 49 97 61 49 20 94 95 82 15 96 59 34 28 58 77 38 83 53 73 55 90 18 92 40 33 39 99 66 1 32 41 70 39 18 27 34 80 9 10 50 60 17 41 37 82 98 23 81 47 5 51 55 89 39 30 82 84 16 9 49 85 78 87 59 63 91 70 87 
7 81 25 4 13 21 96 19 16 69 0 86 96 22 52 47 94 28 81 6 3 60 60 3 10 28 61 15 4 93 52 9 25 65 65 0 32 18 22 7 26 75 27 52 27 34 65 52 65 90 52 11 81 85 26 63 31 49 49 32 74 14 26 75 64 83 22 81 7 66 37 78 84 81 94 0 31 27 2 34 11 29 57 22 3 25 1 74 45 9 12 59 46 64 60 66 6 90 28 52 57 4 10 43 15 21 95 45 96 31 91 60 83 18 6 19 52 95 98 16 59 39 78 6 51 29 77 5 42 38 47 72 59 56 33 55 78 61 60 21 3 28 16 39 77 23 88 9 36 91 85 48 61 5 74 37 21 83 87 89 73 11 15 58 20 26 50 41 53 63 19 56 27 80 80 22 34 14 87 21 60 93 49 35 15 70 6 75 13 13 20 54 46 29 71 17 40 2 56 38 25 25 8 3 8 33 4 66 73 57 63 6 54 29 96 80 98 63 8 1 10 23 57 79 21 8 92 50 52 20 37 54 93 41 1 2 42 14 32 70 26 18 75 9 81 43 20 64 97 46 89 19 92 96 2 49 98 28 54 77 10 64 59 4 1 41 72 20 94 99 60 71 2 96 53 65 94 27 66 38 13 80 57 88 35 2 43 55 62 73 9 45 68 2 15 44 70 84 35 14 16 16 0 85 20 54 31 99 79 25 34 63 89 89 59 28 8 24 20 98 36 88 4 91 42 18 44 7 34 94 68 63 58 69 23 95 80 22 78 58 79 94 44 42 81 34 13 48 42 26 64 17 92 19 65 10 39 77 44 97 72 30 24 40 34 18 51 29 90 63 2 51 66 40 99 49 21 37 69 48 30 25 20 61 15 44 14 87 95 25 97 26 37 50 90 5 15 67 90 57 39 69 11 74 9 84 60 97 22 23 20 51 59 83 92 18 28 73 12 29 42 27 73 44 31 9 92 45 37 4 69 84 94 0 16 46 3 99 39 44 7 45 90 6 9 45 32 15 71 16 91 5 41 28 90 14 1 95 88 0 29 34 67 29 0 16 2 16 72 3 0 54 44 94 7 16 24 39 84 56 61 79 83 3 47 22 92 34 4 29 11 75 14 75 54 14 44 41 53 15 
37 34 95 30 13 85 70 46 45 78 71 18 61 40 59 70 40 87 73 80 6 29 93 58 13 28 48 35 26 64 25 4 41 43 28 85 39 8 17 80 35 52 42 85 75 34 92 46 1 82 16 34 90 80 6 64 4 78 90 97 94 75 42 34 60 93 22 3 90 46 82 29 90 38 65 48 88 0 27 93 32 47 52 49 13 34 53 66 97 23 8 80 37 27 99 78 99 38 90 43 12 15 42 94 67 25 92 72 63 12 9 60 4 5 70 24 77 40 48 60 96 81 14 99 90 41 62 68 21 41 96 5 31 63 8 98 81 20 63 65 8 69 21 62 10 98 78 60 97 80 33 65 31 78 8 51 65 3 97 91 18 82 56 30 86 73 94 25 44 10 69 70 39 43 82 97 40 13 68 72 33 68 93 93 28 32 9 67 23 99 9 28 46 57 74 34 90 28 18 81 33 69 60 75 57 66 15 89 13 54 55 74 22 82 80 77 10 2 90 56 63 75 38 82 86 78 73 68 2 69 34 28 46 48 98 9 1 38 45 87 74 73 36 26 11 72 81 45 58 0 75 97 1 53 27 78 81 5 62 65 62 9 64 22 50 15 4 8 92 91 0 31 66 6 36 61 96 45 58 44 83 18 12 15 62 75 26 3 4 50 73 92 50 60 37 72 66 22 82 79 93 58 80 16 89 70 88 19 13 44 69 15 89 0 65 70 17 27 49 98 21 1 86 94 95 30 48 14 48 69 23 39 16 33 53 62 43 31 55 47 15 47 15 53 44 2 85 1 14 20 49 26 95 3 5 23 36 96 31 7 11 4 9 12 45 13 22 83 85 38 84 34 94 61 96 83 77 64 78 16 46 98 50 48 79 10 17 2 89 96 88 35 64 59 34 60 17 27 96 45 2 55 70 7 56 94 84 81 11 42 2 69 51 5 11 8 27 27 68 63 51 72 60 72 77 82 51 58 39 33 19 72 10 31 34 35 19 82 18 82 63 76 66 49 48 85 94 77 50 43 16 48 93 94 87 79 49 33 32 16 99 25 7 49 18 24 80 30 46 33 11 46 80 50 69 59 26 14 65 16 88 28 78 34 67 68 17 15 5 92 64 87 34 93 8 83 97 16 0 75 
77 83 76 58 2 69 29 1 63 32 61 12 78 68 53 44 70 96 97 58 3 52 29 98 19 31 41 3 15 98 6 58 97 0 94 58 97 83 16 91 38 11 18 74 15 62 99 3 9 48 12 8 90 55 21 50 46 58 68 33 97 77 29 48 37 89 56 77 98 25 19 82 83 28 12 1 59 29 54 18 36 23 19 62 78 95 57 50 47 98 11 16 34 83 19 49 70 80 49 72 28 48 82 38 71 81 54 50 94 67 47 27 16 57 8 4 8 42 41 47 35 3 67 89 42 19 14 40 50 74 0 55 75 46 37 26 53 11 93 5 37 59 26 82 55 82 39 73 11 90 96 96 37 60 3 11 65 9 3 42 75 72 38 28 52 37 64 23 93 87 13 69 63 1 23 40 44 94 78 2 51 73 32 62 18 55 89 67 80 25 65 82 21 0 31 22 38 48 66 12 64 75 34 39 77 73 94 33 12 25 59 14 85 49 43 49 61 39 95 65 18 87 62 29 6 60 79 51 1 91 0 50 53 77 48 66 42 35 42 64 69 71 20 90 63 53 46 0 22 29 66 36 12 63 12 91 32 42 54 92 41 61 42 36 56 92 15 63 54 99 28 46 2 92 99 65 0 69 77 0 73 71 46 36 85 41 16 51 75 44 99 12 87 68 20 75 18 51 30 29 1 25 1 67 11 16 40 36 37 33 24 8 27 14 83 10 21 53 66 66 89 25 59 32 94 71 82 47 58 52 62 57 0 21 90 85 41 3 25 87 44 29 63 25 79 6 29 98 36 15 2 99 8 77 50 67 11 10 31 71 40 90 79 62 94 12 50 3 79 46 69 93 84 53 53 90 98 60 39 91 71 27 56 55 43 91 20 22 49 9 21 7 9 29 89 86 24 36 52 27 94 99 23 23 50 89 79 84 98 50 70 10 65 38 39 13 51 25 93 24 16 40 26 25 51 61 68 54 24 82 87 42 96 88 80 64 28 65 73 62 77 58 50 31 14 74 24 58 31 34 92 26 12 60 75 98 69 46 59 92 56 23 36 35 43 99 64 65 37 29 23 54 71 22 43 16 79 85 63 17 63 6 79 72 2 3 47 77 4 44 16 76 12 77 63 70 35 22 71 65 
82 42 5 93 30 52 17 92 47 61 0 91 71 62 16 61 41 22 12 84 46 11 85 41 74 14 52 53 86 75 64 93 5 46 10 25 16 22 75 5 2 48 95 20 56 88 36 18 49 86 88 15 30 71 58 48 60 53 74 26 86 12 48 1 37 34 19 34 36 6 23 28 89 73 63 19 33 1 79 90 39 45 84 75 0 80 61 45 41 57 23 9 38 84 28 0 6 83 68 11 7 7 39 20 11 7 37 77 59 85 48 18 54 33 92 44 81 27 21 75 90 80 73 27 23 39 41 90 69 15 73 53 92 29 68 38 36 76 5 25 68 93 21 29 30 96 92 73 40 62 1 66 2 17 89 48 32 61 70 96 77 4 78 36 63 76 93 21 61 87 75 32 46 35 44 12 32 68 16 55 58 7 70 43 37 84 54 79 69 98 94 34 6 5 39 3 9 84 68 38 40 60 7 41 49 97 66 43 19 91 19 89 57 44 32 50 52 41 6 32 14 30 96 43 32 53 3 74 24 17 47 80 60 31 81 73 47 21 6 89 79 31 38 84 43 27 95 58 57 68 35 33 96 69 65 20 24 38 3 14 18 79 56 96 66 56 28 84 90 21 54 11 29 31 33 87 27 2 2 28 35 25 19 7 18 27 57 85 78 27 23 55 11 66 24 58 0 67 37 9 5 76 33 24 44 83 16 87 70 87 67 75 19 88 84 61 97 48 0 49 16 72 71 8 66 78 50 29 97 84 48 52 97 93 6 33 64 63 87 48 43 61 72 44 47 17 47 1 59 8 22 80 28 5 70 54 27 44 1 30 21 72 85 63 49 50 38 37 89 63 61 5 58 36 38 31 10 52 11 47 43 84 90 39 93 42 66 84 14 58 16 4 65 45 59 95 21 22 97 57 48 55 12 34 12 24 89 95 0 18 66 24 34 46 42 42 20 47 89 63 28 49 69 20 16 36 40 11 22 13 86 4 96 63 98 57 40 36 48 80 34 49 86 64 58 4 16 28 79 68 24 95 44 46 70 37 55 26 10 45 67 99 47 47 86 23 28 95 26 51 81 59 23 71 0 6 58 28 53 62 4 33 43 59 18 39 67 4 24 41 74 41 52 48 58 14 28 24 1 51 
98 6 50 60 43 18 24 31 82 56 0 99 87 55 69 8 51 54 46 29 97 27 92 84 85 32 32 20 1 0 3 27 29 46 60 34 95 76 90 58 62 58 7 20 83 60 80 69 86 82 58 75 38 42 39 98 83 55 85 6 2 4 0 39 2 43 15 58 10 47 89 84 39 36 24 25 8 57 6 75 47 10 26 62 41 32 17 46 77 50 73 71 97 37 85 76 45 69 91 0 44 13 27 8 97 25 72 41 6 71 64 33 35 28 79 71 64 20 40 68 43 51 84 4 45 45 34 98 99 29 63 47 86 9 30 75 34 25 11 21 18 77 90 28 96 91 45 38 22 46 13 78 98 59 9 84 98 98 11 40 83 93 17 83 15 15 15 69 60 68 1 4 11 30 40 47 21 51 92 23 28 65 28 30 9 39 81 80 5 38 32 79 94 62 67 45 75 95 14 77 26 18 74 22 45 36 25 87 11 92 19 40 21 51 61 48 16 53 32 56 8 99 32 98 70 41 2 65 2 61 14 68 33 7 97 1 12 82 6 20 48 66 35 0 69 23 7 37 8 67 62 59 46 92 68 90 33 92 77 26 65 41 89 9 88 63 39 19 65 71 67 21 55 57 81 1 36 85 52 36 84 75 78 1 84 77 48 82 46 53 90 41 87 15 65 49 47 14 8 44 48 89 76 43 37 13 3 31 79 54 98 98 52 71 90 80 84 30 68 51 86 19 35 9 25 39 87 7 74 56 16 41 71 3 21 13 8 15 81 72 85 64 66 11 37 82 40 85 33 11 44 73 4 54 46 91 30 25 23 76 50 45 75 94 36 97 46 28 26 9 69 25 67 32 68 6 70 68 45 31 48 60 75 3 68 53 25 67 10 61 25 91 94 10 32 46 6 35 10 63 99 8 85 53 67 90 63 20 95 85 57 56 8 69 19 65 87 82 80 44 41 56 96 93 74 37 45 61 42 33 62 99 37 25 91 5 23 87 4 32 68 57 28 20 53 42 50 33 16 32 53 18 56 96 65 98 3 88 0 65 30 55 70 91 6 66 45 60 99 17 24 63 26 8 49 44 15 67 93 76 19 63 23 79 18 55 76 61 36 13 22 71 20 46 22 68 42 45 12 48 
21 94 77 37 12 58 50 4 27 48 31 13 76 67 73 36 51 83 93 15 41 70 42 54 88 32 26 98 95 0 59 93 11 44 40 21 51 95 25 67 12 38 66 66 76 37 20 60 72 86 36 27 99 9 26 72 5 94 73 92 27 73 56 44 53 13 40 91 10 3 43 22 54 71 16 99 18 59 88 40 64 78 41 10 33 52 72 45 3 89 80 35 78 71 77 5 89 91 91 28 5 70 39 20 2 64 22 17 51 26 32 31 31 29 99 84 79 82 89 86 78 59 11 50 98 30 99 3 93 88 95 88 24 44 55 98 63 86 12 32 93 22 18 3 81 22 55 40 17 83 17 27 87 62 22 2 17 21 66 59 64 59 5 66 40 10 33 51 41 47 30 27 50 4 8 56 75 85 73 10 40 3 0 27 13 68 17 99 42 50 98 16 99 12 29 67 64 14 18 36 69 49 12 63 34 22 3 11 41 2 37 71 84 90 86 67 0 3 24 20 26 48 10 75 53 35 27 35 92 74 94 61 70 3 73 7 35 30 75 48 65 33 83 3 31 92 26 54 56 2 54 17 64 19 28 59 78 96 78 21 25 32 13 61 68 5 90 0 23 74 96 2 97 90 34 25 7 21 73 85 50 84 40 19 0 95 42 17 55 51 83 17 14 70 31 28 44 30 19 57 14 8 46 2 80 69 67 70 51 89 19 79 45 87 2 62 86 9 81 57 22 32 63 88 51 31 71 79 9 8 8 99 30 11 68 31 18 78 78 73 43 72 56 81 66 94 44 21 19 91 77 38 17 27 87 10 9 58 31 54 67 46 53 22 77 30 15 98 80 41 51 43 80 14 48 95 32 37 57 45 78 70 65 17 72 32 18 94 3 61 41 49 86 68 41 97 70 47 39 35 93 2 54 0 33 24 26 44 23 68 55 25 47 11 83 37 10 32 67 97 29 47 1 50 95 82 42 0 70 37 64 33 14 50 42 67 19 40 63 13 15 15 68 58 95 40 5 67 19 21 65 46 91 24 17 72 17 76 14 17 12 48 14 36 57 55 25 76 64 72 64 41 81 27 13 84 97 18 44 98 79 49 65 78 42 96 32 17 69 23 70 5 48 52 20 18 72 7 29 68 
46 22 70 93 16 98 30 78 9 38 44 79 3 10 39 68 77 3 85 10 97 41 5 31 38 61 79 4 99 40 39 55 80 96 28 24 17 41 6 97 64 23 24 86 26 82 79 2 37 13 93 34 75 67 5 1 55 15 63 49 4 76 54 92 63 64 85 47 2 48 23 32 41 32 38 82 16 59 29 69 5 98 40 65 75 86 4 27 82 87 40 26 21 81 64 40 2 60 28 30 89 64 75 84 28 87 76 87 66 83 52 67 13 27 78 1 56 32 63 66 16 83 22 6 38 73 75 35 49 55 10 68 90 79 11 60 62 11 63 15 98 45 34 4 69 30 30 64 45 87 90 46 95 40 85 43 9 51 48 52 37 45 91 77 43 67 71 77 54 88 31 99 99 84 13 23 58 76 58 98 97 49 49 34 73 63 76 85 84 95 63 7 5 98 99 66 82 18 43 90 60 42 12 70 42 26 10 81 79 30 88 76 25 68 88 7 46 86 48 5 2 36 56 25 41 46 29 67 71 38 2 96 84 21 73 42 73 74 4 37 40 54 21 25 39 70 10 16 52 10 21 99 4 88 79 38 77 17 51 35 64 46 45 67 7 45 24 23 55 48 25 92 98 82 93 94 11 69 72 50 81 72 19 86 21 46 71 49 22 75 35 19 15 46 88 10 52 62 3 46 89 52 23 90 80 73 75 95 71 60 82 76 29 3 1 11 45 87 94 39 31 48 54 55 35 89 99 45 56 56 91 99 62 70 67 78 34 54 77 91 49 51 36 31 70 98 1 74 32 69 26 91 37 64 52 70 69 45 2 34 1 39 4 29 62 71 13 81 13 87 77 7 32 2 50 63 94 59 49 33 67 69 99 70 82 15 9 16 84 61 37 7 13 27 57 72 69 37 5 62 83 31 88 22 5 53 23 55 64 81 82 71 93 43 67 8 24 26 40 70 44 5 99 4 96 33 40 26 60 33 3 26 91 10 30 41 11 96 13 71 25 24 40 94 50 0 69 12 63 87 66 64 41 26 37 74 33 31 11 5 2 39 58 52 90 12 91 60 58 35 26 45 96 16 66 67 39 26 96 98 10 24 43 89 64 50 51 4 84 35 31 85 63 88 3 25 82 97 94 98 
46 58 91 50 45 85 6 41 55 26 93 92 21 55 31 94 60 58 29 91 53 51 96 67 68 90 62 4 14 49 32 63 72 70 87 5 16 87 74 96 22 89 60 19 64 70 90 15 74 46 47 71 24 57 41 74 72 7 43 26 75 92 5 57 59 21 16 96 98 82 23 2 61 14 81 22 19 87 20 14 76 23 28 51 26 92 36 87 91 14 74 95 67 42 45 69 95 16 32 23 58 26 77 85 83 20 91 7 11 28 56 46 0 83 89 20 67 27 55 10 70 38 66 62 4 87 88 50 25 36 40 23 9 8 24 25 96 9 20 62 44 8 3 53 74 31 30 97 61 36 7 6 80 89 24 48 10 76 10 69 24 15 36 40 73 82 27 99 5 96 74 80 60 79 1 4 52 96 3 19 6 90 72 60 89 54 68 16 88 59 50 25 64 35 32 93 52 1 20 70 41 77 86 93 89 89 30 22 20 81 48 22 9 57 34 15 25 41 38 3 86 17 89 4 74 58 60 43 62 86 65 96 28 35 71 76 98 18 37 56 58 41 25 21 55 73 77 40 45 38 94 20 64 99 11 14 49 66 7 89 89 19 71 86 54 64 35 41 72 82 72 13 36 14 13 68 43 6 24 59 0 81 16 84 91 83 0 60 9 54 46 72 39 86 9 46 36 11 1 14 33 93 57 22 24 87 77 92 45 88 0 19 39 90 3 23 49 83 80 66 3 98 1 7 60 1 25 68 49 36 44 20 24 95 81 38 53 96 37 61 49 19 69 92 33 1 44 68 1 42 6 47 41 26 20 15 74 82 65 4 34 16 93 98 22 32 4 38 80 89 33 18 20 95 27 43 18 98 75 91 48 3 43 76 30 46 99 60 55 40 78 61 90 73 0 90 25 81 89 58 92 2 52 12 33 49 77 92 26 13 92 42 44 44 55 52 35 50 57 45 50 55 85 39 77 84 64 80 72 16 38 89 1 83 44 66 44 39 57 50 50 63 38 6 80 4 10 96 54 10 0 78 20 7 75 95 51 5 11 29 43 46 53 15 51 64 71 13 18 31 41 18 41 42 47 82 97 23 80 84 6 50 86 49 36 72 75 9 65 9 47 33 71 76 71 78 47 57 86 89 
30 15 74 88 83 67 37 35 46 9 36 55 80 6 24 11 46 26 79 16 98 82 1 99 59 44 4 40 52 26 57 41 72 53 68 42 85 67 45 44 23 30 92 65 50 34 45 67 78 13 21 81 22 62 89 8 27 56 64 89 95 15 11 54 9 67 43 23 50 16 99 27 0 26 94 67 62 35 35 87 73 5 35 87 74 99 79 47 4 15 30 6 94 85 90 87 52 51 18 93 14 12 6 73 30 34 91 1 16 27 64 87 14 10 94 79 49 31 90 9 97 88 24 58 3 10 92 76 57 24 82 41 2 94 68 13 76 52 39 66 42 11 21 20 30 0 73 88 7 73 0 65 26 45 32 42 98 84 34 63 61 9 63 78 37 21 67 87 15 49 25 83 66 4 50 82 59 48 82 39 1 57 67 56 87 17 47 6 49 13 52 94 75 60 57 41 3 35 8 77 29 57 10 32 8 36 47 40 56 20 71 80 77 98 72 66 57 40 29 93 94 55 2 93 55 32 96 21 13 23 47 32 52 77 91 16 82 89 64 7 82 22 89 82 82 62 83 86 55 42 9 0 61 12 27 57 37 41 52 39 37 25 28 83 60 71 66 63 98 58 0 62 11 52 92 9 81 92 19 13 46 87 57 18 72 74 24 22 70 39 60 66 14 93 82 64 39 37 3 90 28 91 80 66 97 48 4 47 76 84 22 18 73 7 39 60 13 76 41 67 45 74 65 35 37 31 91 83 55 2 76 41 2 11 12 82 71 72 17 73 94 50 50 14 24 26 32 29 63 38 14 8 31 99 79 70 32 91 93 89 52 61 27 79 50 32 92 83 74 26 94 54 24 15 48 88 99 8 12 86 99 60 99 7 43 24 82 82 18 73 41 74 84 8 34 97 59 45 68 49 60 37 4 84 80 21 52 1 7 46 26 19 88 58 4 62 5 98 94 76 75 62 15 33 17 34 11 6 14 90 75 31 29 37 83 75 76 25 46 52 71 62 56 67 62 0 88 13 25 65 34 11 80 20 6 39 98 99 43 79 57 91 3 57 55 53 3 36 84 35 1 50 59 81 56 99 13 98 36 9 16 6 63 40 36 96 68 35 48 91 17 44 31 88 58 28 96 79 40 63 
70 72 10 11 48 28 47 70 62 16 48 69 73 95 73 6 40 55 99 10 34 34 27 20 69 2 1 88 15 10 41 11 0 6 53 58 29 57 57 97 24 2 44 58 68 42 28 74 18 39 88 56 36 48 63 15 69 35 79 17 25 71 87 57 62 27 94 20 2 22 14 15 76 49 0 44 50 89 64 68 28 14 11 4 78 21 58 66 18 40 62 6 80 84 30 4 42 33 17 68 48 78 49 21 56 99 75 70 82 42 48 35 18 18 63 98 61 5 44 61 4 54 0 51 82 6 94 77 86 46 62 15 90 40 32 3 30 81 82 21 36 76 89 79 62 81 90 19 32 52 93 15 8 91 70 25 11 61 35 27 70 97 16 76 64 62 33 68 26 36 89 88 96 27 32 29 38 10 62 23 15 15 76 69 5 21 64 4 22 37 48 95 96 2 60 48 19 95 29 52 66 86 16 36 91 67 19 73 9 61 96 5 15 40 71 50 63 22 62 7 83 19 99 45 30 60 58 95 78 19 28 81 36 73 3 5 64 31 34 87 72 74 4 70 11 76 24 47 83 60 64 62 6 93 54 64 31 85 58 24 45 82 81 0 80 52 10 6 32 89 99 69 50 36 42 62 64 40 16 4 88 13 53 35 20 13 86 0 52 72 32 84 68 0 70 20 72 90 80 95 26 9 68 46 95 85 25 64 76 75 67 52 2 79 6 0 56 25 67 23 76 33 35 62 76 17 49 98 46 45 14 65 86 89 66 64 19 9 54 36 97 28 32 88 6 33 79 37 98 83 8 58 79 28 12 55 36 45 43 61 33 16 32 20 68 62 21 31 63 74 14 11 86 77 5 91 42 71 52 3 70 98 23 60 33 69 59 66 1 60 44 51 26 23 38 67 1 92 1 45 30 65 11 29 84 33 12 2 21 65 57 62 9 86 94 99 7 13 24 72 61 75 83 0 8 30 23 55 28 43 6 55 85 14 37 37 38 67 18 84 4 75 45 81 99 26 42 43 92 66 43 89 58 28 26 74 27 21 33 43 38 44 71 8 18 5 74 56 44 93 59 26 89 73 54 4 98 96 23 49 80 53 39 44 76 28 43 82 27 60 66 60 29 89 9 5 51 35 84 81 
7 14 71 39 31 83 10 52 44 75 96 97 56 47 22 1 9 16 71 2 77 27 7 46 11 72 60 73 0 82 88 49 45 70 97 60 50 9 22 81 20 71 91 90 63 66 50 1 95 94 90 66 44 18 60 12 8 19 8 94 71 44 90 35 21 65 78 81 23 4 89 91 55 60 6 25 77 16 8 56 90 68 8 26 21 46 80 10 50 88 69 72 38 63 82 92 8 71 99 85 93 38 61 21 51 50 10 85 67 15 63 53 52 9 76 29 26 1 49 2 51 1 62 76 1 69 8 8 92 25 6 81 61 28 76 51 30 14 75 47 28 65 37 89 91 84 80 43 81 28 93 21 66 52 45 58 18 69 99 82 36 25 19 32 89 43 23 70 20 90 77 10 52 81 68 32 27 95 38 97 94 20 97 42 32 92 12 29 47 86 73 87 80 40 32 63 39 97 46 6 92 51 59 67 92 30 21 89 54 9 79 75 71 15 33 79 92 9 24 94 71 98 68 70 45 71 67 17 63 92 9 94 98 66 2 98 31 94 8 44 50 58 94 84 46 71 53 88 38 23 80 44 3 24 41 16 30 48 89 99 75 70 60 10 2 69 27 42 9 36 29 90 2 74 49 57 83 59 4 2 39 54 86 32 82 4 67 20 7 36 30 37 17 65 2 40 13 66 83 28 67 36 4 23 7 85 78 49 36 98 79 21 73 50 12 29 76 58 12 51 1 32 26 14 96 88 24 38 82 19 33 7 99 22 8 14 39 23 87 73 59 94 94 24 2 31 67 4 50 22 90 17 75 63 49 39 77 31 70 36 73 98 0 60 35 38 99 76 25 16 46 68 31 66 21 63 94 9 31 45 90 16 74 33 73 24 74 79 87 74 68 7 63 66 15 18 31 44 91 96 26 88 99 27 93 46 12 64 64 0 84 31 54 4 84 23 16 77 78 23 46 73 66 98 2 86 79 42 2 81 48 67 56 4 28 70 16 18 11 92 36 85 46 31 54 6 96 53 39 45 46 18 75 4 31 27 61 56 28 79 60 7 92 25 34 50 48 72 96 82 77 90 50 74 36 8 65 19 42 92 50 20 59 69 48 55 21 55 13 71 34 2 9 95 94 9 96 19 46 66 
25 18 27 36 55 80 79 47 91 89 33 19 41 26 8 71 7 2 42 84 12 23 9 11 54 34 45 35 19 36 11 75 92 22 61 18 78 80 71 23 96 50 74 20 13 19 48 77 88 29 23 22 93 8 28 89 54 94 58 61 62 87 35 80 44 43 67 1 55 16 76 1 41 76 85 87 77 19 6 95 50 76 75 53 1 50 45 17 1 65 97 48 89 94 14 88 25 7 53 85 7 30 26 73 81 33 10 89 26 14 15 60 21 28 36 63 22 5 74 30 48 77 82 3 17 44 79 60 8 23 78 49 93 29 92 86 64 27 9 34 91 24 7 29 17 51 56 19 59 65 72 53 6 20 16 67 1 20 99 15 24 20 91 42 85 16 48 76 34 20 61 1 88 33 86 17 19 98 12 23 89 87 98 37 19 25 57 95 77 44 15 30 2 4 25 55 4 1 4 9 0 19 3 47 41 26 23 29 38 70 96 56 70 89 14 23 56 75 83 45 93 63 65 41 96 33 97 21 8 19 5 66 26 79 56 3 87 85 32 96 6 77 88 1 37 92 82 75 80 68 23 49 74 93 93 71 92 13 50 80 76 74 35 62 74 42 57 70 73 60 55 3 60 21 20 86 70 49 71 16 51 51 97 17 91 82 17 1 1 34 11 43 57 98 13 27 34 63 37 27 59 29 9 62 55 13 11 77 26 78 53 23 57 20 4 62 57 78 51 6 64 31 55 98 81 63 28 53 93 10 75 59 82 74 14 72 47 49 2 48 8 29 68 67 15 87 6 38 67 93 85 15 84 91 51 74 59 65 73 57 28 39 2 57 89 5 25 61 52 4 85 47 96 85 59 9 32 12 9 77 57 39 73 16 21 52 51 71 75 72 74 43 81 82 39 55 76 36 0 11 47 8 72 63 51 61 8 32 17 39 10 47 11 92 43 52 36 29 59 32 62 81 99 74 23 60 94 58 48 42 1 27 71 68 27 59 7 71 29 45 32 93 25 90 22 97 93 59 80 22 34 74 95 22 82 38 15 3 23 48 52 98 61 76 57 76 69 5 15 94 43 47 75 48 57 93 29 60 89 30 1 47 22 20 63 56 93 13 51 60 73 13 52 46 12 76 68 4 4 10 
68 42 6 95 70 25 28 46 16 22 33 81 75 36 53 67 28 48 42 65 50 96 78 81 52 93 93 39 92 76 22 60 36 59 45 69 64 1 80 14 80 24 31 51 39 70 12 87 72 20 39 22 28 57 88 54 73 79 78 2 81 29 0 47 70 21 22 40 73 58 42 72 24 4 92 73 92 75 3 59 47 2 64 65 62 40 8 43 6 40 45 25 48 17 37 3 31 4 35 1 1 70 62 65 68 0 95 2 94 64 17 35 55 16 35 1 55 22 30 98 96 48 7 23 0 9 83 34 90 16 21 39 53 55 8 48 41 15 90 15 66 65 32 77 6 88 39 95 7 62 97 75 57 72 16 5 73 90 76 87 99 29 84 31 23 47 67 14 18 16 27 84 91 87 10 82 24 5 99 3 47 3 11 76 56 46 56 2 64 26 6 84 86 52 0 8 38 96 81 34 51 41 95 68 14 20 36 29 75 91 8 0 62 71 18 2 66 39 19 3 64 35 14 86 92 51 12 63 51 36 44 49 37 53 18 83 41 6 46 64 41 65 30 59 36 5 59 4 41 16 96 87 61 47 99 28 0 99 70 76 76 14 37 43 51 88 60 7 38 67 96 43 77 81 97 71 49 29 22 31 76 43 52 59 36 12 44 54 74 65 24 18 88 94 60 39 81 42 49 69 36 77 29 63 20 58 12 53 6 79 87 82 51 50 51 79 64 56 16 14 91 83 95 54 60 88 32 69 23 11 52 60 24 55 74 96 48 12 81 49 10 11 13 87 83 99 97 30 85 61 40 98 34 55 7 67 55 60 95 71 22 27 42 25 53 37 16 49 24 27 78 54 90 93 54 90 7 56 94 88 96 86 25 70 67 11 87 38 69 18 75 58 33 82 91 71 71 74 52 10 13 20 16 24 37 77 12 76 31 11 17 54 92 75 64 3 35 85 64 98 22 22 17 49 53 72 11 24 19 4 9 73 65 69 10 8 3 31 8 65 43 94 79 84 61 52 8 44 89 40 75 8 99 48 21 38 60 22 14 68 99 42 26 99 39 55 46 42 36 71 18 56 12 28 28 90 87 93 91 79 61 72 18 16 43 21 7 25 12 90 15 49 10 52 66 67 39 59 10 85 
45 30 73 86 82 73 48 78 15 54 35 1 95 9 69 29 27 79 78 87 73 69 4 28 77 19 42 55 50 23 96 58 33 86 55 34 39 85 27 43 52 7 14 12 48 47 38 7 53 11 63 4 89 80 99 67 86 1 90 51 95 24 62 69 64 72 30 53 89 52 56 3 99 8 57 20 15 10 36 75 83 90 39 67 18 45 29 78 88 15 98 52 82 75 73 16 67 1 23 3 7 30 97 35 19 94 75 9 45 58 46 77 9 34 35 5 60 86 21 1 23 53 6 94 60 47 96 58 29 63 74 83 17 7 44 6 0 15 38 33 57 83 53 48 45 13 6 89 93 22 9 63 0 28 41 52 92 47 69 41 98 72 42 1 24 67 66 40 98 8 0 91 19 5 45 13 77 78 23 64 11 4 27 84 82 30 16 79 82 17 30 70 87 87 13 6 39 62 66 87 58 58 67 53 43 16 81 24 76 28 41 81 14 86 80 41 65 68 0 98 83 60 24 40 67 80 85 54 87 45 50 16 55 95 32 64 54 37 23 20 47 81 73 1 84 83 76 70 6 35 10 74 22 48 31 72 38 10 79 40 70 30 96 26 61 69 42 75 19 86 1 65 53 0 15 24 79 11 59 26 20 34 89 46 43 49 67 73 97 15 35 1 38 99 82 35 5 42 64 14 50 16 16 16 22 33 19 89 70 18 45 26 19 88 28 63 94 67 83 80 98 18 81 16 83 66 58 87 81 96 49 83 8 48 8 53 39 76 21 77 70 84 17 9 80 35 38 77 76 34 37 48 96 23 96 2 39 45 40 19 44 94 70 52 60 29 81 43 54 41 44 11 73 89 28 72 2 62 20 83 28 18 19 94 0 82 81 51 92 14 22 87 75 76 88 37 54 42 15 15 46 20 97 52 85 77 70 2 81 69 94 82 39 83 58 58 88 95 89 30 2 51 58 42 20 6 12 95 15 37 53 20 16 25 12 71 54 60 35 76 78 8 64 49 3 29 54 67 27 50 58 12 71 67 46 57 82 24 9 53 14 93 16 99 34 80 69 45 7 79 55 98 75 79 53 69 34 84 6 42 49 44 48 76 85 2 16 27 30 54 97 85 99 58 88 52 59 62 40 57 
16 76 61 59 23 98 43 97 84 45 56 62 79 27 5 11 71 31 37 9 91 4 82 96 30 7 93 34 83 89 44 0 65 61 91 76 63 61 64 66 84 6 74 28 36 28 27 12 2 64 44 15 89 62 54 40 80 54 55 25 55 2 59 38 83 36 83 56 33 84 33 12 14 61 73 31 37 96 67 16 29 36 15 12 40 68 90 77 96 42 5 30 22 58 11 46 9 43 46 96 64 95 22 82 26 68 1 56 24 57 98 66 12 55 92 60 93 6 89 71 75 11 76 45 24 23 85 69 63 84 91 51 16 6 86 28 56 21 41 43 35 25 41 11 27 90 56 45 19 81 1 60 88 38 69 53 62 19 12 94 38 97 4 34 78 10 7 44 49 7 47 87 69 58 11 43 59 43 23 4 22 43 96 95 51 93 53 99 35 13 82 50 45 84 67 48 65 49 11 95 61 17 9 44 55 34 2 93 71 83 81 40 99 93 32 62 28 49 75 15 99 20 37 73 0 47 69 18 57 17 83 60 90 41 20 59 80 76 36 34 72 10 85 70 9 48 18 21 92 46 78 92 43 42 3 38 35 17 34 64 91 52 59 85 86 98 76 36 96 92 15 45 12 93 97 77 4 38 17 10 94 53 41 78 46 58 25 93 59 62 26 93 70 12 63 58 4 8 45 35 16 70 28 47 93 94 11 63 33 13 48 2 98 72 49 78 84 68 42 99 91 46 73 38 54 67 38 76 81 55 94 38 43 82 86 99 55 11 60 56 39 0 42 84 45 5 26 88 61 48 37 52 32 65 10 86 68 7 45 78 96 59 97 20 49 16 55 38 52 74 80 73 58 79 60 45 54 18 92 27 78 30 85 23 21 15 74 18 63 67 1 42 41 68 28 47 26 8 49 40 82 13 42 58 59 41 75 84 21 45 42 8 94 54 12 93 82 92 73 6 51 99 7 17 20 30 32 7 3 42 37 84 24 55 24 74 33 68 48 71 91 17 42 62 30 16 96 13 79 25 83 77 77 3 54 98 46 29 61 82 31 86 11 30 99 59 68 14 36 15 30 54 83 97 22 50 4 24 37 44 57 68 84 15 7 31 17 82 14 10 62 73 23 56 79 8 6 19 23 89 
20 58 55 86 29 83 19 20 27 35 57 54 39 50 59 97 40 47 87 12 92 51 93 75 53 52 37 87 57 58 9 72 94 53 45 27 5 2 41 79 4 55 91 18 25 96 61 23 1 99 49 34 33 66 76 73 95 87 32 82 41 0 78 91 33 40 74 12 0 82 95 55 37 73 34 84 92 92 46 16 12 19 3 36 60 61 8 78 13 91 1 11 25 1 21 97 38 40 3 82 13 83 63 38 21 94 95 9 99 64 74 25 20 83 37 47 13 50 17 52 97 78 32 66 89 49 99 2 71 55 79 20 57 97 59 37 48 4 42 89 78 62 5 53 69 56 59 71 77 71 39 55 73 6 33 16 89 64 45 71 90 38 4 83 51 80 68 91 3 73 91 96 10 76 7 97 32 12 28 83 79 34 9 0 21 21 0 1 94 66 88 96 47 26 64 35 63 25 78 89 65 83 13 72 86 57 47 9 40 12 25 68 59 42 36 59 51 82 12 68 19 8 35 92 57 1 1 79 41 18 17 18 42 72 2 72 42 56 62 0 53 65 51 49 34 2 28 27 37 28 38 9 52 4 25 64 92 97 4 59 6 80 76 48 38 19 32 54 91 23 96 70 64 25 23 27 67 84 65 89 46 85 67 18 66 39 65 8 92 60 92 97 93 68 57 79 86 56 68 18 92 41 93 45 88 2 52 73 98 91 31 56 7 92 68 33 40 62 72 11 53 24 28 82 50 64 90 68 41 31 62 5 81 90 32 38 37 83 61 68 79 59 78 29 75 69 72 30 34 51 26 49 68 99 31 85 34 22 48 91 96 40 81 95 74 18 99 92 52 3 29 32 75 88 93 31 2 56 58 62 85 56 47 59 61 15 42 43 80 24 38 87 94 27 51 43 64 5 48 1 68 20 57 60 61 78 5 11 68 69 25 20 8 87 23 33 10 83 86 75 4 88 38 81 83 20 14 14 54 27 68 85 81 65 29 85 90 62 74 9 82 12 26 37 31 90 13 50 29 63 72 99 31 93 94 92 99 95 67 7 29 97 87 57 83 58 17 50 93 2 32 88 11 69 69 21 59 40 78 87 21 63 71 79 64 54 24 61 43 44 58 3 15 89 1 53 27 99 80 40 
46 31 46 33 88 73 78 51 7 13 50 7 55 75 98 52 51 17 78 56 10 7 90 50 50 80 9 96 60 68 32 10 1 9 90 91 4 38 0 16 3 48 65 63 26 71 56 62 21 61 48 96 89 77 53 7 54 43 48 70 91 33 99 57 95 33 70 95 11 97 33 43 88 91 59 34 54 75 74 92 8 30 60 97 30 88 21 75 85 16 58 17 91 38 70 89 35 93 31 4 25 95 95 69 12 9 39 57 59 91 60 3 67 68 8 97 47 98 23 57 85 9 15 66 92 79 81 81 45 19 21 3 91 94 27 38 37 11 19 24 22 72 78 26 55 15 94 21 48 9 75 33 6 20 63 40 86 37 23 21 90 34 88 96 44 8 17 65 71 63 9 86 14 88 47 34 78 79 52 92 31 7 77 61 42 91 86 17 30 2 6 3 49 93 55 82 52 59 12 74 65 38 94 16 39 24 36 75 55 68 19 83 30 26 16 31 3 89 99 1 71 51 60 60 78 22 43 81 75 61 10 66 15 68 94 45 62 13 38 36 46 87 70 97 37 84 2 15 72 13 27 85 89 45 70 67 77 76 81 7 70 69 93 13 97 89 32 98 38 5 27 77 28 6 87 88 2 80 29 54 50 33 94 53 57 54 72 37 95 39 30 93 53 91 34 26 64 34 69 18 23 66 99 4 48 62 80 4 7 94 42 32 8 80 60 12 74 4 22 97 87 66 25 70 2 14 89 26 47 1 66 10 66 74 72 22 6 60 70 55 63 58 77 72 2 18 56 63 36 98 95 41 90 11 33 52 59 80 2 41 54 88 57 2 6 27 48 18 75 98 9 30 39 16 85 38 97 79 52 93 68 91 56 5 15 22 61 47 91 8 36 6 74 89 42 77 51 72 17 81 74 46 21 87 2 32 76 4 35 23 82 51 53 53 54 3 90 49 50 20 27 34 41 61 38 70 63 12 66 33 53 78 35 35 2 2 12 82 40 47 70 14 55 72 71 35 22 16 15 9 48 63 57 43 87 91 22 22 27 38 9 22 52 11 99 96 79 43 89 94 26 22 38 45 47 85 98 73 83 75 75 82 67 51 72 69 63 52 83 40 45 12 39 99 64 28 21 27 21 0 
18 40 98 87 78 42 37 10 3 83 48 41 61 48 27 24 13 61 13 7 20 82 98 81 37 68 56 14 65 59 64 24 10 80 8 78 50 30 11 86 17 29 8 25 10 20 15 44 26 19 96 29 45 7 74 18 17 89 83 33 8 84 48 53 5 55 63 68 18 34 87 50 33 27 80 5 4 8 56 93 14 92 98 29 78 71 56 82 50 66 86 16 4 98 81 52 36 83 88 9 95 8 86 89 70 41 32 37 5 58 78 15 73 6 53 92 56 98 6 94 5 55 61 8 88 61 10 8 34 38 96 88 4 10 36 52 44 84 84 18 85 76 77 75 0 43 14 45 90 40 82 62 44 92 20 88 69 65 16 97 87 6 16 2 13 58 65 78 31 14 12 48 58 72 89 64 14 61 25 89 5 53 49 21 57 30 98 81 37 66 19 25 84 57 35 22 35 42 72 96 4 44 39 38 22 20 49 63 63 74 13 32 68 89 7 96 0 3 48 51 59 56 7 82 68 73 24 93 61 13 59 57 94 35 82 73 16 26 99 44 28 72 60 21 27 33 92 66 15 96 79 1 47 23 72 52 83 24 6 66 27 86 96 7 65 57 42 44 57 61 13 66 80 97 32 13 38 3 12 72 48 42 49 43 58 88 42 44 98 57 58 2 45 15 60 11 38 72 36 16 40 97 40 86 51 40 18 3 74 80 74 41 67 87 38 31 27 37 48 54 44 4 80 33 44 47 27 95 96 50 39 60 41 2 27 43 37 5 90 28 46 81 59 30 70 97 80 22 66 92 23 69 13 13 88 66 23 98 12 75 19 49 10 25 45 44 28 6 63 16 44 67 14 52 51 47 83 19 93 51 68 35 75 5 93 12 18 50 35 12 33 22 48 36 28 31 14 27 33 35 80 41 91 69 51 75 34 27 30 81 51 91 68 84 8 63 1 13 93 72 3 5 76 69 50 66 58 37 58 15 31 41 33 36 32 62 36 92 95 63 89 58 12 25 14 53 65 71 12 76 90 29 31 21 66 0 21 9 88 48 97 40 54 32 65 33 20 77 97 85 64 2 74 80 20 7 31 28 64 81 99 13 73 56 3 69 63 62 21 48 54 3 62 34 66 5 76 84 29 55 
7 61 99 20 88 54 77 1 22 52 83 0 29 80 22 30 48 27 30 87 35 83 83 87 61 94 3 12 98 21 15 43 80 96 33 47 0 72 34 8 71 41 79 92 94 53 77 70 69 68 33 4 78 62 53 23 50 82 0 32 56 29 60 62 47 98 66 69 36 6 26 8 3 71 40 50 86 89 89 1 50 69 74 61 59 85 94 76 94 59 66 66 5 70 94 39 77 75 70 98 55 80 46 84 89 86 25 86 22 90 36 55 20 0 62 33 81 96 91 50 4 18 13 74 25 89 71 79 24 31 20 39 6 99 74 61 13 98 32 3 81 13 80 3 86 35 37 17 76 28 16 56 68 53 21 2 61 19 29 57 15 6 58 16 71 81 38 38 35 15 91 66 71 95 34 26 32 76 11 68 4 23 24 82 19 22 42 61 48 35 24 58 59 68 66 12 21 63 89 88 28 9 71 22 93 87 1 79 55 29 67 31 54 74 97 21 36 80 27 13 22 64 70 6 6 89 61 4 60 98 64 27 43 56 44 52 10 24 35 23 94 29 91 10 9 26 93 41 75 86 2 47 76 16 97 32 86 1 62 87 85 84 56 74 8 60 86 19 82 56 78 93 37 75 69 32 45 69 33 50 37 26 57 74 65 14 23 9 43 8 59 86 87 39 39 89 64 94 40 16 93 50 24 98 13 69 94 45 71 45 85 26 68 55 25 31 5 33 18 48 60 75 46 44 54 93 9 78 62 60 23 91 60 54 51 22 65 42 93 95 86 76 5 64 59 93 37 9 45 63 39 6 37 32 84 2 67 28 84 14 99 27 84 47 59 95 95 88 13 94 32 43 18 0 4 22 79 92 63 61 87 7 97 74 82 13 41 84 69 6 98 16 81 64 45 48 92 91 10 61 53 53 77 48 92 72 43 8 6 68 41 94 38 21 22 21 16 44 85 41 96 41 77 73 30 70 62 48 25 33 2 12 98 51 98 56 91 28 39 64 35 73 48 73 55 73 64 91 38 91 56 17 49 92 27 52 41 12 97 88 53 2 97 22 35 80 37 3 31 19 93 75 34 87 28 54 0 47 92 31 24 13 25 78 54 3 44 55 59 88 12 7 96 20 41 42 29 69 3 18 
52 15 96 35 84 27 97 16 24 48 62 97 62 1 10 45 2 98 10 98 35 29 8 59 7 64 35 33 90 44 43 85 23 31 87 76 80 3 7 64 75 54 18 23 21 53 21 1 74 21 28 66 69 62 21 28 61 26 62 63 8 62 7 15 43 67 29 38 91 96 77 25 94 66 88 78 76 88 10 16 84 92 17 19 70 53 91 19 31 79 96 7 51 48 13 40 37 3 3 36 31 19 1 16 52 32 87 41 52 66 99 18 35 19 54 60 61 93 94 32 19 9 63 45 29 92 86 18 92 4 77 90 30 78 5 48 14 81 84 97 16 43 47 92 31 22 31 30 6 10 9 18 55 57 40 2 32 16 50 94 56 80 39 97 28 19 53 86 6 59 35 41 12 71 45 50 1 6 32 76 17 28 18 58 95 8 27 42 64 74 1 43 73 28 97 93 3 48 79 54 50 28 48 71 32 74 26 91 36 89 20 91 51 8 7 51 57 65 40 0 67 52 38 59 48 25 42 21 21 7 22 31 61 31 83 64 45 68 22 71 21 40 20 39 7 68 97 58 55 79 18 57 35 37 62 94 48 29 92 98 54 35 85 57 84 91 87 99 62 74 37 76 2 76 37 87 98 33 79 30 33 16 87 29 35 44 14 93 65 81 9 15 52 4 13 61 26 86 97 32 44 74 10 40 89 63 29 83 46 91 51 72 57 27 21 11 84 27 32 24 92 74 49 5 45 17 54 27 51 39 34 29 25 85 87 27 86 83 12 45 21 63 75 84 93 75 53 99 37 65 28 10 44 47 18 39 40 44 88 35 24 22 35 23 87 24 10 26 23 98 52 66 35 99 52 21 0 42 67 38 66 74 84 68 65 87 43 66 58 88 70 47 32 91 63 61 90 1 64 12 26 58 99 81 46 85 86 27 67 23 98 40 20 34 50 69 32 32 35 38 25 81 53 58 63 14 97 61 68 66 33 55 50 22 63 27 92 71 53 40 9 30 4 60 57 25 48 10 12 37 27 82 20 60 66 50 93 47 4 79 7 30 40 44 12 2 66 23 85 75 29 53 34 23 27 95 15 91 0 46 1 34 39 3 60 19 35 59 67 90 37 16 67 36 79 97 87 58 88 55 
83 76 93 53 82 47 64 48 78 45 98 54 91 11 75 72 11 59 92 51 52 27 68 80 50 30 8 22 15 98 63 19 24 21 30 78 54 92 31 28 5 25 76 70 67 64 26 10 16 8 7 79 45 58 57 82 74 87 28 47 29 46 6 20 91 92 92 96 45 99 31 87 36 76 33 53 12 45 6 4 63 31 82 86 72 32 83 47 34 79 39 26 91 78 24 34 77 0 35 96 75 24 18 16 87 39 68 52 67 18 45 19 49 86 27 41 87 79 12 34 3 82 45 6 91 14 74 12 53 21 87 58 97 8 2 79 55 52 90 74 2 95 28 95 53 2 52 71 6 80 94 12 32 68 21 89 81 58 0 47 35 99 7 85 90 69 12 86 11 89 75 84 84 40 91 75 63 72 6 58 35 64 2 61 81 41 44 99 4 66 34 38 83 10 64 42 94 13 28 14 7 84 35 69 70 97 93 11 12 19 36 6 16 41 96 60 26 5 62 58 4 75 59 90 38 26 26 44 78 90 86 86 8 11 17 10 86 95 12 0 79 34 32 16 81 5 84 69 84 96 91 35 49 31 80 51 83 24 97 36 73 38 74 28 85 5 74 43 11 40 42 74 20 75 16 76 88 99 65 21 54 50 51 65 68 39 86 8 47 74 53 17 35 4 31 8 58 30 63 27 25 26 36 40 36 61 49 29 63 46 24 52 8 68 66 33 88 48 55 57 36 45 5 44 53 88 86 71 59 89 37 46 33 59 30 15 6 48 59 12 53 56 65 77 35 80 95 90 29 88 47 0 68 46 35 1 6 37 87 32 29 16 95 41 70 29 80 55 86 88 14 52 7 48 12 17 30 87 67 70 4 9 16 78 43 7 93 23 38 17 34 17 87 38 0 80 96 74 61 55 48 33 49 66 96 30 41 64 38 86 82 33 24 38 28 78 31 66 0 75 53 7 78 87 34 23 19 50 72 84 70 19 37 67 70 61 88 54 15 53 77 39 8 32 93 55 41 53 86 89 48 8 16 35 97 48 45 63 57 0 44 26 24 92 44 6 19 70 47 24 52 60 81 44 53 75 43 19 97 6 8 10 28 67 54 77 13 16 72 91 86 98 31 52 57 94 42 34 41 49 
30 56 54 2 61 92 88 29 35 76 56 39 3 91 6 87 56 62 75 7 51 29 18 39 70 98 57 80 41 63 52 77 56 54 10 35 70 47 62 15 92 17 68 32 25 66 48 25 5 96 47 16 59 6 65 75 67 12 2 87 71 10 35 91 74 67 64 54 75 96 55 48 63 82 36 38 73 30 23 64 45 4 17 75 83 46 10 83 17 62 50 87 68 49 48 18 59 25 11 68 20 1 51 65 27 63 47 53 92 11 71 77 16 26 56 29 91 74 7 95 81 60 50 59 15 61 45 43 79 77 33 52 30 85 6 30 56 64 74 8 33 69 35 96 87 19 21 26 96 12 10 2 45 38 6 27 4 91 23 77 34 20 32 59 3 36 75 94 86 42 81 48 32 64 61 72 85 17 61 21 53 18 80 17 92 8 2 20 75 45 78 17 17 64 97 84 22 10 88 65 78 63 80 20 65 56 31 18 2 10 6 11 30 42 12 47 63 99 82 6 12 33 77 55 83 7 68 92 72 59 75 44 91 84 6 49 57 69 30 69 23 64 72 67 40 74 4 53 0 85 37 28 8 62 58 70 80 23 40 59 59 72 1 59 77 38 12 31 71 59 14 18 27 33 65 34 42 97 26 55 66 95 49 39 39 3 95 34 20 6 31 32 94 63 37 53 49 7 39 37 24 15 7 48 90 84 11 95 36 31 15 96 89 70 84 94 19 30 29 77 76 63 3 68 69 53 57 67 50 61 81 11 34 91 72 0 17 96 51 47 71 91 79 77 62 32 94 94 14 14 8 16 48 18 81 62 89 90 71 33 48 46 82 6 7 8 38 74 34 71 53 54 5 27 30 57 64 23 89 10 95 55 48 30 30 43 69 51 65 23 57 66 44 92 44 82 55 19 42 21 72 88 97 55 9 54 16 16 11 98 92 23 83 57 68 17 80 93 63 46 93 98 65 46 29 81 85 6 0 6 85 90 16 43 55 34 96 84 52 96 8 92 50 21 41 88 90 37 49 74 42 32 74 65 79 42 23 39 79 51 16 23 10 84 48 48 82 45 60 65 27 91 89 95 96 95 77 80 40 3 50 69 40 69 59 99 57 78 11 13 84 1 47 17 28 28 47 63 23 49 
40 74 65 57 21 6 14 50 11 65 47 91 57 83 43 88 72 79 89 37 36 27 44 7 19 3 50 41 50 64 6 85 16 89 94 3 25 45 44 93 8 8 75 60 41 98 56 61 22 15 5 92 2 25 61 1 70 63 61 32 23 12 83 95 85 51 74 1 55 76 77 9 43 39 59 98 63 47 38 6 56 50 3 6 77 63 50 20 47 8 81 32 28 77 54 63 18 4 40 74 26 83 27 85 72 87 5 19 85 46 71 40 2 24 16 68 90 49 18 40 79 18 66 66 89 52 74 82 32 21 62 38 47 98 88 22 60 13 87 89 58 92 17 94 32 45 15 90 96 39 22 80 69 69 8 46 57 42 21 16 21 40 78 3 88 33 81 24 82 11 82 32 98 99 98 38 67 85 10 7 48 69 6 65 33 73 2 43 8 33 21 72 59 3 65 30 47 16 42 2 30 7 70 33 82 29 16 12 66 16 43 11 25 96 2 26 99 2 50 18 18 31 91 31 98 12 66 10 52 96 94 8 69 91 70 63 13 92 31 69 38 6 63 87 99 86 25 4 40 0 18 90 23 86 30 44 0 5 67 21 90 95 19 71 78 89 68 23 59 50 53 65 66 27 18 43 6 24 48 79 7 71 78 4 52 0 96 76 7 49 50 31 45 26 75 91 45 56 54 33 81 77 48 67 50 47 96 42 79 47 96 6 61 23 40 24 65 92 27 26 70 80 72 69 93 46 15 75 39 79 21 4 66 99 66 80 94 99 52 9 9 1 75 45 8 61 15 40 12 57 85 71 54 97 89 19 43 61 75 72 39 48 1 73 98 23 45 15 87 17 48 88 80 20 81 33 2 51 50 3 43 45 84 63 34 66 65 20 94 29 79 6 69 14 90 99 57 37 74 61 60 98 46 82 77 82 36 14 71 67 30 15 1 55 56 89 62 86 28 41 74 89 2 72 97 97 60 67 16 81 64 77 21 7 43 19 6 53 70 35 90 7 75 9 23 31 91 82 38 53 13 1 7 92 73 74 72 81 14 17 10 7 13 0 59 75 11 84 42 44 77 89 78 73 77 68 40 69 59 81 39 63 25 17 46 12 9 89 17 14 97 48 68 19 3 37 5 61 21 53 
82 15 95 40 34 63 95 37 80 45 90 63 84 45 4 56 71 64 12 37 37 13 85 16 49 69 3 6 35 63 15 57 52 10 88 27 31 43 27 83 31 87 94 83 74 25 26 83 20 84 2 77 79 92 62 66 69 57 37 28 6 72 3 53 43 21 6 62 91 44 39 67 10 36 72 34 52 28 71 46 67 56 57 74 35 32 79 38 12 99 81 1 49 47 70 88 72 88 16 66 13 94 68 69 96 82 7 83 74 82 90 24 39 44 3 36 9 77 90 23 19 28 31 97 44 46 64 35 82 3 5 99 6 89 54 28 94 66 9 40 40 44 0 82 65 64 89 41 86 40 53 42 93 58 34 95 11 60 9 85 13 70 82 28 25 56 4 76 70 77 32 18 63 36 94 43 63 44 51 16 57 95 97 35 98 19 59 12 87 45 92 95 1 45 75 30 2 90 32 66 90 85 25 75 30 80 61 56 83 33 73 51 62 56 50 36 31 89 62 44 83 21 10 73 7 64 32 20 50 80 88 10 10 44 52 7 45 62 32 24 69 57 67 19 18 94 48 68 11 98 19 22 56 44 28 18 58 80 20 87 55 19 89 11 80 88 97 85 21 72 6 12 24 25 56 95 52 16 94 45 86 52 22 54 8 31 76 55 2 27 24 63 87 63 59 94 82 71 63 54 80 93 82 72 48 34 22 64 4 64 61 40 69 49 86 58 54 68 26 67 24 90 21 83 26 0 54 75 23 92 12 66 61 45 33 79 37 54 99 17 26 41 93 12 31 92 81 19 15 72 84 23 63 2 69 27 91 87 69 97 76 66 18 12 41 7 3 69 12 79 39 19 79 19 70 50 40 40 25 36 65 60 60 22 55 77 80 48 54 42 38 88 68 59 46 60 14 33 0 67 92 47 84 41 38 34 40 29 25 67 26 10 15 46 99 49 1 13 24 38 59 18 59 5 27 18 12 83 83 2 71 21 53 48 57 0 24 86 23 82 40 92 78 56 25 11 53 16 92 89 83 96 99 0 37 96 74 71 55 97 29 94 38 70 71 17 73 80 96 11 42 68 40 87 28 88 0 36 38 58 16 1 99 31 9 70 79 60 55 98 97 57 47 57 83 11 15 9 97 76 
66 9 54 4 2 72 7 66 55 0 78 32 22 92 30 59 69 14 63 94 53 59 80 56 73 68 67 32 13 26 81 57 18 12 23 26 36 47 4 23 82 10 64 53 21 24 20 31 39 11 35 13 1 98 69 33 55 69 14 76 23 51 97 98 85 16 81 65 9 65 91 67 21 48 57 98 17 4 3 47 24 9 81 94 1 71 12 65 58 5 56 79 67 52 4 84 42 53 28 74 53 24 60 77 89 21 57 94 78 56 98 8 4 19 83 37 80 55 44 36 17 16 24 34 56 77 80 2 46 20 35 64 93 5 22 74 46 69 64 30 33 56 40 94 73 23 33 29 62 4 91 69 16 79 23 57 34 58 23 85 91 7 11 72 16 9 47 53 98 32 50 85 37 24 90 20 69 96 57 18 32 91 91 64 20 64 57 55 38 75 50 36 59 12 68 21 70 46 49 19 31 18 55 60 11 33 24 79 7 82 18 41 1 5 73 95 32 13 38 25 67 57 33 5 70 25 50 28 32 13 69 12 4 31 90 83 29 1 6 2 84 57 47 94 9 80 21 7 72 92 42 91 14 82 63 5 90 40 45 1 73 55 31 51 62 39 68 37 69 65 87 98 2 94 13 96 93 38 35 23 1 75 85 95 33 43 50 34 65 43 36 35 93 99 79 60 51 82 41 63 67 78 72 47 15 99 88 88 16 46 71 68 62 97 86 76 43 17 24 92 50 28 16 86 85 84 12 36 5 92 29 24 18 6 50 68 51 45 47 38 2 19 0 13 7 90 66 60 53 62 2 18 14 82 78 67 40 72 47 87 0 38 19 45 14 31 31 89 49 4 36 69 72 59 51 0 65 90 85 64 1 20 20 97 36 25 16 46 6 2 88 24 18 18 73 37 43 51 11 15 61 13 1 29 73 45 40 45 78 28 35 63 57 77 70 17 40 9 98 51 96 30 59 36 93 66 21 37 85 16 76 54 51 6 27 91 81 9 31 73 37 2 47 90 16 75 59 73 95 22 26 96 17 28 36 14 1 44 60 73 17 20 24 89 92 85 70 51 0 63 79 80 67 43 91 0 99 33 16 37 79 12 6 60 37 48 50 95 28 50 94 96 11 77 81 13 71 84 18 60 
31 3 58 73 50 48 69 74 96 87 94 54 54 31 47 37 52 94 19 55 72 78 94 14 97 78 89 22 52 37 99 31 97 5 26 97 37 43 22 47 82 24 91 8 88 27 61 19 87 18 77 41 13 90 38 61 5 3 8 87 12 7 76 63 91 29 64 4 28 89 26 16 2 10 63 90 96 80 64 20 93 88 13 46 69 13 0 26 22 8 88 56 1 57 18 49 91 83 4 88 36 46 28 33 23 64 20 37 70 39 72 73 87 52 39 97 42 70 65 56 65 37 32 82 54 53 25 5 48 60 66 52 80 39 78 5 77 50 56 85 14 14 40 9 7 11 82 35 43 23 49 89 13 10 91 25 80 22 5 70 63 30 21 2 29 26 62 32 88 48 20 84 13 50 61 77 27 43 24 3 29 59 7 53 6 35 10 20 33 24 34 72 38 18 63 55 61 28 37 40 13 91 12 21 90 60 27 56 11 13 35 90 99 2 97 33 76 0 49 76 48 19 23 69 4 93 34 66 98 2 27 75 99 89 20 26 21 50 38 76 17 2 36 51 65 40 13 9 56 74 56 8 34 99 57 70 17 77 67 31 44 3 28 41 55 71 84 68 87 62 26 61 35 0 67 91 51 93 52 44 1 11 62 5 81 56 52 46 30 4 81 24 9 82 39 35 87 82 99 22 83 39 62 92 13 53 59 82 62 14 14 63 31 44 24 99 56 47 32 86 54 25 14 87 19 25 30 44 29 44 79 41 17 17 52 41 29 20 58 39 41 21 35 49 59 58 15 93 4 58 21 77 33 7 56 4 41 19 3 77 41 70 90 16 38 35 74 3 57 8 98 19 81 31 91 39 28 19 61 99 15 46 47 25 35 68 52 4 60 44 35 2 77 49 84 44 8 99 5 63 28 75 0 49 84 61 21 64 6 77 74 2 92 64 41 94 93 71 98 87 63 83 70 42 91 52 3 32 38 44 64 32 39 28 72 70 32 25 6 77 94 26 24 98 47 30 4 73 98 96 46 24 90 86 87 82 95 70 6 93 77 6 69 43 13 19 74 21 85 73 30 22 83 48 93 82 5 97 8 42 39 7 32 31 53 32 8 25 59 5 4 15 23 85 42 55 2 88 17 91 
77 15 45 66 93 38 23 99 1 14 93 36 31 16 11 30 81 2 15 4 21 80 98 57 51 13 76 50 50 19 39 4 94 65 71 69 9 40 72 29 51 32 2 84 50 47 96 50 45 38 69 70 12 27 72 24 13 58 99 65 34 48 22 59 28 33 35 81 74 14 16 27 12 30 49 1 68 80 15 94 94 85 94 4 21 98 66 55 42 17 11 98 89 59 7 96 49 97 98 71 92 67 25 89 54 58 52 32 86 39 16 72 87 19 21 6 35 92 71 35 81 52 44 69 80 53 53 97 43 64 92 42 31 94 50 52 96 95 28 41 31 65 71 68 32 17 84 67 34 28 33 19 83 60 5 89 97 44 6 47 69 78 85 44 20 32 58 60 27 17 37 83 28 80 67 75 77 49 85 40 94 67 82 40 46 70 35 59 95 29 32 45 68 43 81 57 14 70 78 64 53 4 34 6 91 57 46 57 19 24 97 96 20 58 3 1 16 72 10 6 55 89 49 25 23 99 87 50 66 80 86 89 25 32 85 16 34 85 70 21 29 15 28 68 11 61 0 83 49 96 46 11 87 86 95 95 30 86 49 83 86 82 14 34 36 9 20 38 33 30 88 80 27 25 26 43 92 24 64 70 7 96 59 50 30 30 94 8 29 4 13 71 84 80 77 40 25 75 76 59 54 50 68 21 10 57 70 34 17 72 5 57 40 66 36 50 48 83 60 20 73 93 28 58 96 91 48 19 76 6 25 88 95 8 29 73 16 13 14 77 72 15 21 77 36 61 35 36 69 87 24 98 25 85 81 74 16 49 84 26 17 39 7 60 47 23 48 71 0 28 12 31 1 11 29 5 29 69 14 51 50 33 1 78 25 17 98 41 38 36 59 89 57 12 1 97 31 61 54 24 91 2 21 48 74 66 65 90 97 9 38 99 43 61 96 10 94 19 69 71 82 18 37 77 47 62 89 47 94 69 89 48 99 34 5 37 93 6 85 20 67 71 71 6 22 27 33 44 31 57 91 37 62 77 36 34 15 58 21 84 44 79 57 2 75 54 59 62 22 33 32 26 72 38 84 90 97 3 55 76 8 29 64 62 88 40 90 75 70 2 18 1 54 3 12 15 88 30 53 47 
15 69 35 44 58 94 14 23 67 8 28 7 50 65 56 36 32 19 57 25 99 60 3 20 54 69 24 94 77 52 89 70 26 85 11 19 88 24 6 6 65 81 66 80 52 59 7 28 24 77 11 16 30 98 38 17 7 21 23 84 98 85 40 70 34 65 94 3 27 74 70 95 13 71 38 76 94 73 56 76 26 56 48 19 76 50 53 28 66 19 87 36 83 89 18 73 48 77 40 55 93 93 22 1 98 47 36 87 29 2 85 68 61 15 50 14 20 11 82 7 49 71 49 47 77 24 2 99 35 37 59 8 77 29 80 29 33 25 68 8 24 2 40 83 78 94 52 86 30 77 27 9 99 69 60 16 3 15 10 57 95 77 9 69 83 27 30 6 60 37 30 80 23 64 6 94 55 85 41 99 46 76 92 36 56 86 94 52 25 84 92 47 52 81 7 51 28 29 34 85 50 32 37 78 83 14 70 29 67 60 26 84 61 72 91 53 89 8 9 3 92 56 5 92 27 9 89 78 71 17 50 5 35 4 90 23 38 7 58 7 79 40 35 86 70 21 34 47 93 77 18 60 91 52 9 41 3 41 7 9 52 61 42 3 8 67 13 75 67 31 96 4 89 27 16 84 54 83 3 30 24 43 17 84 90 95 0 30 57 41 69 17 20 7 44 66 56 47 46 1 59 75 49 54 88 42 0 3 0 82 84 4 3 76 94 82 38 68 41 90 91 50 34 41 70 93 95 43 95 90 85 41 52 53 49 14 28 54 44 7 8 10 66 63 9 94 16 63 90 93 38 73 7 94 52 2 42 61 66 38 38 87 9 44 57 22 68 67 22 77 21 67 58 87 72 87 82 31 45 47 14 53 57 56 1 83 21 23 21 14 2 46 88 45 88 34 66 30 9 82 45 81 57 59 75 2 0 53 95 70 55 24 95 32 11 7 91 39 62 37 2 56 47 88 13 90 40 70 16 94 54 58 1 44 64 4 58 73 12 25 43 7 11 65 19 46 7 49 31 4 14 15 93 23 53 39 9 25 74 93 54 28 77 81 23 0 44 62 87 90 77 58 54 58 65 8 29 75 63 99 33 65 71 38 78 19 71 0 33 42 49 79 40 82 63 95 34 59 15 32 
55 99 31 96 80 51 52 34 2 99 61 96 3 57 43 26 22 76 91 63 68 41 15 11 43 66 64 1 90 19 51 23 29 22 50 13 38 98 30 98 0 66 23 37 43 38 99 74 0 94 71 75 95 78 34 49 14 62 35 59 8 23 42 15 25 5 10 66 71 27 73 97 26 52 71 9 84 7 55 83 65 73 8 8 89 53 95 94 77 45 2 16 62 63 0 95 68 98 90 74 52 46 14 98 64 37 65 89 83 16 19 28 47 9 97 27 50 50 70 50 73 26 59 81 95 83 27 95 29 80 75 11 80 15 33 14 7 61 71 13 59 97 14 94 24 35 76 52 78 70 19 32 17 15 39 49 4 7 38 84 88 99 85 77 83 74 65 97 94 1 20 8 60 66 86 4 16 77 15 26 30 27 54 29 5 51 10 9 51 7 72 74 73 98 76 61 17 48 36 34 10 63 15 55 94 23 65 87 90 64 24 18 61 86 6 36 73 10 8 5 27 7 54 48 89 91 72 11 67 39 52 61 49 21 29 61 34 12 72 50 54 25 45 20 51 60 28 54 10 96 8 8 48 79 28 31 51 85 72 98 12 5 42 83 17 13 70 59 11 29 7 38 32 82 91 83 13 11 92 26 75 81 87 74 63 8 26 22 88 57 5 15 24 80 22 80 66 77 86 36 18 55 97 3 56 29 81 11 14 85 90 37 9 1 61 24 11 64 63 94 39 45 43 81 8 18 92 39 26 83 56 37 41 48 20 40 71 89 69 37 22 72 98 79 99 28 10 30 61 64 12 63 20 26 22 73 59 85 8 89 3 33 33 33 34 17 70 14 69 17 45 81 66 18 15 15 5 95 58 91 75 77 62 48 27 36 86 58 69 67 9 98 84 94 74 17 73 55 32 68 48 71 34 22 33 46 26 18 71 36 25 96 15 85 23 9 33 15 10 25 58 95 56 9 34 34 1 73 28 68 42 83 22 70 0 65 75 64 67 67 50 84 38 25 33 54 91 19 25 32 12 58 7 85 65 70 60 85 42 76 37 14 92 83 82 34 43 65 69 59 62 51 37 72 26 13 75 30 84 18 63 89 74 60 92 33 36 42 82 11 31 91 28 64 21 63 29 47 98 11 
21 5 23 61 44 62 57 20 19 43 68 89 24 56 17 27 83 51 21 53 64 76 98 41 55 37 95 59 78 93 71 74 70 21 78 34 92 20 99 67 4 72 37 93 27 31 33 81 46 35 59 42 19 76 17 39 72 71 28 52 53 24 72 87 41 11 10 46 44 72 56 62 27 77 29 58 68 16 81 95 76 29 47 22 98 39 26 89 26 53 57 26 90 88 78 6 28 28 24 44 44 48 71 68 83 2 8 23 24 74 59 40 25 93 61 80 70 93 69 86 58 47 1 72 38 66 37 78 14 2 8 53 49 39 57 78 60 6 56 68 82 1 33 74 46 35 69 41 9 30 28 14 71 73 38 23 56 4 36 72 83 86 38 36 57 5 26 71 43 64 76 46 6 28 72 45 50 79 23 41 74 43 49 50 61 27 62 54 48 47 29 15 8 44 9 98 47 38 66 52 74 97 19 53 40 85 84 94 42 66 94 55 30 86 22 94 88 93 54 46 99 76 6 28 60 25 39 18 40 93 29 17 63 46 62 20 5 31 76 49 56 82 76 63 23 21 33 69 41 99 82 19 32 97 28 50 71 23 62 81 6 28 6 49 42 31 33 92 68 26 98 33 90 1 79 91 8 30 43 56 31 26 2 36 55 24 27 50 2 20 31 14 88 31 59 60 42 24 80 48 74 62 28 23 0 9 36 32 21 7 47 26 6 0 86 66 17 27 70 84 72 74 58 18 79 20 50 83 19 9 34 81 10 63 19 22 36 40 98 93 74 66 11 76 35 66 61 20 13 84 27 31 97 31 34 33 45 16 80 42 93 23 52 87 44 86 95 55 80 80 3 52 92 97 69 58 85 17 9 14 15 98 4 31 90 81 9 74 68 71 21 52 45 48 7 37 56 53 12 5 8 63 9 25 11 83 94 83 17 27 28 74 44 8 78 46 22 2 49 98 72 1 76 18 82 18 57 7 35 53 65 81 22 4 25 41 77 40 94 83 53 54 7 30 59 20 29 93 93 49 43 0 60 91 90 72 40 47 50 86 48 71 87 15 52 35 51 31 84 84 45 20 11 36 49 90 36 69 41 51 0 94 99 17 80 87 76 96 20 33 52 66 11 61 11 58 25 36 35 37 
67 31 31 39 70 31 52 99 59 23 97 53 98 93 41 92 56 39 16 5 13 23 17 46 13 73 75 26 30 2 49 40 75 25 99 15 71 74 90 13 93 82 55 90 39 82 16 46 29 25 62 65 39 76 83 35 25 25 51 89 46 80 48 95 67 82 38 9 13 52 32 91 45 82 73 12 35 49 94 35 78 91 4 69 82 6 8 13 59 99 53 73 53 63 9 95 15 78 40 44 96 35 30 33 4 88 80 55 63 94 25 94 63 48 32 64 87 72 4 35 76 78 59 62 87 28 96 15 67 25 97 30 9 6 88 53 33 94 8 53 90 69 82 27 24 71 76 59 57 50 73 65 79 73 18 65 49 99 57 61 52 63 5 35 39 65 97 97 40 1 24 55 81 74 24 83 10 38 34 17 61 96 30 72 16 66 86 13 34 16 96 85 41 5 31 53 34 60 71 89 81 69 34 76 26 90 65 18 84 24 7 59 26 18 14 68 80 68 51 99 98 40 32 80 18 21 45 33 34 91 8 94 89 27 12 13 15 47 3 92 83 33 98 64 8 72 50 36 9 91 5 67 26 37 11 10 12 53 53 81 80 38 57 83 39 1 35 97 96 26 56 39 26 73 17 33 59 63 82 1 22 43 11 88 29 32 59 82 62 71 96 97 67 62 90 69 87 85 51 74 75 24 30 74 73 16 74 94 92 9 42 30 76 0 3 91 15 62 25 41 20 49 53 1 23 9 98 4 2 70 44 84 62 84 49 75 0 30 14 30 14 47 45 96 13 2 79 27 53 78 45 10 83 53 42 72 5 4 91 47 59 11 33 60 53 65 91 71 60 19 57 14 94 30 96 78 16 25 16 41 6 79 70 50 90 21 13 46 60 60 67 35 82 34 11 22 42 45 23 57 80 52 55 45 62 24 20 66 45 6 17 64 66 19 45 28 93 20 87 52 1 31 75 39 7 26 34 81 87 47 92 73 37 95 63 80 44 10 91 53 77 15 32 21 18 29 95 21 93 18 56 38 98 27 87 44 11 7 2 42 3 78 3 33 81 81 11 30 59 57 41 41 63 57 71 60 45 25 2 13 60 79 48 79 53 70 23 38 85 97 47 96 3 96 48 22 14 43 25 32 
24 76 52 74 63 1 55 52 55 34 98 27 53 35 95 76 29 66 94 84 34 48 69 28 94 4 71 71 76 11 38 14 78 98 26 35 22 49 36 62 20 38 5 27 33 82 28 16 83 2 30 18 1 44 43 46 76 22 99 78 53 15 54 27 29 33 21 49 23 67 74 73 37 0 29 19 10 52 88 48 66 14 45 53 14 1 10 81 13 22 85 51 79 17 44 80 42 12 43 12 66 54 92 98 69 29 64 49 7 37 79 39 58 21 76 41 73 3 50 89 62 20 97 43 66 11 50 4 76 75 56 98 24 9 92 4 69 83 20 69 88 65 13 54 68 57 10 5 63 30 43 51 10 53 59 42 64 24 18 24 87 82 42 86 20 30 36 16 88 39 66 40 66 96 70 77 62 5 25 14 7 94 40 35 38 67 79 11 11 16 61 87 59 41 36 62 50 44 29 49 2 21 53 61 28 23 65 83 43 33 47 7 46 44 99 4 52 95 53 23 82 43 99 30 5 8 25 87 27 83 11 76 87 69 87 77 75 0 52 5 32 85 25 65 58 54 42 43 58 53 64 89 2 97 84 80 28 23 18 28 1 71 90 29 8 72 26 68 85 53 53 34 51 62 59 44 73 38 30 91 88 70 13 30 2 98 75 26 33 74 43 94 11 36 13 27 96 0 83 57 48 36 61 51 83 74 5 71 63 2 95 85 1 92 88 70 30 70 34 76 47 29 80 68 62 70 29 83 7 7 90 41 99 3 3 95 36 14 35 50 10 56 69 81 85 45 65 76 10 65 23 97 62 45 96 39 48 65 90 64 94 95 31 91 51 8 81 59 51 31 44 91 44 7 23 90 88 8 72 24 75 3 75 14 62 52 12 38 32 9 84 31 36 82 9 84 95 37 29 66 27 11 14 43 36 26 98 53 22 72 88 95 8 36 61 74 28 4 37 3 30 59 3 99 9 3 50 39 31 73 16 57 56 67 43 33 71 55 71 65 28 79 51 77 98 80 55 82 3 31 61 11 63 1 74 9 82 38 32 17 44 0 54 68 63 56 84 59 80 61 19 10 70 20 79 1 15 88 99 69 23 51 64 48 66 56 31 61 85 86 84 50 89 34 51 22 31 17 76 25 
67 48 93 34 78 99 13 4 41 70 6 88 53 26 48 42 87 45 40 42 81 29 58 45 38 23 91 68 72 37 49 12 21 20 80 35 42 72 12 30 68 12 24 83 51 70 63 56 15 18 70 65 87 94 89 83 71 79 21 13 27 54 45 76 36 41 35 73 13 11 26 30 66 56 41 21 8 10 51 35 89 25 65 65 21 61 3 51 49 18 30 54 31 23 65 8 22 47 15 61 72 32 85 28 53 84 45 62 69 26 2 90 53 80 0 71 58 90 74 82 43 48 10 11 48 44 61 44 99 2 52 75 25 7 10 25 52 7 59 56 48 42 96 46 36 69 88 66 39 26 99 75 2 81 53 27 67 69 5 62 98 38 42 74 43 84 73 29 4 64 48 72 48 1 31 31 5 71 82 27 94 23 94 43 20 61 23 38 42 29 88 75 27 84 53 47 87 31 2 51 92 69 9 13 38 29 94 48 44 30 32 17 53 58 95 70 35 29 51 5 56 11 24 10 42 70 92 37 19 96 41 48 76 61 75 29 45 66 52 42 46 94 63 93 40 55 89 79 67 23 42 76 14 76 7 61 76 57 64 81 58 44 89 47 29 80 85 0 25 98 34 96 82 71 98 71 69 19 21 70 75 21 68 58 22 37 58 68 4 38 81 2 84 21 31 17 69 34 82 95 30 98 16 3 68 73 71 86 22 68 19 16 99 57 5 84 47 58 81 76 82 40 59 53 10 57 39 69 59 91 73 74 73 54 62 94 32 40 76 67 7 44 63 97 91 5 65 5 45 51 31 5 11 86 46 37 39 94 73 20 4 23 7 20 61 66 55 78 47 16 18 65 90 61 89 0 79 67 96 38 41 9 22 82 34 2 29 87 3 94 41 94 58 34 0 42 30 23 69 66 96 37 69 25 37 89 85 22 8 45 17 83 18 74 48 40 43 43 34 91 99 0 42 22 84 57 40 35 9 55 90 47 7 79 69 11 4 79 58 95 94 74 17 67 84 72 94 54 71 96 19 60 46 67 29 45 22 94 50 24 25 80 31 17 89 11 97 49 45 63 69 30 99 54 20 74 48 41 64 73 96 51 13 31 28 5 70 6 93 10 56 88 30 28 19 43 93 3 66 86 
42 88 98 75 69 17 54 14 9 75 46 53 13 59 15 63 25 69 57 94 60 38 20 96 41 49 40 2 48 92 64 28 2 52 13 23 23 95 50 16 31 8 83 89 19 40 31 41 78 31 66 4 67 8 75 44 65 38 28 77 28 79 75 4 66 2 2 38 58 84 42 7 35 98 5 85 64 10 63 5 86 11 61 69 35 50 57 47 6 38 41 93 87 31 59 33 29 98 68 91 84 80 68 29 76 12 62 54 71 53 56 54 14 45 25 65 95 27 37 49 33 47 53 13 56 47 8 92 87 84 40 95 24 79 33 22 30 70 87 48 12 85 54 76 85 17 27 75 23 98 93 83 37 40 25 78 76 25 85 84 28 88 98 1 7 73 17 79 42 40 3 90 68 19 5 52 19 31 59 55 76 25 67 5 42 9 40 0 34 96 91 98 69 51 6 6 47 90 64 87 78 70 88 81 98 37 61 54 96 68 61 3 85 67 76 63 28 62 68 98 62 56 30 86 21 63 52 10 31 55 57 88 5 28 32 28 39 48 77 5 93 26 28 56 30 80 36 91 12 55 95 33 5 0 6 51 56 97 7 52 27 58 49 47 48 94 20 12 73 1 10 94 45 86 78 61 99 88 2 88 97 28 62 40 50 90 31 25 43 78 97 16 80 89 32 23 93 64 52 21 62 70 56 29 84 13 45 36 93 15 0 40 84 2 33 60 61 17 16 29 77 72 32 60 13 2 62 61 91 18 16 50 10 65 11 9 71 85 18 73 59 81 56 20 3 79 52 76 18 9 42 75 82 5 13 77 94 87 3 36 82 84 52 35 35 60 75 22 93 96 5 41 86 74 99 31 80 48 54 45 78 55 98 98 11 7 55 42 36 95 19 74 75 75 87 22 63 97 19 53 66 56 65 80 9 46 33 29 99 42 29 62 72 45 1 23 75 0 0 28 30 45 13 63 33 45 3 24 70 15 17 38 35 91 84 73 76 49 58 64 39 11 79 0 13 0 14 34 18 83 2 58 44 91 22 80 52 40 98 36 38 18 11 4 71 44 92 73 43 0 82 6 44 88 1 3 59 44 96 38 9 71 6 90 26 12 22 25 21 82 61 88 97 9 82 40 10 3 78 79 
15 49 12 19 50 90 6 58 76 30 78 67 79 62 44 88 1 28 25 89 23 77 95 52 54 62 45 53 44 7 82 92 39 77 65 24 21 12 96 22 48 76 29 10 20 71 32 30 9 51 42 21 6 16 30 77 30 8 54 12 66 46 32 59 75 33 21 96 18 1 89 30 61 0 53 11 21 94 74 61 92 61 27 28 75 98 8 15 51 83 63 8 60 91 39 29 92 95 0 4 61 87 91 23 53 20 22 41 96 75 25 3 48 6 98 39 65 49 98 61 96 20 65 90 72 26 73 61 73 77 90 8 32 13 60 48 40 18 15 61 55 42 30 20 80 62 48 41 72 0 52 15 82 85 88 30 76 88 84 57 78 22 50 23 77 71 9 62 12 9 14 54 6 71 86 48 36 41 69 79 56 71 74 55 43 7 32 23 7 27 81 54 12 74 41 22 99 5 69 61 7 72 65 97 80 55 6 61 13 20 24 57 2 26 55 30 54 18 65 58 65 8 19 66 26 40 95 68 67 39 94 12 40 89 89 54 5 0 61 82 14 37 47 30 25 17 9 31 67 47 22 78 7 15 48 17 12 30 48 50 8 13 86 96 4 39 10 48 5 95 6 97 23 37 40 51 66 40 98 20 51 20 48 52 20 13 30 66 78 51 36 80 78 15 38 28 38 30 87 59 29 49 84 75 69 25 76 59 64 75 43 69 49 67 20 71 20 12 55 18 41 75 66 93 61 85 94 1 90 6 82 92 92 12 56 55 59 71 99 51 83 18 12 59 81 78 15 52 16 10 89 81 64 6 52 81 6 7 18 14 88 43 61 43 66 58 70 82 9 81 85 50 15 50 64 74 84 79 56 3 79 17 60 6 20 48 4 30 52 54 61 40 73 49 93 95 20 69 62 79 52 26 17 69 85 93 9 9 65 92 58 19 9 27 46 49 59 6 7 45 67 8 61 26 60 97 50 25 85 15 51 39 59 5 81 75 40 60 45 29 84 43 48 56 67 82 78 12 16 78 80 93 84 71 72 93 46 57 72 1 17 47 14 97 50 56 99 30 92 8 21 77 74 51 83 28 40 8 39 64 28 33 49 27 26 25 7 37 69 70 6 78 73 28 12 98 90 10 60 51 
14 11 73 2 14 4 95 0 48 44 34 20 49 3 4 30 13 36 93 25 83 5 66 4 63 76 55 58 86 99 28 12 73 59 93 59 28 90 84 3 36 46 55 97 78 89 11 4 94 82 16 2 84 96 34 20 34 86 47 32 26 23 98 81 97 23 88 77 84 25 49 82 75 54 10 94 55 53 32 41 12 29 10 83 78 81 35 54 19 6 74 84 74 46 40 77 11 90 56 96 31 61 99 52 1 52 62 9 37 25 71 94 3 88 65 93 19 58 88 25 88 28 74 24 7 28 24 49 66 66 11 91 60 14 43 39 78 12 28 18 55 36 2 39 68 19 91 95 39 61 59 78 64 32 45 93 80 65 55 69 74 66 90 47 8 0 91 67 63 18 81 38 17 9 31 7 34 34 81 98 12 21 6 80 72 10 61 46 58 17 45 28 79 94 80 59 21 67 91 18 7 38 38 25 47 74 4 55 89 88 50 78 24 33 67 56 26 71 91 77 51 13 73 46 82 98 91 24 93 96 97 25 27 88 46 10 78 90 3 98 17 59 36 90 10 31 76 22 72 37 86 18 49 7 57 32 82 78 17 49 96 97 95 87 29 1 0 30 22 81 45 5 63 71 93 27 11 74 5 17 18 17 20 14 20 60 15 54 4 14 8 83 77 15 79 17 51 23 15 64 33 71 85 40 34 26 94 24 14 22 0 5 95 32 51 45 74 61 36 67 67 38 62 82 32 95 39 62 93 52 24 65 13 48 13 54 63 81 67 90 55 71 3 8 67 20 56 66 1 96 48 20 55 95 35 37 29 11 76 52 45 98 19 93 41 0 91 23 80 72 28 40 42 77 0 35 58 35 3 10 5 23 11 16 76 11 1 88 56 73 21 11 97 91 40 47 74 15 16 16 43 19 8 63 0 32 41 57 53 11 8 12 60 93 24 20 71 99 54 45 38 88 80 20 65 41 83 35 78 45 20 21 72 91 97 90 28 92 47 31 98 34 42 85 96 57 57 84 71 52 8 89 51 27 59 51 59 6 59 74 71 10 75 89 77 2 1 94 7 82 77 44 36 70 63 12 13 69 12 83 4 76 29 47 9 64 67 31 53 61 38 84 9 59 20 57 4 22 13 51 
55 52 61 66 36 69 49 22 57 44 34 53 27 97 70 85 78 34 52 81 78 97 74 28 94 42 65 89 21 97 12 80 46 91 61 97 96 30 97 47 22 66 99 20 23 85 38 39 97 9 30 44 99 20 8 11 9 40 88 36 58 25 32 74 92 20 46 26 75 97 59 94 43 47 86 29 4 66 59 58 51 89 84 53 3 17 31 44 43 2 6 78 45 53 59 68 15 21 20 65 62 2 34 44 5 3 16 23 11 7 79 30 39 42 40 0 10 92 93 76 37 75 39 48 34 40 67 67 53 12 91 17 72 89 84 84 62 46 42 96 79 63 31 14 33 68 88 32 0 33 92 3 4 34 6 74 7 68 78 54 54 76 35 43 13 86 15 79 57 20 54 36 4 36 67 78 21 67 25 89 46 40 81 20 8 61 37 35 42 60 41 18 40 60 99 26 25 1 24 64 3 69 77 56 10 77 91 0 36 68 47 36 51 98 0 36 15 63 22 40 78 60 51 87 53 46 0 75 41 62 95 84 30 38 10 56 86 86 62 61 85 69 25 57 48 73 9 98 79 51 30 84 48 24 98 32 4 13 90 90 24 74 96 54 41 33 19 95 43 11 94 52 56 31 29 31 91 46 52 95 27 31 93 24 46 28 48 30 90 5 61 26 63 27 50 35 20 27 6 89 26 84 81 71 50 51 65 59 38 18 96 86 64 78 83 4 99 92 62 64 46 2 37 63 72 94 30 91 96 97 44 48 70 85 44 22 74 87 14 68 69 31 58 76 9 64 7 59 20 57 84 95 56 12 13 75 69 64 68 29 76 45 9 33 75 43 19 18 20 33 56 39 59 82 10 8 22 61 42 81 59 73 46 54 80 43 58 19 58 3 44 94 44 77 81 35 33 36 29 11 53 79 38 80 15 52 12 31 79 5 5 23 87 77 95 82 59 71 4 50 41 1 94 41 97 28 39 64 1 25 56 28 52 83 18 22 68 64 8 5 65 1 9 93 8 54 73 90 76 68 59 10 48 25 70 67 42 1 4 56 94 19 58 70 5 36 18 86 47 61 93 25 75 47 9 86 19 6 66 35 60 6 63 31 6 22 15 4 31 98 97 40 56 76 88 44 81 89 63 15 
74 69 88 0 54 12 28 59 79 46 87 45 17 58 60 6 0 94 22 63 28 18 76 0 60 70 50 99 27 0 85 81 65 95 29 73 16 97 25 91 72 43 63 55 33 26 33 14 77 56 71 92 10 93 1 43 41 23 32 58 31 20 16 78 66 27 8 1 31 64 65 87 83 8 12 74 4 80 99 97 81 4 66 84 28 55 6 34 27 9 9 18 97 1 91 88 51 5 33 75 71 46 44 7 19 72 4 85 4 54 46 12 49 18 23 35 15 68 89 96 75 15 15 15 38 95 84 19 87 81 68 32 58 8 34 2 52 13 61 81 19 82 30 85 79 58 17 52 14 28 88 10 4 9 60 28 13 50 69 36 71 91 64 80 58 9 39 13 15 58 57 57 49 62 78 56 34 4 41 12 45 95 77 79 26 10 17 74 91 51 59 63 93 55 22 34 15 76 66 7 66 19 57 22 32 28 56 93 99 48 75 2 40 97 32 64 49 20 5 12 55 8 34 11 7 41 66 86 15 39 96 41 32 52 72 20 58 43 62 22 92 30 51 83 80 95 35 85 78 90 2 75 61 38 81 85 61 29 40 66 60 21 9 94 58 1 76 70 58 35 33 58 92 11 89 23 84 79 33 17 8 84 2 38 17 85 54 12 62 88 3 43 93 82 25 39 58 54 19 69 9 68 41 75 71 61 60 29 88 6 81 25 0 82 19 14 36 62 11 45 46 96 41 0 71 10 96 35 39 83 78 48 98 2 29 2 30 69 58 49 1 1 0 68 73 85 55 27 81 11 45 23 81 50 52 19 61 61 82 71 1 44 81 84 25 29 79 94 32 76 25 8 82 50 18 59 75 67 62 68 88 42 56 83 24 31 61 28 43 59 74 55 9 41 40 92 34 41 69 27 33 64 62 2 63 11 95 37 18 93 50 9 42 62 7 44 98 65 8 60 5 88 37 86 50 59 90 29 50 98 20 7 86 39 20 2 61 67 30 31 7 71 45 60 70 46 40 91 19 62 88 23 52 68 71 25 13 32 53 58 36 88 20 24 38 52 69 85 63 37 92 61 41 30 97 38 12 0 25 60 64 49 15 32 63 19 48 83 76 46 35 84 9 99 61 62 29 66 35 3 
73 75 86 2 80 8 68 2 20 95 39 46 71 65 91 43 94 58 39 1 49 99 61 87 88 56 70 94 64 35 27 51 4 96 53 90 81 99 47 81 23 35 62 2 43 4 1 86 50 67 22 42 36 73 46 82 77 41 80 88 6 22 77 25 83 48 72 82 95 74 5 18 28 24 78 71 73 69 89 31 46 28 7 59 99 30 56 66 88 43 92 95 83 39 69 34 46 47 90 94 34 88 40 91 88 62 39 22 19 16 79 54 6 87 47 96 32 88 9 2 46 47 76 95 79 18 39 94 73 73 90 65 71 79 58 20 98 85 32 11 32 81 86 8 35 26 58 20 58 38 47 99 54 68 4 94 47 3 42 92 93 6 61 92 41 34 64 67 34 93 18 53 25 52 76 16 16 23 95 24 58 92 60 40 92 21 90 49 94 54 91 57 41 22 59 63 8 21 6 33 16 50 25 20 5 29 35 15 73 56 20 91 43 42 61 78 20 92 12 15 61 47 15 92 70 1 44 21 96 23 92 29 9 88 85 77 76 64 36 9 47 68 59 26 17 99 13 77 7 24 87 30 78 42 27 42 70 84 80 2 58 10 77 0 88 3 33 76 34 58 39 45 53 34 77 60 81 53 38 40 37 64 35 26 44 48 66 23 83 13 66 31 9 62 11 9 10 92 7 96 72 57 87 12 87 64 10 50 97 80 6 44 0 26 80 96 12 83 87 94 25 29 40 60 58 77 88 82 69 49 81 38 77 58 49 37 54 29 25 3 55 30 74 40 38 53 14 52 0 24 97 20 22 73 4 60 8 68 61 59 47 0 32 62 29 78 10 25 4 69 36 92 7 80 54 21 30 21 64 65 55 56 25 40 84 47 71 96 91 31 66 53 32 71 76 15 73 43 72 84 68 56 81 9 64 46 10 50 73 38 32 96 17 17 55 34 63 25 52 91 99 46 62 16 86 56 29 37 80 31 96 65 51 94 77 37 66 0 93 4 5 81 52 96 87 25 87 92 17 42 29 22 57 38 59 7 27 42 10 61 82 36 57 24 7 52 8 17 17 27 73 94 76 52 29 10 64 83 40 40 24 33 52 61 12 17 55 95 6 20 12 75 8 68 57 62 31 64 26 48 
82 25 40 41 18 60 38 69 4 38 92 46 4 68 46 99 76 41 31 19 28 12 59 90 45 18 78 83 99 31 87 51 84 12 3 9 34 9 25 34 27 92 1 87 83 78 67 89 22 84 59 64 4 5 83 43 45 58 57 34 96 54 18 5 75 18 61 97 76 4 4 49 82 60 16 47 75 31 43 38 17 36 95 17 90 51 48 25 84 12 18 68 21 95 16 15 40 61 96 50 76 43 24 89 12 70 68 81 63 23 6 10 89 35 14 43 23 70 58 21 7 83 5 13 82 56 45 9 54 0 10 51 7 32 9 46 54 70 15 21 80 18 55 63 63 35 14 78 17 46 84 6 77 61 81 4 0 63 9 70 53 14 93 57 88 1 15 78 39 88 28 41 68 80 95 11 89 7 9 65 62 95 35 13 27 50 95 81 42 46 80 6 37 65 19 99 51 52 2 58 27 68 66 50 50 69 66 22 50 35 36 25 30 33 91 62 80 64 20 29 16 67 65 51 35 64 53 18 4 16 33 89 42 2 42 3 23 13 12 25 51 87 14 49 68 40 68 0 88 72 42 4 11 84 77 94 34 67 74 58 68 56 9 97 33 66 56 94 1 5 13 40 62 47 89 70 68 65 14 32 99 58 5 37 94 92 64 18 51 18 52 6 75 2 34 94 11 16 27 55 35 3 52 74 14 79 19 95 34 18 20 17 90 86 71 65 9 47 10 57 65 5 41 23 99 49 12 57 17 29 61 63 29 96 15 27 68 99 22 5 51 77 75 76 28 73 22 67 44 5 39 7 48 0 50 76 98 93 55 82 49 23 16 66 28 77 24 25 42 3 96 56 10 20 75 48 81 45 27 96 4 90 70 89 68 60 39 74 71 90 6 88 5 72 37 87 19 0 72 45 19 71 97 7 51 89 84 34 74 52 42 11 64 90 69 79 22 87 56 32 95 68 82 88 9 94 56 91 6 51 86 30 76 63 99 30 23 26 2 58 94 84 39 13 17 25 62 76 1 34 68 7 92 51 35 49 11 59 25 45 34 53 36 6 83 24 28 34 89 5 64 67 93 87 50 42 62 15 86 5 90 2 97 30 97 96 21 0 93 17 15 30 62 21 20 93 75 80 34 71 
21 97 47 65 80 88 86 81 15 44 8 13 35 41 81 6 87 89 64 88 31 70 84 97 90 9 11 68 12 73 47 65 4 41 60 82 94 90 49 19 0 97 38 73 46 52 13 11 88 55 91 22 91 33 74 39 34 32 49 31 51 25 56 46 32 43 12 35 3 23 61 51 86 56 82 48 27 16 8 32 99 79 36 34 7 38 18 56 51 74 14 9 7 10 64 57 16 38 26 71 36 22 27 14 88 71 89 59 40 64 0 62 68 47 65 11 38 97 32 55 12 83 86 15 28 51 69 8 37 94 49 19 48 43 74 87 98 20 7 82 47 7 71 32 20 77 15 34 5 42 19 17 66 71 48 56 87 15 13 87 29 79 72 42 91 90 52 19 21 85 88 84 35 43 31 87 90 51 62 70 23 49 5 29 72 18 89 29 18 60 29 56 99 25 88 18 45 83 23 6 4 44 56 25 53 83 70 38 58 55 81 48 68 46 96 56 34 36 65 21 52 53 37 48 99 0 25 87 51 22 44 43 75 75 66 22 12 51 1 10 85 35 54 19 12 9 57 33 68 1 4 9 46 10 9 41 62 33 47 15 12 27 51 39 7 89 84 47 16 91 87 31 5 73 95 24 24 98 4 37 35 58 34 97 22 99 68 83 31 22 58 51 24 62 40 41 46 26 4 64 33 59 50 36 37 80 93 30 63 53 5 19 42 13 90 8 91 68 28 66 59 28 93 42 48 12 87 38 59 61 30 59 92 31 92 38 38 36 4 58 85 31 83 4 69 76 73 95 30 49 87 53 12 80 61 21 35 71 59 89 79 36 32 15 48 95 6 20 14 85 19 24 11 2 47 92 81 17 24 61 9 22 94 80 0 4 74 83 70 21 41 31 28 22 53 62 54 87 36 43 48 35 68 63 16 24 25 86 17 10 16 7 62 83 89 64 47 94 12 10 91 56 5 75 33 59 0 97 21 63 46 2 1 30 85 4 8 63 33 3 29 25 32 20 13 45 27 21 51 40 59 6 8 90 75 38 35 48 22 3 89 92 51 6 43 78 35 34 92 41 71 62 78 32 19 13 53 98 22 78 90 0 34 72 85 13 31 44 52 27 71 52 30 24 93 2 29 83 94 94 
95 56 95 24 7 2 60 22 62 87 0 4 56 97 63 28 80 71 68 24 14 29 31 78 5 29 58 11 84 86 2 83 9 62 44 24 32 98 80 6 20 37 82 38 47 51 4 53 87 19 39 83 65 90 25 2 41 53 91 61 18 25 2 94 55 90 15 7 22 58 67 17 32 54 68 97 77 18 54 48 53 32 80 36 88 43 83 71 90 30 55 87 46 1 43 75 80 88 52 21 80 13 85 96 33 96 50 36 37 49 44 8 91 32 83 36 15 50 63 87 1 6 0 66 32 87 46 97 60 20 91 89 30 59 98 43 83 34 35 52 64 98 80 50 76 58 24 42 54 13 34 46 49 79 28 13 85 13 92 89 99 98 52 12 68 96 5 77 74 87 89 49 0 48 32 50 72 30 99 91 30 58 64 97 6 92 29 89 24 85 44 70 30 50 6 25 39 52 11 83 91 61 58 38 76 16 9 3 79 52 59 91 70 83 92 84 4 9 77 89 13 98 61 53 80 88 82 41 62 55 56 29 14 7 79 36 57 84 23 65 86 40 73 57 86 15 60 38 72 70 37 86 61 83 38 69 70 72 92 15 38 66 52 42 17 25 39 38 61 65 58 85 48 31 65 13 34 45 46 84 97 34 20 60 87 74 76 79 83 42 36 40 77 43 43 74 70 67 16 41 79 75 62 67 10 39 43 24 47 3 31 33 96 11 32 30 91 66 79 98 31 22 66 16 1 79 80 70 36 29 36 20 83 91 58 2 14 97 2 94 69 76 35 26 48 25 59 57 17 87 87 31 54 89 21 18 78 99 48 94 44 95 17 88 54 59 71 11 98 54 60 35 22 24 10 91 25 78 42 8 18 97 40 78 85 93 59 94 86 57 71 37 76 93 89 69 87 21 29 1 94 36 83 97 8 35 15 11 95 27 77 60 93 24 85 90 87 75 26 69 47 43 9 48 18 71 40 90 86 87 28 73 60 93 28 11 6 29 43 30 55 76 44 60 23 92 40 80 84 56 19 39 97 11 22 62 14 90 48 19 36 99 68 83 54 15 3 7 72 62 26 18 96 9 42 33 27 93 87 83 29 3 57 7 82 15 10 12 99 24 3 69 64 63 88 46 56 16 67 62 
75 18 96 28 2 63 61 74 41 83 83 92 1 99 46 86 92 74 40 82 41 71 55 56 10 53 94 99 76 54 38 55 62 18 57 10 22 20 39 56 9 50 19 22 40 82 8 28 98 3 53 15 0 33 2 71 59 40 28 5 88 3 14 42 26 76 17 4 63 82 37 91 56 51 57 50 86 31 88 24 13 88 21 80 1 40 65 47 6 28 71 48 28 86 16 57 33 77 83 74 29 27 66 94 81 4 27 40 0 78 18 6 60 12 24 0 59 26 15 88 91 53 38 6 86 11 20 97 33 70 68 3 85 89 64 62 0 63 66 11 46 70 46 19 79 87 41 60 54 85 14 9 34 51 83 81 56 66 18 45 18 1 24 35 90 79 45 94 70 78 42 80 6 5 44 7 51 29 58 95 58 16 8 30 32 22 28 61 21 19 89 15 26 84 67 75 64 60 19 63 26 99 31 46 98 26 67 93 34 82 93 6 76 42 94 44 60 34 99 63 62 58 3 67 71 29 21 47 92 42 76 84 16 44 8 38 33 62 93 74 34 26 39 44 36 97 92 55 39 51 90 27 85 19 42 2 49 18 77 98 17 52 61 14 33 59 23 7 47 55 84 17 99 38 56 54 28 0 42 38 63 37 65 48 28 18 15 60 94 90 96 37 43 66 73 81 80 27 22 94 77 62 56 35 92 60 40 40 74 83 99 42 78 25 30 79 87 87 14 52 28 57 78 27 38 8 66 88 5 92 94 66 82 59 11 44 49 33 22 25 53 30 45 91 40 73 51 99 21 79 18 35 74 91 23 89 31 18 74 80 68 34 63 44 19 3 40 35 22 66 7 93 42 69 10 48 44 78 74 9 50 20 25 4 9 67 3 3 77 84 26 40 42 28 84 44 38 64 50 8 40 97 35 86 43 16 11 53 2 69 73 68 22 91 21 28 80 91 57 68 61 47 30 61 42 88 91 69 85 31 2 37 42 0 46 33 90 0 52 51 2 0 96 25 82 57 11 83 51 35 99 12 29 57 18 42 29 86 14 80 68 41 80 99 44 45 56 57 43 99 92 94 12 1 29 55 33 60 87 20 62 1 39 52 55 19 73 56 42 96 22 96 21 13 84 85 47 34 76 36 
89 38 41 9 9 59 91 88 7 94 60 95 34 58 30 64 43 50 33 82 65 27 19 94 42 14 69 52 54 38 60 38 44 30 29 97 85 65 5 77 33 2 60 41 26 10 24 43 56 84 56 77 94 83 17 6 91 94 9 7 53 56 30 60 20 29 73 65 38 41 64 36 33 8 73 98 83 89 44 14 50 70 83 1 2 69 55 23 50 88 98 88 40 90 11 18 90 13 77 30 82 6 32 1 58 51 68 45 23 96 51 89 81 9 77 89 40 87 87 93 69 8 49 47 60 39 95 87 20 36 29 47 40 48 41 63 85 57 37 67 44 29 74 3 29 12 24 86 72 42 27 89 59 17 98 10 96 99 49 64 41 4 72 45 17 51 26 75 56 29 24 28 22 18 11 84 71 42 58 39 7 67 96 39 89 65 64 70 81 2 39 40 74 36 4 64 24 67 29 45 38 87 56 27 11 93 98 85 79 13 69 9 28 96 85 62 90 11 21 69 26 76 3 96 73 4 39 11 53 12 24 4 60 67 86 40 9 52 9 14 83 52 31 91 67 63 56 71 58 67 27 19 83 17 14 99 17 59 46 7 40 34 88 72 49 89 83 16 27 86 50 70 45 35 41 26 1 31 71 65 81 58 63 72 52 86 84 14 15 35 80 43 2 50 4 66 21 85 69 79 54 22 3 42 20 86 46 26 49 64 64 37 8 26 61 23 46 41 56 25 34 83 19 88 30 2 26 22 24 8 20 60 21 54 78 45 61 49 16 42 43 25 37 35 50 28 40 4 84 75 16 39 6 35 53 45 28 7 4 99 35 20 66 96 8 5 96 16 75 12 5 38 27 44 30 98 15 72 74 24 34 77 50 93 91 39 68 31 13 74 68 50 89 70 53 66 4 67 44 50 38 15 22 80 54 48 53 90 4 79 53 67 77 5 79 74 42 24 30 34 44 13 40 51 86 55 54 23 7 60 80 0 50 46 27 77 59 61 53 0 44 87 90 88 0 81 31 31 42 4 91 81 93 2 21 33 87 53 21 58 68 8 98 42 8 41 68 44 19 11 9 72 59 18 17 84 71 91 66 35 0 72 29 76 45 47 42 88 43 58 62 8 40 63 95 43 35 21 44 39 
89 23 74 41 38 70 50 58 71 89 51 83 54 72 2 96 27 22 77 29 38 49 41 45 25 45 3 28 51 52 45 58 37 83 72 0 24 65 28 55 23 62 20 27 70 65 92 25 79 2 96 96 85 49 69 84 6 39 62 44 69 52 9 38 7 16 26 33 25 34 77 94 31 25 79 10 12 25 65 86 86 55 12 48 55 68 84 50 71 95 75 64 32 87 97 59 24 10 66 79 14 61 39 68 40 64 69 0 66 10 6 80 75 20 69 6 80 29 4 2 25 30 88 83 76 7 20 4 23 18 22 70 86 9 79 77 45 26 34 22 50 91 90 79 22 35 83 13 24 72 70 13 15 93 11 22 98 74 48 2 16 58 27 95 69 60 13 28 46 95 21 92 44 91 43 62 11 67 41 70 76 17 41 58 33 30 29 93 93 2 31 52 96 84 21 34 47 77 44 1 59 15 84 82 54 80 11 49 75 16 33 68 55 68 67 58 84 23 26 27 13 86 11 27 30 10 44 54 73 4 66 86 45 66 73 54 50 13 59 1 85 50 17 88 74 13 78 5 83 14 57 53 43 70 10 10 34 54 72 52 22 69 17 44 7 28 81 31 59 58 39 22 66 2 86 70 8 52 63 62 90 17 16 18 58 82 9 22 33 63 52 11 67 49 30 46 30 10 0 55 42 30 91 19 45 34 76 9 57 37 26 37 78 7 97 63 98 93 71 95 30 52 1 72 7 66 85 2 72 22 61 30 50 99 7 77 66 43 50 94 53 0 27 80 62 28 65 51 95 33 18 28 41 67 7 3 2 97 54 96 39 5 30 13 63 80 62 84 17 94 18 68 89 57 46 8 2 52 20 71 46 74 52 33 59 19 90 23 44 98 24 85 83 0 9 24 93 70 57 70 63 45 18 0 84 5 46 20 74 55 2 66 74 2 66 64 54 20 46 16 82 74 4 37 30 13 39 66 41 83 44 10 15 57 95 81 54 58 48 82 59 9 50 41 96 58 36 42 13 78 34 83 63 47 23 23 22 18 60 40 74 80 91 46 29 91 97 96 76 78 56 38 56 50 9 88 90 94 94 70 25 37 55 56 27 19 62 24 43 17 88 66 53 41 58 35 70 70 7 49 
85 43 30 41 70 18 60 22 66 46 23 18 0 69 78 50 43 76 56 27 55 80 34 54 96 27 20 32 85 85 79 7 17 79 78 79 52 13 85 20 60 35 61 34 53 51 40 10 42 20 28 93 0 78 20 79 89 44 42 74 94 26 3 54 65 29 67 51 34 39 4 45 66 91 98 39 80 85 84 36 80 34 49 57 97 42 32 63 76 54 40 36 33 48 72 40 84 16 46 30 88 28 43 54 78 32 11 97 22 76 21 51 78 17 48 64 43 42 63 59 95 95 18 31 83 71 82 98 26 50 88 95 71 49 92 58 16 56 96 39 62 28 66 3 50 51 73 62 13 9 72 42 48 57 0 50 99 15 1 23 68 86 14 99 78 96 80 62 26 77 36 78 64 78 36 97 7 99 24 74 95 7 93 9 31 46 93 90 18 64 96 96 16 28 71 37 17 39 43 26 54 58 1 29 37 92 19 97 18 41 21 33 18 68 24 51 98 16 95 87 19 70 41 96 41 96 54 78 13 36 13 1 36 10 45 85 0 72 71 22 49 73 3 10 60 20 71 81 71 70 20 52 94 17 78 17 4 94 78 29 61 85 98 63 38 63 13 41 81 17 87 81 27 3 31 50 43 91 40 2 61 92 73 70 79 53 84 52 31 74 48 8 5 13 5 78 54 92 65 38 93 90 65 77 9 59 17 40 99 10 8 43 77 86 5 68 23 58 43 44 5 36 20 36 34 79 47 35 39 89 84 88 55 25 3 35 41 50 29 41 71 67 54 56 54 32 62 43 53 80 38 97 42 97 70 11 15 77 5 49 10 62 4 10 63 49 38 71 37 66 51 20 15 23 96 48 24 98 70 38 38 32 91 9 51 55 25 5 92 98 96 90 45 35 15 32 30 58 10 88 37 80 54 19 99 67 52 55 79 64 79 66 60 56 28 93 35 91 3 97 21 66 43 86 19 12 22 24 42 12 94 86 39 49 68 51 0 89 79 99 40 26 87 82 81 66 74 96 59 2 38 72 35 1 1 58 65 50 89 23 34 71 4 87 10 7 99 42 9 79 37 62 22 32 50 48 41 0 61 80 49 34 19 22 49 27 33 14 45 83 96 84 15 95 22 64 3 12 16 88 
94 55 86 80 34 42 10 1 18 4 57 5 27 13 54 50 52 96 68 89 18 32 42 25 43 40 65 92 71 30 2 60 68 7 93 18 82 1 93 15 46 49 97 84 77 17 70 28 79 28 74 72 68 33 17 78 49 62 57 92 63 79 63 67 54 86 91 27 32 99 45 78 28 74 90 21 73 40 17 6 10 76 87 46 44 35 91 16 81 54 22 51 19 94 89 65 88 75 89 52 80 14 68 45 17 53 44 79 57 21 93 5 69 22 14 84 53 36 61 15 28 98 87 7 9 90 58 9 50 92 25 61 12 68 15 49 8 89 7 43 28 84 55 56 29 15 97 45 99 22 71 94 57 19 86 92 63 65 99 67 1 52 11 77 82 35 89 62 41 18 27 24 83 68 7 60 33 40 50 54 47 20 20 14 84 34 85 95 8 34 31 48 76 71 61 49 34 70 88 99 69 8 24 23 77 95 13 64 9 75 54 51 56 77 98 6 98 93 21 96 33 57 57 32 92 61 93 16 6 8 22 76 22 95 53 96 62 4 16 18 30 34 97 7 14 55 7 47 2 50 1 30 17 82 32 6 72 70 29 75 4 7 56 26 42 43 7 58 50 79 86 14 7 64 98 78 70 33 40 16 44 51 71 26 72 1 2 35 56 74 23 82 23 98 78 49 49 20 82 17 50 89 73 53 36 72 19 82 66 3 77 70 17 46 77 99 70 58 61 54 92 18 3 11 20 33 24 52 6 22 74 34 65 52 18 39 90 72 86 24 45 73 49 5 56 82 1 26 44 78 25 72 9 12 67 1 82 80 54 20 25 14 54 97 24 33 81 55 15 39 32 3 4 35 42 56 77 71 65 39 89 35 64 77 78 29 13 42 89 87 79 77 58 22 92 17 53 48 5 22 42 45 57 5 73 97 26 35 41 93 21 93 93 18 1 56 83 78 79 19 17 18 64 85 38 44 62 95 6 62 24 99 76 66 64 42 7 79 26 60 18 24 67 37 77 68 43 77 53 65 35 3 71 21 93 51 76 38 41 58 99 53 24 59 35 74 99 51 90 53 54 88 59 40 29 74 16 3 87 14 27 64 58 95 82 24 38 85 28 66 13 19 74 87 42 10 14 5 68 24 
71 7 74 86 89 85 41 32 87 97 13 76 57 41 95 46 11 8 55 76 59 82 26 22 1 70 70 3 22 99 52 44 21 10 1 28 50 31 37 97 24 64 89 90 72 70 60 5 12 95 55 15 48 12 99 62 16 0 19 94 73 24 3 19 45 80 77 58 25 54 22 11 57 10 38 45 47 86 71 8 67 98 3 3 51 47 25 28 9 83 87 16 1 16 41 15 37 83 20 33 42 90 71 42 77 82 66 80 66 57 17 14 56 42 15 15 68 38 29 99 6 45 92 9 14 8 22 54 91 69 11 81 42 12 98 79 73 79 67 69 62 46 22 39 49 65 59 0 48 43 40 75 22 61 71 84 31 66 37 80 95 72 10 69 76 90 81 37 24 19 90 28 41 23 50 61 16 25 95 13 47 13 61 86 70 51 48 62 48 55 51 98 27 2 68 42 9 26 73 90 6 97 35 50 26 19 29 77 85 61 62 19 99 68 91 14 57 55 67 70 9 8 96 35 65 25 55 15 11 22 94 31 24 25 53 31 46 62 26 10 46 92 94 86 86 24 69 67 83 93 23 45 35 51 8 77 12 52 93 81 72 44 68 14 76 99 54 10 79 16 14 5 17 24 1 93 31 97 72 10 45 33 1 27 56 50 59 97 37 11 91 3 55 58 23 83 57 31 96 0 12 10 65 69 77 40 56 93 6 71 12 67 33 63 70 31 19 64 24 29 31 77 77 54 37 30 54 74 20 77 24 21 77 2 23 28 71 8 46 9 92 59 37 49 69 15 20 50 9 53 80 97 50 44 66 46 69 91 62 9 83 50 74 63 87 21 68 34 98 44 81 42 80 75 99 61 65 73 91 79 28 8 11 81 79 19 96 66 51 1 51 7 57 4 29 65 29 23 83 97 58 48 19 99 11 32 85 30 64 2 17 23 87 91 1 15 60 59 85 74 60 91 93 38 82 80 95 65 4 1 22 82 7 68 14 61 63 7 20 41 2 16 8 61 75 21 70 34 3 2 10 72 83 55 64 67 59 67 66 48 22 9 39 47 2 68 28 15 66 42 32 69 43 44 38 78 59 90 9 52 40 37 63 1 52 84 43 13 51 35 51 1 9 5 27 40 58 92 17 58 
92 83 17 15 16 35 57 1 51 18 48 13 2 68 28 44 47 7 79 56 46 6 18 88 33 7 81 65 84 69 91 26 55 36 79 34 8 80 9 99 43 93 13 87 45 79 68 91 57 78 24 66 65 46 15 15 4 37 35 85 50 9 8 94 21 75 17 76 35 90 56 44 68 36 41 27 21 75 9 38 81 22 2 1 87 77 49 92 48 46 23 52 26 74 82 15 25 7 41 42 74 59 44 83 9 61 67 84 47 2 53 90 31 95 69 9 88 61 78 3 68 86 50 11 4 34 47 12 88 36 93 30 31 26 43 9 55 21 65 63 94 30 61 27 32 49 53 67 37 52 44 77 77 72 56 94 74 51 56 18 5 34 86 60 73 82 71 49 76 32 45 27 34 37 49 64 51 9 53 39 33 45 80 78 34 22 89 28 86 27 80 5 16 68 35 39 29 1 69 40 54 43 85 62 32 25 80 30 37 21 2 80 0 56 34 81 7 83 61 94 19 88 17 52 74 8 30 4 89 70 32 93 81 68 3 12 47 37 8 24 76 43 72 34 58 45 77 98 48 3 55 31 82 1 41 47 41 89 21 11 4 93 6 93 27 53 47 46 67 0 39 55 10 53 71 7 60 92 67 23 14 58 60 4 74 21 53 19 28 12 5 7 55 90 57 32 42 45 79 88 40 64 66 2 83 37 74 56 13 25 46 45 44 65 32 64 59 18 73 68 20 39 42 68 81 29 6 9 86 51 85 89 79 84 33 90 53 42 63 4 90 84 43 39 55 62 99 92 30 75 73 69 15 3 64 87 86 95 57 32 29 53 31 54 87 36 71 79 26 84 20 21 57 97 42 47 38 62 57 88 70 24 9 7 88 0 39 88 66 18 38 47 89 90 79 14 33 80 2 40 49 38 66 75 8 73 11 85 1 5 73 11 63 49 28 37 95 27 38 78 14 83 61 75 93 70 98 90 76 88 28 49 51 54 89 55 3 30 5 46 92 68 49 78 49 14 27 92 69 10 70 62 17 54 57 79 82 33 91 94 8 48 74 28 67 39 16 41 21 77 1 62 76 53 23 64 33 99 58 76 85 79 11 64 23 44 79 61 39 87 68 29 13 1 84 30 81 73 45 72 
78 35 28 72 24 70 8 98 14 33 25 0 31 56 77 99 77 47 99 97 60 68 39 19 4 97 58 58 21 28 70 41 14 6 31 57 20 85 11 35 84 62 52 85 44 35 16 75 14 77 73 72 17 80 17 49 20 41 43 50 28 80 64 67 30 76 81 4 97 72 86 88 0 11 50 90 67 6 51 89 34 25 49 42 99 59 86 95 66 17 45 86 49 70 31 95 89 48 33 42 25 98 15 60 9 25 48 16 88 91 4 65 34 66 22 74 65 41 66 20 36 26 54 23 81 68 79 88 51 69 26 70 59 31 87 44 92 26 30 38 76 13 1 10 33 62 77 4 59 27 12 13 24 50 47 53 98 11 19 7 68 41 21 33 96 70 26 92 19 24 0 37 78 92 7 65 15 16 19 82 34 15 54 54 18 55 20 79 50 40 32 64 89 79 34 15 10 49 28 11 24 41 82 36 50 48 85 53 60 20 37 26 21 70 18 78 96 88 88 78 69 21 71 98 21 11 97 71 56 99 57 34 70 15 15 32 60 65 41 59 9 78 42 96 61 25 5 13 36 76 89 65 61 56 22 5 37 17 30 34 31 16 12 48 82 1 33 29 25 27 45 58 61 42 65 61 76 7 83 80 41 69 45 1 80 11 9 7 36 93 40 7 46 64 66 70 43 35 82 70 0 86 74 15 81 84 21 64 64 47 91 51 80 26 97 13 90 88 26 77 10 83 52 71 21 72 91 68 1 0 31 8 22 90 72 86 92 88 47 54 36 71 71 25 44 55 9 42 65 50 3 54 47 79 82 45 56 98 99 37 29 34 3 34 73 19 55 50 46 22 99 87 13 74 69 95 89 84 96 36 27 60 73 92 0 89 62 22 28 35 34 61 98 20 40 17 47 22 75 12 59 2 21 94 30 79 98 4 99 53 92 78 39 16 40 43 44 74 76 37 92 43 47 85 72 22 36 60 80 41 51 31 72 61 72 80 95 80 78 61 19 18 19 96 82 13 44 44 88 36 63 31 16 79 91 41 75 20 73 48 54 89 44 92 88 77 70 56 33 0 29 58 56 19 18 60 39 11 93 95 62 0 17 88 45 65 23 52 96 15 85 32 31 79 47 6 7 83 17 75 
10 95 74 14 43 44 17 75 46 70 34 15 32 3 80 95 2 91 0 99 50 49 92 77 15 49 89 70 54 24 34 97 73 17 42 73 11 29 96 60 47 82 49 17 90 31 21 17 87 43 53 89 13 51 72 19 56 77 73 44 52 58 29 89 79 90 30 68 16 95 90 37 63 71 88 0 50 54 55 57 49 43 45 15 58 65 47 33 84 70 2 71 81 67 98 91 62 99 71 91 10 8 21 70 29 61 76 93 94 23 88 60 43 42 47 33 84 52 35 4 3 31 15 59 54 74 20 52 37 94 36 57 42 22 59 96 58 41 68 11 65 37 10 45 73 24 28 82 51 18 34 23 31 2 89 70 10 18 64 28 60 60 64 3 19 31 33 27 4 65 62 95 32 14 67 5 52 72 64 34 84 21 97 55 66 86 4 89 81 61 50 82 4 14 98 93 45 89 55 14 5 18 88 45 26 17 21 40 38 36 35 11 30 99 63 40 47 51 44 59 64 6 86 51 80 70 83 13 85 22 92 18 73 57 47 80 39 94 88 57 38 31 84 62 5 10 94 25 59 1 92 13 81 41 32 79 48 9 71 74 98 80 98 6 98 28 43 13 60 41 42 69 29 37 33 62 14 57 68 94 1 36 5 46 19 70 67 17 13 12 46 78 72 90 43 51 18 53 84 15 3 2 37 99 73 34 0 4 92 60 18 12 45 88 44 36 55 81 93 57 90 90 96 18 55 96 20 68 45 11 45 47 79 5 51 76 41 99 42 11 35 87 28 79 47 57 35 24 99 6 28 32 71 54 48 73 60 57 9 14 73 85 76 24 93 94 78 35 81 42 87 61 4 21 38 70 4 76 10 37 86 65 45 82 97 14 95 52 90 51 73 17 4 89 91 91 11 25 34 89 90 40 99 54 81 32 40 70 91 71 39 99 12 91 4 54 83 13 5 86 46 1 66 12 89 2 11 11 96 43 57 22 71 2 41 52 85 99 77 66 64 7 92 52 70 98 48 37 57 59 42 28 91 48 58 11 53 36 92 41 36 66 2 89 9 2 18 68 53 91 82 59 88 45 11 65 15 51 47 90 91 24 14 89 13 46 42 68 67 3 94 29 16 3 44 58 30 77 70 12 
59 82 7 85 6 43 38 97 28 63 83 86 38 48 92 74 96 0 94 36 47 11 12 78 15 7 44 34 76 36 73 80 34 5 88 91 74 31 90 98 83 96 29 0 57 3 90 75 89 30 78 18 21 68 11 17 73 48 18 33 67 82 71 28 6 72 49 62 93 31 82 40 22 28 9 81 93 25 86 75 63 40 45 20 30 18 95 97 27 80 2 6 61 50 80 35 28 8 69 25 74 33 36 20 9 85 34 89 93 18 65 15 22 15 1 54 57 65 68 95 72 69 47 82 36 78 51 1 83 23 9 12 5 96 6 62 70 45 38 87 57 82 79 94 63 21 0 9 63 50 38 10 32 33 31 65 75 65 73 91 83 43 21 69 55 72 89 77 63 31 35 16 25 86 51 33 77 8 87 81 54 75 84 67 64 3 12 94 79 79 6 85 69 6 41 74 71 16 45 66 71 51 30 19 50 96 43 11 84 6 58 69 84 45 20 82 79 95 71 21 87 51 74 26 72 38 93 51 41 14 42 24 39 93 15 53 31 42 49 1 33 65 60 86 81 29 64 90 21 73 44 3 19 15 44 47 88 41 52 29 69 53 15 68 74 28 66 77 8 90 2 95 67 80 35 79 87 61 69 56 26 49 82 72 7 66 50 3 42 5 48 80 36 81 70 38 44 78 46 92 38 70 37 76 90 30 33 41 88 43 95 99 95 19 27 31 96 33 94 7 85 33 95 47 65 50 49 1 13 46 73 42 84 8 28 89 67 41 99 3 16 5 33 64 55 59 37 61 37 78 85 30 97 9 98 14 61 9 65 77 70 85 81 42 90 2 50 65 93 92 29 70 77 81 81 82 59 29 93 13 67 62 67 33 87 69 77 11 2 72 98 47 2 25 27 49 13 43 78 61 56 75 70 22 93 2 5 50 26 5 27 16 93 77 83 36 21 61 7 0 87 84 99 83 58 19 54 26 84 90 65 24 72 62 24 10 63 28 10 11 32 43 90 38 71 16 87 46 34 17 85 57 81 26 26 44 76 63 92 78 47 69 59 91 22 45 13 30 96 23 0 10 17 52 24 18 69 1 29 64 83 21 24 27 2 40 1 15 30 42 87 84 26 3 15 25 77 28 46 52 
15 47 18 75 82 50 51 72 0 57 66 13 22 1 58 1 77 7 85 71 84 82 45 29 22 80 59 11 74 68 15 13 84 60 78 25 58 47 52 26 51 5 58 74 66 37 43 40 78 0 10 13 96 65 84 40 14 56 49 93 71 67 36 32 47 54 62 9 33 57 59 5 58 0 33 86 59 89 85 80 22 62 75 97 24 49 12 18 59 52 18 70 30 78 8 31 29 53 87 58 60 54 88 52 34 61 22 78 6 70 79 64 36 64 18 38 48 80 95 71 91 86 98 67 35 69 21 6 29 13 9 1 86 52 11 41 69 74 63 1 74 70 4 77 28 48 45 73 46 17 75 78 93 75 93 31 65 25 45 30 28 58 88 53 19 21 19 92 2 22 90 68 55 99 61 42 46 53 1 97 92 99 58 64 86 39 75 3 64 44 9 15 12 9 83 23 27 76 57 30 10 25 48 79 74 47 70 60 91 15 30 30 17 84 94 24 76 27 55 78 68 8 25 44 20 84 27 75 79 13 21 90 19 94 81 25 14 20 70 35 66 70 16 82 86 47 92 63 42 53 78 41 41 48 92 46 61 4 20 96 31 48 95 78 0 15 68 87 55 40 55 14 92 86 78 87 86 40 79 56 76 67 28 40 76 43 0 84 97 86 66 67 37 77 50 75 34 67 63 72 2 77 3 17 64 99 38 69 37 67 69 56 51 11 57 6 29 55 83 3 27 49 41 91 47 44 76 3 48 95 16 77 58 54 47 73 26 41 90 77 20 16 92 55 82 35 52 31 14 63 70 82 35 72 21 61 4 77 15 58 78 77 20 90 19 35 7 50 62 44 27 83 5 87 5 20 61 13 7 1 9 59 5 10 77 73 17 28 12 52 96 44 76 58 35 54 10 8 19 55 73 40 81 82 98 32 12 55 60 91 16 53 53 19 19 51 26 99 82 69 8 61 71 36 67 46 56 37 49 5 11 41 66 25 55 31 63 51 73 9 96 44 44 18 79 67 34 40 30 62 68 79 83 44 40 86 58 18 85 32 87 74 26 63 30 96 87 5 23 25 68 38 65 80 27 18 82 75 84 53 47 73 99 20 62 26 26 51 65 12 24 91 97 47 29 18 63 79 83 73 
34 84 92 2 37 39 33 29 86 35 30 11 51 78 99 33 27 45 38 99 17 37 78 85 17 4 72 46 75 68 88 94 44 10 34 35 98 25 5 24 7 83 48 38 89 52 99 92 60 87 5 33 21 98 23 79 78 41 59 58 90 89 18 17 62 97 98 52 43 46 21 59 26 39 70 34 90 71 97 25 1 58 40 70 61 98 39 28 8 71 46 6 6 68 20 17 59 91 8 99 12 2 27 53 50 8 11 70 60 44 63 51 16 8 14 61 34 40 73 45 96 52 12 52 37 96 84 56 3 18 44 69 58 33 40 79 47 72 45 26 49 41 65 11 3 39 46 35 79 94 47 66 89 93 86 61 2 24 32 23 19 20 1 25 44 71 79 4 82 1 58 59 53 35 17 41 90 37 11 95 84 95 11 18 99 55 20 76 6 14 25 64 97 88 64 75 11 53 2 81 14 41 31 97 79 66 94 96 59 97 2 82 78 75 94 17 67 76 82 79 60 49 91 47 56 29 74 65 77 41 35 89 95 26 24 39 11 71 43 24 60 71 35 48 3 66 88 73 92 14 96 58 88 49 98 99 5 1 16 12 44 37 75 1 74 70 88 97 45 16 17 98 36 19 10 80 14 67 24 83 70 40 37 78 58 34 13 5 18 7 37 83 84 71 86 77 26 35 25 89 58 71 36 14 24 57 79 46 8 9 3 38 26 41 3 7 19 20 10 5 98 35 0 40 19 5 4 0 23 0 25 37 33 2 24 91 23 45 17 84 95 21 98 84 75 87 76 92 94 91 31 98 74 21 88 95 15 1 37 46 98 93 97 73 2 11 8 74 25 27 81 4 62 96 47 57 33 65 89 49 20 95 21 72 36 49 70 29 48 89 56 49 10 57 69 2 41 61 86 62 54 63 55 94 9 62 27 54 40 7 34 72 80 48 96 40 39 56 2 34 40 28 43 62 83 50 56 4 3 47 56 48 59 61 67 15 81 47 17 59 1 97 50 26 98 63 39 42 60 88 28 73 57 42 12 36 65 47 28 66 88 3 55 48 19 45 41 66 65 8 3 79 11 35 66 54 78 18 40 69 77 46 75 83 10 90 11 41 69 73 71 12 38 20 91 1 38 24 44 56 
30 35 35 50 63 1 99 66 37 59 89 74 93 11 61 43 24 62 66 37 2 98 94 15 7 62 3 3 53 84 6 69 86 86 70 30 12 59 15 54 70 60 47 33 40 45 52 74 98 81 0 45 97 11 93 47 30 21 41 11 91 30 69 92 23 47 0 96 38 21 34 11 45 67 46 77 11 93 5 0 76 35 4 41 84 48 12 92 84 21 19 1 76 83 66 90 77 76 89 23 53 16 98 41 83 86 18 98 93 52 28 56 18 45 11 24 21 97 54 36 55 22 22 8 61 78 80 66 26 55 0 5 94 54 2 87 43 59 34 9 70 65 81 82 25 29 21 86 28 91 41 82 82 13 38 25 93 98 85 33 96 74 71 94 28 61 57 34 65 25 67 82 19 87 79 27 44 72 38 9 15 80 43 96 6 48 27 72 80 45 71 6 54 16 4 3 83 11 64 37 33 87 61 44 79 32 91 15 32 58 33 31 60 66 21 59 21 16 48 84 91 70 16 82 17 29 8 32 80 62 11 65 12 51 96 84 18 87 69 73 91 72 84 48 67 95 23 54 26 38 3 29 57 1 82 93 40 65 94 4 38 20 69 22 74 20 20 9 28 24 21 38 39 60 37 81 98 65 80 77 33 64 22 96 38 85 53 10 95 36 44 68 69 75 32 55 37 62 21 56 70 67 75 90 0 4 41 73 15 23 46 26 71 16 78 29 22 20 35 18 62 58 8 99 46 62 46 16 67 45 86 12 27 84 42 12 76 50 48 26 6 64 27 43 71 40 10 99 90 85 82 36 38 75 8 58 72 36 44 2 3 1 8 30 12 63 24 28 85 44 13 65 17 98 48 8 17 22 64 67 53 41 40 29 22 67 98 32 75 31 10 13 33 31 83 46 32 72 39 39 86 97 30 72 62 20 89 78 34 9 86 16 16 94 35 96 35 42 74 34 79 66 84 92 22 97 75 23 91 95 28 53 84 84 25 55 44 70 45 48 24 80 26 55 46 37 84 18 67 12 66 0 41 73 58 56 13 64 20 50 17 64 51 81 30 15 31 77 64 40 6 88 6 85 70 16 71 46 58 78 61 86 5 53 4 36 75 60 59 60 21 70 39 96 83 80 84 33 48 59 
84 38 6 75 1 99 74 22 79 78 11 34 30 34 62 10 81 51 0 37 26 14 87 52 8 21 94 77 87 42 16 13 95 84 6 95 19 34 32 53 23 35 85 51 4 34 10 46 39 98 53 91 24 84 62 87 72 52 66 9 54 50 6 74 78 19 82 4 7 66 39 14 14 74 9 35 90 20 57 58 46 42 70 1 77 32 94 92 44 86 40 19 81 61 31 2 15 93 98 38 26 71 94 1 60 32 31 34 72 66 83 1 26 93 43 51 83 48 67 7 59 33 72 56 44 11 39 83 13 11 5 99 82 89 66 29 30 27 87 35 46 74 35 88 36 76 47 71 88 90 32 63 85 19 41 80 60 4 10 86 8 89 9 38 94 28 59 11 87 93 96 99 21 46 34 86 59 4 47 26 47 13 82 80 47 55 45 86 92 9 68 82 97 32 96 73 87 61 16 79 55 49 68 62 49 85 33 93 71 99 59 27 97 73 10 72 4 64 2 51 16 92 1 20 71 18 79 1 71 22 15 56 55 91 29 99 92 55 57 22 81 3 55 52 81 90 77 40 36 88 81 50 17 18 0 19 50 81 54 57 97 84 70 58 1 2 60 26 28 24 1 83 20 38 23 25 23 83 18 79 92 14 74 72 94 56 98 13 83 68 68 49 93 16 98 90 36 80 61 68 8 56 96 76 84 78 6 43 28 6 68 39 42 82 57 44 55 0 59 94 13 74 95 63 36 52 23 80 97 4 19 57 33 47 9 20 98 74 34 78 74 75 66 92 57 12 93 35 21 48 19 83 76 13 21 21 77 26 65 83 50 2 8 96 10 93 77 0 13 98 21 37 20 40 53 7 98 8 68 21 91 94 50 88 73 12 23 23 48 5 88 8 54 18 54 66 27 90 8 16 9 1 72 8 3 50 77 4 91 86 48 49 41 0 27 8 30 15 29 6 90 52 19 90 34 45 2 86 52 98 78 31 94 85 7 17 69 85 18 30 87 82 26 43 28 61 95 32 70 78 54 49 90 65 59 22 68 25 20 49 94 77 35 61 37 65 33 29 13 93 28 21 66 45 73 69 51 33 70 75 10 77 68 42 48 7 12 84 6 47 59 23 76 52 26 19 69 9 15 51 
39 87 62 75 73 41 91 28 86 76 36 74 60 36 57 42 72 74 18 83 52 87 25 83 98 45 41 69 83 29 66 65 28 77 9 5 43 83 90 3 58 45 81 25 95 27 30 51 19 58 17 83 72 66 44 77 5 82 98 2 34 90 88 91 75 73 33 90 9 68 76 76 33 30 60 47 15 38 15 45 52 87 24 38 32 22 61 63 20 49 94 99 34 38 33 58 52 85 30 28 29 42 67 75 57 55 39 80 17 73 60 40 20 53 88 93 20 41 40 2 79 36 20 31 95 66 11 70 8 55 0 43 25 67 7 33 22 70 76 29 24 17 96 90 42 12 93 83 54 25 33 1 27 61 46 95 22 18 49 70 6 21 14 16 12 17 90 94 95 96 8 82 57 4 81 62 18 56 27 1 84 60 80 69 55 78 70 43 14 23 58 75 50 25 46 19 71 54 31 69 56 17 70 54 26 88 85 58 28 73 18 30 50 45 68 25 99 70 33 86 99 19 75 76 61 38 38 79 37 85 97 15 97 85 4 18 77 31 37 91 97 52 26 12 86 96 10 63 40 53 75 57 34 0 84 38 98 64 3 17 46 34 9 95 87 49 84 70 78 51 49 12 24 11 46 43 26 44 70 15 68 11 8 47 2 68 92 68 37 39 24 8 27 73 7 14 41 23 92 97 59 10 88 13 57 72 83 12 29 71 64 54 22 92 80 72 15 49 93 79 30 31 87 53 35 90 50 47 51 57 42 75 82 22 72 32 21 49 73 67 16 40 63 64 83 76 6 6 14 10 97 91 74 76 82 44 22 89 88 15 54 29 18 73 34 50 75 39 83 96 24 75 34 27 25 64 77 75 75 11 34 75 73 31 44 38 34 96 0 90 19 73 1 85 46 83 64 2 22 82 59 59 11 65 95 60 24 51 75 33 43 7 3 8 5 36 61 85 71 13 46 93 96 59 48 36 48 88 83 73 93 18 42 56 16 20 3 84 57 61 93 30 6 39 49 96 65 13 19 13 93 60 95 86 91 74 4 57 22 93 95 73 83 42 99 34 89 49 27 89 8 4 60 6 92 11 89 73 45 79 32 19 32 57 44 65 32 68 84 26 30 97 69 25 82 60 82 37 83 52 
58 48 77 99 79 6 0 46 70 54 56 25 52 33 95 47 83 46 31 29 16 18 9 53 63 2 24 77 15 45 86 84 88 53 55 36 35 0 36 60 5 36 63 48 45 48 23 67 2 62 51 52 72 37 94 73 71 94 2 83 39 2 93 58 2 9 83 48 22 98 2 31 93 33 50 20 21 93 60 8 81 91 45 6 37 91 63 60 9 38 28 34 1 84 98 13 43 70 90 74 82 70 75 52 2 6 57 52 4 58 86 19 30 63 53 35 6 16 22 74 24 22 98 30 30 67 35 9 87 74 58 95 98 54 2 14 92 3 72 64 24 37 85 76 55 20 99 54 88 52 56 96 88 14 95 9 65 91 5 68 3 3 87 30 67 52 65 95 84 49 6 18 95 53 12 6 88 92 95 23 98 67 45 38 5 67 93 54 22 96 12 28 86 63 99 8 96 34 14 31 61 86 56 43 73 93 89 66 55 54 36 40 36 62 45 27 72 47 78 83 97 22 68 25 96 1 36 32 5 3 38 15 67 39 74 86 92 15 10 67 14 61 44 74 74 71 11 56 80 72 63 61 31 74 80 84 18 16 23 43 23 23 29 67 75 85 28 93 98 6 4 14 80 91 53 76 69 95 37 0 49 36 44 87 75 86 66 84 67 26 44 25 61 26 83 26 20 11 42 84 14 86 70 30 66 31 19 63 80 31 85 0 28 25 36 5 93 95 8 99 19 58 63 69 3 80 28 57 62 20 91 60 45 71 46 68 79 53 56 98 87 77 20 48 60 66 45 33 58 38 63 22 79 60 36 71 81 45 31 19 94 38 73 57 2 13 70 67 87 77 59 15 43 63 46 95 81 70 89 61 89 14 18 75 77 60 34 5 40 85 33 89 98 64 34 18 77 64 84 28 18 7 11 54 79 83 34 50 91 67 45 53 86 86 3 2 75 34 18 48 99 96 38 38 25 86 79 27 6 36 66 7 65 59 49 0 39 35 94 12 19 64 77 82 22 56 12 71 29 10 0 23 27 70 90 95 44 36 96 14 6 14 64 15 47 37 29 77 80 42 4 38 84 57 32 59 20 87 83 5 54 29 48 20 98 35 37 80 29 98 92 40 68 8 32 89 45 90 59 80 
64 64 77 75 39 50 12 74 8 74 14 20 94 49 46 7 2 48 26 32 43 72 96 84 64 31 56 92 34 80 2 82 74 93 65 28 95 35 39 84 66 47 13 57 57 75 33 61 7 67 46 52 11 38 25 56 75 96 62 73 82 92 76 26 95 85 92 56 24 16 54 91 47 65 26 12 44 32 35 30 24 82 86 31 19 60 77 12 96 77 76 43 57 87 11 1 65 96 77 16 94 18 17 39 18 24 27 40 82 54 30 69 9 79 3 50 86 50 40 81 31 20 62 67 52 11 0 99 59 14 85 48 2 7 44 75 24 12 2 18 31 31 51 43 30 84 28 80 85 4 24 67 97 63 90 68 86 94 51 19 38 27 13 19 71 4 34 56 20 58 1 49 8 97 14 55 67 11 92 18 22 31 20 45 57 84 27 96 43 42 56 69 68 19 91 22 54 45 9 14 38 48 13 26 92 70 90 50 13 50 30 16 32 25 43 0 15 18 48 52 35 17 30 66 63 10 59 68 65 79 75 16 26 39 29 64 27 85 40 47 68 84 15 49 39 60 26 23 92 73 62 2 99 26 42 30 83 84 55 66 78 72 57 10 41 51 79 72 50 21 5 71 78 97 19 53 36 26 57 79 47 84 49 62 71 93 12 92 27 90 57 11 65 74 39 82 50 41 93 82 55 80 51 90 37 69 90 53 6 97 39 7 56 57 93 43 45 57 80 21 79 10 10 56 88 48 16 89 65 91 40 13 5 41 26 43 48 84 40 65 93 27 2 88 3 91 77 46 11 40 74 96 31 26 30 13 9 5 78 34 47 87 56 45 85 32 36 47 28 54 20 60 38 22 24 74 21 22 95 63 20 45 73 34 20 48 69 81 15 11 27 54 63 79 81 84 45 1 35 53 31 59 51 35 43 1 2 28 49 50 1 41 53 60 79 27 60 58 83 21 55 41 92 68 61 85 95 87 28 72 69 94 68 11 57 78 39 32 92 51 76 72 92 84 48 86 42 42 14 99 31 80 72 87 17 30 66 84 41 41 75 57 32 37 84 86 30 0 15 67 62 18 96 54 67 25 80 5 3 52 19 46 6 67 6 61 33 0 17 91 72 52 48 81 41 27 9 28 2 69 
93 38 8 46 24 25 60 84 6 18 54 4 57 45 77 77 57 19 94 51 26 52 40 88 45 82 31 47 46 46 72 78 52 61 37 58 9 82 77 4 24 41 74 19 91 67 73 99 54 1 70 27 89 46 1 70 90 53 60 90 47 78 41 43 1 68 50 19 53 51 92 54 17 7 97 60 94 88 37 44 84 63 86 43 43 17 15 46 98 67 66 56 41 66 85 71 78 71 31 1 99 93 15 26 69 90 73 28 49 12 40 81 68 9 18 60 71 73 77 19 49 74 14 48 99 80 44 27 82 34 84 47 35 69 27 3 89 92 7 66 84 79 93 38 85 27 34 77 2 58 20 86 15 48 52 15 41 26 98 98 6 70 1 45 62 2 79 57 48 19 59 59 75 25 45 30 7 54 13 99 39 80 80 30 1 71 80 76 96 74 95 65 4 1 57 89 91 15 57 53 46 1 4 99 39 18 44 66 70 4 97 42 2 44 61 28 69 49 53 28 71 58 86 64 27 40 49 44 46 66 19 47 76 12 76 49 7 63 78 77 7 15 40 57 83 56 71 47 78 29 81 71 18 81 28 86 51 12 97 21 59 10 58 50 29 78 25 14 20 58 2 84 41 1 19 8 59 21 89 44 13 42 54 16 69 75 45 84 85 55 1 33 79 99 38 31 53 6 88 9 64 68 46 34 92 28 98 65 81 76 65 35 24 74 89 43 33 40 65 65 60 63 85 3 61 21 55 17 28 84 21 87 37 30 68 32 9 42 92 33 9 55 45 23 18 52 18 13 62 72 83 61 72 3 92 29 42 28 48 25 95 52 4 75 15 2 37 70 67 9 39 67 56 96 54 4 68 24 96 22 54 71 5 98 13 98 52 11 1 4 23 30 53 62 64 74 84 86 21 99 38 4 25 88 37 29 48 68 5 50 29 41 87 97 97 18 0 86 47 99 30 97 86 29 35 50 87 28 78 73 91 95 54 23 63 63 84 56 86 20 21 42 43 51 80 46 68 93 13 50 78 6 33 91 18 14 96 36 7 84 41 26 25 60 76 41 45 62 6 7 2 99 40 24 51 3 33 78 94 52 94 58 1 27 91 34 35 28 88 20 81 34 91 71 33 11 27 20 22 65 
58 80 58 95 79 8 53 26 59 54 23 79 45 94 91 95 95 38 84 44 27 86 16 8 98 35 96 35 56 31 28 93 36 38 27 88 81 83 0 20 77 64 2 17 97 90 78 17 86 84 59 21 22 99 46 75 5 42 34 66 74 34 17 6 53 9 81 55 55 55 34 60 23 33 20 66 11 26 8 39 10 14 46 12 8 5 49 50 69 48 98 0 21 66 98 71 27 21 27 24 31 45 77 26 74 50 65 84 37 2 82 17 29 74 42 24 17 1 63 51 57 9 82 22 33 81 31 97 61 66 83 50 7 62 42 11 21 37 97 16 93 94 56 48 15 38 11 26 78 68 74 38 81 13 12 76 71 84 32 67 96 36 59 10 75 88 29 11 64 16 44 69 23 31 69 32 50 16 52 6 42 65 58 44 65 48 53 29 94 27 0 70 58 91 44 7 85 61 86 61 16 6 5 5 30 91 83 80 64 47 71 79 61 3 9 45 78 66 37 38 54 79 57 38 10 51 58 34 51 64 21 42 36 26 82 76 14 32 44 77 28 70 6 49 12 8 10 88 99 19 68 18 64 22 9 6 68 9 61 6 80 32 89 38 92 26 13 27 3 96 53 46 95 91 34 46 34 87 60 61 20 24 54 42 99 58 49 86 53 15 12 0 45 47 3 8 33 25 39 58 54 9 62 88 60 49 3 19 59 31 80 62 78 31 34 37 95 65 57 0 68 90 44 44 9 40 91 52 14 71 40 92 82 73 78 6 63 44 93 83 52 46 10 61 20 21 25 60 53 45 64 37 25 23 58 29 96 59 73 43 75 12 59 82 35 46 95 81 24 12 91 36 99 19 45 2 39 75 7 19 64 41 28 0 49 96 23 0 63 0 85 65 28 60 86 63 85 99 91 1 40 21 55 2 23 90 31 2 37 7 0 49 48 48 83 94 11 27 50 60 88 7 14 37 70 31 3 0 1 51 31 93 18 71 7 98 33 43 2 88 32 95 60 42 90 80 90 2 55 99 14 2 54 8 73 88 68 33 71 48 15 4 35 26 79 94 44 28 39 46 43 25 83 18 10 15 65 28 29 46 42 91 26 45 62 79 58 57 75 46 14 16 13 9 43 7 22 54 66 55 
76 20 94 21 95 84 47 8 13 0 63 22 43 53 7 30 46 12 85 85 81 11 63 76 53 66 11 89 87 48 4 99 8 59 15 55 19 36 35 17 66 56 78 99 38 64 41 56 1 16 54 24 96 38 52 83 14 23 18 91 62 38 0 74 60 16 50 16 47 48 10 96 21 68 12 89 56 68 52 80 83 45 24 33 68 32 83 90 5 80 29 82 16 54 92 45 87 87 66 99 20 95 76 24 33 92 90 75 99 77 64 50 77 72 69 9 91 2 61 68 28 49 28 98 56 86 93 39 70 53 48 5 56 49 72 71 55 32 56 50 86 67 8 33 94 18 83 27 39 18 30 50 85 27 87 18 38 96 83 38 51 40 0 14 50 14 44 30 97 77 74 13 74 14 18 94 42 53 15 31 0 86 2 91 68 24 30 94 63 74 46 50 36 30 82 73 75 62 38 16 1 93 27 37 73 90 92 16 58 31 0 11 64 41 92 68 64 1 32 19 42 78 1 4 24 14 70 6 85 94 39 37 71 1 89 2 66 71 71 44 69 51 60 93 77 18 18 53 25 67 26 97 31 31 73 24 76 67 63 82 7 12 98 27 70 34 14 95 13 61 62 77 3 96 1 81 23 87 2 5 59 80 60 0 98 20 22 53 47 83 79 69 85 17 73 40 54 74 79 44 55 65 11 72 77 68 52 16 32 47 69 40 43 50 6 42 56 67 44 28 89 33 88 50 72 41 58 20 11 87 80 55 79 53 32 77 74 46 93 82 14 30 47 3 40 95 20 82 97 91 39 8 79 41 47 42 63 85 15 40 57 20 68 33 46 95 10 31 2 62 24 2 20 68 67 90 14 25 77 14 19 76 75 46 24 79 99 77 70 43 74 59 1 36 45 65 30 57 65 63 33 28 33 8 51 57 95 56 21 91 7 42 72 42 91 14 92 99 42 18 46 81 7 30 47 13 33 4 85 41 89 60 32 40 91 6 81 61 37 18 82 96 92 80 47 5 96 43 47 73 26 9 90 94 20 61 61 46 9 53 74 13 73 31 26 6 27 73 1 40 98 12 8 94 1 77 48 14 70 25 46 17 52 67 10 73 19 83 37 79 1 82 42 71 51 11 4 22 53 64 
40 22 90 97 8 52 90 91 88 47 61 37 8 99 12 48 99 16 50 21 62 36 56 35 40 78 53 93 80 28 1 37 12 68 92 93 17 54 66 58 94 53 52 19 82 3 14 83 52 46 63 22 57 25 80 69 0 98 84 24 37 49 91 28 36 32 54 9 67 96 59 18 39 12 1 30 6 61 54 9 49 55 39 55 97 2 23 76 99 59 16 45 76 91 62 78 80 43 62 45 82 30 15 82 1 1 62 87 54 54 47 5 46 67 69 52 22 75 62 23 92 20 25 20 35 43 72 3 25 22 5 92 19 17 71 74 10 62 32 69 58 44 94 92 44 70 43 96 0 96 57 19 79 11 90 68 41 10 99 58 90 55 43 63 57 35 79 23 38 41 75 5 8 77 19 93 22 52 87 31 28 37 24 47 36 24 28 2 86 10 76 8 47 68 4 98 9 81 14 65 67 77 23 23 62 15 30 77 5 1 66 91 29 19 62 64 88 45 23 57 87 49 87 56 73 12 19 23 9 31 38 75 59 77 47 66 68 68 87 52 92 69 80 65 23 72 93 66 34 35 31 58 59 74 3 47 27 70 94 93 59 78 29 38 21 15 88 7 68 27 37 65 31 8 33 4 23 18 55 92 18 82 44 24 10 88 81 32 9 96 63 86 55 64 88 13 70 94 23 9 4 67 49 41 46 71 64 77 72 19 9 50 33 7 21 60 8 5 2 72 35 73 35 67 51 79 35 97 37 54 29 57 75 14 11 39 42 36 83 83 38 93 3 98 46 96 64 66 54 92 60 67 98 17 21 63 65 29 9 97 26 63 25 94 78 71 63 0 66 20 36 40 54 2 0 89 70 2 3 29 71 61 71 56 65 8 39 87 9 4 4 26 26 56 30 21 68 62 97 31 42 40 72 60 79 60 90 62 95 78 79 62 48 76 9 20 21 94 67 14 89 39 66 4 63 36 63 29 97 55 29 53 43 7 11 44 1 30 43 54 59 70 64 68 0 13 28 82 57 87 31 5 75 90 60 26 84 68 21 67 9 38 90 90 16 32 72 84 69 88 84 16 10 0 69 8 71 36 6 71 77 99 85 15 62 57 38 93 38 49 96 7 17 79 1 41 89 61 85 95 
26 61 61 2 70 11 7 65 65 85 37 22 97 74 90 57 43 23 40 48 59 79 20 12 52 62 34 15 67 69 8 18 12 91 37 40 13 87 63 16 51 20 38 80 46 89 9 31 37 58 90 40 22 54 97 3 47 20 49 23 33 67 42 84 27 69 98 35 86 71 87 92 56 49 12 96 95 82 8 28 24 9 99 60 47 71 62 55 93 35 57 54 47 61 19 46 32 3 82 99 82 45 71 51 1 61 49 27 28 98 25 0 80 41 32 5 67 56 24 73 78 72 92 71 49 26 11 16 18 14 14 79 40 84 9 70 72 94 55 73 74 74 97 21 10 0 41 47 93 71 27 48 50 76 4 75 24 34 93 97 2 40 38 4 8 32 60 55 15 70 59 73 72 84 68 21 77 83 98 65 13 74 87 29 18 77 66 9 67 57 74 81 62 2 18 37 82 65 59 2 38 59 45 8 6 30 82 88 78 34 91 43 28 23 52 23 21 53 2 26 87 31 3 53 8 68 37 87 67 56 39 62 39 47 13 97 41 51 90 35 63 82 99 10 49 8 77 28 91 30 91 14 66 93 29 53 8 91 1 66 14 11 8 44 20 68 50 69 16 14 41 65 86 33 51 66 64 87 52 97 88 18 31 72 3 77 7 80 92 37 0 29 52 71 5 16 69 72 66 59 51 21 60 71 91 80 99 87 78 15 3 44 37 8 72 41 71 16 24 55 18 24 75 36 19 72 76 33 40 26 19 44 11 71 37 37 80 32 79 51 65 44 59 5 54 72 51 64 24 47 75 58 42 14 58 93 69 19 3 11 15 10 58 40 35 32 64 38 59 76 79 53 20 94 87 71 49 1 60 98 93 96 57 60 42 57 64 5 98 46 3 55 69 56 83 70 11 32 75 7 20 51 10 51 76 85 57 95 32 1 75 34 54 33 66 85 96 48 31 59 80 91 96 29 7 8 13 99 39 71 36 31 53 79 70 17 15 33 7 17 2 23 59 9 28 84 74 22 76 66 45 76 1 16 74 84 60 62 90 98 60 77 53 59 12 63 37 96 28 22 46 36 56 39 30 31 46 79 53 11 12 5 51 91 93 59 97 33 56 30 40 48 29 78 64 94 76 87 16 40 
52 68 54 40 84 34 22 15 52 44 42 51 66 8 77 6 62 47 28 7 83 36 8 0 79 2 45 97 86 87 95 40 33 51 11 42 41 74 92 53 66 9 22 67 93 35 70 69 30 47 68 99 58 56 94 83 20 74 46 88 13 11 81 65 33 52 69 82 72 8 83 74 25 65 41 2 10 26 68 33 64 53 85 61 92 82 18 97 42 20 82 74 85 27 72 19 88 49 83 83 87 36 25 50 5 68 83 65 95 5 57 58 5 96 87 28 57 19 83 49 45 97 4 56 62 47 14 85 80 87 10 34 57 7 32 61 60 10 36 15 23 76 46 79 8 68 50 32 90 57 50 55 7 62 37 89 33 3 76 15 71 11 46 43 10 15 74 89 28 79 23 6 27 63 63 37 73 29 17 94 50 66 31 40 50 1 5 58 45 7 10 74 33 27 87 41 11 74 5 97 84 31 74 47 69 35 20 83 44 39 41 94 97 0 90 32 46 40 71 98 43 19 59 98 80 13 33 84 11 10 65 51 89 86 83 4 40 10 20 38 78 54 39 31 48 61 47 2 69 94 1 38 29 52 17 94 10 8 55 57 94 69 52 91 41 96 87 69 60 25 49 34 74 98 32 66 18 99 70 95 81 50 97 34 5 64 62 83 95 83 95 28 37 41 13 35 90 81 86 57 10 97 81 74 13 28 79 83 47 84 18 63 50 94 28 93 31 29 63 88 85 80 27 60 47 68 79 36 92 90 55 73 97 56 41 70 81 62 43 21 72 63 36 65 22 41 6 83 97 73 40 74 10 2 64 6 56 9 75 25 17 73 3 12 57 20 45 8 16 89 19 12 24 68 20 1 23 7 39 97 21 34 64 80 77 17 89 9 60 0 5 3 47 12 11 63 23 52 24 13 98 94 76 45 63 79 22 44 56 8 43 15 47 66 97 87 7 61 24 2 16 65 65 85 74 53 25 70 54 31 32 88 17 95 86 32 9 92 78 78 38 56 1 45 49 43 49 83 27 34 55 76 7 40 66 53 0 46 33 0 38 55 39 70 43 78 89 76 11 19 11 22 59 63 34 49 29 84 21 59 81 72 7 16 50 45 9 31 11 33 25 10 24 31 74 10 56 22 60 38 
80 88 30 5 26 77 66 14 50 89 65 20 53 71 12 58 16 48 14 56 99 60 24 19 22 55 81 62 82 78 49 69 21 7 99 98 52 38 57 86 5 10 53 5 44 64 66 65 41 33 53 64 66 70 25 32 39 67 23 22 59 24 70 10 33 36 2 78 35 59 71 65 77 47 9 35 29 45 37 26 57 68 54 38 66 38 61 12 40 27 90 27 34 43 44 61 44 15 39 29 10 46 39 12 82 16 12 29 28 79 64 16 89 34 61 99 90 6 32 48 87 7 48 21 68 43 95 45 78 1 33 42 97 40 67 43 96 81 27 20 74 27 88 72 56 93 5 74 15 81 9 51 71 63 26 55 32 72 14 74 52 32 94 49 57 50 25 97 56 90 38 80 78 47 54 85 42 95 7 0 88 35 2 90 8 99 32 54 74 2 31 53 13 98 48 24 61 10 22 39 93 3 49 20 28 69 7 40 88 34 3 21 73 40 85 93 79 3 66 17 58 45 44 10 65 65 12 80 97 62 37 93 36 69 20 60 57 79 66 9 1 88 21 20 10 33 39 43 91 12 75 17 21 41 90 33 81 55 53 4 26 73 88 34 3 10 90 93 44 39 18 87 77 83 69 53 84 48 84 13 81 8 1 70 14 30 73 60 20 2 93 57 55 78 25 66 80 71 60 87 45 36 86 66 81 97 46 53 26 22 4 34 75 93 98 27 34 85 1 62 10 56 6 42 4 15 1 18 79 45 46 49 61 26 63 56 32 85 38 60 77 23 54 31 3 17 75 84 51 76 53 93 3 84 53 1 37 15 44 6 34 2 84 96 71 28 13 26 82 22 47 53 55 16 32 47 17 10 64 10 87 72 11 69 48 98 82 50 63 10 14 5 51 36 30 16 99 64 68 39 76 66 30 85 26 99 96 55 63 54 80 49 70 78 57 63 53 98 25 15 1 0 43 80 58 18 27 72 81 17 63 41 52 52 98 16 34 70 47 47 19 79 61 16 6 28 48 71 88 27 70 25 84 13 62 54 9 99 73 0 98 7 39 8 49 36 49 16 29 59 21 42 56 96 61 36 85 88 71 76 55 84 56 18 87 13 44 40 58 85 14 13 73 83 5 41 60 86 97 60 
13 96 57 81 39 33 21 41 35 24 24 59 77 10 44 42 98 60 29 9 84 27 55 63 11 91 3 60 11 54 79 62 62 39 29 63 63 65 73 70 66 70 33 19 78 66 47 17 17 50 93 22 64 93 16 41 58 48 85 44 53 77 19 15 98 50 83 13 16 86 96 99 64 21 36 81 43 92 62 66 21 76 84 31 97 99 72 80 77 34 1 65 34 33 93 82 19 56 0 10 83 71 28 85 96 73 99 29 79 80 44 93 65 60 17 11 51 45 85 56 1 62 5 85 31 91 29 32 72 45 32 27 6 8 55 88 3 22 94 34 31 39 32 39 17 95 14 63 82 11 5 80 16 42 91 85 11 64 42 80 78 9 99 55 27 6 18 7 76 28 35 60 61 87 49 88 22 38 61 10 79 61 97 40 13 84 17 12 42 82 1 11 72 4 92 51 14 15 13 19 11 19 64 97 67 29 8 59 35 76 51 1 89 75 17 1 0 30 48 28 17 90 62 16 66 50 41 23 30 8 20 7 20 51 99 86 9 22 41 85 60 96 15 71 25 14 4 99 58 58 51 93 23 85 33 64 84 3 40 70 63 37 6 92 28 84 58 98 1 65 0 69 74 88 51 53 21 20 88 41 50 38 64 52 8 74 42 31 95 47 22 17 1 39 25 74 66 74 62 58 93 41 88 88 36 66 93 30 47 54 79 80 48 12 25 45 85 84 68 28 10 34 26 79 57 60 51 20 15 77 2 17 93 88 98 97 14 52 46 47 31 25 14 39 4 51 79 99 93 57 48 80 57 49 26 29 74 38 77 78 97 14 8 49 35 53 39 85 57 61 86 72 59 56 45 19 47 91 38 35 64 16 34 50 37 74 28 62 20 83 83 65 47 3 10 50 53 68 9 56 56 9 57 96 17 18 11 23 84 4 54 60 63 33 2 7 65 59 81 99 28 29 68 77 78 66 77 77 38 12 24 13 47 76 7 0 17 69 38 0 68 90 42 11 77 64 12 62 33 82 33 16 57 55 18 77 16 53 13 10 79 15 90 72 78 78 19 91 65 12 40 70 62 17 28 12 58 45 8 0 46 25 4 16 95 88 7 74 27 14 90 84 23 56 61 23 10 59 14 66 
99 66 82 60 74 53 2 78 18 64 25 81 51 66 82 55 90 42 92 84 30 99 88 60 14 64 83 59 82 31 16 45 78 69 16 39 56 94 61 45 2 21 84 36 44 83 58 19 55 8 21 94 46 90 18 90 92 45 82 87 7 39 85 39 31 36 82 14 77 40 69 14 9 0 89 5 94 19 30 45 93 94 89 0 81 34 97 12 22 92 43 13 47 25 85 16 41 67 4 38 8 20 93 69 72 69 0 70 20 50 60 0 5 60 18 7 51 43 13 97 99 13 33 89 8 62 47 69 56 46 25 66 73 96 75 89 13 77 28 84 14 83 16 2 54 78 10 91 46 96 54 31 79 32 78 76 6 95 76 50 52 69 46 95 37 97 85 75 22 18 43 78 17 92 4 63 60 4 58 35 8 71 80 95 15 86 16 70 3 94 45 62 34 52 83 64 43 84 36 86 47 9 91 18 79 84 99 20 43 10 38 68 16 43 54 92 50 97 12 78 41 65 59 6 33 88 76 19 48 47 76 71 30 11 81 48 31 95 8 33 16 49 50 85 35 57 41 86 60 3 46 13 36 78 69 69 41 23 81 45 50 12 20 6 77 34 37 53 78 98 48 85 86 23 9 95 67 83 9 95 46 54 54 30 50 39 22 96 83 18 73 36 95 38 58 18 20 40 2 25 6 27 35 49 22 17 21 78 98 30 98 93 71 52 55 90 25 47 33 91 6 82 85 92 38 44 44 64 85 4 10 59 78 83 89 92 54 0 8 21 92 70 16 16 27 48 59 60 80 37 95 81 23 5 1 56 16 88 7 55 30 17 43 96 34 2 65 67 40 18 79 52 52 75 75 53 67 74 24 85 80 11 96 14 36 97 89 41 40 89 7 28 38 85 6 15 31 17 93 89 68 73 34 8 98 14 54 87 6 77 67 81 0 0 0 36 83 44 73 39 34 35 80 42 22 67 23 37 96 90 99 95 52 44 84 97 58 89 6 56 20 55 20 71 24 36 2 76 59 56 28 77 66 10 93 82 53 99 70 89 73 23 16 76 2 94 71 70 77 70 51 53 45 55 70 88 21 15 72 57 53 16 52 59 85 98 20 87 67 1 10 72 51 42 16 54 89 1 13 84 
38 55 13 68 82 5 59 67 29 1 44 92 84 95 59 98 14 83 35 58 60 77 29 29 93 45 66 2 78 60 87 39 5 46 19 77 90 81 77 57 74 54 95 88 32 47 18 78 26 13 51 83 57 79 61 42 43 91 80 18 64 15 57 38 22 6 67 48 26 44 37 9 88 3 33 35 38 71 53 58 32 5 16 41 77 7 95 68 90 7 32 62 35 90 34 93 74 99 55 72 37 36 75 52 46 38 6 21 73 51 3 39 92 1 81 37 1 78 74 37 33 87 39 46 7 93 92 93 97 88 56 65 35 46 7 85 4 20 29 88 65 19 98 93 78 50 36 30 3 90 96 21 84 54 53 72 61 48 81 30 29 35 6 0 28 14 72 17 30 6 23 69 74 23 20 66 39 29 3 41 22 24 39 99 31 32 26 39 68 27 10 7 60 67 48 73 49 65 31 64 69 50 76 86 89 60 34 17 2 48 11 77 55 77 77 88 11 77 17 65 29 18 75 65 57 12 32 7 61 1 60 13 44 10 48 23 57 8 64 72 71 85 24 71 28 27 60 84 67 9 87 59 75 25 24 19 65 26 68 11 20 76 27 65 23 40 67 52 54 64 81 0 99 78 41 46 64 4 65 86 92 84 32 20 62 1 20 26 38 69 45 56 47 24 80 87 19 58 1 64 21 36 83 80 45 37 36 52 11 82 19 34 85 54 88 8 10 12 89 18 10 98 51 99 53 67 59 60 23 19 81 83 89 85 80 93 49 33 11 90 13 23 72 46 94 4 55 37 32 44 1 30 61 99 78 59 14 68 87 0 3 38 48 50 87 85 73 66 63 37 79 58 11 66 90 7 43 16 9 12 3 95 17 74 14 61 85 9 99 43 77 34 7 33 42 1 1 94 50 64 48 23 20 8 37 35 26 16 69 75 25 96 27 15 49 3 37 5 5 81 74 59 57 62 28 87 43 59 85 50 83 26 48 58 82 83 53 70 56 42 87 62 48 43 69 66 32 45 10 17 7 94 98 94 79 25 1 80 62 41 18 43 63 65 77 78 84 84 49 90 40 64 21 59 30 29 88 62 84 63 90 15 93 64 24 47 79 3 43 60 53 18 5 44 39 1 69 83 16 35 
44 37 89 64 44 44 87 91 4 66 11 34 48 13 71 93 34 94 48 19 45 7 2 55 49 73 43 29 31 41 36 51 51 95 72 70 71 63 11 53 1 22 6 6 96 65 51 74 7 63 27 34 79 97 66 39 46 29 59 18 15 17 41 4 76 30 10 47 26 62 57 62 56 53 81 98 95 50 47 94 80 98 48 19 93 75 5 79 21 66 27 75 22 9 95 91 90 63 4 3 18 16 22 95 8 73 67 42 79 15 76 91 19 56 59 83 84 51 14 47 92 51 39 85 59 78 65 0 90 58 17 17 93 1 38 47 90 69 50 75 35 6 58 65 54 11 64 46 55 98 31 66 10 64 38 3 15 88 57 74 34 31 28 10 82 25 73 7 97 17 0 41 84 70 49 41 41 20 82 63 90 93 86 21 48 6 57 62 88 36 13 82 77 47 68 45 22 27 63 19 85 6 10 55 68 51 41 31 62 24 59 2 18 74 56 51 76 19 12 65 88 44 42 16 99 52 22 91 67 81 83 18 38 6 24 78 34 89 97 6 32 73 21 0 78 47 49 21 61 36 11 93 39 10 92 59 77 8 30 92 76 59 79 32 5 70 6 41 79 96 83 95 56 41 17 41 90 14 77 18 63 1 74 30 39 21 15 15 50 93 16 95 58 63 61 11 57 2 39 53 73 44 33 81 3 10 46 9 15 81 87 23 3 75 80 71 34 36 30 53 82 1 92 28 63 62 82 28 98 87 29 26 35 9 20 9 38 18 34 66 96 83 1 71 96 64 26 49 79 77 26 25 70 7 53 88 57 60 61 49 25 91 30 79 26 28 51 46 53 80 19 15 49 87 5 23 22 97 96 71 11 67 31 42 1 2 21 47 80 89 56 30 29 32 87 76 52 71 40 81 98 95 62 98 7 27 24 63 86 79 26 54 73 26 9 9 59 60 30 84 19 50 25 83 30 72 64 86 0 43 33 30 23 13 11 31 77 34 86 98 23 1 72 54 57 74 24 17 88 72 5 88 70 73 98 11 77 61 76 85 98 81 15 96 71 97 66 39 47 8 54 61 93 66 78 66 0 95 48 19 65 74 21 18 9 24 41 42 13 94 93 88 23 83 6 11 79 91 15 86 
13 45 98 75 21 64 39 94 12 41 16 86 89 54 12 43 93 97 54 93 74 50 69 88 58 87 98 93 78 59 61 43 56 41 20 53 26 30 36 51 88 28 73 87 57 48 24 39 17 58 47 8 61 23 49 17 67 56 51 87 96 77 1 91 59 92 29 31 20 16 41 53 29 4 31 10 92 40 30 53 93 66 26 18 33 24 61 78 63 21 28 60 89 5 80 81 91 23 33 72 12 90 74 27 17 85 70 34 82 34 50 78 9 12 69 80 46 77 52 83 29 48 62 70 6 20 63 74 94 28 11 60 36 68 42 6 79 51 78 28 71 42 28 9 66 58 58 73 84 58 92 89 65 0 57 33 58 44 37 38 58 32 17 4 27 50 11 97 51 47 6 55 72 1 60 51 7 95 78 38 92 55 35 20 79 37 85 22 17 82 41 48 51 92 1 72 6 16 59 13 18 83 47 0 20 21 61 83 89 11 16 67 77 8 90 79 96 87 58 69 20 27 66 85 83 98 84 87 31 30 55 78 71 73 29 70 79 68 32 58 79 98 30 47 72 73 17 7 47 10 51 25 62 81 57 72 44 72 62 62 81 72 19 51 82 55 48 34 10 52 29 35 89 76 14 54 39 19 64 87 77 98 81 3 32 30 14 73 70 68 63 4 0 2 58 37 4 7 40 80 68 3 60 47 43 97 65 89 73 64 98 8 41 75 36 38 16 44 21 94 39 40 50 74 61 33 2 11 96 35 40 55 1 95 53 38 10 17 83 76 55 77 73 34 39 65 36 91 28 41 81 9 9 7 61 92 95 87 29 58 30 45 21 31 54 90 23 19 37 53 40 30 67 11 63 36 83 25 5 9 43 88 88 6 83 84 66 1 98 42 40 37 27 76 96 6 66 27 3 83 81 55 39 56 52 28 93 58 66 5 6 69 30 32 16 78 42 25 74 69 59 20 87 45 13 64 42 61 5 66 81 89 12 40 26 50 78 14 11 21 87 62 37 35 20 7 66 57 9 77 29 54 61 63 78 21 99 13 42 11 64 42 33 10 44 89 79 99 45 96 16 17 58 81 64 94 73 60 17 82 24 88 78 37 84 57 72 46 66 59 83 86 1 13 15 21 5 84 15 79 
78 21 62 13 40 80 92 27 78 87 11 37 32 38 39 61 1 40 14 8 48 34 20 78 3 82 11 43 29 3 18 95 65 87 87 82 68 9 29 69 13 32 35 76 95 7 66 52 15 67 4 98 84 6 78 36 11 37 84 68 66 60 43 35 56 69 16 40 54 18 18 81 25 55 0 28 83 39 16 98 54 38 94 89 31 7 53 68 71 10 23 59 12 65 52 50 93 27 29 74 27 21 73 14 19 68 67 96 80 47 17 44 43 5 56 52 15 1 77 33 50 54 0 24 1 29 3 81 83 37 57 48 22 33 44 77 93 28 20 58 45 37 96 25 36 0 82 40 50 53 18 19 12 67 75 13 87 92 97 23 59 23 86 99 19 34 16 1 10 9 62 62 50 86 23 3 80 39 51 8 88 57 47 40 18 98 91 43 61 98 34 65 84 93 86 3 82 0 81 43 26 68 47 37 47 35 64 23 16 22 92 89 27 74 5 93 51 80 50 13 32 19 18 18 78 35 50 79 80 43 30 51 26 10 85 79 65 90 28 96 50 93 25 18 81 65 4 41 95 23 2 89 15 27 56 51 61 53 22 52 96 7 93 28 53 89 5 27 7 89 55 15 13 48 86 76 70 88 24 98 27 93 20 83 74 62 61 92 46 35 98 53 59 0 68 3 83 11 87 30 61 2 93 75 65 68 35 83 92 37 17 4 18 64 28 44 49 92 46 56 40 50 97 91 40 62 24 59 53 58 67 75 56 35 89 82 95 11 79 98 29 35 66 92 32 98 37 64 25 21 92 52 11 16 57 78 55 1 1 9 90 0 32 55 31 23 61 8 18 86 51 22 1 70 65 14 66 37 45 74 33 17 90 11 24 35 32 1 36 89 39 16 86 87 24 73 74 97 99 14 46 86 67 62 10 29 40 49 75 7 38 46 45 48 27 54 70 53 99 88 88 63 17 41 62 85 37 6 81 95 60 84 84 17 63 35 70 38 52 34 7 47 17 62 50 47 62 28 37 72 58 44 62 61 48 96 33 41 84 2 61 80 71 25 35 37 31 29 36 12 0 96 11 13 42 72 79 44 60 38 38 70 20 77 90 84 53 20 39 87 65 52 33 84 66 70 91 49 11 7 
45 71 58 84 58 77 21 72 41 73 85 76 84 45 27 70 77 69 81 10 52 35 35 89 98 3 75 74 13 8 66 5 44 99 60 74 16 59 85 31 54 60 41 61 11 76 97 80 78 15 95 85 73 13 0 16 31 1 40 18 16 52 13 4 57 12 51 97 49 63 52 56 20 71 0 34 20 55 39 75 89 53 86 22 93 65 54 46 84 6 63 5 80 64 20 88 20 94 75 41 14 5 56 64 14 97 69 94 38 93 85 22 87 17 49 88 69 83 74 98 93 47 24 64 49 12 11 80 50 26 48 55 98 89 54 11 25 65 93 66 53 16 14 37 91 70 21 44 83 79 96 33 67 78 69 79 24 48 57 17 38 18 22 7 14 95 22 96 20 69 56 29 81 99 64 73 33 8 2 1 13 74 4 86 29 96 81 61 36 68 24 2 56 19 16 60 4 24 55 88 43 0 74 88 35 30 53 90 57 26 68 4 99 42 69 30 79 90 79 7 78 88 90 20 85 6 23 63 38 22 70 66 83 14 35 38 54 50 90 23 84 18 27 13 76 4 52 17 62 82 52 76 37 72 92 55 20 21 3 27 16 86 68 51 42 67 31 64 75 13 71 13 13 79 22 51 72 1 97 66 1 62 28 49 61 32 82 6 65 10 88 17 96 29 71 35 31 15 21 78 24 88 76 43 57 65 7 27 11 83 36 10 64 16 67 29 26 97 35 74 73 11 78 25 0 45 20 17 7 10 2 11 59 95 4 2 3 37 64 12 78 20 21 52 32 66 68 81 73 9 13 2 35 34 76 30 12 44 10 73 8 4 10 56 68 71 45 22 51 81 81 31 87 31 56 37 28 31 0 56 33 61 62 6 59 50 56 37 74 85 55 84 77 86 45 92 29 62 37 6 49 54 52 67 81 47 64 16 20 58 36 0 66 30 47 16 30 31 28 73 92 76 57 6 6 2 50 60 52 6 73 98 86 12 72 29 93 54 90 82 25 69 82 10 97 71 24 26 43 80 37 95 1 40 69 2 0 37 67 55 73 81 69 87 29 40 36 81 25 15 66 3 97 43 14 80 77 23 65 8 38 35 34 42 30 19 99 9 6 40 74 30 90 85 88 29 58 24 81 10 
32 42 76 50 11 64 18 58 82 76 29 79 35 31 5 83 34 64 39 71 16 57 88 65 29 33 52 59 34 18 43 97 39 67 20 8 12 76 8 83 21 1 29 23 99 68 4 9 97 15 4 39 67 70 61 91 46 84 99 18 56 68 98 77 25 2 25 28 94 59 5 20 29 17 97 3 69 47 93 1 35 24 27 5 42 22 48 36 87 84 54 54 40 92 53 11 2 71 64 75 28 94 2 21 34 26 53 51 34 98 98 67 21 27 61 2 1 92 11 82 66 92 97 22 11 73 26 50 74 54 37 52 31 55 20 65 96 47 1 81 88 22 83 2 90 72 12 38 81 90 40 34 86 52 59 50 72 90 95 71 42 7 24 68 29 19 62 20 68 12 1 39 46 79 54 59 7 96 4 24 1 91 36 59 48 52 26 11 39 89 85 70 33 39 29 75 28 94 90 11 97 69 96 81 57 34 77 17 30 77 19 17 53 3 67 75 14 68 68 13 72 49 48 38 4 72 39 64 80 89 10 90 92 18 19 8 91 13 98 9 14 48 55 12 77 34 36 94 7 56 10 75 76 14 79 55 5 79 32 99 43 74 92 96 56 71 86 55 55 78 59 62 72 90 29 78 58 88 85 53 44 84 32 90 66 28 8 58 50 81 34 57 59 59 13 26 89 25 37 3 5 19 72 93 50 97 81 90 59 37 24 80 39 77 62 53 39 31 65 11 79 80 94 14 48 10 84 35 83 90 28 4 10 30 91 73 83 47 3 33 53 53 2 54 99 33 51 9 98 99 19 29 26 30 47 93 36 1 23 4 27 95 70 85 13 33 3 68 71 99 71 31 91 36 67 20 92 5 5 2 27 73 10 25 57 66 83 55 33 31 80 69 4 81 92 47 70 86 95 99 42 64 84 51 69 90 39 73 51 62 78 19 22 55 46 63 27 35 72 68 22 36 76 21 26 6 46 29 49 44 28 44 53 0 28 62 31 16 10 38 31 18 15 56 92 18 70 2 93 7 79 75 72 15 71 44 98 12 68 16 63 91 34 7 20 46 37 79 62 76 71 26 20 7 80 82 52 67 0 22 66 93 48 92 86 2 25 84 87 53 14 96 3 51 77 79 53 26 36 55 
93 7 19 42 35 40 52 41 66 68 18 28 90 93 15 76 20 28 2 34 21 71 60 32 38 40 92 13 62 76 68 17 32 70 86 46 15 48 73 48 43 59 77 84 70 19 0 27 6 89 37 21 93 85 69 60 15 42 21 49 14 52 99 66 36 63 8 21 68 77 61 28 34 70 36 77 68 99 74 48 53 81 99 91 86 62 90 25 90 41 70 18 38 90 43 14 68 48 57 43 91 22 25 13 71 71 89 48 83 9 99 52 16 33 64 44 48 92 59 15 35 85 20 44 24 74 37 40 4 84 8 14 78 23 97 6 63 24 66 0 0 77 21 58 28 39 8 13 51 74 64 85 31 90 50 72 27 72 5 37 69 67 74 87 52 8 56 55 97 95 33 58 69 79 4 95 64 24 43 14 68 24 12 36 37 69 14 74 60 68 55 32 94 88 35 45 62 17 72 13 37 11 28 38 69 4 38 95 16 80 52 90 94 42 69 43 57 0 66 9 65 58 83 66 23 37 43 58 54 74 31 40 28 36 87 11 40 58 58 1 48 32 25 73 90 76 45 51 8 28 64 30 45 27 36 82 80 41 86 86 35 51 78 71 56 30 56 9 15 98 23 93 41 2 80 21 75 55 45 52 17 30 2 13 32 1 19 1 66 52 19 18 37 36 37 15 56 53 14 85 57 29 14 65 50 12 78 15 97 25 53 37 21 48 77 89 87 94 52 82 92 94 8 62 93 33 24 87 5 97 76 19 22 69 27 42 43 84 46 94 68 47 12 79 38 92 56 82 97 0 11 26 83 19 11 85 58 63 38 44 57 18 27 78 99 88 82 31 33 4 54 20 25 33 16 85 62 1 45 41 10 97 56 41 73 16 65 11 85 56 37 81 15 8 55 55 31 37 14 10 78 23 32 77 35 76 11 7 0 46 14 2 7 76 34 6 77 99 5 22 52 34 23 40 23 56 19 2 94 83 17 95 49 61 89 78 58 14 30 71 37 69 8 28 23 12 82 46 52 21 73 24 5 59 25 94 6 48 81 90 25 76 1 15 55 33 97 23 51 9 61 7 68 5 39 72 62 95 52 24 68 98 11 45 12 17 55 65 31 73 39 51 55 79 95 69 26 21 36 3 
65 63 44 55 33 58 59 77 16 32 20 41 72 47 96 6 71 34 80 13 10 48 26 42 76 40 19 31 97 76 18 67 44 34 70 96 52 96 51 76 78 11 10 44 56 78 48 18 8 28 54 69 4 59 82 75 76 23 72 14 49 42 62 54 97 25 52 82 22 19 73 60 31 68 38 82 93 9 83 15 78 58 15 10 12 56 11 85 4 4 16 8 9 31 21 61 23 56 90 8 50 95 15 46 88 91 67 83 30 15 25 22 30 68 88 16 18 22 93 33 3 79 57 9 49 92 19 75 54 62 36 74 25 56 74 38 92 80 54 78 27 75 97 57 7 85 53 41 79 4 39 70 46 56 92 85 49 31 84 41 14 61 62 94 10 67 14 67 43 87 3 7 88 99 97 24 49 51 73 16 66 84 34 73 32 27 5 15 38 93 12 95 24 20 60 45 13 22 70 86 5 45 74 51 34 62 55 55 57 25 2 11 27 41 30 38 89 68 63 47 23 54 34 60 95 55 41 22 90 18 16 6 39 68 78 98 89 40 3 36 89 79 78 71 23 55 19 24 73 68 24 10 84 19 55 89 40 63 70 19 74 52 22 96 64 21 49 44 59 5 83 14 71 70 58 43 24 66 57 75 37 97 62 0 54 62 48 53 26 90 31 76 8 14 69 79 28 85 37 23 98 97 2 91 55 68 54 24 81 22 75 65 24 13 38 56 36 89 54 17 53 65 96 6 80 66 69 8 76 54 83 46 97 20 67 59 52 94 62 9 87 27 6 19 42 82 36 27 50 70 52 4 81 68 21 93 91 30 73 87 43 74 43 63 1 78 63 4 70 16 33 7 16 93 51 92 60 94 88 32 57 43 93 59 99 60 17 32 52 0 3 15 97 3 28 98 24 75 70 63 9 55 73 29 83 56 47 57 9 79 17 0 0 75 92 18 22 47 49 56 19 63 81 80 31 19 72 85 0 11 44 39 70 41 4 0 52 92 73 17 45 91 65 98 63 2 6 8 62 22 65 72 60 6 32 60 36 13 89 93 37 55 40 49 44 28 35 12 96 70 4 62 24 61 90 71 11 55 59 45 92 94 37 65 88 87 56 24 28 57 52 37 17 5 52 76 15 10 30 68 
66 60 55 72 91 37 41 35 18 36 79 6 11 18 21 23 27 89 17 67 51 6 85 2 43 26 74 90 0 69 72 77 26 32 43 52 58 83 18 13 7 8 66 55 83 65 25 41 79 0 82 71 46 70 64 19 20 83 75 83 42 4 31 90 17 52 92 34 27 11 40 1 39 35 83 83 97 57 80 23 90 68 29 44 17 64 84 86 37 7 55 8 77 22 29 64 58 90 22 1 64 85 17 9 60 45 3 35 72 97 99 14 87 77 28 19 22 28 99 79 59 57 53 73 5 89 7 30 45 44 96 66 64 45 71 78 57 3 34 15 88 69 54 34 70 44 28 84 55 47 75 15 66 63 79 77 87 12 29 61 91 12 44 28 47 55 19 31 94 67 84 18 85 9 33 6 24 15 9 86 3 51 37 18 8 84 43 77 79 83 10 69 79 25 32 48 30 87 57 26 52 62 1 96 36 33 43 99 40 71 22 61 10 93 61 83 87 79 94 20 63 78 84 41 9 79 29 6 92 33 41 99 50 16 68 90 0 73 14 84 23 56 25 39 21 5 6 83 82 74 16 11 85 85 73 70 58 2 43 9 6 66 6 23 25 18 70 36 42 77 92 10 87 51 4 69 39 68 58 97 14 24 65 78 84 12 18 59 13 22 81 53 70 8 13 82 51 90 31 89 76 9 14 65 94 30 24 94 28 44 51 42 86 85 64 40 28 79 15 81 42 99 25 96 50 65 75 31 54 90 43 30 57 13 32 44 16 71 81 48 81 79 6 14 74 13 6 73 82 23 76 87 53 57 89 43 2 87 53 35 70 4 2 98 90 53 21 83 67 81 42 19 21 67 99 44 70 28 91 10 33 30 36 98 39 56 58 69 44 80 2 29 41 18 40 22 17 6 43 28 45 67 45 56 96 54 57 40 43 83 83 11 70 1 49 13 31 16 56 63 90 26 25 26 29 19 24 22 1 94 76 24 89 35 28 31 51 94 62 19 40 28 54 87 3 89 21 69 41 29 39 44 16 59 81 77 33 91 27 73 6 31 21 2 84 92 36 71 25 1 48 1 18 48 44 15 10 56 13 10 94 48 2 50 56 30 79 43 70 50 89 44 53 3 98 24 57 6 49 29 
50 62 68 85 79 60 60 55 95 20 37 23 25 27 79 81 76 35 83 56 63 11 90 58 93 52 47 62 84 81 15 16 91 49 30 72 5 78 51 26 20 44 60 1 47 51 0 58 35 54 13 55 16 24 77 99 38 64 27 97 50 53 54 97 35 86 62 74 24 16 97 40 47 75 36 43 82 5 6 61 22 19 69 57 77 68 0 73 29 13 83 17 17 54 89 0 2 9 75 41 70 88 86 66 63 7 35 90 36 8 36 93 84 6 42 17 7 24 13 10 32 18 84 13 64 20 77 36 4 70 38 68 61 40 74 28 49 19 50 89 88 39 68 47 97 43 9 96 41 34 73 62 82 79 11 57 72 15 82 13 50 37 36 85 89 14 16 9 84 71 61 65 99 48 80 75 1 74 66 97 32 11 40 42 64 16 7 91 11 3 68 28 7 30 75 1 92 56 9 82 40 3 0 46 36 50 26 83 97 23 29 97 39 63 46 18 36 61 95 28 20 48 70 1 76 81 15 27 88 73 85 10 49 75 50 67 83 56 88 74 12 30 34 15 66 67 54 49 9 30 86 63 87 47 26 75 11 71 34 20 36 41 12 50 8 59 84 41 33 80 58 34 34 88 36 9 65 61 69 51 28 87 13 90 81 58 78 19 2 98 98 7 45 0 62 78 72 11 26 83 57 97 62 12 84 99 45 76 65 86 63 66 27 80 92 49 9 11 35 92 97 75 92 93 98 54 6 65 26 3 88 22 71 19 62 79 37 52 87 58 37 15 12 23 41 69 95 17 27 96 81 43 6 99 56 17 23 43 58 67 17 55 66 53 3 86 92 27 37 84 79 67 1 51 96 45 95 3 14 50 36 7 96 80 99 81 46 0 60 3 96 5 17 36 80 85 26 7 18 78 85 14 88 90 54 29 62 78 11 4 24 71 79 67 3 66 44 12 42 98 30 70 37 51 62 64 29 97 91 88 13 74 44 9 4 88 66 55 96 90 72 85 22 49 48 31 23 90 99 70 39 42 60 48 37 72 85 73 42 78 59 34 52 47 38 55 33 33 28 28 52 42 22 71 61 59 76 21 52 63 90 46 91 73 94 2 83 21 9 45 91 56 68 17 13 22 88 15 68 64 
33 48 23 18 34 0 74 82 9 92 18 22 64 11 0 2 85 30 36 46 86 14 76 66 8 74 78 46 9 5 25 97 59 46 1 93 43 30 20 41 6 96 89 58 2 59 91 50 28 2 93 81 1 58 12 85 39 7 64 61 9 88 4 93 25 56 53 0 9 32 74 33 32 53 65 24 11 25 39 44 35 44 52 57 61 43 1 28 67 18 59 24 60 78 25 80 96 41 13 26 24 61 31 62 5 11 53 59 23 65 10 85 59 22 13 56 38 12 33 88 82 73 19 25 27 2 27 97 83 98 15 52 5 19 76 71 80 90 94 64 2 79 18 85 31 30 86 55 96 25 17 28 80 38 40 8 69 73 4 25 38 85 4 49 68 93 9 13 30 2 36 95 41 55 36 23 95 30 77 85 32 93 49 21 3 80 49 41 11 81 2 15 61 31 20 78 51 83 86 79 65 31 91 95 23 26 16 23 8 49 32 3 33 10 9 47 37 26 15 47 0 35 53 28 97 96 10 59 92 5 14 70 83 22 47 37 33 6 38 51 1 11 65 24 16 15 0 57 81 42 42 74 16 95 11 64 69 5 92 99 22 59 59 25 52 89 55 80 41 64 62 8 86 7 61 85 92 32 43 48 80 55 34 99 95 98 15 66 41 48 84 31 66 25 31 61 54 73 76 45 53 12 3 77 52 63 7 13 69 34 14 51 21 93 35 50 10 34 88 82 94 82 43 14 10 35 67 30 51 23 70 71 37 15 30 40 33 34 29 97 47 7 5 11 36 48 56 46 52 8 11 2 51 96 61 61 72 33 87 27 15 78 33 27 48 83 99 93 76 72 53 77 55 56 32 75 37 80 14 36 81 73 48 55 12 77 34 43 28 48 30 56 60 45 69 68 9 46 18 1 70 2 76 88 52 33 63 0 13 13 61 19 82 64 83 48 58 44 93 57 49 90 62 63 84 34 77 44 71 47 15 72 17 74 98 87 22 7 49 49 63 4 85 88 34 64 87 54 12 51 8 55 67 52 57 93 27 84 67 56 75 9 37 89 64 5 91 89 14 28 31 95 36 7 78 94 13 11 54 96 10 81 81 48 10 43 20 9 3 30 81 34 31 78 85 73 35 47 26 67 
35 30 5 82 18 11 35 10 88 84 26 32 1 18 57 36 3 85 67 41 10 14 32 66 3 73 48 87 35 85 81 48 21 91 15 29 79 69 54 36 89 14 32 94 7 77 80 44 61 20 42 61 23 71 3 59 53 70 63 36 11 65 34 89 73 13 60 61 67 67 1 91 79 51 92 91 35 40 61 88 96 67 0 82 27 1 48 82 39 57 61 95 87 1 2 98 14 7 62 13 4 91 49 23 43 22 41 3 30 22 22 39 16 65 22 60 85 72 53 59 44 2 21 17 36 7 37 78 0 0 59 58 28 55 6 2 63 7 37 53 54 68 13 30 90 68 77 54 5 20 79 5 17 93 74 93 5 29 26 86 80 6 8 11 87 77 11 85 82 98 22 2 10 88 59 45 82 43 78 32 75 73 22 92 28 98 41 93 54 77 31 5 97 16 25 61 3 39 50 95 41 8 25 86 14 27 88 31 46 42 68 72 92 32 46 85 51 69 62 18 24 29 10 76 91 6 38 72 82 87 69 70 38 59 30 83 95 93 95 88 4 65 70 55 31 59 51 36 82 70 29 18 62 92 64 94 62 0 34 11 39 68 57 42 35 92 72 12 24 99 82 9 71 60 31 72 48 83 44 56 12 86 21 49 96 74 93 16 71 6 18 91 35 94 2 36 88 31 41 95 86 47 83 78 56 59 80 21 76 65 66 46 61 11 4 70 34 51 69 85 41 12 14 95 73 9 95 32 47 49 11 33 7 78 71 34 93 42 69 6 22 99 93 34 45 94 96 86 93 59 99 38 25 22 34 16 37 21 70 33 94 32 79 97 29 1 22 10 52 38 70 72 78 11 41 67 41 32 2 5 0 6 61 35 33 93 74 85 87 74 89 36 33 86 57 35 36 83 16 26 57 25 7 7 77 59 26 53 52 31 14 78 32 92 33 59 8 23 86 43 64 8 21 56 34 93 17 1 22 27 32 60 63 64 55 2 62 1 67 21 78 57 43 29 72 89 68 83 51 65 73 37 83 31 6 6 95 23 42 57 65 71 92 51 86 64 79 26 57 92 58 63 48 49 55 24 16 65 17 74 60 88 24 20 41 48 84 17 40 59 78 3 16 82 82 25 38 15 64 54 
31 20 21 86 49 98 64 68 40 21 74 53 26 74 19 56 76 61 34 82 87 69 83 16 72 60 95 31 92 95 43 67 95 72 89 31 65 46 11 7 97 55 93 99 69 53 18 12 42 43 5 81 18 96 38 80 40 69 90 12 47 22 43 20 73 70 93 53 8 48 52 61 18 1 75 49 37 8 72 65 35 63 46 85 44 42 43 18 76 8 1 33 67 38 39 10 33 97 3 73 19 44 63 26 79 53 16 99 7 34 51 30 61 55 79 90 2 18 85 94 44 44 26 49 40 62 58 77 92 5 25 30 33 18 7 69 1 45 20 64 51 9 9 68 42 85 60 18 23 20 6 82 53 34 71 9 87 97 85 28 37 11 0 57 79 42 70 30 47 3 59 20 99 96 23 6 74 88 19 10 35 56 96 91 58 43 74 16 88 97 20 84 77 29 8 42 48 68 86 62 97 89 40 69 13 3 89 53 99 59 82 69 58 23 36 44 60 31 48 63 81 61 55 36 54 40 97 0 92 28 44 53 4 62 76 64 48 22 87 21 71 32 86 53 45 59 26 99 33 90 36 70 72 41 61 85 31 24 19 32 91 7 56 66 34 50 84 88 21 29 20 29 89 2 99 10 71 89 18 24 36 13 92 80 24 33 36 2 45 30 93 1 90 35 13 74 2 40 77 11 11 80 9 38 30 97 61 13 44 21 83 28 66 22 98 57 29 21 94 4 78 64 80 24 24 61 37 56 25 26 14 93 90 47 62 15 13 77 48 94 65 44 14 27 37 43 47 95 76 34 36 11 89 8 73 44 57 82 90 29 9 63 50 23 26 18 7 37 74 70 39 72 29 92 92 76 72 62 63 71 12 50 82 86 86 0 1 94 18 8 65 21 97 39 12 9 48 97 92 51 21 0 16 60 60 23 10 72 71 1 74 60 14 66 39 97 18 18 67 98 26 37 2 99 14 7 33 18 15 5 17 82 79 59 33 25 11 3 23 18 14 46 47 56 52 90 5 90 11 68 42 35 65 43 28 3 26 21 77 7 79 72 69 25 47 3 75 28 61 86 2 27 26 51 83 11 97 51 22 46 76 56 29 9 80 52 93 82 83 30 84 59 53 20 21 53 6 88 37 52 
18 3 38 18 11 99 87 38 38 87 59 60 26 21 73 86 42 7 95 92 41 54 89 79 12 79 1 10 42 3 45 70 19 69 40 48 79 6 1 69 0 92 4 25 27 99 22 47 51 64 91 96 71 42 74 62 92 99 21 15 94 98 65 82 95 18 8 53 92 88 69 95 68 36 61 52 18 94 24 7 35 95 53 63 53 8 81 29 94 42 48 61 39 63 30 7 6 97 90 72 85 61 5 33 86 9 89 19 52 42 98 96 87 55 9 72 79 2 95 92 41 90 68 47 71 12 12 26 72 34 58 86 39 5 27 54 28 82 69 46 24 75 33 6 90 82 38 40 54 34 0 82 89 38 19 82 88 99 19 42 42 41 67 50 49 64 89 23 96 75 2 95 78 29 90 54 57 96 73 27 93 18 51 27 87 94 62 13 77 70 58 16 59 46 94 61 19 18 81 27 53 55 69 67 66 0 95 44 63 63 35 64 56 65 42 45 46 21 41 97 91 75 47 31 64 57 35 54 29 11 95 75 92 8 45 5 53 20 80 71 76 36 30 60 15 82 99 37 70 93 56 62 4 29 32 96 88 3 74 6 44 51 97 39 96 33 21 90 82 54 15 91 60 47 82 26 55 83 23 38 59 69 90 11 32 76 2 10 59 86 47 68 67 83 86 10 81 46 8 49 73 28 2 50 76 12 73 19 67 39 46 34 78 21 48 89 97 96 13 30 33 67 73 33 14 77 97 37 23 12 71 44 59 39 19 45 75 28 65 66 60 26 7 37 46 6 90 79 41 32 57 36 63 83 98 33 82 75 71 27 91 77 30 79 51 80 8 71 5 9 80 36 49 80 80 16 84 94 92 74 79 94 29 63 92 88 48 71 78 47 16 45 52 70 53 35 69 9 49 78 79 17 88 40 66 41 43 31 2 6 86 73 40 26 30 44 96 20 72 64 18 67 43 46 67 3 32 32 82 20 28 70 0 62 13 63 47 13 41 65 42 78 56 49 26 66 60 26 44 29 37 31 67 69 70 75 86 37 10 93 1 36 64 48 0 6 69 93 49 32 94 58 8 95 37 81 59 55 59 22 31 53 33 1 64 23 47 36 31 14 52 55 14 44 48 64 8 56 50 97 
99 99 54 12 94 55 54 26 99 65 3 63 49 39 66 10 29 64 63 88 10 91 75 25 58 34 5 97 11 71 78 12 6 48 77 45 94 12 83 44 85 69 67 42 19 54 66 96 59 56 42 15 29 77 12 52 44 61 99 52 61 25 87 53 88 12 22 5 28 60 56 70 69 1 1 39 19 80 43 82 28 35 80 94 90 95 58 91 28 77 30 52 35 41 2 73 11 56 86 61 42 17 20 49 15 98 23 25 64 80 33 54 27 97 41 21 89 48 20 39 14 34 65 50 76 23 66 99 51 78 69 76 14 10 13 96 32 29 18 65 19 34 90 45 49 6 24 88 80 94 93 68 83 16 46 54 16 59 45 0 62 8 39 0 16 50 89 68 3 60 14 42 86 70 52 26 40 90 34 5 17 32 26 53 26 7 47 95 51 17 85 84 74 40 36 6 78 35 25 32 60 25 34 37 24 32 49 10 55 13 11 79 47 50 91 15 12 87 13 61 42 17 91 34 67 4 99 96 62 4 49 57 47 87 43 81 90 80 23 84 90 67 67 36 43 80 40 77 56 41 27 33 72 59 19 6 27 91 9 94 23 53 77 59 49 10 10 67 98 23 42 73 94 12 46 96 76 42 16 8 18 11 39 15 21 59 45 98 88 61 14 11 46 86 44 89 98 57 1 78 94 51 92 13 18 73 99 32 42 64 81 79 34 78 72 34 34 18 97 47 61 38 98 20 5 63 3 76 72 26 25 19 86 69 12 11 99 8 80 48 1 98 81 7 89 55 49 75 14 46 26 0 3 13 49 49 79 88 98 51 57 40 89 22 5 2 93 83 11 7 43 31 6 72 21 12 74 84 99 13 58 77 65 75 81 8 58 17 65 49 89 27 88 95 75 74 83 52 48 18 16 56 81 30 8 98 85 21 29 7 18 49 92 21 70 32 39 79 19 0 61 83 56 83 42 83 97 52 40 41 41 48 46 13 89 17 48 72 48 6 39 66 41 39 6 40 49 4 69 44 94 0 90 44 67 44 5 60 40 91 33 35 24 8 79 60 1 18 64 71 72 45 95 3 38 62 16 76 98 99 40 24 52 38 4 97 9 5 83 51 60 52 4 56 68 11 41 87 51 24 
90 53 3 51 73 21 47 59 96 91 96 0 63 71 96 65 52 63 55 7 52 42 49 18 32 35 99 77 35 77 76 9 22 28 74 19 89 28 81 57 56 24 44 27 67 1 0 50 41 72 33 26 35 58 66 30 50 55 91 61 42 46 20 74 46 86 73 78 8 59 52 9 27 98 99 46 50 31 38 28 7 74 23 13 68 84 12 52 92 14 77 99 85 10 59 10 48 33 4 3 2 52 76 58 74 55 98 91 30 43 92 13 51 32 88 65 63 38 87 39 49 59 73 64 68 17 41 34 8 23 62 40 57 74 72 5 16 82 36 74 99 51 8 53 96 25 86 77 45 6 95 4 10 86 50 72 39 47 17 17 96 62 92 41 3 61 62 41 41 15 28 80 91 33 74 81 98 83 51 94 17 38 76 50 22 75 98 42 27 80 40 56 18 37 27 4 15 45 40 47 61 42 37 0 60 71 80 89 6 17 44 95 59 84 42 38 29 50 27 7 67 60 2 6 33 80 84 94 13 59 99 31 17 63 52 35 61 8 48 60 62 87 45 37 32 59 72 51 3 91 98 66 44 31 95 44 70 79 38 21 62 33 39 20 12 31 45 25 71 19 76 35 9 33 86 48 70 42 15 98 45 54 63 32 16 37 83 6 44 98 80 69 37 64 59 3 43 44 8 81 69 14 94 41 76 15 82 99 24 47 59 79 82 48 21 21 57 19 33 83 39 21 85 94 95 49 69 55 68 83 88 28 83 36 3 3 29 5 74 99 19 53 28 49 3 27 66 92 83 51 47 59 63 12 22 27 98 14 71 81 9 49 83 25 22 57 74 65 87 27 86 67 61 36 46 88 94 33 68 77 57 39 63 8 21 51 39 72 92 52 46 4 46 52 11 77 68 49 17 62 2 17 30 96 65 40 8 69 65 84 92 50 51 21 26 28 76 66 44 42 33 92 74 9 89 89 45 60 84 84 38 86 23 63 2 49 60 73 15 84 60 85 86 88 17 71 47 39 25 38 57 57 51 57 38 67 44 37 77 21 43 66 22 22 21 2 54 67 16 43 4 20 77 57 18 50 51 55 8 54 18 25 57 76 28 70 60 12 11 91 83 88 31 31 17 78 1 16 21 97 
88 90 8 54 82 31 76 26 94 11 95 76 41 36 41 68 51 89 94 61 80 58 62 26 11 80 11 17 57 75 28 28 33 55 74 18 66 58 99 52 66 6 61 66 6 64 94 72 57 1 37 96 77 32 63 39 23 15 59 64 83 93 51 20 61 72 77 3 50 72 16 73 61 40 66 8 83 83 81 5 89 26 49 85 86 84 94 6 24 33 55 63 31 4 22 76 23 46 0 89 13 88 75 36 25 45 38 41 74 15 97 54 39 52 98 23 17 38 75 84 41 35 61 17 83 86 88 73 47 14 60 49 99 34 76 3 9 53 73 34 43 99 17 52 44 31 51 91 44 66 86 97 18 51 78 22 49 37 19 58 78 42 77 47 45 58 38 99 46 28 6 74 44 22 68 35 14 11 82 33 2 20 54 48 76 11 6 27 0 36 5 92 31 32 43 66 49 20 35 67 10 98 6 42 63 54 35 46 12 12 33 12 20 4 97 45 14 9 84 44 1 75 55 70 6 83 85 87 74 0 61 16 92 59 17 42 79 82 18 38 3 14 17 84 56 70 85 37 8 75 22 68 47 33 97 33 80 26 33 9 5 22 61 69 21 71 79 33 37 38 41 70 5 33 14 62 64 86 75 16 79 68 98 92 26 0 47 61 35 59 85 57 60 62 35 84 79 94 8 3 36 38 11 7 9 13 75 86 24 0 7 45 62 12 93 95 55 19 4 5 42 77 14 47 86 77 3 29 17 53 51 93 8 50 58 24 87 71 58 79 43 45 12 61 33 35 91 50 12 14 93 26 6 76 24 18 19 41 68 45 71 38 29 3 45 54 60 2 88 13 17 62 93 35 72 43 16 57 16 17 3 22 54 59 85 84 58 34 28 75 23 84 86 39 99 24 68 14 22 29 39 53 49 11 38 67 21 44 12 2 55 15 32 97 15 13 78 93 30 16 76 52 49 65 85 78 50 37 60 42 96 32 12 97 50 25 39 54 48 23 0 58 37 52 58 12 24 3 62 95 54 76 87 90 7 21 68 9 81 45 30 67 57 83 56 91 88 92 83 54 29 49 69 13 27 33 41 51 13 86 92 82 83 81 46 59 52 19 84 18 91 13 48 31 99 23 34 38 98 61 
86 81 23 94 90 19 90 78 65 83 37 57 4 10 5 60 32 10 87 8 88 59 11 93 16 95 0 72 50 45 89 4 93 58 80 41 39 60 65 38 11 90 69 57 74 68 12 61 21 42 35 71 84 83 50 28 62 0 97 54 25 18 37 16 42 60 34 79 12 21 23 50 22 42 37 30 95 42 99 91 50 73 9 33 52 38 48 18 40 36 74 31 85 28 22 50 68 13 38 3 42 52 7 77 66 49 53 59 34 89 96 14 82 34 5 98 17 8 17 57 36 9 39 14 41 43 60 13 32 20 0 18 12 66 98 40 76 13 16 73 3 26 5 55 77 37 75 1 83 41 36 90 94 10 51 45 42 67 3 10 24 5 80 99 46 48 44 83 11 45 48 71 63 71 31 58 23 14 87 27 32 17 91 60 88 6 55 80 86 32 6 96 63 36 57 35 17 72 97 73 91 72 19 62 13 42 45 58 1 41 32 63 22 48 68 28 20 87 52 81 48 38 62 20 94 1 33 82 72 56 81 3 0 8 22 57 69 53 61 84 90 46 19 6 92 46 24 17 53 20 92 13 49 53 35 22 60 68 58 39 71 7 19 88 15 44 37 49 56 54 57 87 27 73 12 23 90 87 87 69 12 89 15 22 51 5 53 97 61 21 41 47 87 36 8 1 76 24 60 98 45 60 19 8 78 46 27 27 13 83 53 20 16 94 79 56 32 27 87 66 97 61 73 53 3 53 44 73 13 36 78 75 84 15 29 47 6 74 0 1 64 75 21 96 13 19 62 39 80 45 7 40 57 34 68 45 11 65 31 25 56 56 28 57 33 31 79 59 32 11 18 70 60 69 28 46 11 92 97 2 25 89 55 88 64 73 56 85 87 12 5 36 96 40 70 27 65 52 95 92 42 98 91 34 31 39 14 12 15 97 32 81 81 17 8 33 66 23 91 43 48 66 74 75 49 24 12 14 59 22 8 16 15 88 49 64 15 23 87 58 24 27 75 25 68 59 46 28 4 14 43 59 21 67 81 2 64 97 22 13 48 17 13 92 23 19 37 41 31 27 27 4 30 28 82 18 84 1 89 77 85 92 4 54 83 51 75 32 12 93 80 33 99 9 15 75 3 9 58 20 
76 86 14 65 22 25 28 19 11 5 20 79 41 79 52 84 49 86 4 74 30 97 25 85 0 6 18 70 86 93 2 94 57 67 35 73 83 31 47 65 69 26 32 54 33 89 85 80 51 77 24 59 80 78 14 94 43 48 97 80 60 86 7 98 26 76 11 25 58 68 53 95 28 83 18 16 16 45 89 15 29 54 22 44 56 50 23 52 5 4 98 63 49 90 3 77 80 76 66 5 85 78 50 26 98 66 39 98 74 87 98 68 72 86 60 72 46 47 84 62 69 12 35 63 98 20 68 79 62 67 96 20 98 83 28 45 6 26 30 31 19 71 5 60 75 38 0 16 60 48 76 1 31 42 25 89 18 4 2 95 24 13 64 3 28 89 98 49 53 51 94 61 24 69 85 18 14 72 7 4 12 48 5 84 0 92 88 37 78 22 63 90 98 46 72 9 96 83 19 78 18 89 34 32 92 1 36 43 78 54 84 83 37 29 93 36 95 0 84 58 13 70 53 67 29 26 22 51 89 0 76 7 93 92 27 41 84 3 40 79 98 11 37 66 36 50 81 56 12 96 73 29 47 24 34 75 68 17 23 0 19 94 5 21 82 8 85 12 27 27 2 41 18 70 41 84 68 55 65 81 96 78 82 53 36 12 52 97 52 79 51 85 95 0 26 79 34 18 24 56 37 41 78 17 26 93 7 26 89 68 61 59 66 45 80 87 97 42 72 30 19 5 85 58 52 66 82 50 40 68 28 77 62 93 8 40 55 71 84 7 83 97 36 9 86 93 71 15 9 71 13 6 31 85 11 26 54 92 35 37 4 71 16 5 79 51 24 82 17 96 56 64 95 66 79 23 0 81 59 40 77 5 17 68 52 12 79 90 61 26 31 57 11 72 17 21 91 28 73 19 34 24 10 60 64 15 98 39 65 39 56 62 35 33 6 96 92 7 46 73 62 96 7 30 52 13 55 72 30 86 56 37 40 11 40 12 59 64 21 62 44 94 5 67 45 60 25 47 77 60 4 92 68 19 15 19 99 40 30 20 21 7 97 99 82 45 36 32 75 17 28 11 50 71 23 0 67 72 42 53 75 25 49 14 59 85 98 60 37 23 42 57 87 81 4 3 49 14 31 19 
36 27 55 8 38 92 30 64 83 7 73 49 96 21 80 72 72 39 82 62 61 40 58 64 44 22 5 21 75 2 25 30 94 60 85 81 8 82 46 84 75 79 89 48 34 35 31 17 74 10 81 45 75 62 56 45 1 21 79 7 10 97 54 48 98 70 95 71 40 97 63 11 18 58 16 2 57 17 8 94 26 68 28 64 32 93 10 95 33 85 96 78 10 48 26 10 55 87 45 22 23 57 9 51 81 91 96 2 79 50 52 35 82 75 43 52 95 73 1 35 4 72 42 1 46 37 48 47 69 61 79 85 60 83 83 68 63 78 94 48 58 18 75 67 96 1 66 49 36 1 76 40 79 89 89 9 30 81 1 12 37 22 32 21 63 93 18 88 88 99 62 49 65 69 56 71 11 68 56 34 7 83 57 11 44 56 35 17 22 93 1 49 54 16 90 29 89 41 86 52 45 82 99 85 81 47 49 18 36 15 26 27 41 18 98 40 90 77 59 39 95 19 0 93 4 6 59 50 77 73 27 66 48 7 67 11 64 68 4 41 70 94 77 57 45 7 60 6 90 40 24 3 27 73 53 68 39 68 96 99 71 43 84 90 76 34 72 24 57 76 14 92 45 40 91 92 40 80 35 17 90 77 87 74 17 30 54 92 4 29 49 65 32 30 39 8 66 39 79 91 37 79 39 50 86 71 40 7 20 70 59 70 57 8 52 60 98 70 61 2 2 99 14 12 63 82 6 94 20 14 36 25 34 58 6 15 43 54 54 19 0 5 96 85 87 66 11 40 56 64 43 65 34 1 78 39 80 10 42 15 29 99 78 10 19 83 53 48 67 5 39 52 29 50 53 37 9 97 79 3 50 58 64 67 95 43 78 94 7 96 67 61 85 87 63 69 44 31 46 65 31 20 96 69 9 63 3 31 74 34 86 44 57 23 32 52 41 14 74 27 53 15 40 45 73 80 65 2 70 43 58 73 41 16 9 42 51 42 26 58 31 90 18 64 56 99 86 25 24 84 74 95 97 43 59 38 4 0 13 15 4 53 33 69 60 51 82 16 7 41 34 67 90 27 80 43 47 90 4 78 89 6 78 33 36 56 54 0 86 17 55 21 62 3 15 76 84 6 39 79 
82 22 79 66 89 91 96 28 66 0 32 94 79 52 2 11 41 62 62 85 20 85 27 43 77 60 87 71 66 74 91 22 82 7 80 50 60 72 46 43 70 66 87 14 26 39 17 45 96 2 55 3 37 2 81 6 20 27 35 26 89 65 36 14 34 54 27 44 65 16 25 89 18 22 24 69 31 33 80 56 97 46 41 18 29 22 60 81 11 6 77 0 33 68 88 94 71 50 14 23 58 46 86 38 55 1 65 84 49 52 99 72 17 67 31 55 81 8 57 42 14 64 42 9 35 28 51 47 39 15 38 92 58 70 33 69 63 72 36 34 36 58 74 28 75 34 7 30 76 76 20 73 6 65 22 63 62 32 51 60 61 69 62 42 42 7 22 67 44 97 34 60 73 69 52 1 99 49 51 14 54 90 49 32 38 41 80 27 78 83 95 98 42 32 60 94 85 67 65 96 38 41 91 54 67 80 3 6 98 82 20 35 87 94 63 16 43 56 22 24 72 39 78 97 93 52 34 51 87 1 57 54 99 37 43 67 26 66 17 36 59 31 37 83 76 52 72 63 64 6 46 99 63 35 17 68 6 49 62 82 12 13 16 20 61 76 62 7 47 93 35 22 78 30 96 63 12 40 66 53 53 19 97 91 31 55 48 96 85 35 86 75 17 88 76 8 32 21 23 75 25 36 53 1 64 78 59 82 52 86 26 6 46 23 15 94 17 3 27 40 11 94 90 77 21 24 62 43 2 66 72 95 80 19 55 21 72 2 95 94 11 62 52 80 20 43 15 60 23 59 93 1 43 39 60 89 73 74 50 52 69 2 55 79 64 50 4 1 98 4 72 83 33 96 60 78 94 37 47 31 16 23 44 50 85 80 82 42 79 70 67 44 12 21 24 97 22 53 93 1 55 7 98 22 26 25 25 42 72 30 29 40 85 11 26 4 22 30 50 85 45 57 63 94 88 47 69 80 93 68 62 91 29 43 81 7 59 39 72 53 31 11 86 45 20 19 8 82 77 34 54 61 35 1 8 23 96 0 13 46 46 15 39 76 87 68 0 93 91 76 46 34 94 70 42 26 0 91 10 82 58 30 26 3 43 80 87 22 16 4 15 72 43 99 4 75 6 42 5 25 
14 54 45 82 29 93 93 23 37 91 39 5 82 32 68 3 55 20 12 96 72 79 8 57 75 70 25 10 76 89 46 38 81 79 21 0 17 35 70 63 36 96 57 61 76 43 51 72 23 67 42 49 65 77 56 57 59 65 21 77 64 33 48 25 71 97 44 1 13 79 43 66 96 96 78 2 80 2 46 82 89 11 59 96 42 82 99 26 13 1 33 49 82 31 66 69 92 14 40 36 21 11 50 9 45 69 99 51 11 51 30 62 27 62 29 94 95 15 8 30 8 76 89 70 19 1 30 43 80 9 18 98 22 82 32 60 40 69 44 41 0 25 51 0 36 11 41 38 93 54 93 1 48 40 1 91 46 64 38 15 68 14 10 87 7 72 0 42 96 6 17 12 19 28 25 3 45 94 3 1 51 84 0 60 34 24 68 41 39 41 91 36 16 9 32 10 12 65 36 40 93 66 45 75 20 60 35 40 45 3 7 90 94 86 46 50 56 71 44 83 59 14 93 54 42 58 56 47 53 73 90 57 40 87 5 18 36 57 6 3 20 6 32 58 92 39 83 72 69 47 35 62 41 69 84 7 96 5 37 88 91 8 16 26 36 56 34 2 6 51 31 71 83 23 48 65 63 54 30 18 90 95 98 89 33 89 76 52 21 78 84 62 61 50 4 98 77 41 14 31 19 74 36 84 40 90 5 42 98 77 17 71 61 7 81 21 92 85 80 44 89 53 29 72 48 7 14 86 24 26 49 44 38 59 21 40 97 23 76 97 70 51 70 72 89 59 80 22 57 75 81 21 69 22 20 60 78 60 44 58 27 79 69 26 71 68 20 24 50 22 88 76 62 83 54 16 75 43 82 59 76 70 99 83 20 25 93 46 57 11 93 73 69 80 48 33 42 30 39 14 90 4 87 68 2 83 37 92 78 31 24 44 42 50 90 55 99 87 35 19 69 5 64 48 91 29 87 95 48 6 52 46 5 31 71 68 63 58 23 12 22 47 98 31 93 91 46 81 88 78 92 15 8 15 62 90 31 6 34 87 0 90 69 80 43 52 26 78 59 80 87 43 59 27 48 73 12 69 62 68 37 19 90 69 16 43 63 96 20 39 97 51 86 8 39 95 81 60 22 74 
25 53 38 13 34 59 6 41 60 60 7 41 50 83 10 98 9 31 47 21 86 40 64 8 75 18 9 67 22 2 51 41 30 81 60 8 90 80 20 37 43 72 13 55 29 53 88 53 17 78 61 78 50 70 46 17 42 78 5 93 66 69 27 3 28 69 33 97 59 40 29 77 44 77 20 51 40 96 11 31 14 55 58 2 95 71 41 79 79 75 45 61 10 71 45 91 82 15 13 15 42 73 90 82 27 15 4 96 7 66 88 99 88 64 95 54 97 1 31 69 86 33 26 50 4 67 24 45 32 88 88 83 62 29 79 48 97 59 40 15 80 26 80 2 65 4 26 86 65 34 52 36 76 71 76 29 71 96 33 11 67 21 17 48 71 6 60 74 73 75 14 88 77 24 33 88 91 75 47 37 66 60 98 35 73 11 27 25 20 48 64 75 50 12 65 80 54 50 48 73 51 37 72 54 73 91 79 48 85 73 24 8 92 18 8 31 11 36 50 55 25 62 60 65 57 27 64 39 18 27 81 92 40 7 71 9 73 73 76 79 12 62 55 86 72 59 45 92 40 98 83 58 53 90 51 82 41 60 82 42 67 48 45 92 91 91 35 7 40 33 26 20 46 6 13 20 53 25 58 97 15 13 36 3 69 68 87 69 69 41 59 1 2 5 85 0 36 51 55 89 70 48 27 52 46 33 71 14 83 63 51 31 8 30 86 10 96 84 5 76 49 96 2 79 50 9 29 93 84 89 33 26 83 8 21 58 41 35 38 59 38 77 44 85 0 63 49 26 86 3 93 24 6 55 24 33 31 54 93 47 54 32 63 8 64 58 9 67 77 41 61 43 19 15 80 28 18 93 76 56 87 43 63 79 3 41 5 10 97 79 44 81 46 12 86 51 24 54 42 78 41 41 58 75 25 77 53 31 31 65 89 91 8 33 7 45 20 46 65 83 93 76 3 59 69 89 74 60 35 37 62 36 1 92 15 23 49 43 45 11 21 57 46 52 20 57 76 33 45 26 92 12 58 82 14 47 78 91 34 35 98 29 91 21 70 51 18 6 42 45 25 19 50 78 8 46 87 44 39 64 47 5 41 16 29 19 69 86 73 46 48 27 44 99 10 88 35 40 64 77 
88 95 45 21 58 73 71 74 2 72 16 62 37 71 74 71 64 56 16 27 30 10 62 49 61 36 83 70 0 81 44 3 63 54 80 18 91 49 2 60 20 3 83 30 8 76 89 46 57 49 23 60 74 75 65 36 2 74 62 2 78 25 28 17 40 32 24 52 47 45 75 83 57 48 68 40 59 40 51 97 60 63 77 45 4 65 77 49 14 99 50 97 24 59 14 3 50 54 91 43 65 3 92 47 90 30 18 10 70 83 32 71 87 16 83 23 0 36 22 35 73 78 41 7 42 33 75 4 89 65 46 14 62 94 66 18 26 27 3 25 1 22 71 77 12 42 37 6 83 41 63 3 80 59 9 55 12 66 87 88 78 87 45 98 1 54 9 77 97 94 41 83 53 3 9 75 39 87 51 45 24 34 97 85 34 73 19 77 95 38 94 49 36 58 60 67 90 87 5 39 67 3 5 56 9 80 31 52 66 85 24 65 68 68 93 68 27 2 23 14 58 97 76 32 7 37 82 0 14 29 37 34 57 78 58 88 93 95 47 20 19 47 78 1 5 60 20 33 47 41 56 78 50 59 16 12 0 23 60 17 35 12 63 54 54 87 46 94 78 66 77 12 54 0 15 94 41 29 53 15 75 2 76 60 66 0 3 51 82 74 91 15 32 4 9 48 71 18 35 34 43 67 79 88 17 90 96 91 87 54 3 75 90 13 25 53 74 68 61 69 49 89 61 62 54 69 68 88 47 39 78 9 84 80 43 63 54 44 33 81 4 21 49 96 97 51 32 96 58 71 50 79 93 20 42 65 35 7 40 5 18 66 15 91 6 80 67 78 4 38 26 28 95 41 8 23 95 38 49 98 47 22 66 49 67 67 60 41 82 14 60 83 16 67 38 95 55 75 45 28 68 28 90 67 40 94 0 51 44 83 75 11 44 91 76 38 86 78 57 81 51 19 66 4 34 90 26 74 98 40 14 70 4 54 98 42 36 91 49 73 36 10 68 58 1 23 82 62 91 85 2 82 75 48 32 65 23 0 13 23 4 17 9 47 39 40 10 7 18 78 79 1 88 92 70 71 47 23 90 63 53 36 43 16 97 31 35 29 67 75 81 47 91 9 76 97 54 22 34 15 
2 98 53 6 11 47 42 59 53 61 77 2 4 92 52 94 37 58 91 10 7 81 3 22 22 56 21 77 99 57 70 37 52 59 5 49 13 81 32 34 71 11 86 38 36 31 21 37 32 23 47 80 50 24 39 63 38 95 93 73 45 43 34 43 37 2 1 49 31 44 76 16 98 8 3 81 74 46 57 4 25 81 61 72 60 2 65 94 89 28 76 57 28 1 29 81 44 65 14 83 60 6 94 99 41 87 42 67 97 50 62 96 4 55 87 42 66 22 12 16 74 56 90 96 13 64 80 72 34 57 19 50 92 50 61 22 20 50 28 57 85 29 82 20 74 67 86 65 23 75 33 1 98 47 90 11 59 82 63 12 45 14 30 75 80 8 38 23 32 64 85 3 11 29 53 93 9 72 54 46 47 35 96 92 51 70 70 81 50 21 42 68 31 73 57 38 38 95 5 22 84 61 41 76 42 36 69 70 72 54 23 44 19 25 93 14 60 51 60 43 71 60 64 17 56 36 21 78 77 9 62 40 64 73 92 45 6 24 37 48 28 1 97 44 77 17 36 90 37 60 25 93 61 94 3 42 90 73 74 92 98 61 97 45 4 28 73 65 60 12 52 63 59 29 47 54 24 31 84 25 3 23 1 46 28 5 77 68 91 14 76 31 71 47 49 72 13 58 89 81 23 3 99 94 88 54 50 37 21 3 91 59 21 70 59 47 69 52 31 26 87 29 18 8 19 11 79 2 46 23 12 32 75 51 10 58 88 92 50 49 94 85 91 75 3 95 77 59 10 11 93 89 20 81 66 54 99 14 99 54 68 83 86 47 56 23 45 82 5 91 63 39 62 77 73 98 37 92 65 7 10 42 11 69 12 65 50 98 93 94 41 89 57 67 59 42 71 67 7 99 97 32 40 75 5 64 49 55 56 52 36 70 50 53 20 17 94 15 43 19 15 12 93 7 35 97 46 60 83 51 62 80 72 25 3 52 0 8 78 55 72 35 78 53 8 0 9 97 75 58 17 58 69 40 90 83 38 99 32 2 85 23 24 10 76 84 42 55 82 26 46 73 39 97 11 19 59 55 86 75 78 86 47 79 89 67 62 34 40 27 10 91 96 11 58 40 71 15 18 27 
84 15 51 62 27 26 90 53 3 6 11 60 35 27 47 69 5 63 51 47 67 39 69 8 0 96 88 35 61 0 63 65 64 85 18 17 79 10 12 99 37 57 32 35 22 73 31 73 9 50 90 54 87 21 72 24 5 72 53 31 64 41 45 29 80 66 19 71 87 5 42 88 84 29 85 22 32 16 20 26 83 62 30 25 46 27 86 36 84 48 15 3 74 16 31 98 12 32 17 32 88 95 10 13 97 20 53 85 96 77 66 89 9 17 9 6 34 7 78 63 36 53 20 36 31 96 62 77 70 45 94 79 25 33 20 21 22 83 13 61 95 46 97 10 63 50 17 13 54 83 53 15 21 93 1 53 85 20 50 93 96 12 48 5 59 1 46 85 69 51 89 98 15 44 40 63 79 40 67 7 87 2 19 25 32 26 46 55 34 58 7 35 21 89 36 37 24 84 98 0 74 71 97 11 62 92 93 47 23 57 55 88 92 80 88 19 16 58 27 14 17 13 49 78 10 15 30 12 70 63 89 87 67 6 68 61 48 8 22 84 54 44 65 63 37 65 40 13 53 79 3 9 55 21 96 55 50 48 58 41 21 52 67 58 10 38 56 83 95 78 0 19 61 33 33 12 39 5 26 46 84 24 56 60 75 50 35 25 61 55 99 77 15 65 52 12 22 62 99 82 41 16 35 23 23 0 82 93 56 12 67 47 44 81 48 96 21 64 59 37 87 24 87 44 34 12 0 10 88 21 22 41 2 8 34 21 20 73 57 31 94 30 87 4 61 17 0 85 77 32 32 63 73 24 8 41 6 7 34 31 83 9 73 81 0 68 46 0 88 96 86 33 69 72 46 96 95 18 83 70 12 48 50 98 18 5 35 76 1 25 51 51 47 1 16 66 41 42 56 33 28 62 53 73 40 12 40 55 31 51 91 32 65 45 49 31 55 32 27 95 69 74 16 68 13 89 34 31 72 45 14 20 35 41 26 3 15 91 68 42 84 64 66 30 92 83 32 5 74 21 30 19 5 29 94 0 7 45 68 20 22 21 44 84 65 26 60 48 42 86 67 41 31 89 9 61 58 59 76 89 29 5 42 79 50 32 60 27 24 26 42 87 26 14 40 37 3 22 33 40 
50 99 77 91 39 39 68 29 74 31 25 74 4 62 17 9 19 86 53 86 77 70 32 21 36 0 97 52 60 15 71 86 14 40 74 25 76 8 83 81 28 93 91 45 73 54 25 17 8 99 16 1 48 62 38 89 44 87 46 57 45 11 23 99 82 11 2 62 2 9 78 34 53 3 26 74 74 59 90 24 57 40 98 91 44 6 76 29 91 19 56 35 24 60 25 98 87 82 45 15 70 71 28 51 96 51 49 24 43 39 58 18 87 43 83 29 33 55 49 57 28 0 35 99 63 32 28 80 68 88 86 56 31 0 99 96 77 60 86 51 2 0 28 66 93 13 55 46 80 7 82 58 16 3 54 13 85 42 77 80 45 64 14 8 97 89 73 47 33 86 95 68 45 36 15 4 84 14 5 99 76 80 51 64 61 98 95 68 79 57 65 39 46 44 21 92 5 79 55 18 75 81 73 43 19 86 24 50 10 83 95 99 73 4 52 74 49 58 36 12 24 91 38 9 84 59 35 47 58 93 32 97 27 64 51 35 5 74 47 85 73 14 51 51 56 93 68 33 44 16 30 18 96 43 96 13 42 9 19 37 84 2 50 49 25 57 67 97 42 36 91 8 13 41 74 83 0 46 37 88 84 74 97 82 0 57 29 48 21 22 75 24 72 60 35 10 50 76 27 69 98 60 90 17 84 26 0 10 73 38 13 68 59 34 61 55 34 61 7 53 28 62 73 82 9 38 72 91 25 3 4 82 70 50 58 56 52 31 32 76 11 99 5 32 65 27 50 50 92 67 92 73 87 57 54 83 7 88 29 44 23 55 46 60 48 22 64 6 60 51 16 15 7 72 9 57 76 84 27 98 98 67 30 63 94 36 94 24 74 42 94 63 22 44 1 81 18 80 0 27 97 77 94 48 49 81 41 87 14 71 57 28 99 6 18 48 62 21 41 21 47 51 10 78 17 54 53 50 96 4 74 46 30 71 47 22 87 2 0 9 10 83 12 88 39 70 11 63 14 73 42 85 89 50 71 97 45 94 89 93 89 63 82 4 35 56 95 43 35 91 43 15 41 48 64 81 94 68 47 17 14 49 18 80 61 84 59 69 20 10 2 30 33 67 71 76 37 56 25 71 
96 20 78 43 62 94 89 7 97 89 84 58 43 39 93 32 82 50 75 13 5 12 20 37 60 82 78 51 35 27 95 27 6 45 65 30 73 81 66 87 43 35 35 9 24 65 59 54 68 28 39 26 4 42 39 45 99 86 91 21 41 57 31 19 62 3 20 31 82 1 12 97 56 64 32 67 89 13 76 85 27 78 26 12 34 10 59 78 69 73 86 53 47 98 98 82 55 44 75 32 82 78 44 8 89 74 91 35 55 73 11 87 0 13 98 46 89 86 51 17 54 21 23 87 54 6 96 5 2 37 17 29 72 68 51 45 21 51 19 58 77 60 34 12 86 23 65 45 44 80 57 34 63 88 49 40 9 30 29 71 85 3 87 63 65 27 92 60 28 62 6 55 91 93 47 5 77 18 64 68 80 63 51 56 70 17 34 0 4 88 69 53 78 36 45 78 15 44 62 56 79 90 62 87 78 90 59 34 66 88 79 80 31 71 14 4 42 95 96 30 8 97 59 78 85 54 39 57 92 37 56 1 73 65 84 18 29 66 82 22 36 39 86 21 0 8 93 53 40 32 44 99 68 38 12 67 4 88 32 97 44 28 79 16 34 70 92 23 48 69 63 18 63 93 40 2 8 74 78 72 54 47 5 87 44 25 44 31 61 49 14 61 93 31 99 13 50 65 85 83 51 79 20 29 24 88 59 11 86 73 55 84 71 44 25 77 41 72 75 40 11 67 87 58 77 68 92 63 38 30 25 53 63 76 7 84 85 43 5 77 6 1 85 38 68 43 70 61 38 89 25 83 3 53 12 3 76 17 33 59 73 25 50 62 55 4 13 70 13 94 31 68 56 94 28 42 88 80 93 72 31 90 21 10 48 67 1 85 80 96 72 52 96 26 93 13 12 8 66 0 61 25 8 59 69 80 16 55 31 72 2 18 93 50 24 61 50 17 18 0 63 84 55 51 37 25 2 83 24 62 29 42 51 68 98 99 20 92 53 66 97 17 89 78 3 45 66 68 9 27 50 83 72 61 71 88 26 31 13 24 33 43 68 19 98 7 75 47 29 24 6 86 43 64 98 73 25 83 47 81 22 5 34 46 68 39 76 18 87 66 13 59 23 92 53 52 43 6 40 32 
29 69 20 16 24 14 96 66 32 3 7 51 44 39 94 7 86 62 29 57 3 67 47 20 52 79 57 44 24 13 9 94 31 24 72 15 20 9 68 26 6 79 17 44 60 1 42 23 78 6 92 7 18 91 43 16 98 14 56 28 72 88 22 76 23 11 7 0 76 14 18 28 45 83 59 52 17 11 10 29 5 47 31 97 76 40 49 91 77 63 94 59 48 11 67 99 38 92 44 11 63 6 6 25 89 49 75 61 87 6 14 95 5 25 15 14 10 68 65 0 83 0 54 82 74 75 23 90 55 22 37 79 45 80 76 41 89 50 18 76 6 36 89 37 96 80 16 63 82 74 15 72 26 24 54 1 97 90 20 81 30 24 76 56 19 75 91 71 41 18 75 64 39 34 96 8 74 52 10 83 55 9 70 75 25 38 84 7 97 46 40 50 64 20 19 92 72 85 36 92 21 21 68 46 77 53 75 72 78 46 72 28 78 39 59 84 45 76 33 20 15 85 88 43 36 97 31 84 88 49 83 79 50 28 23 69 8 88 58 60 60 64 52 78 1 79 30 83 25 1 97 13 14 97 19 84 38 75 12 31 79 91 88 89 23 33 6 3 45 54 60 52 16 75 68 42 99 93 83 61 53 81 39 54 26 53 79 34 2 6 61 47 86 15 63 81 16 38 79 40 31 49 51 98 55 48 73 80 77 93 38 86 62 44 61 30 8 40 26 33 13 6 55 72 44 9 36 24 86 69 78 1 38 16 53 88 96 50 58 79 66 7 34 93 26 86 1 54 42 28 45 56 26 27 67 7 82 41 90 26 28 56 77 26 98 82 75 86 35 12 85 84 26 47 32 31 67 3 64 66 11 4 72 23 46 17 43 8 23 31 62 38 54 62 50 82 72 25 13 97 48 68 48 26 13 5 44 15 53 56 94 25 56 0 27 60 88 57 63 86 55 11 8 81 53 10 11 58 15 72 83 37 24 81 17 34 44 57 38 10 59 35 38 15 79 0 53 32 8 93 81 45 90 33 72 54 24 30 38 1 44 95 84 21 95 46 26 88 30 60 98 48 41 1 14 81 43 4 80 14 14 38 83 47 5 62 81 93 11 9 84 84 38 18 73 13 67 93 47 95 
12 20 95 4 99 11 72 55 77 24 86 20 19 37 63 9 3 44 85 80 70 7 4 67 1 14 90 14 98 81 58 51 20 58 59 94 46 87 69 28 31 60 8 70 86 0 79 10 16 44 86 65 70 44 88 69 37 37 31 64 87 6 5 46 88 83 96 40 37 19 33 81 91 56 66 93 19 69 95 12 37 7 5 40 22 76 30 66 7 56 44 15 11 24 70 21 4 9 75 39 8 25 56 17 97 41 99 61 67 86 81 39 21 59 50 42 51 91 27 27 70 27 93 54 92 28 71 83 86 10 79 30 72 63 5 1 56 57 5 81 93 25 72 40 16 46 16 43 24 73 47 8 10 15 1 13 0 72 97 54 16 1 14 22 52 48 82 85 0 65 94 6 37 25 75 87 35 27 53 26 89 43 26 56 8 6 41 61 11 13 39 50 1 49 70 2 84 31 25 12 57 74 35 59 15 90 99 39 49 41 91 12 70 15 71 80 39 98 5 46 84 39 27 16 78 72 24 96 16 98 75 83 16 38 80 73 24 59 92 85 58 14 87 64 36 74 24 40 7 73 9 51 51 71 23 79 46 65 40 68 73 64 43 89 28 67 69 20 72 34 70 0 91 85 81 87 70 69 31 91 77 29 84 36 60 27 64 65 61 12 70 96 58 9 79 78 5 48 61 47 9 18 84 85 38 74 33 56 96 78 9 41 40 45 16 35 36 25 18 83 48 73 50 57 20 81 65 60 87 16 70 6 1 11 92 32 86 53 22 92 19 51 10 27 52 48 11 90 14 15 61 3 85 60 35 41 86 60 55 61 43 61 94 26 55 13 84 20 44 74 50 19 54 98 89 41 30 20 62 13 42 47 37 89 19 1 70 12 24 22 7 69 37 50 86 11 91 57 89 57 22 73 35 36 61 97 72 98 81 84 81 61 12 36 25 89 19 72 51 38 86 80 46 29 59 35 49 32 74 73 6 40 23 66 18 83 45 59 85 39 13 16 0 29 29 29 74 77 55 65 26 30 33 40 3 9 95 48 45 10 47 90 5 21 43 22 22 9 56 24 97 27 58 8 2 23 41 72 40 56 18 21 67 72 68 47 12 36 60 5 84 32 31 73 21 11 75 87 97 66 
57 36 72 83 13 32 28 84 6 44 11 12 0 30 94 21 43 42 7 26 63 38 63 63 56 80 29 47 38 26 5 86 17 99 50 19 33 44 35 30 98 89 79 26 18 29 82 45 55 95 97 85 6 59 34 43 36 40 42 52 17 52 0 67 90 21 38 70 71 84 32 89 64 83 7 37 51 75 60 15 7 80 22 78 91 33 69 47 91 14 72 43 50 95 84 56 3 6 13 96 69 5 86 57 1 34 28 5 39 70 44 12 19 67 62 28 10 2 24 31 87 57 2 96 79 65 85 35 65 58 24 82 6 73 80 8 11 18 10 16 19 0 34 23 20 62 64 13 50 27 42 89 70 60 90 70 35 56 81 28 26 45 84 0 15 9 17 89 17 8 93 80 54 32 85 9 85 96 81 1 95 85 57 18 63 81 22 58 47 78 35 69 84 71 16 17 26 14 22 22 76 74 17 61 0 17 38 5 98 40 70 53 89 34 15 29 67 39 91 35 2 54 30 27 47 69 11 54 98 70 3 0 30 57 94 20 46 21 22 56 92 60 53 21 5 48 21 4 61 90 97 6 52 24 7 17 34 37 24 91 19 75 60 94 98 26 71 37 71 91 83 10 74 55 58 80 10 49 98 63 69 86 36 30 42 80 54 24 9 76 56 31 2 76 5 12 40 15 33 83 87 59 53 90 64 89 51 27 0 43 24 71 28 47 79 24 11 57 15 79 16 15 3 34 89 36 77 72 69 94 68 54 62 37 22 28 26 26 98 85 31 17 25 32 48 21 32 95 95 77 53 80 40 52 37 85 55 1 29 64 0 29 68 4 97 53 28 30 73 62 37 67 24 74 18 89 92 28 69 44 22 12 85 71 15 81 94 28 29 66 41 52 65 54 56 42 51 19 65 73 24 93 74 12 23 0 39 62 25 80 3 59 85 76 48 33 52 97 49 26 73 7 5 9 73 31 66 71 13 59 79 80 44 12 53 13 2 30 76 9 33 61 82 19 3 38 63 26 36 59 15 4 42 48 37 14 78 62 96 49 33 17 35 9 79 77 88 90 67 12 72 63 71 15 57 61 89 82 9 9 37 61 8 9 53 97 72 89 79 6 83 56 90 49 20 60 83 81 62 18 
13 46 21 99 47 91 18 80 85 72 45 91 30 94 44 78 85 46 31 91 85 59 67 1 21 96 72 10 24 17 26 62 33 12 5 63 74 31 87 61 29 25 22 15 40 46 79 6 42 99 91 58 18 49 23 80 96 12 17 75 80 3 5 81 13 10 57 11 47 81 61 11 85 67 41 2 34 9 68 46 28 12 77 62 77 36 65 80 42 3 0 74 41 33 91 56 71 49 33 36 38 79 68 99 47 48 90 76 24 3 9 74 4 21 4 55 7 44 39 46 51 55 53 8 43 57 43 90 83 59 72 78 64 71 43 13 69 90 45 72 66 48 28 25 29 79 7 23 63 65 34 81 76 70 28 12 96 97 99 48 19 49 4 76 20 96 24 68 35 75 34 30 97 64 62 88 19 52 5 1 13 55 38 10 28 66 60 31 26 4 89 14 46 48 39 51 10 93 49 36 19 94 36 67 96 4 79 78 59 93 39 23 1 71 7 16 51 77 11 84 68 98 86 99 93 26 46 26 55 0 63 10 31 86 21 71 88 82 86 68 20 3 69 2 52 31 4 8 45 86 55 64 71 26 66 3 14 45 13 66 81 56 78 46 70 45 43 37 75 83 60 21 74 93 75 57 1 92 26 50 11 89 57 71 26 6 73 19 59 75 44 78 99 29 78 51 97 42 7 38 7 56 14 90 18 62 89 80 92 39 10 97 41 2 1 12 1 85 55 63 11 6 98 7 58 55 14 94 3 97 8 50 76 47 62 19 47 24 98 41 54 22 90 93 53 21 90 0 80 11 27 38 7 9 57 9 56 2 76 99 4 82 60 55 16 38 24 75 45 74 7 10 86 59 42 12 33 22 14 58 56 28 78 9 49 36 83 43 68 2 22 81 16 17 61 84 13 72 90 19 33 87 76 3 68 65 76 43 56 1 83 83 0 85 0 64 68 54 65 78 15 87 49 44 12 70 32 31 27 60 51 98 50 93 49 9 97 23 38 41 94 34 94 42 61 20 17 46 21 17 74 57 59 89 21 22 27 57 13 73 92 48 2 53 4 67 94 91 72 79 13 80 80 45 95 80 98 46 61 91 95 92 68 29 46 5 5 64 94 15 96 89 30 43 40 47 27 65 26 19 
77 80 53 56 77 10 90 48 19 71 63 92 2 59 25 17 96 29 75 84 36 54 61 68 32 53 69 69 16 27 18 2 4 38 14 30 6 18 66 72 40 36 29 65 54 50 10 86 71 59 37 82 41 75 3 37 39 18 56 62 26 78 95 94 26 29 24 46 17 7 32 81 90 79 29 49 20 46 75 76 53 17 68 86 25 91 11 33 2 10 47 31 42 20 66 51 26 65 42 75 92 67 52 17 8 42 72 77 99 41 56 62 30 33 52 75 29 96 89 99 49 69 48 68 42 6 66 41 97 86 70 46 71 32 6 28 78 91 37 5 52 48 13 32 32 97 69 25 92 36 29 52 20 31 76 56 36 8 42 34 46 0 42 10 88 56 62 97 65 68 42 7 65 59 53 80 41 99 74 33 14 37 43 16 68 64 79 36 92 43 65 13 21 47 31 12 73 5 8 57 75 4 69 58 56 87 10 39 77 62 24 55 87 9 58 22 56 72 13 7 72 45 60 32 54 67 76 15 86 65 51 40 95 3 7 48 69 18 98 84 10 41 79 66 4 43 63 11 92 56 66 90 38 96 3 52 50 97 59 80 45 35 20 57 54 96 16 30 42 98 54 97 50 58 3 39 13 11 94 94 29 46 97 32 74 62 90 8 60 7 58 87 32 27 95 56 62 85 88 43 45 82 69 34 24 64 60 33 24 4 7 60 98 75 3 2 94 57 37 76 16 67 26 7 90 41 44 62 6 33 23 88 6 5 85 92 33 79 54 97 47 60 14 0 76 76 84 96 76 76 47 42 91 43 83 68 56 89 51 7 83 36 52 20 79 25 64 7 56 19 24 6 49 34 43 51 81 75 8 97 92 98 77 28 72 37 53 28 29 99 59 94 36 58 48 20 86 9 23 90 53 36 11 61 59 26 45 89 47 70 14 81 4 85 35 98 87 15 64 93 1 47 25 4 53 28 51 23 6 45 98 93 60 11 95 14 35 56 57 29 85 56 44 14 10 80 49 93 49 75 43 99 96 29 97 56 34 4 5 26 80 32 9 10 58 58 24 48 64 93 67 27 48 57 76 85 97 7 3 24 9 48 27 71 63 17 75 43 56 47 22 13 11 20 31 38 6 90 49 64 
91 51 19 49 3 0 59 9 82 10 64 13 99 62 84 24 81 71 11 1 42 81 85 27 63 45 62 52 76 87 92 25 94 63 40 96 62 43 9 56 75 9 85 17 63 81 22 31 54 64 8 37 24 67 48 0 28 49 48 34 17 94 11 48 76 10 48 51 14 77 50 22 19 12 79 6 90 96 81 24 87 82 28 99 15 23 33 90 27 65 22 36 56 85 99 8 33 54 77 96 93 22 37 92 79 39 35 56 43 69 8 22 71 99 49 45 70 7 33 79 75 73 8 55 97 74 56 6 94 9 16 59 78 2 0 10 53 95 36 83 71 60 20 70 66 33 68 4 25 73 75 3 17 33 77 95 25 99 46 66 14 1 5 9 26 37 1 75 64 98 17 73 93 91 1 71 57 22 36 47 61 75 93 59 55 90 27 31 67 34 40 67 73 8 39 50 7 12 73 12 32 49 97 61 9 51 39 50 23 48 59 51 33 64 21 98 23 2 0 48 31 54 47 13 84 56 68 33 32 13 19 68 70 1 17 81 67 32 94 58 8 13 95 71 77 24 32 33 85 11 33 69 66 95 76 70 86 19 90 46 93 89 49 84 53 84 37 14 56 87 25 68 13 0 53 29 42 6 34 64 59 7 46 95 3 29 4 19 79 88 62 19 27 25 1 55 17 48 37 11 43 2 66 12 69 5 33 61 18 92 3 82 99 32 43 29 14 91 18 7 23 35 88 22 49 67 92 34 95 24 49 64 44 30 83 45 36 76 83 40 44 97 55 36 49 4 51 20 19 83 1 32 11 48 64 99 83 64 70 33 46 23 92 43 48 24 81 80 34 76 7 46 65 1 73 97 83 65 84 56 83 9 76 54 94 99 69 35 34 97 19 51 58 75 39 17 58 98 68 52 48 83 28 70 11 84 78 98 3 98 72 28 45 31 68 86 17 72 37 21 85 77 31 48 80 91 18 73 54 70 51 90 85 25 23 5 17 91 94 90 72 39 36 73 94 18 41 36 23 3 86 27 28 47 61 42 54 31 5 29 97 23 48 77 86 12 89 91 99 96 49 86 15 40 47 66 92 98 91 99 12 44 57 54 36 53 39 34 55 3 0 81 90 1 5 22 82 33 7 66 
54 80 3 22 51 33 31 24 18 3 22 27 16 59 9 52 24 34 31 95 48 99 86 2 81 51 11 24 69 32 48 53 85 47 91 21 60 2 66 70 57 30 69 2 60 33 20 9 20 34 69 7 95 91 36 68 62 19 22 72 3 98 99 74 77 42 50 68 86 43 50 69 43 37 9 21 31 28 24 88 64 93 59 50 87 3 43 62 74 16 29 82 1 69 3 62 56 67 53 70 66 4 33 93 87 86 86 47 45 57 71 22 41 15 44 29 41 39 80 77 64 50 30 21 10 66 89 24 64 64 5 24 31 13 19 85 41 3 80 94 11 17 35 91 46 72 63 0 35 51 50 12 61 33 23 86 2 94 37 4 53 35 89 85 10 82 2 33 42 46 75 34 0 18 5 42 20 36 1 82 11 12 0 40 4 69 77 96 82 36 51 60 17 18 20 34 21 40 56 31 0 37 90 0 12 22 92 35 46 7 6 47 73 4 1 9 77 67 96 60 45 95 82 50 98 48 81 71 82 93 79 44 38 2 19 80 8 36 98 68 56 89 98 65 47 60 10 6 40 65 24 77 15 89 8 10 15 93 29 23 73 35 89 15 57 28 84 85 11 52 69 10 90 83 0 86 63 33 39 23 70 0 36 72 13 81 55 85 33 52 88 10 96 72 87 25 3 35 50 52 69 9 46 79 37 19 74 58 73 18 48 2 50 77 49 61 85 55 36 55 27 59 86 38 53 94 64 65 67 43 16 40 95 33 17 59 92 98 14 18 55 30 57 12 76 98 47 79 78 6 18 79 81 45 86 72 76 40 30 97 18 4 20 66 63 59 94 46 31 17 53 93 23 99 97 76 57 97 50 59 25 48 23 21 95 6 90 71 51 29 79 57 3 2 64 6 8 43 72 39 43 39 27 37 12 72 61 79 44 8 50 52 60 76 90 87 14 6 36 44 64 67 96 91 78 21 93 23 59 53 36 82 59 91 39 87 23 72 25 92 69 65 7 35 42 34 46 54 57 6 97 66 30 37 81 16 83 41 19 41 6 9 55 56 55 71 35 45 15 13 49 49 9 31 16 43 96 15 68 77 57 32 49 95 90 7 58 27 63 46 90 5 4 43 50 53 88 2 25 35 
12 86 49 30 15 37 78 1 68 93 92 82 25 77 40 51 79 61 66 21 13 81 90 55 65 40 68 68 57 11 22 36 95 31 92 56 87 81 97 24 72 93 69 37 17 1 17 76 61 31 3 73 37 24 74 82 66 98 0 42 6 24 46 53 10 40 35 55 2 22 13 53 48 55 5 83 97 61 37 3 96 65 15 29 16 88 99 39 10 30 97 50 91 64 85 82 64 18 87 94 46 56 34 52 94 68 58 36 14 11 52 22 5 59 71 45 45 50 29 1 94 1 60 81 81 51 62 74 58 51 37 14 54 75 39 72 8 2 73 19 23 77 58 49 35 93 91 50 28 52 24 1 12 89 13 59 19 9 38 5 22 12 72 98 35 71 46 94 14 11 82 29 92 10 15 88 31 96 50 80 50 36 88 31 54 56 28 87 66 58 77 77 11 85 23 3 15 4 37 85 30 97 5 69 34 97 55 34 63 10 74 78 38 41 56 2 99 45 69 69 52 83 79 79 13 7 9 93 57 94 68 74 2 46 9 84 39 92 81 39 33 60 45 61 32 74 70 55 28 47 47 90 96 70 48 94 41 92 7 3 9 98 33 41 74 57 56 93 78 78 30 16 33 59 28 88 17 73 4 49 44 72 0 38 51 36 24 59 38 42 41 81 60 38 59 61 12 46 88 21 28 39 10 65 53 25 11 24 20 77 71 5 15 43 46 8 91 30 82 41 4 71 27 45 13 99 9 66 18 44 70 4 19 22 1 9 43 68 66 40 85 86 22 66 38 32 94 5 27 2 35 22 8 77 61 20 12 2 52 77 15 65 50 13 18 45 14 65 19 43 20 85 28 72 11 33 68 95 35 40 19 98 99 14 41 39 98 41 18 97 92 74 92 72 67 97 74 19 71 72 15 85 19 11 14 99 24 29 89 68 19 30 40 64 94 86 23 52 43 81 98 34 37 60 96 77 11 43 14 25 54 27 5 16 61 13 18 3 55 71 81 39 76 35 69 14 76 30 70 62 88 23 0 32 62 28 7 40 24 16 42 41 24 49 16 71 99 60 61 48 97 31 21 40 95 86 34 58 0 61 27 28 81 53 17 34 17 97 93 38 3 83 6 76 5 83 73 34 4 59 
6 67 85 4 8 59 48 92 39 6 31 52 34 90 18 3 84 26 16 40 91 29 96 89 35 74 96 33 63 5 70 95 61 86 86 79 75 92 27 64 37 33 33 2 21 76 50 42 85 51 80 93 60 86 75 85 68 44 95 90 66 0 7 91 50 38 71 99 80 23 12 59 20 15 42 96 86 90 50 14 13 89 97 75 24 1 59 96 53 24 40 3 58 83 13 12 70 16 82 33 9 17 34 4 94 24 26 82 84 88 11 2 38 16 62 34 68 79 25 54 55 23 68 47 44 34 6 94 32 46 61 4 46 52 46 36 77 68 28 95 99 42 6 67 79 76 37 75 35 6 1 98 13 14 23 19 87 50 90 52 92 90 56 33 65 26 84 98 64 15 58 91 12 41 70 40 93 77 20 94 1 88 3 9 43 32 17 74 16 73 23 2 15 2 21 56 72 13 44 39 64 5 30 59 30 83 86 94 90 27 80 6 67 7 99 74 10 80 65 25 49 0 83 74 48 44 39 72 67 43 66 87 27 6 61 71 22 57 57 77 17 66 89 24 32 1 9 54 21 28 53 39 40 72 32 33 79 35 69 69 8 91 17 69 83 54 70 90 50 28 40 76 70 67 23 48 84 53 8 84 28 11 35 13 33 15 88 22 76 99 68 24 21 80 14 26 76 50 83 41 8 78 79 51 26 0 57 33 80 95 89 41 28 29 36 63 30 35 52 54 20 87 36 77 53 20 61 5 88 24 22 36 16 9 70 8 32 2 77 27 31 6 68 41 63 45 84 96 69 54 83 56 67 21 5 51 53 98 82 59 21 78 21 78 52 64 29 20 20 10 29 3 81 20 45 7 56 61 42 13 77 46 91 86 51 20 74 31 92 54 21 15 15 6 10 27 30 42 59 6 31 22 38 57 2 16 72 72 0 72 80 69 11 66 2 84 54 68 20 25 38 40 42 42 24 42 57 68 53 21 17 87 52 76 91 76 91 54 24 7 9 7 0 9 90 13 1 60 67 14 84 64 87 92 92 48 14 44 4 45 86 28 43 98 11 2 86 69 43 78 58 57 2 28 43 73 94 9 56 67 94 40 76 4 32 98 76 16 29 42 89 21 24 7 1 9 53 34 49 71 
79 16 58 9 79 96 85 20 64 21 23 95 16 59 12 27 24 22 50 2 23 63 62 21 87 50 39 0 65 99 50 7 50 9 52 56 17 35 41 2 3 65 9 80 60 55 46 66 44 17 90 72 30 31 33 24 27 97 92 24 43 29 23 93 32 47 96 34 39 74 93 64 75 41 44 94 95 37 28 51 35 45 23 27 61 37 55 3 89 40 13 41 32 52 40 68 33 71 61 82 46 99 59 70 72 29 74 84 3 51 88 34 65 55 35 50 5 7 83 86 12 83 15 86 87 96 15 96 86 70 5 84 80 3 32 11 15 93 36 6 14 6 16 91 34 44 92 23 97 28 75 24 97 14 19 36 40 85 23 30 22 46 74 29 99 7 68 68 19 46 50 21 32 47 77 85 3 58 83 74 81 56 89 61 75 5 44 70 35 47 15 18 29 89 33 81 7 66 31 12 60 14 55 33 71 81 38 8 23 23 16 4 49 44 26 30 2 41 57 13 29 38 8 59 28 65 33 43 46 31 84 40 79 10 81 17 97 47 5 9 14 17 86 53 2 78 50 23 30 56 9 29 89 50 26 46 98 28 12 60 10 56 65 4 39 27 6 26 13 19 48 24 84 66 7 4 87 43 65 87 40 67 9 89 27 3 24 99 15 9 28 52 34 60 44 47 5 3 31 83 72 36 80 48 6 45 81 77 97 23 78 63 75 43 17 69 0 86 68 53 80 91 90 42 31 23 30 37 95 32 76 53 69 34 45 70 16 10 93 38 98 35 99 11 3 63 45 59 75 85 20 44 59 8 98 66 60 97 99 68 95 52 49 43 44 49 27 29 40 32 87 20 8 93 74 85 57 90 61 80 33 54 81 25 11 71 36 97 25 61 34 17 52 85 5 66 18 85 77 62 36 69 87 38 51 79 84 64 28 74 16 3 64 75 55 76 89 44 4 15 74 98 85 95 71 70 62 42 85 74 21 92 87 24 40 74 97 71 49 82 72 74 83 33 6 34 50 0 11 71 61 11 32 53 6 27 55 91 82 66 24 84 81 68 42 49 48 20 96 83 24 64 5 1 22 53 38 13 10 58 52 80 85 78 6 35 86 4 0 83 86 39 84 47 54 30 39 81 61 45 
76 57 3 25 36 17 77 17 53 94 14 65 53 47 34 87 77 24 21 4 63 0 77 4 99 59 4 73 85 2 88 53 39 7 12 6 72 29 48 21 22 24 79 66 76 33 28 15 39 28 6 59 99 41 17 10 76 53 66 18 5 45 53 91 71 72 84 70 46 29 18 2 25 15 25 93 19 8 69 46 99 92 75 31 20 54 80 80 39 55 14 8 29 26 35 48 63 60 19 6 53 89 60 72 91 46 76 1 6 97 12 39 38 18 30 69 70 3 68 79 85 62 18 80 76 78 99 19 92 79 89 57 49 34 99 14 55 27 24 70 52 73 32 58 54 83 44 79 86 37 63 47 25 99 59 25 26 43 34 73 41 69 1 28 18 66 44 53 69 37 64 6 69 54 58 77 18 24 25 61 31 50 69 27 47 60 17 92 24 87 42 54 70 98 32 11 9 6 62 56 93 17 61 34 33 82 38 9 50 80 21 35 1 19 12 39 52 3 7 57 73 52 48 45 87 74 31 89 25 90 68 28 68 73 19 77 12 3 8 9 10 18 11 80 85 8 34 76 51 51 19 47 41 68 95 70 45 29 80 3 6 71 33 17 41 78 10 40 35 91 87 3 75 44 17 32 30 90 1 6 68 59 75 86 21 41 85 94 7 68 31 52 13 79 82 10 45 40 74 26 30 25 17 27 97 57 25 84 48 91 27 5 36 85 36 52 36 97 32 57 81 57 78 25 5 68 23 35 82 95 91 25 47 72 60 26 38 57 92 56 80 85 85 19 33 48 30 14 2 43 9 38 20 61 43 65 34 0 20 62 74 48 40 17 68 82 29 79 76 76 81 87 57 95 94 39 54 68 57 67 99 67 72 90 87 81 91 13 85 57 57 0 17 33 6 43 36 18 23 48 62 46 90 10 43 92 68 27 64 97 20 25 0 77 97 9 26 11 54 61 65 2 1 0 49 20 77 31 88 24 64 26 29 31 85 48 95 98 33 19 77 51 25 32 72 57 15 94 26 85 36 28 46 46 9 83 60 7 45 32 23 64 59 55 20 27 72 14 32 48 38 97 20 82 14 85 12 11 11 21 82 29 73 87 93 51 57 52 14 28 1 27 69 14 99 79 55 62 89 11 
98 62 55 42 62 70 64 40 79 23 86 7 6 5 8 73 1 60 41 9 49 82 11 15 46 34 65 86 34 28 80 0 70 7 4 48 17 99 59 76 57 97 62 76 87 72 86 75 90 97 9 66 23 33 73 53 39 33 57 67 34 21 59 69 50 33 92 15 11 46 50 65 26 45 83 23 24 90 55 72 12 6 28 12 99 40 24 61 91 1 58 58 46 98 77 25 69 39 17 83 16 25 91 1 31 4 79 21 61 82 67 5 12 7 87 7 22 37 72 74 43 11 78 0 34 81 17 1 20 74 25 99 46 14 40 1 75 16 96 13 23 74 10 65 61 8 63 18 79 47 56 56 61 88 71 77 11 64 36 88 89 32 17 51 63 23 58 8 86 83 71 88 40 53 8 9 64 29 13 54 2 66 26 65 43 98 86 76 68 65 62 67 59 94 49 68 7 94 77 56 29 79 92 37 63 75 88 77 47 75 88 30 3 18 28 42 45 99 19 62 37 74 55 9 38 88 60 54 56 1 28 65 55 2 35 29 45 61 79 36 37 32 87 3 71 27 83 58 85 57 22 70 35 9 14 11 67 59 44 16 44 54 17 52 48 94 60 36 56 29 17 11 83 65 29 5 73 18 43 71 45 58 66 81 49 24 8 56 45 97 83 75 75 24 50 89 53 81 82 41 75 64 38 17 67 63 23 71 22 45 4 97 64 68 9 46 15 2 42 25 32 80 42 54 99 14 4 3 41 38 35 33 62 50 13 59 64 20 29 13 40 29 57 13 47 37 29 90 50 27 58 50 85 94 41 18 14 98 91 79 12 20 73 7 18 4 56 0 78 22 27 53 29 59 68 14 25 96 23 49 76 83 64 90 87 17 88 6 59 79 63 96 31 37 37 68 26 40 9 61 74 64 49 12 5 17 71 90 90 93 7 26 32 82 78 26 50 67 74 99 55 89 36 87 16 40 86 59 10 8 57 18 10 93 46 29 54 57 39 86 31 56 84 37 31 72 82 97 83 18 81 17 29 32 33 76 58 1 34 33 75 50 84 38 41 71 27 73 82 29 75 40 26 65 48 40 35 65 65 68 53 53 71 87 25 40 15 46 98 40 15 82 4 16 13 49 84 9 84 63 
37 83 93 12 58 12 37 61 79 41 84 59 56 44 65 78 95 46 74 33 14 25 82 69 21 49 70 65 81 67 93 85 41 66 39 18 28 41 84 36 47 8 96 13 85 7 34 65 72 12 46 70 73 41 7 71 67 56 81 27 39 53 90 35 68 25 63 68 70 76 37 78 68 78 0 66 90 42 4 33 31 3 62 77 7 18 82 67 57 51 47 98 91 59 22 18 33 74 51 61 79 94 0 2 13 92 30 79 22 97 53 69 92 47 96 97 41 41 55 77 87 37 68 0 32 25 98 78 61 24 91 19 11 49 92 1 31 56 20 0 54 72 47 74 56 9 54 31 62 6 89 67 61 58 15 77 50 39 75 98 23 87 13 23 51 14 90 7 52 12 44 36 92 79 36 84 98 43 81 74 19 62 37 35 32 18 62 98 65 73 94 3 3 71 43 76 78 10 90 59 14 62 11 84 99 14 88 78 74 15 57 39 86 35 3 25 27 89 87 91 58 47 90 60 61 52 15 74 32 7 8 70 5 80 32 35 3 21 33 76 53 12 2 2 37 71 15 90 55 7 3 71 32 98 46 74 6 6 63 3 82 91 76 95 51 68 25 66 93 97 77 71 10 57 99 26 3 97 81 86 67 8 94 47 59 76 97 61 17 69 60 5 91 29 50 63 62 28 72 13 84 80 86 31 69 76 73 0 13 20 0 44 59 97 48 50 36 82 68 40 27 18 45 12 51 4 37 73 89 63 30 71 88 0 42 63 99 24 52 67 22 34 89 37 39 4 53 1 54 1 3 39 6 87 68 17 15 18 98 38 65 37 91 88 10 59 50 16 11 85 64 32 46 10 52 12 28 62 68 15 65 28 66 63 8 81 39 0 30 50 81 38 29 50 47 42 85 83 97 14 97 15 9 86 66 40 49 54 57 40 58 93 54 10 37 52 97 37 43 0 8 64 86 32 1 34 98 30 41 11 61 84 57 98 23 82 21 28 20 26 34 32 55 99 28 81 87 89 43 21 36 45 49 40 33 17 81 85 43 75 3 94 4 98 40 18 45 59 11 94 97 61 80 68 27 48 91 16 5 35 4 67 42 57 22 6 29 32 78 99 19 91 54 6 43 1 37 59 84 50 
0 74 95 35 62 78 14 48 44 42 67 86 8 42 53 77 86 74 99 22 47 72 2 46 42 62 46 77 85 37 84 79 13 20 51 31 20 56 55 69 46 73 1 13 97 77 0 76 30 68 91 74 21 64 68 5 8 66 1 85 30 64 29 89 1 0 89 73 79 29 99 96 53 64 91 96 25 2 16 76 36 64 37 81 42 67 29 83 54 66 52 26 34 88 3 85 81 62 17 90 37 89 58 48 49 23 68 56 91 48 37 61 51 55 57 11 1 74 36 26 78 94 90 40 1 90 93 62 91 75 30 54 73 60 52 59 11 42 57 53 72 43 71 4 44 43 54 39 63 75 75 63 8 98 0 6 78 44 92 5 5 49 46 77 76 97 69 57 14 94 99 54 55 47 26 1 21 21 90 81 42 60 68 89 95 10 82 80 61 64 92 89 19 49 31 45 80 94 96 63 91 29 19 68 40 52 81 7 73 58 7 58 93 83 40 81 55 74 56 91 86 56 25 79 27 88 42 17 64 3 99 53 72 88 68 78 71 86 53 99 60 8 6 70 84 34 22 46 64 19 98 75 6 98 59 35 83 60 19 95 85 78 4 94 47 23 45 41 5 5 26 80 35 73 70 84 95 63 12 46 63 55 67 75 47 60 29 68 39 75 89 51 45 4 80 42 4 35 37 53 41 33 56 11 41 4 5 81 51 60 44 33 15 7 76 76 84 52 77 50 1 24 38 3 90 33 30 15 53 74 17 17 60 58 35 71 22 68 1 45 88 72 91 52 16 52 61 1 66 77 45 10 79 50 28 4 80 17 28 83 72 42 45 13 48 37 22 5 14 15 35 67 16 51 93 3 23 12 6 83 23 7 46 36 4 11 16 85 50 5 16 42 65 49 37 26 11 52 19 9 50 76 39 83 65 45 30 77 51 29 87 61 30 42 63 68 41 78 42 47 48 11 8 13 26 97 89 84 93 61 56 6 53 31 29 66 70 70 82 91 48 22 59 16 72 54 50 8 77 39 66 73 98 85 17 71 85 65 56 50 52 78 74 72 12 76 9 96 12 38 32 48 19 30 40 0 44 75 61 47 32 98 67 9 41 37 98 21 30 12 75 69 26 21 45 81 42 91 2 64 
85 97 1 81 99 39 92 8 90 5 21 67 50 43 15 15 56 49 6 19 7 52 74 53 27 40 12 58 55 0 18 63 60 23 81 9 20 84 68 9 62 44 94 40 8 6 60 92 3 96 32 16 62 76 97 25 81 17 93 54 19 83 87 96 18 28 96 77 70 85 39 78 93 88 44 64 41 7 75 80 22 21 6 17 66 28 44 81 58 31 66 11 71 96 89 76 89 88 46 21 6 38 67 32 90 70 7 56 14 79 20 58 30 2 58 53 88 32 98 90 41 30 52 61 38 48 30 19 76 12 94 32 39 95 26 26 41 16 18 30 49 68 6 15 54 46 89 45 87 28 33 64 23 58 43 61 9 93 65 16 31 38 46 95 46 20 18 61 15 55 54 54 37 7 67 46 67 93 38 73 87 4 71 86 75 59 30 59 2 40 1 99 15 76 72 81 30 25 25 4 51 48 59 52 23 77 21 20 52 83 79 4 40 32 57 17 13 77 75 22 95 74 67 10 35 28 48 23 91 42 83 73 41 85 13 75 53 4 73 13 5 52 22 30 59 33 22 52 97 52 12 15 64 33 79 26 43 0 88 8 53 80 54 81 50 28 68 95 30 2 47 44 34 72 48 5 83 41 52 68 36 60 74 89 43 3 5 70 0 62 7 17 9 65 44 26 57 32 43 77 54 61 22 1 24 11 73 34 48 9 81 45 45 41 69 53 62 83 64 67 49 16 88 17 70 11 55 40 18 53 28 9 17 27 96 17 38 74 53 16 87 38 34 34 53 67 37 74 12 92 34 24 74 29 88 38 84 4 65 98 2 78 17 2 12 91 19 32 85 91 7 4 55 42 55 67 99 43 89 9 82 96 73 79 39 69 99 93 56 22 47 49 52 97 39 61 87 57 28 25 15 63 65 49 40 23 40 77 71 71 74 74 51 42 62 16 21 68 81 28 53 19 56 49 28 29 93 9 88 17 83 17 30 23 89 17 91 24 5 8 61 20 9 40 95 94 69 28 40 90 98 39 3 1 38 93 30 58 49 67 53 74 24 0 70 33 76 4 51 44 85 11 82 27 16 36 19 64 45 43 58 99 17 17 99 23 51 53 7 36 13 74 53 50 50 76 21 59 98 27 
88 61 5 75 49 91 83 81 21 16 68 36 21 91 43 7 24 52 80 6 50 79 94 95 17 49 42 56 85 59 58 62 39 70 5 0 62 11 40 20 96 58 60 84 48 94 84 81 58 10 61 72 96 35 36 54 67 53 73 54 38 31 66 8 94 79 49 89 61 85 49 20 97 18 2 7 39 68 48 98 9 96 82 74 92 21 23 30 26 31 97 27 66 2 0 22 44 48 85 90 3 12 11 74 42 4 62 31 7 41 83 46 14 94 51 13 30 47 71 92 39 99 22 6 71 28 9 83 38 85 12 88 84 19 94 29 10 40 55 59 71 70 4 66 36 36 63 97 50 62 3 3 48 89 14 28 96 1 9 96 22 46 56 79 14 36 74 26 5 99 91 97 0 13 32 58 36 70 67 72 65 75 8 80 24 18 51 40 66 45 56 25 35 71 55 62 83 58 23 61 96 71 92 30 4 92 23 45 65 60 95 93 38 96 82 98 31 44 38 59 48 84 73 53 46 80 6 14 54 9 56 57 78 26 39 45 9 29 69 76 7 51 39 22 5 3 89 58 30 17 96 12 18 70 89 56 49 45 52 82 8 49 23 23 43 50 28 7 46 14 98 22 38 37 35 64 19 2 29 16 8 63 66 68 36 91 0 3 70 51 99 91 99 71 74 62 8 13 79 51 32 29 10 12 31 31 46 26 7 35 5 87 49 92 43 99 71 35 6 18 61 32 97 5 61 61 30 67 20 33 95 58 54 32 72 66 17 90 53 93 73 41 27 7 30 63 73 88 34 18 79 48 68 5 55 59 6 44 18 53 55 76 2 11 16 2 57 27 24 56 20 24 5 92 1 74 22 51 94 24 85 25 23 66 33 39 33 1 25 72 0 97 50 93 10 39 67 27 73 27 9 87 71 16 96 23 8 37 93 14 24 2 93 38 49 36 28 13 75 80 86 2 38 63 0 80 16 38 30 19 64 96 23 21 42 76 89 40 64 11 39 23 4 27 5 6 2 41 15 90 17 60 1 84 69 70 33 85 4 51 41 94 77 11 42 48 28 17 69 10 88 58 17 34 93 42 82 78 66 61 88 20 10 36 95 36 29 67 69 4 9 58 84 0 98 47 11 7 7 59 
31 33 37 6 10 83 41 32 58 64 25 65 2 30 27 53 39 76 58 21 25 49 25 49 84 81 13 34 61 14 45 97 19 46 36 36 99 90 78 57 51 46 71 9 6 95 60 91 77 86 35 29 76 80 58 17 80 17 79 92 56 72 95 0 17 11 47 20 91 91 25 48 88 99 91 44 11 45 89 37 5 49 6 6 95 41 73 69 21 84 56 66 88 35 28 75 94 25 66 53 22 70 22 13 74 34 50 43 53 55 78 23 24 76 21 29 49 56 86 79 65 27 8 24 78 66 70 7 21 88 99 91 56 91 61 66 24 61 80 69 69 81 78 50 18 49 65 29 98 33 65 63 54 84 34 93 37 49 99 51 23 93 80 44 54 7 54 92 34 87 81 11 85 99 95 30 45 79 30 63 66 29 65 50 72 64 3 53 10 16 13 40 62 2 87 82 99 44 0 58 9 52 57 13 60 61 87 14 11 10 8 11 70 14 63 4 78 76 23 82 0 80 30 77 52 77 62 93 7 20 52 62 99 96 15 78 75 76 31 27 99 86 94 76 89 46 88 64 79 54 2 41 71 67 86 76 13 8 85 30 91 93 46 16 3 55 69 98 12 94 58 0 2 47 53 55 63 91 85 43 30 40 52 21 19 26 7 54 79 21 42 32 18 77 42 69 26 1 97 90 10 52 54 42 26 69 89 99 97 39 93 96 56 1 88 32 97 49 3 73 60 6 20 64 24 30 52 81 86 38 48 98 73 35 85 33 90 93 6 85 50 20 31 84 67 72 96 78 88 45 72 33 15 53 6 46 2 30 39 15 46 99 78 49 98 77 12 92 87 21 80 44 50 88 74 42 83 91 30 52 36 40 96 9 9 17 29 25 7 68 20 43 82 18 42 36 8 28 11 15 27 94 54 69 49 6 47 47 98 21 83 6 50 40 12 82 57 18 53 2 23 15 68 47 15 28 33 34 59 86 10 71 57 81 46 40 96 58 34 15 22 30 15 79 61 36 75 76 15 76 42 4 31 29 72 45 72 62 16 84 64 97 93 4 77 84 2 96 67 72 35 69 10 82 89 72 65 31 31 54 52 43 99 48 33 49 75 65 33 50 53 78 34 60 63 61 28 5 47 34 
64 96 2 74 59 41 43 40 19 47 6 84 14 71 98 10 68 95 76 76 83 22 48 67 5 50 9 3 29 10 37 37 21 58 74 69 11 35 43 96 10 55 85 79 28 40 45 21 97 35 22 17 21 73 75 28 77 97 39 94 8 1 31 86 97 34 80 99 57 60 66 11 14 39 68 59 63 2 21 1 78 89 50 10 91 30 40 24 11 12 17 37 78 72 94 80 80 84 32 51 58 76 88 14 75 66 79 47 33 69 73 67 30 58 52 72 14 55 57 48 95 51 91 80 57 25 27 12 23 84 62 18 96 76 20 89 30 54 26 44 65 58 55 87 1 56 68 37 57 39 72 79 47 90 60 8 12 19 64 29 69 58 90 67 58 86 16 79 42 2 36 89 95 43 85 56 0 84 61 9 32 74 70 54 77 85 50 85 16 18 46 73 91 47 87 75 44 27 58 17 36 91 58 31 8 5 57 91 62 23 13 67 59 16 6 36 92 76 99 42 95 82 48 5 55 37 47 90 67 60 39 58 67 83 92 58 95 89 97 3 87 35 94 96 43 21 6 10 60 83 36 56 12 71 52 15 91 33 48 67 82 3 15 87 83 59 62 97 64 33 2 57 36 33 57 24 59 77 60 20 78 11 40 74 80 77 4 47 59 92 19 71 25 46 50 71 60 79 72 21 96 83 7 77 28 78 78 82 0 4 1 65 69 46 49 89 85 24 89 68 73 45 47 37 9 8 75 43 39 88 17 69 54 10 82 10 47 13 84 78 1 22 97 38 54 53 45 29 66 68 99 39 83 11 38 46 89 72 60 55 83 44 78 62 10 21 33 93 70 29 57 98 74 83 16 18 75 21 73 33 96 34 21 12 65 92 14 50 37 28 75 82 88 57 55 55 49 22 37 57 68 72 99 59 43 72 97 78 46 12 57 77 69 72 21 90 17 3 53 72 65 55 29 92 11 49 68 17 33 48 42 19 77 61 95 27 81 35 86 81 35 76 77 82 20 39 61 41 9 8 53 12 34 37 66 78 67 94 89 83 37 71 28 90 26 4 21 70 67 57 61 80 72 43 33 40 25 20 42 18 96 54 62 47 11 54 33 88 36 14 45 2 46 91 50 71 70 89 69 36 
25 19 3 87 19 27 44 86 13 65 36 69 35 39 54 57 81 22 16 93 59 79 82 62 90 44 62 85 93 20 86 72 96 31 0 69 95 23 83 25 19 60 83 61 41 6 83 29 67 85 1 26 2 44 66 54 44 62 90 49 43 17 6 6 27 7 39 51 17 75 42 41 87 20 27 91 90 52 59 60 9 55 45 39 32 9 14 83 29 77 63 35 61 80 15 3 10 26 14 16 96 75 1 21 14 92 15 42 54 15 12 85 55 76 8 11 38 58 33 56 75 54 13 38 82 61 18 71 54 64 51 37 68 67 56 61 67 58 28 55 34 24 58 49 66 25 21 74 6 59 49 58 92 23 7 47 39 92 43 21 38 60 83 45 37 75 94 98 30 97 90 30 57 51 99 4 49 8 50 25 83 60 72 44 0 45 51 37 86 58 33 78 58 60 78 61 28 39 21 76 27 89 21 90 47 21 26 5 52 2 97 44 14 93 0 79 33 17 19 45 81 85 90 1 54 67 40 96 0 47 91 46 99 42 81 79 53 72 78 20 40 12 35 6 33 38 19 66 33 65 88 30 72 58 64 95 43 57 8 19 70 71 85 33 61 0 65 6 90 57 84 54 16 8 40 76 75 23 97 54 24 47 6 73 33 2 60 68 88 98 64 58 17 31 98 4 74 39 6 95 62 49 28 55 32 32 92 73 65 28 28 95 4 89 56 50 70 31 70 71 62 30 50 96 49 64 84 96 77 67 41 1 74 99 10 42 53 83 70 78 25 46 54 80 19 81 28 56 83 3 5 60 83 22 87 6 34 88 77 93 54 56 39 33 89 6 49 12 86 32 96 95 70 19 73 78 25 46 8 47 98 29 63 36 50 72 58 19 69 68 2 14 65 46 43 23 63 24 91 65 47 13 56 15 12 73 35 96 56 39 25 68 73 65 62 3 68 85 57 60 81 57 3 19 55 42 32 62 85 16 26 44 5 93 43 23 92 14 9 83 26 14 7 55 55 18 39 8 59 26 6 40 22 18 76 13 71 78 53 30 2 97 35 65 31 4 16 94 41 32 18 63 90 90 90 36 93 46 50 72 86 25 38 28 73 30 69 4 45 60 23 36 22 33 54 53 13 10 41 60 
23 65 40 31 53 87 73 25 58 20 75 86 25 15 17 88 45 59 53 43 18 86 98 40 17 35 34 40 83 43 84 11 63 3 69 91 26 21 30 33 86 92 73 55 65 25 79 35 74 16 49 87 9 26 34 61 20 31 17 29 18 31 19 25 75 13 54 20 69 44 3 90 5 34 97 87 69 18 64 45 60 60 69 68 82 78 90 44 22 33 61 33 5 70 16 74 10 15 99 38 18 69 37 52 8 62 52 97 81 85 11 52 64 37 5 57 46 40 0 24 16 66 47 39 77 52 20 87 41 9 92 4 54 78 16 33 46 12 88 42 57 24 2 9 73 38 9 66 88 43 94 58 81 40 7 40 76 6 42 48 70 79 9 83 4 84 87 2 68 1 85 85 30 58 15 35 40 71 12 84 40 83 77 30 29 44 92 72 60 86 36 32 96 57 41 82 4 99 76 21 80 91 73 99 12 79 2 64 76 92 40 71 78 56 21 11 68 18 44 6 97 53 52 39 44 91 73 82 39 4 5 74 57 99 98 27 57 43 21 92 85 73 63 94 91 54 1 33 31 19 53 95 61 64 79 27 0 77 73 39 0 5 35 5 92 54 30 58 67 6 59 4 3 71 78 94 46 5 99 81 81 17 32 26 46 37 45 77 14 63 93 48 27 48 30 45 15 2 23 83 21 56 11 12 27 20 32 22 52 1 61 3 42 66 45 63 20 30 78 60 98 10 9 78 69 72 26 50 45 37 53 35 76 81 42 47 80 41 27 99 32 66 8 66 31 0 44 44 25 62 41 6 87 92 80 72 89 52 90 37 66 69 82 58 66 33 84 34 14 3 81 25 54 56 28 63 31 73 33 47 23 16 39 99 81 70 55 14 59 94 63 42 22 92 88 31 73 64 41 88 78 88 35 35 62 27 45 10 14 16 3 56 82 14 9 84 8 89 98 30 32 69 57 60 86 13 77 11 89 59 52 82 11 62 17 41 81 68 54 82 53 13 31 32 80 35 93 97 93 67 65 18 67 49 16 12 58 88 31 93 80 32 95 11 85 75 7 96 46 97 21 43 42 27 49 7 79 99 67 25 51 82 28 50 8 70 92 41 0 57 95 14 64 32 16 96 65 57 69 60 
69 35 44 82 44 8 41 56 14 50 81 21 94 53 46 39 71 32 69 12 34 8 24 53 65 8 96 81 10 87 90 32 75 67 64 79 76 83 74 91 34 72 17 88 62 83 33 73 21 71 2 52 47 45 4 27 53 71 55 33 40 60 75 53 99 7 20 69 24 64 42 70 65 41 97 59 60 62 19 79 1 87 84 42 84 88 65 96 46 68 80 44 72 22 52 39 57 41 22 45 95 79 19 54 78 37 11 17 48 57 25 25 96 44 79 54 19 5 92 23 36 77 33 31 49 64 33 77 74 16 84 94 98 5 2 14 22 4 19 11 52 52 22 89 36 74 15 19 23 80 61 84 61 73 40 66 11 30 14 63 53 12 24 89 95 32 7 24 59 51 51 73 90 15 36 85 67 41 63 22 57 13 64 93 71 99 66 49 90 44 14 2 42 8 92 30 84 69 70 4 60 52 42 98 45 26 77 37 9 74 61 42 83 52 45 3 93 97 79 62 83 46 7 2 69 18 80 40 21 4 46 79 9 16 91 67 58 17 79 10 25 99 15 80 20 30 3 45 36 6 18 56 77 24 15 50 71 85 14 31 88 46 76 81 67 84 39 87 99 36 56 7 95 78 70 95 48 25 23 85 15 66 89 97 93 50 83 71 99 85 88 77 99 45 25 81 9 90 30 91 2 43 16 77 7 69 42 4 80 99 13 35 26 49 70 46 41 13 42 28 14 94 4 35 62 7 38 96 51 76 7 98 59 87 81 36 26 66 79 79 51 30 61 44 9 23 42 86 64 11 10 98 19 53 28 96 11 50 18 9 58 77 20 57 25 58 29 79 66 24 68 19 29 80 47 72 17 61 21 89 63 33 57 25 34 0 33 97 44 76 20 85 69 60 55 68 16 66 90 39 82 98 66 76 75 56 2 82 81 61 27 25 36 12 72 64 87 76 26 9 85 68 51 23 4 63 66 26 44 37 82 91 75 46 2 0 76 81 75 78 6 92 52 11 6 62 99 11 51 85 21 54 20 25 4 68 27 17 10 47 82 77 6 52 91 19 69 88 84 1 7 78 14 55 51 30 61 17 70 67 77 64 96 12 31 29 95 36 79 54 18 40 29 76 85 10 21 73 2 39 
11 67 51 31 35 12 25 84 18 55 65 76 97 15 72 92 93 11 24 18 15 74 85 37 81 40 65 60 34 24 4 99 30 19 54 0 13 29 70 33 15 10 55 21 84 40 1 54 79 15 43 43 0 73 78 29 94 56 40 6 77 24 78 44 8 77 11 19 98 68 90 62 95 57 61 59 57 5 75 17 20 5 27 18 41 47 2 93 57 59 91 29 74 89 1 39 78 45 5 96 60 27 57 15 19 92 27 22 80 44 54 94 8 57 1 88 62 24 65 69 46 71 22 77 29 3 85 8 27 39 41 16 75 64 78 55 85 23 81 49 98 20 1 84 99 31 13 40 59 64 43 16 3 23 89 45 23 10 46 62 43 63 39 67 29 9 66 7 12 78 39 84 94 32 49 80 46 36 27 67 81 96 48 86 66 67 32 98 83 95 36 5 6 98 43 80 24 17 37 18 53 29 68 16 36 42 34 98 56 94 31 36 79 74 31 56 98 67 46 75 77 32 6 99 25 10 48 28 3 16 7 25 51 0 58 37 32 13 32 41 37 14 28 24 89 91 46 26 24 71 80 93 58 2 17 62 71 12 72 86 91 26 32 24 46 31 15 50 39 37 83 10 90 17 12 11 56 4 47 19 98 11 2 72 85 82 29 2 8 69 13 43 87 7 67 66 6 10 0 96 89 42 66 24 78 41 61 88 35 99 27 16 70 32 32 75 62 47 6 52 29 59 96 91 3 43 42 95 28 73 28 90 92 20 98 27 58 40 40 84 62 34 13 89 16 28 46 3 74 36 16 35 57 76 93 97 63 58 19 13 67 73 1 57 38 27 63 89 48 80 32 70 50 60 75 32 7 76 67 67 48 95 62 0 40 98 36 69 36 68 67 73 11 12 37 93 94 56 85 36 94 83 79 91 90 96 11 0 43 37 80 51 24 59 18 19 55 83 68 88 69 61 53 62 41 39 77 1 4 93 20 84 7 48 67 66 50 60 94 3 52 17 49 81 87 67 26 51 9 74 26 10 86 86 87 13 96 23 49 61 61 59 32 42 88 54 78 20 11 3 32 74 91 42 62 87 32 25 99 85 34 59 98 98 92 93 75 61 48 43 65 58 32 11 16 5 68 71 74 21 
32 5 69 4 74 82 91 9 99 68 88 28 95 45 56 89 98 64 67 56 94 62 25 52 29 31 41 31 7 10 3 8 17 82 21 78 16 63 63 60 76 64 11 49 78 54 96 95 32 45 9 10 61 30 48 42 45 72 11 97 26 67 39 62 78 82 35 31 90 52 24 60 92 81 90 40 6 89 61 31 99 18 21 24 37 74 39 37 15 51 34 41 7 54 4 6 12 17 36 64 98 5 72 4 54 19 86 48 20 70 21 25 78 93 93 90 71 69 26 17 19 51 53 91 92 99 8 69 54 63 44 60 3 21 60 60 51 78 59 45 98 34 94 42 97 84 15 23 6 13 85 4 18 19 82 63 57 78 45 86 89 0 23 68 30 86 60 6 46 87 9 28 75 95 53 90 97 98 17 32 14 45 84 29 47 37 71 31 65 16 0 2 75 5 33 20 98 67 63 88 83 44 36 85 47 54 58 80 57 79 29 44 63 89 6 26 22 16 5 98 44 19 8 1 86 16 41 43 87 80 82 98 14 10 11 59 75 27 52 37 41 66 20 84 14 21 57 76 4 4 76 82 18 80 59 74 38 42 85 85 41 21 14 1 40 14 43 19 78 79 5 20 22 1 93 28 90 61 27 26 95 9 75 68 72 68 27 53 93 24 35 24 97 39 45 0 4 50 44 56 4 20 31 66 14 91 58 11 44 82 61 5 82 75 32 23 85 73 41 11 25 32 36 53 18 28 75 8 94 76 26 55 30 16 71 50 84 72 25 93 18 70 90 8 54 78 45 75 29 97 17 96 86 40 31 63 1 33 34 45 79 18 73 88 95 41 17 93 69 49 39 27 90 94 32 12 21 58 51 14 73 26 87 95 70 47 38 32 32 82 29 70 2 66 40 18 63 93 12 15 23 24 52 85 28 39 89 28 66 23 86 46 16 62 42 1 19 24 7 96 61 84 91 52 19 75 49 2 63 10 22 83 41 98 52 98 94 39 86 46 17 78 62 3 14 20 88 86 84 73 59 16 0 97 37 30 98 69 94 51 50 86 29 70 31 39 58 23 82 44 67 91 15 25 86 46 56 67 19 89 66 93 22 44 19 95 3 21 20 99 72 34 8 28 6 87 14 48 68 72 
12 84 60 69 43 37 43 87 53 85 16 94 36 16 88 51 88 0 44 49 8 55 14 78 50 24 9 23 21 55 8 16 30 9 49 20 33 51 50 65 17 5 47 26 50 74 21 38 35 86 74 73 63 52 58 0 15 46 82 69 60 58 11 47 14 46 69 95 26 97 25 76 16 71 63 49 73 31 56 28 50 40 51 65 0 10 74 75 3 82 88 30 20 19 81 50 68 42 9 19 73 13 28 42 19 79 6 34 79 15 62 34 19 30 60 38 43 78 40 0 78 0 45 14 32 36 21 37 90 91 81 24 6 98 53 36 85 73 2 62 58 22 83 27 21 8 37 76 28 70 65 67 33 20 19 68 72 67 9 3 42 68 77 44 34 79 62 29 35 45 32 84 42 12 59 0 65 9 2 70 72 3 68 19 51 42 71 17 97 74 87 73 79 1 49 98 44 26 88 11 19 39 92 29 42 46 38 73 86 51 31 89 66 89 32 29 49 82 72 92 38 16 40 62 86 62 28 68 0 98 3 98 15 12 37 97 14 46 3 21 48 65 51 4 15 41 76 56 65 73 56 97 7 17 16 39 38 43 72 51 15 59 79 63 99 34 5 95 22 6 7 45 43 0 79 64 1 1 62 53 73 29 1 78 60 33 39 99 43 48 19 46 39 1 24 38 34 99 22 39 15 12 39 0 28 18 15 57 50 83 48 27 37 11 45 53 66 56 96 64 37 33 34 62 75 52 85 74 52 73 33 87 48 90 24 3 82 32 47 78 70 61 98 47 83 68 74 82 36 70 52 7 81 3 28 82 0 36 12 84 41 45 2 32 21 58 93 89 82 70 15 95 75 77 82 1 65 27 64 98 95 99 36 30 66 40 3 95 4 45 55 3 90 52 49 17 83 70 9 23 34 9 46 22 27 37 67 4 35 63 45 45 10 59 45 57 44 13 13 32 18 35 71 92 41 77 10 47 89 13 75 25 36 75 21 40 1 15 28 92 67 70 95 2 93 39 54 3 64 43 31 30 90 62 15 66 41 19 76 13 43 34 96 2 52 78 8 8 46 50 42 30 35 55 16 26 72 53 34 73 33 92 85 69 9 15 53 34 23 96 60 37 57 55 48 90 68 4 59 24 
93 10 21 70 74 41 30 12 48 86 28 62 87 10 19 0 78 12 47 92 85 39 90 87 92 55 39 14 70 99 46 60 14 67 49 88 77 70 42 97 36 19 81 59 59 27 69 48 42 7 98 95 54 28 18 5 51 50 52 22 38 45 96 65 62 89 77 82 3 29 47 60 96 98 77 8 40 25 18 48 59 82 10 91 51 59 47 36 47 20 5 22 74 84 23 23 67 76 94 15 68 54 91 50 97 5 68 76 86 63 39 41 31 91 59 82 23 44 67 70 75 45 84 40 52 35 25 97 72 96 29 65 52 33 8 63 22 18 10 88 46 53 60 74 41 48 21 61 82 43 88 3 39 1 46 35 99 98 87 55 62 13 72 72 64 66 83 94 63 15 26 27 30 55 25 36 14 35 7 15 0 0 39 71 87 1 19 81 40 93 81 7 35 91 59 34 39 38 24 51 61 71 81 66 77 45 66 91 85 67 70 50 42 39 36 49 16 19 99 14 62 52 66 66 2 63 56 36 42 83 23 83 30 98 71 68 20 79 34 74 70 88 30 98 71 37 83 57 61 32 17 27 45 91 87 27 15 55 1 89 63 14 92 10 1 67 64 90 89 65 35 62 98 9 75 16 76 12 99 20 42 13 46 4 97 74 9 84 43 96 4 62 24 63 62 28 43 20 32 75 71 59 59 74 4 12 65 20 7 73 29 70 20 68 90 16 59 49 82 9 93 15 75 14 73 11 86 3 10 64 83 92 87 65 51 35 72 36 95 77 78 9 2 78 34 3 25 64 58 76 10 15 21 66 59 27 53 52 36 50 61 35 92 69 47 3 42 44 30 26 98 16 29 86 64 93 36 56 31 68 59 3 87 22 96 79 75 41 67 32 36 15 41 6 8 21 93 78 82 6 83 20 10 24 94 26 83 34 23 29 56 6 12 55 20 21 93 9 45 89 86 10 66 58 96 43 47 57 29 4 9 4 50 59 35 10 71 96 49 30 34 25 51 49 71 42 8 49 4 11 55 23 31 61 21 77 28 83 97 8 81 18 80 23 23 83 49 73 19 79 68 16 57 11 5 23 44 90 32 45 62 43 2 90 96 11 55 9 9 26 13 95 11 69 71 27 79 28 63 38 
91 9 1 69 21 89 42 13 5 69 32 26 13 56 14 59 97 67 70 5 94 73 89 33 7 20 78 83 69 99 59 53 66 33 96 37 1 22 58 26 88 73 95 80 84 38 91 89 76 85 22 46 11 54 87 23 79 54 53 36 22 98 87 21 88 15 53 79 85 10 48 63 89 72 99 70 72 73 68 65 11 69 57 31 4 35 8 29 73 1 95 33 44 27 68 75 62 67 92 91 37 17 50 43 30 20 38 0 95 13 19 94 1 7 38 58 62 42 52 66 92 4 29 35 57 84 26 98 86 85 20 47 34 3 98 15 97 88 29 15 8 74 18 41 43 35 80 71 48 9 58 11 5 58 63 37 25 71 88 3 87 13 30 56 63 32 1 50 37 92 8 67 84 72 78 30 59 5 20 51 6 27 36 95 35 73 61 80 22 19 52 89 86 43 34 41 25 97 35 41 91 36 31 47 1 88 47 72 39 17 82 58 24 55 64 74 6 76 3 8 70 92 16 49 1 51 0 28 94 24 11 8 94 68 70 56 89 0 76 40 95 87 42 19 71 55 23 66 3 39 24 76 32 17 17 98 43 94 12 17 96 38 51 26 46 88 56 33 16 57 55 25 2 16 59 7 22 50 97 5 68 54 14 77 21 92 63 77 84 46 9 17 31 64 69 28 3 76 2 27 64 68 38 48 64 82 87 1 34 64 41 19 76 25 79 46 24 44 61 14 93 28 17 12 41 24 90 5 22 96 44 58 63 43 90 48 45 50 56 86 10 53 81 97 28 9 80 24 5 65 25 32 65 13 82 21 84 40 6 38 50 28 2 89 49 60 39 62 74 65 91 22 58 37 43 79 86 8 64 94 76 47 37 40 24 51 33 77 64 66 81 30 64 1 84 56 40 25 20 78 70 89 0 8 38 4 56 0 41 7 69 13 62 50 82 9 55 48 58 15 23 24 10 46 34 89 49 37 30 80 71 43 17 64 11 20 19 74 88 85 13 43 77 76 94 95 16 32 73 87 92 16 87 97 99 37 62 85 46 45 27 64 30 61 92 85 3 7 12 32 11 13 15 98 97 24 85 4 31 56 50 99 28 95 59 36 50 48 76 34 75 11 45 48 74 30 34 55 45 57 
10 28 29 25 22 6 57 33 25 66 86 58 59 38 43 49 20 27 72 79 62 90 88 29 18 70 51 67 43 4 25 65 83 43 85 16 70 13 69 54 16 34 14 70 95 99 35 42 61 17 77 21 74 27 25 71 49 33 41 83 47 67 83 4 77 30 92 7 92 21 33 84 6 94 16 43 18 30 84 13 18 54 76 91 56 68 13 54 95 5 99 12 39 0 79 82 20 99 34 42 47 5 0 18 81 64 29 94 84 59 32 47 8 86 59 60 82 80 98 30 15 54 15 78 34 39 60 85 14 32 95 88 55 96 11 1 83 94 28 22 6 34 65 63 21 25 8 25 54 21 10 58 53 80 11 62 81 40 60 40 9 7 99 37 32 4 58 12 24 34 56 92 63 79 29 90 63 15 48 74 67 90 38 42 61 48 84 72 19 35 97 77 65 2 69 7 23 24 85 8 94 31 60 51 60 6 18 99 86 69 7 50 82 71 18 92 72 56 66 35 84 76 44 37 20 60 34 67 68 96 60 17 99 0 89 76 95 39 17 99 81 61 80 89 50 0 9 21 61 33 92 7 40 64 29 35 24 57 26 20 97 44 66 42 86 87 31 98 99 19 25 9 20 0 69 84 51 57 24 56 48 43 0 98 48 45 27 24 4 33 81 48 8 44 9 96 52 71 42 42 25 36 0 86 87 27 8 19 61 6 28 27 34 47 64 10 91 84 76 67 69 64 35 67 56 16 11 94 64 28 82 88 59 95 84 98 79 80 38 65 85 63 3 70 62 3 61 67 21 30 22 65 66 86 27 10 25 32 53 29 6 2 10 39 80 85 6 48 67 1 67 23 22 88 53 98 20 41 7 86 79 9 74 97 27 7 39 5 28 81 30 0 6 69 96 56 28 8 46 17 3 24 7 44 97 62 72 99 9 16 17 74 4 67 88 44 56 95 81 67 8 29 28 48 5 69 6 26 40 18 72 92 84 55 41 77 32 75 3 32 40 19 13 96 28 62 43 66 74 86 38 72 98 29 49 84 18 74 12 58 11 13 7 70 49 61 87 90 45 73 41 30 1 40 85 40 12 40 37 94 44 84 97 86 96 82 18 65 74 93 24 51 33 47 25 51 86 77 67 78 
12 78 3 36 97 34 58 17 79 56 20 65 75 21 80 95 60 2 79 51 79 28 85 30 26 83 52 78 23 37 38 21 39 0 61 31 71 21 64 96 13 18 97 62 17 30 81 79 78 91 92 45 87 48 78 43 71 37 37 67 5 72 96 33 28 93 70 70 47 21 67 4 90 49 24 2 36 77 29 43 96 59 77 24 94 26 52 61 11 73 12 43 51 82 36 75 6 63 40 50 61 86 71 58 87 87 13 48 44 60 24 46 92 72 33 35 38 60 63 81 83 71 32 70 58 63 96 6 98 33 33 11 94 0 47 34 4 19 59 33 23 73 34 42 37 41 85 39 9 52 67 22 86 91 3 19 37 43 10 35 23 34 98 60 37 47 4 95 35 81 80 69 75 46 99 36 96 94 9 99 3 1 59 61 80 77 51 3 76 86 87 37 25 24 39 50 95 7 22 97 74 26 78 35 75 42 26 62 64 39 65 20 94 38 1 33 21 89 89 9 39 17 3 6 81 34 76 8 78 64 49 21 40 20 10 55 48 84 61 44 61 36 37 50 72 61 95 63 58 3 85 30 71 30 37 90 94 48 85 99 16 62 36 71 45 12 83 95 57 34 18 30 71 61 92 72 32 65 42 98 70 43 54 34 63 50 7 71 92 98 93 30 13 82 5 6 34 2 95 24 82 15 49 22 75 34 52 51 55 14 82 16 30 82 6 28 79 34 31 42 3 32 17 82 84 34 14 47 74 39 60 57 12 51 8 83 44 63 91 18 92 0 58 74 36 42 31 28 32 4 34 65 48 14 89 11 57 96 88 34 33 17 16 76 13 98 54 31 79 36 38 50 43 83 84 98 22 61 6 91 45 18 40 20 74 57 65 44 68 10 95 65 36 50 49 9 0 44 46 78 43 89 72 62 20 23 6 64 8 57 99 81 54 62 45 11 25 87 53 17 2 50 67 67 70 96 99 57 94 9 49 22 28 43 95 11 80 76 13 7 80 68 94 34 4 22 80 33 74 49 44 76 21 91 39 86 19 37 64 28 65 45 95 88 50 64 61 60 54 66 57 88 20 44 27 28 18 17 15 74 52 36 87 2 64 72 88 27 28 27 91 69 92 73 88 59 26 37 43 14 
23 50 98 23 68 87 57 82 0 66 88 43 88 22 50 90 16 31 54 17 68 44 47 36 35 75 35 4 63 95 1 85 9 14 63 51 94 12 61 22 99 51 72 8 4 65 17 33 39 7 53 77 7 11 85 27 63 0 14 22 97 84 15 56 14 11 18 72 96 83 71 48 70 55 14 60 50 3 96 42 8 0 33 50 6 0 13 76 55 65 67 31 61 6 17 24 86 62 29 7 33 80 3 33 17 94 60 16 73 94 46 27 8 14 46 37 88 99 58 95 39 48 79 43 46 36 94 52 47 17 69 4 26 67 92 93 24 12 28 79 46 41 13 44 34 17 15 61 73 12 2 69 52 99 70 59 8 6 19 49 35 94 9 62 58 56 32 15 16 25 40 82 4 95 63 87 30 73 33 71 5 59 75 57 9 61 59 39 63 91 16 30 98 7 95 78 37 39 97 96 96 41 18 76 43 62 13 89 16 50 60 75 61 8 98 92 70 45 8 30 20 85 33 84 58 6 41 35 3 60 16 39 17 41 54 42 88 89 39 29 89 44 64 32 40 43 11 46 8 97 43 5 86 31 66 39 89 6 29 10 57 79 5 53 69 31 14 80 26 12 28 52 24 20 77 99 10 32 6 34 38 56 29 63 26 53 2 66 70 51 13 99 26 0 36 90 26 20 97 49 37 11 61 21 77 40 38 19 60 88 95 45 88 98 2 25 71 91 11 10 98 21 13 61 98 84 60 73 40 85 38 66 97 86 71 62 81 97 88 61 13 77 77 38 30 63 66 35 41 33 51 86 8 92 59 40 94 33 91 71 69 96 78 38 11 50 72 47 11 52 39 48 82 45 5 50 17 23 28 96 56 20 67 87 16 40 46 9 57 37 87 87 55 59 25 62 74 65 4 57 91 0 3 33 9 86 83 93 44 50 65 0 29 34 22 12 18 9 37 96 95 30 97 69 18 12 59 61 50 76 57 12 86 28 0 88 36 14 3 14 84 48 25 64 99 16 70 70 19 39 37 52 45 34 88 71 84 25 27 80 92 75 10 35 75 30 81 76 59 19 9 73 56 53 92 32 2 15 77 4 70 70 50 22 34 47 18 55 95 33 82 54 51 75 90 63 14 61 72 53 
72 47 32 68 56 33 18 31 71 97 36 3 0 74 51 38 22 55 25 89 38 3 13 12 3 30 82 3 4 8 31 64 33 21 58 36 60 89 95 54 61 48 23 31 47 24 18 23 62 57 38 82 10 37 10 70 21 18 90 36 92 61 87 45 25 48 89 59 53 19 46 45 60 30 2 87 66 86 33 25 69 1 37 18 18 66 33 3 8 93 69 53 66 71 7 56 93 50 50 57 66 24 36 39 17 25 21 16 50 33 45 17 51 83 90 52 50 90 16 44 56 93 65 83 98 90 29 47 76 34 16 90 43 33 97 0 7 63 83 1 77 66 78 95 12 82 49 84 70 69 25 48 90 41 36 30 33 70 55 61 10 84 21 93 37 76 65 77 34 22 45 31 30 84 20 78 53 29 53 20 23 3 98 28 97 5 67 5 30 27 30 60 91 72 11 74 47 83 12 14 99 97 15 73 41 18 67 11 33 65 99 37 28 17 73 56 53 37 94 93 94 9 98 36 76 50 91 50 49 81 13 74 61 64 89 32 18 70 46 93 73 19 63 22 86 73 62 59 3 4 5 53 36 65 75 67 20 51 17 77 0 61 13 50 76 15 83 20 50 35 26 17 92 31 45 69 40 64 79 21 81 24 8 18 84 41 45 90 68 57 97 54 31 53 60 21 60 90 96 24 1 77 43 99 98 25 33 10 78 46 38 87 54 64 30 27 42 82 63 68 62 69 95 50 54 12 6 24 94 81 86 5 81 23 37 78 99 10 30 90 68 48 29 21 43 37 56 97 59 1 54 50 40 0 58 44 25 62 39 23 81 60 91 62 44 35 84 18 64 4 30 57 23 88 70 82 6 5 18 48 30 40 78 47 34 12 23 57 45 59 82 69 58 47 8 40 25 72 95 72 20 48 43 66 98 24 90 83 22 81 4 75 91 77 99 89 2 86 78 80 93 91 97 70 19 15 16 18 33 94 87 20 91 95 34 14 61 42 84 63 3 61 54 46 95 50 53 36 66 83 63 15 94 78 46 63 91 14 85 89 90 58 13 29 98 80 91 72 25 64 50 51 54 90 63 43 1 69 7 33 78 46 42 35 14 41 98 36 23 45 65 48 98 86 58 60 52 86 13 85 
48 41 22 67 74 90 12 11 17 5 3 20 44 66 94 22 68 30 21 72 65 29 33 68 37 67 17 29 61 83 29 4 33 57 41 86 23 6 33 77 59 98 51 24 74 53 20 32 81 62 90 44 56 60 81 25 62 57 85 43 29 86 16 90 25 95 15 76 94 95 46 6 92 52 64 66 68 30 8 28 87 21 46 80 68 92 89 38 73 9 57 66 89 91 36 75 18 5 52 31 66 28 91 5 55 66 89 21 84 69 66 47 37 56 38 67 98 51 89 36 86 9 70 55 65 13 5 98 15 2 4 96 55 60 95 52 1 14 16 90 84 26 86 32 87 13 12 81 40 19 68 82 58 7 60 22 43 82 65 44 65 66 50 46 66 65 36 35 93 95 99 64 15 5 83 68 10 6 56 59 81 91 31 53 24 21 35 2 41 9 34 64 27 77 15 10 2 94 48 16 39 42 95 60 26 90 55 83 21 14 24 93 70 79 38 28 32 69 38 24 2 23 58 91 37 12 87 11 91 15 48 28 59 53 36 82 23 85 56 40 12 12 42 30 85 7 1 32 74 62 83 71 31 98 99 24 79 81 94 23 26 80 8 82 86 93 18 25 44 6 59 48 23 82 72 79 97 19 52 25 55 16 20 52 94 59 6 76 82 61 32 50 93 21 55 59 27 58 77 46 85 21 24 18 71 95 12 35 75 39 74 46 23 10 70 99 53 82 14 30 49 60 0 86 39 22 99 86 39 45 16 20 37 11 94 7 16 27 95 87 78 39 9 36 4 90 21 3 32 23 49 79 32 55 36 76 73 47 6 89 84 48 44 16 56 6 3 42 96 18 28 14 30 11 11 82 36 99 32 8 13 87 81 55 92 80 78 99 33 76 93 76 8 93 73 93 22 87 37 28 97 8 17 17 15 23 93 41 2 81 33 88 10 28 43 29 36 45 35 16 50 5 64 60 35 74 15 0 12 51 65 4 82 1 72 56 82 31 86 80 31 12 90 36 63 52 15 50 48 52 86 18 52 78 42 25 27 49 90 13 97 72 15 91 24 33 42 82 34 4 40 4 93 64 72 39 74 73 65 69 93 39 81 47 92 24 41 98 98 40 81 59 77 80 30 13 73 76 43 68 
43 92 25 28 74 46 15 70 73 97 80 51 42 41 70 75 21 49 55 80 39 73 82 94 13 50 76 65 95 30 95 81 6 64 66 5 2 28 31 32 20 71 70 95 83 58 42 95 51 15 69 78 83 67 51 32 91 73 35 24 98 96 21 74 14 69 39 99 84 15 95 47 97 63 93 46 45 57 89 59 19 60 19 77 9 10 17 6 34 23 12 65 33 40 15 94 19 69 40 9 4 12 57 31 90 20 98 20 38 72 39 6 60 74 60 96 41 22 48 79 15 55 31 77 0 27 39 78 6 50 53 48 58 21 67 89 6 40 53 72 49 66 88 37 70 63 38 0 16 55 11 33 44 9 68 55 39 22 58 22 14 39 13 63 91 76 46 17 50 34 41 3 7 71 39 39 6 13 47 93 44 25 79 8 88 37 54 0 39 87 8 73 83 80 9 79 18 43 17 34 21 66 40 16 58 47 93 61 19 63 68 18 88 84 97 5 76 43 7 20 30 84 96 44 78 68 85 95 71 24 10 85 11 44 40 24 89 59 26 6 21 29 73 96 81 12 7 12 67 11 61 98 27 76 96 30 94 81 1 16 27 82 19 69 8 97 22 46 64 65 14 35 57 47 82 82 73 25 25 8 13 77 5 22 79 55 86 24 19 10 41 22 4 48 78 47 65 99 18 43 64 58 5 0 93 33 71 13 23 4 69 97 94 90 50 94 24 12 15 73 1 63 4 64 37 84 57 99 25 39 80 83 8 30 46 76 96 19 67 60 67 59 61 41 87 80 58 15 37 73 35 46 89 64 48 39 67 21 96 0 28 93 15 41 65 6 27 32 55 21 19 4 90 35 27 58 27 96 11 32 75 29 66 74 54 17 11 78 16 51 37 79 75 50 80 97 45 40 66 55 28 67 95 69 83 77 25 88 46 3 79 94 73 68 31 74 97 11 90 26 15 34 26 23 93 44 55 76 6 90 91 62 26 37 83 14 86 59 19 0 73 11 80 0 75 78 60 90 48 84 64 30 13 62 13 76 42 33 4 42 16 42 32 56 29 60 23 43 84 59 79 17 59 82 58 12 5 79 15 89 97 53 3 15 60 59 48 44 7 15 79 30 21 50 20 34 74 78 74 1 
36 80 40 52 56 58 75 7 0 60 97 28 32 87 57 8 95 17 88 17 99 44 52 53 11 33 90 47 60 84 85 36 82 97 9 77 41 33 78 32 71 35 41 22 63 4 3 18 27 89 24 11 62 87 78 63 21 75 47 8 83 55 24 8 75 48 95 19 53 82 34 43 79 89 57 44 68 70 65 53 14 97 18 35 33 92 38 19 36 91 67 17 64 13 7 47 41 4 14 67 24 61 64 70 90 75 51 89 83 99 91 0 91 62 32 52 7 22 92 53 43 99 26 65 22 32 78 28 91 1 46 96 18 10 76 82 54 71 4 78 38 57 81 20 2 69 71 20 12 95 28 74 14 14 72 33 1 67 60 61 74 75 10 7 24 48 61 26 31 26 0 87 27 54 86 76 76 36 3 48 68 38 46 30 97 48 56 28 42 53 35 2 56 58 64 24 61 49 37 84 55 53 23 19 6 20 47 45 12 81 4 42 24 63 37 40 85 81 99 79 48 80 65 13 44 86 66 62 42 33 66 48 44 31 61 98 89 34 88 74 58 51 50 94 91 98 46 37 17 26 57 10 79 15 39 27 59 55 77 25 74 98 69 87 58 3 73 74 86 88 89 52 75 29 20 56 74 84 33 20 42 57 26 28 95 42 61 86 63 66 96 14 93 97 54 5 35 15 56 20 4 58 82 75 98 97 31 3 40 15 82 2 19 19 66 69 49 61 22 42 2 13 25 13 63 30 13 49 57 74 7 67 8 0 18 46 43 66 39 99 81 64 29 67 88 20 12 94 88 88 36 51 96 25 34 65 9 77 90 76 87 88 59 69 29 22 3 10 2 16 64 37 89 87 29 6 33 1 33 19 89 55 65 44 75 99 33 75 86 39 84 45 98 97 19 70 87 80 59 50 16 55 66 61 49 57 92 83 15 0 1 83 55 74 62 57 85 93 32 67 74 26 48 61 73 41 94 7 2 78 99 59 32 95 8 42 4 96 44 8 41 59 60 51 50 9 31 71 82 33 44 55 18 68 54 32 40 24 59 40 87 5 86 36 11 44 87 77 30 38 70 58 63 12 22 46 2 37 27 38 64 45 52 50 21 43 26 9 75 50 63 84 81 27 6 86 60 10 75 81 
96 5 1 88 42 97 35 45 32 52 64 53 45 19 14 46 15 45 8 84 95 23 90 16 20 97 61 24 63 33 76 35 97 63 95 92 20 17 50 52 91 64 4 81 13 78 16 32 65 49 99 54 63 75 60 31 69 16 8 71 80 85 30 34 25 95 90 6 84 40 56 26 55 95 64 97 34 10 19 55 22 78 85 59 23 11 28 54 19 66 59 55 20 71 16 39 1 68 15 7 63 29 13 19 97 91 80 18 90 34 87 48 38 10 32 10 92 25 56 96 90 45 74 79 34 25 84 30 71 32 18 42 99 54 45 73 52 2 43 31 4 72 52 6 26 64 1 96 69 87 38 62 63 35 73 84 18 21 16 46 14 14 99 5 79 46 19 85 16 38 95 1 13 43 49 14 25 80 67 45 62 59 7 12 49 98 55 21 13 89 33 15 63 94 78 57 68 33 69 46 10 18 98 32 28 63 20 43 71 10 28 56 60 71 99 97 84 81 77 15 74 67 27 91 88 36 94 72 9 80 65 34 89 77 37 99 9 48 3 62 24 58 66 5 26 85 85 25 69 76 83 97 61 17 89 51 80 48 8 62 90 45 48 21 29 69 44 91 24 83 47 91 45 44 18 77 40 95 43 30 62 27 33 72 87 73 53 30 28 58 32 15 43 93 26 0 74 29 43 63 58 46 32 77 85 32 8 92 55 96 15 33 54 26 11 20 3 98 49 86 82 75 98 54 13 80 15 27 61 5 10 84 66 50 9 25 24 75 76 17 38 11 18 85 94 81 16 92 41 56 82 99 20 21 62 83 55 99 30 73 85 97 4 93 56 44 68 94 7 3 54 21 65 34 36 20 96 48 6 53 45 7 24 46 82 69 92 43 69 8 24 6 75 85 42 71 41 70 31 69 1 97 21 83 29 20 88 2 95 67 19 66 4 79 18 55 3 44 15 82 68 28 53 84 14 1 56 74 84 5 27 93 39 22 14 24 28 25 36 48 64 26 52 76 49 0 10 13 43 48 44 23 7 84 77 20 54 90 70 97 21 94 88 99 47 88 21 67 77 5 70 70 29 61 16 30 61 26 82 1 26 3 43 31 54 95 56 21 3 46 24 8 37 76 45 11 47 25 18 49 
29 12 55 67 48 93 49 53 91 17 87 50 40 75 96 41 90 48 57 81 34 46 9 52 27 58 4 8 23 7 65 78 90 67 59 63 9 88 69 8 43 61 45 89 30 18 42 34 6 61 50 20 78 19 42 13 95 14 71 62 49 96 9 65 71 88 50 8 22 31 17 32 93 82 84 1 40 31 70 25 2 53 37 47 99 35 55 14 62 83 55 2 67 31 19 3 64 24 4 72 65 23 53 37 2 1 95 27 68 97 29 43 95 40 27 98 50 56 36 88 55 33 4 48 76 4 83 19 38 60 28 51 42 42 57 10 1 36 11 31 84 46 77 20 7 37 32 64 18 84 89 43 82 36 66 76 73 86 73 18 76 42 35 66 47 54 61 8 38 8 1 68 43 61 34 95 77 94 99 26 79 77 9 54 95 60 28 52 45 67 17 11 34 88 9 28 10 6 84 66 70 70 35 50 2 70 38 52 86 58 46 91 42 6 74 45 59 5 12 3 80 50 63 15 53 40 2 39 50 94 67 25 68 69 85 15 76 17 43 45 28 6 59 88 42 22 50 77 13 39 76 75 54 87 74 22 12 80 70 56 84 25 34 32 12 88 97 56 41 30 27 35 6 84 63 72 7 95 22 18 46 26 49 40 12 14 7 99 39 50 68 29 23 29 65 76 27 77 17 92 1 53 52 61 36 69 50 88 29 76 30 43 88 98 31 32 21 84 98 86 7 96 29 30 3 81 92 21 84 83 62 29 93 11 35 65 47 5 51 36 29 65 65 1 49 51 21 0 46 59 75 97 31 93 49 58 61 5 98 2 31 85 52 99 76 10 11 31 42 33 0 43 86 10 73 52 49 82 93 91 77 56 49 85 39 13 96 34 23 73 25 63 28 61 43 95 7 75 70 84 42 59 31 26 45 43 16 23 23 17 53 38 4 8 22 81 3 0 74 70 80 77 27 58 80 22 27 29 68 11 86 24 37 24 85 24 41 13 15 54 11 18 46 36 7 93 8 51 8 22 58 65 49 86 49 40 70 12 67 4 73 36 88 90 37 33 38 2 6 78 38 58 69 75 20 99 28 73 48 75 17 55 26 15 44 54 90 80 59 39 97 49 98 92 24 95 26 25 34 15 
32 51 44 87 33 50 23 99 73 26 34 34 71 99 24 38 4 18 0 48 54 12 83 83 9 93 98 58 66 67 56 8 12 28 79 0 80 98 78 37 10 46 41 88 53 26 1 39 65 95 17 92 35 1 98 15 36 45 93 44 99 97 90 84 57 50 69 66 66 74 6 33 29 75 39 0 27 36 80 17 92 19 62 33 34 47 49 12 6 26 55 52 76 82 22 5 15 7 67 92 57 68 3 30 56 71 6 43 1 98 15 61 76 40 15 67 92 54 50 31 4 74 74 27 30 22 45 20 91 9 9 27 35 35 97 1 38 9 83 64 96 42 68 18 37 88 4 61 24 27 47 20 77 68 67 85 0 48 19 71 52 10 50 26 23 91 88 37 24 9 94 48 75 70 33 90 24 81 45 92 62 0 93 18 37 4 66 81 42 94 43 22 26 52 68 86 90 24 12 23 85 79 47 58 14 44 44 37 44 77 41 43 47 75 40 54 85 30 58 48 52 55 51 32 38 18 25 79 83 18 8 66 57 3 73 27 34 62 1 80 5 58 49 7 30 86 80 15 55 6 17 25 75 96 13 78 7 48 70 48 26 89 17 31 69 53 58 99 34 50 46 59 35 83 9 79 11 31 4 10 42 44 69 89 98 43 70 0 77 57 39 78 23 53 19 42 43 13 0 89 90 38 85 5 99 64 53 0 31 77 14 74 63 36 27 95 54 89 30 89 24 83 88 28 23 90 62 10 69 83 92 85 59 85 32 79 85 25 93 14 9 19 72 32 40 58 91 68 54 62 76 33 53 41 57 31 49 81 97 40 27 47 41 88 3 51 33 56 7 6 32 76 13 55 51 99 48 67 45 11 18 87 90 41 91 63 73 94 9 4 46 91 56 6 45 34 73 59 41 45 79 67 92 46 83 80 55 84 27 37 96 98 14 54 90 45 67 98 21 98 16 73 67 84 96 2 18 35 86 67 75 6 40 44 47 58 44 54 60 15 46 21 69 78 23 52 33 36 0 8 1 31 65 94 21 94 11 36 98 9 12 98 61 58 58 25 58 21 27 69 13 79 32 60 76 73 32 6 79 95 38 6 33 56 60 13 72 18 94 53 35 19 98 72 93 77 62 83 72 18 
9 53 63 57 77 72 49 15 9 67 56 25 25 88 25 73 54 68 20 84 0 79 73 95 65 78 0 96 11 68 59 39 81 94 94 80 66 27 72 39 34 22 63 59 66 63 36 63 6 37 68 67 77 60 42 13 15 66 18 75 22 49 69 44 75 53 30 45 46 8 17 58 32 25 2 81 28 57 15 6 88 91 57 43 38 87 21 23 31 89 15 61 9 11 11 42 3 80 95 99 25 50 7 24 7 59 11 34 71 11 62 29 21 33 64 6 53 68 45 78 2 31 30 91 82 84 45 77 90 0 16 51 72 35 87 28 69 8 31 19 52 86 97 65 32 37 34 41 25 58 67 77 98 9 9 65 45 86 51 32 71 66 27 33 86 94 21 38 12 88 5 27 54 17 92 50 29 38 86 59 15 67 27 85 34 37 30 66 92 79 61 36 90 28 58 32 59 43 93 27 7 78 19 42 89 27 6 99 96 4 3 94 45 14 89 53 34 97 74 38 85 77 94 20 8 8 18 61 11 42 7 11 67 29 19 2 98 22 21 64 66 35 40 2 34 3 28 95 71 67 29 86 79 75 23 61 92 52 11 55 27 3 50 77 87 50 95 37 83 53 67 10 46 67 26 0 63 54 13 35 92 61 82 66 91 85 76 38 58 14 80 43 14 54 35 22 35 54 1 67 7 24 97 69 89 96 21 60 39 35 33 10 25 22 27 93 28 31 61 40 63 4 43 76 13 39 90 13 63 17 34 5 95 83 83 16 94 55 89 45 30 99 89 92 74 93 90 44 30 57 14 31 46 40 46 95 22 82 99 31 32 51 21 51 65 34 16 36 1 74 34 75 0 8 76 92 24 52 4 78 65 87 50 14 87 33 10 99 4 24 30 24 13 97 64 32 32 89 42 53 34 46 59 96 42 15 41 35 35 38 37 20 62 93 43 97 47 95 59 45 48 87 70 83 90 93 65 96 41 80 59 61 58 36 5 74 43 48 47 80 45 59 93 46 8 67 15 70 96 38 16 81 4 12 33 76 24 17 29 21 90 55 84 3 48 34 52 1 51 88 15 32 40 19 11 27 24 45 79 18 53 2 47 74 19 52 9 41 90 35 0 32 18 10 21 21 96 2 44 62 
43 97 81 67 15 58 72 19 53 47 98 12 43 31 50 89 65 77 83 59 4 89 22 56 78 21 29 36 99 30 1 28 90 21 5 0 78 80 21 11 71 78 58 90 40 33 58 9 47 41 86 17 63 13 78 35 64 85 18 7 4 44 74 32 24 51 99 23 46 85 75 7 46 52 93 32 59 48 79 79 60 43 44 8 42 45 21 73 23 8 50 3 99 63 89 62 74 30 90 69 18 46 21 38 43 6 96 59 32 81 21 98 96 66 95 3 93 52 4 31 99 16 78 63 52 79 4 61 95 84 68 10 99 25 82 29 53 57 75 67 64 2 27 23 7 12 0 44 13 66 53 93 33 51 70 36 44 44 16 34 3 20 99 57 11 91 85 24 28 67 62 23 74 16 46 2 42 28 7 79 76 87 60 66 24 67 81 13 30 9 24 72 10 58 76 99 84 77 91 93 53 18 73 72 90 60 30 74 76 10 16 69 5 79 59 83 68 70 25 23 15 64 98 28 25 6 74 95 94 45 68 99 67 41 7 29 89 32 99 68 82 6 15 42 29 74 16 67 90 50 60 70 10 24 44 10 47 16 59 14 95 25 84 24 10 12 57 87 22 2 77 71 23 8 75 37 58 32 37 63 72 6 71 97 7 6 3 81 41 92 45 0 53 79 79 45 14 26 99 41 53 1 24 92 27 64 57 67 15 17 92 42 65 26 26 25 10 24 55 29 30 18 37 32 44 37 92 93 72 61 93 32 59 60 3 66 82 30 42 20 64 21 93 33 6 10 81 77 68 27 48 71 34 62 23 3 90 90 36 25 75 8 87 40 59 13 15 86 73 82 59 18 50 72 54 56 33 74 44 54 4 95 34 75 65 40 79 76 57 30 95 56 72 43 52 48 85 19 64 99 43 81 63 68 96 95 58 82 45 86 10 95 59 41 32 68 68 52 69 88 24 16 17 23 6 86 42 20 82 42 54 15 65 61 61 40 67 44 56 16 99 58 92 17 79 7 35 71 46 11 40 18 80 38 58 21 53 13 63 90 68 74 97 91 73 15 8 19 9 13 73 77 49 54 94 71 26 7 71 24 95 79 61 87 92 19 41 3 45 77 44 31 14 11 36 21 65 80 53 60 
12 88 33 50 78 54 36 23 40 47 4 25 44 38 88 18 72 79 96 77 15 48 32 62 93 9 89 13 29 74 24 59 12 91 32 70 95 19 58 6 35 37 66 1 80 14 61 48 44 7 17 46 50 11 97 37 63 28 6 2 51 35 9 90 19 8 69 2 38 27 87 66 73 83 96 98 51 17 44 49 45 21 73 31 70 71 89 20 91 56 43 17 45 14 43 27 59 25 13 98 42 35 72 19 29 59 0 21 38 6 48 72 86 6 0 83 24 74 17 16 89 49 26 74 18 10 20 58 35 93 69 1 99 20 77 88 52 36 88 97 44 56 42 70 60 78 37 39 19 90 41 37 14 96 50 44 75 73 82 8 60 28 42 11 34 4 58 74 73 18 73 47 37 25 14 6 69 58 62 30 23 65 73 2 33 15 10 27 79 34 26 77 25 14 47 21 62 97 19 17 64 41 70 46 78 84 4 53 27 56 53 41 5 97 81 68 95 28 43 12 90 73 3 72 2 31 31 47 63 50 56 28 46 73 33 63 57 89 72 18 62 22 27 84 88 32 16 38 22 17 53 79 97 54 51 73 71 59 77 60 77 2 44 27 13 50 52 89 29 76 66 22 8 34 35 94 28 0 51 85 84 0 80 95 78 89 92 38 93 78 38 57 73 7 84 43 43 4 17 5 35 33 17 57 83 74 67 28 74 44 46 56 96 59 67 89 80 70 4 60 71 0 74 26 15 32 96 12 88 35 57 51 85 60 14 54 46 17 82 69 69 24 45 76 51 12 96 44 40 41 13 78 90 1 9 78 25 29 52 41 79 71 71 54 50 41 61 53 70 38 39 58 85 16 48 5 84 2 49 37 60 94 72 66 8 25 75 13 25 98 7 47 92 13 62 39 58 45 18 4 70 51 39 58 90 44 38 14 43 45 79 0 99 69 48 44 0 81 3 92 94 55 11 21 15 87 65 45 2 18 96 92 42 27 82 90 45 48 89 79 57 85 10 88 81 91 99 1 79 39 31 99 9 64 58 60 49 54 90 45 37 57 97 48 91 74 39 33 5 16 91 54 97 97 33 49 23 30 31 73 11 45 97 73 72 37 69 36 33 43 15 62 76 79 3 38 0 64 20 88 
59 88 21 60 11 96 46 52 72 76 73 63 67 65 78 11 85 6 12 60 27 12 84 45 29 42 55 74 1 69 31 51 81 17 10 0 27 87 47 61 0 63 41 52 99 73 85 36 72 48 46 53 28 87 51 70 2 60 9 73 98 25 57 69 82 5 76 12 18 11 37 27 44 45 3 27 35 71 68 93 56 21 81 74 83 23 35 32 27 59 44 59 44 36 78 51 63 69 57 44 35 8 56 27 67 56 46 49 84 97 45 86 53 38 15 56 80 11 27 19 30 81 58 63 38 3 50 28 54 14 74 81 6 18 12 93 93 14 80 89 34 82 69 6 39 56 97 42 20 5 52 12 37 17 1 25 84 60 29 57 82 50 7 55 4 46 16 48 11 50 95 20 11 62 68 6 55 82 63 81 17 60 6 79 95 43 78 91 71 72 74 49 31 47 16 33 16 94 50 8 32 12 76 62 93 69 2 61 36 71 5 60 94 96 25 80 17 10 13 15 30 40 14 41 18 83 53 24 71 31 64 46 68 32 87 2 99 99 35 67 74 97 98 44 20 97 8 97 78 28 50 89 69 26 49 29 17 88 85 79 7 94 79 90 87 22 15 73 62 52 66 50 29 79 3 37 9 47 96 41 10 16 16 18 77 96 15 28 35 9 37 55 14 13 18 27 58 10 2 46 57 88 68 20 86 20 72 14 52 30 98 42 77 42 65 41 17 8 15 82 69 38 17 83 55 58 11 66 72 8 6 34 72 3 81 17 25 74 5 64 54 62 92 88 4 95 63 75 1 92 95 57 81 19 53 4 39 24 20 10 86 40 40 56 7 57 49 2 52 8 58 10 93 56 26 29 10 37 35 44 50 43 97 74 26 12 61 94 85 11 79 16 83 82 4 73 39 10 16 59 5 38 7 53 31 26 86 98 76 21 57 11 31 49 70 16 21 89 8 76 93 78 22 0 39 58 18 52 23 55 1 31 79 96 79 64 72 85 58 26 76 11 56 49 88 38 98 53 45 42 52 74 40 91 57 69 94 77 85 34 27 46 90 50 71 98 55 28 30 10 36 94 16 56 17 33 9 66 5 13 2 43 99 26 45 41 94 51 85 25 66 71 96 9 37 42 63 72 71 96 
35 11 46 49 92 18 73 20 99 89 10 17 28 12 42 5 76 56 12 4 39 40 5 82 85 98 71 52 73 99 47 33 91 66 85 21 98 11 14 34 33 27 79 5 52 21 96 94 77 28 58 69 80 76 34 0 30 35 83 55 13 73 59 7 12 13 20 66 56 93 81 74 4 68 6 80 33 23 63 83 5 82 53 17 61 3 5 60 12 38 43 77 18 3 30 29 96 30 57 33 82 10 33 84 11 32 92 31 55 84 29 68 59 72 85 73 61 35 22 75 86 61 49 38 88 86 77 48 83 20 34 26 18 20 56 77 70 3 40 41 99 89 35 54 84 23 77 88 88 78 76 29 88 87 10 15 51 24 0 23 55 55 60 8 6 33 12 9 5 33 24 15 40 39 73 53 38 87 27 36 78 43 44 49 66 68 30 44 64 47 19 19 10 6 51 64 77 4 26 43 85 71 86 48 14 12 91 84 55 53 97 13 32 98 90 35 45 52 57 48 10 57 38 76 55 43 87 37 96 5 70 84 25 63 7 61 54 42 89 40 51 39 56 76 74 87 66 60 97 19 3 76 69 44 53 41 7 1 55 96 50 60 72 8 17 95 67 66 19 40 50 52 12 31 8 5 22 42 40 72 0 85 19 67 13 47 7 98 65 48 45 96 59 37 43 34 66 41 54 62 29 70 15 97 44 43 61 67 30 7 3 26 16 94 26 18 79 49 1 44 37 16 15 22 36 56 52 18 87 51 24 41 1 39 44 22 63 61 91 59 37 10 64 19 16 58 80 16 94 88 87 47 75 6 26 78 87 21 52 29 72 0 32 88 46 45 49 16 23 32 77 96 51 59 55 86 48 21 77 6 87 47 37 50 12 80 78 59 82 80 80 7 62 99 44 7 0 27 94 75 98 35 4 87 73 14 56 4 9 27 13 24 73 94 74 34 55 3 38 22 21 1 31 31 4 90 54 98 99 45 30 2 35 52 92 0 94 15 3 25 34 17 51 61 36 77 80 58 28 36 12 74 59 33 16 90 94 48 66 79 4 3 31 73 95 94 97 22 7 19 19 40 44 97 64 34 16 60 17 51 28 41 74 88 52 38 34 79 72 13 18 97 6 25 87 42 81 5 79 33 
26 32 14 13 97 41 25 82 86 92 70 53 66 11 33 51 12 98 38 67 55 57 49 86 54 84 75 98 45 61 65 7 33 40 82 53 35 55 7 38 77 67 11 75 30 7 73 16 20 75 32 29 38 52 38 75 94 30 58 44 79 70 88 1 36 81 36 72 41 9 25 57 82 62 95 38 21 52 9 23 43 79 76 87 62 2 98 79 36 0 58 82 56 8 52 38 33 41 47 89 48 73 26 16 87 73 36 33 50 69 95 35 17 4 46 26 46 75 45 38 48 47 41 60 95 48 61 23 90 86 1 69 27 17 61 87 46 41 96 61 73 84 21 40 67 60 5 80 86 76 35 54 93 37 32 67 57 28 23 95 67 2 40 12 98 8 87 29 35 92 24 65 27 16 48 84 83 38 75 89 22 67 55 45 62 88 75 99 80 53 82 40 14 20 25 93 58 78 28 58 92 68 24 26 87 21 4 36 84 9 90 32 11 85 67 59 10 94 66 55 18 60 21 6 13 88 36 96 50 95 44 51 19 55 20 99 13 83 57 23 79 67 7 62 80 27 33 33 50 41 21 48 35 83 57 2 7 37 41 46 26 23 34 40 80 27 87 49 73 54 42 95 42 47 5 74 73 23 50 26 28 87 43 25 69 59 10 88 1 13 92 39 18 90 0 12 93 71 54 12 80 54 97 92 76 37 46 69 11 39 58 59 12 82 53 79 42 89 72 83 26 11 96 14 71 96 76 84 16 91 5 99 61 31 32 15 10 73 48 23 93 2 24 72 68 17 63 73 18 36 2 32 10 76 47 52 36 65 39 56 24 38 8 62 85 1 60 52 67 7 12 51 95 39 94 64 26 36 33 80 3 67 66 3 5 66 91 36 82 61 29 59 30 46 51 27 66 44 61 82 67 40 94 10 38 44 78 92 5 99 47 80 87 12 94 86 32 22 92 95 51 8 30 9 65 66 78 28 30 8 86 41 58 54 6 63 56 76 25 35 90 78 36 92 69 34 91 0 34 4 40 97 33 67 21 83 29 30 80 1 49 6 25 27 81 82 76 51 96 59 19 34 60 65 26 8 90 61 97 15 15 17 70 17 28 92 91 49 82 19 42 99 6 80 68 90 75 4 83 49 
43 17 48 49 19 32 55 34 5 21 19 28 80 51 9 67 15 41 60 62 9 63 64 73 25 76 44 70 36 85 32 78 35 6 35 99 3 67 52 75 82 74 7 62 88 75 34 9 82 36 24 3 93 75 34 20 46 68 81 36 25 35 79 97 47 14 41 60 9 7 64 82 97 44 39 25 31 78 13 0 33 31 43 12 79 15 92 76 53 66 82 75 29 84 96 7 8 61 98 66 60 70 93 9 39 91 36 23 62 27 62 83 44 12 17 15 69 96 65 84 75 77 49 4 32 75 47 84 80 67 6 74 8 25 57 20 11 35 86 46 92 41 52 0 76 33 13 67 97 8 66 61 52 72 24 95 11 31 43 7 49 84 69 67 34 57 65 88 22 1 81 78 65 86 9 3 65 9 68 78 59 60 31 66 98 57 48 7 5 30 21 65 3 61 91 82 13 96 77 25 30 43 48 60 82 13 75 85 21 60 94 17 41 77 12 32 79 3 69 61 14 27 69 89 13 16 83 18 49 28 5 14 37 46 21 23 10 86 15 46 6 66 99 39 65 98 49 95 34 46 35 0 34 30 91 16 27 62 90 25 39 79 17 16 23 31 98 57 5 16 12 93 23 43 66 61 39 78 34 38 84 22 34 57 54 59 51 89 69 16 96 47 10 99 96 30 78 48 84 39 23 37 72 6 53 71 45 54 5 55 78 45 56 63 53 92 61 18 93 93 44 88 21 89 82 47 51 65 72 83 86 7 81 24 82 11 54 94 22 51 65 80 18 13 94 5 53 52 32 59 84 88 34 60 85 7 40 3 6 68 21 50 82 53 54 73 53 97 1 60 22 71 82 25 2 42 18 44 26 9 10 86 45 5 34 75 47 84 90 59 73 28 79 31 86 65 47 93 82 7 7 77 5 91 13 38 38 43 25 80 8 60 63 47 80 84 13 8 68 93 43 91 52 9 88 73 79 14 95 74 49 47 34 90 34 15 13 55 49 97 90 10 62 93 87 78 17 75 57 69 48 97 28 23 26 78 27 24 18 0 90 93 93 1 53 5 43 34 26 56 49 95 37 60 66 83 11 60 67 95 25 1 55 53 75 27 69 47 25 92 88 80 24 38 68 98 48 31 66 64 
64 73 0 2 63 28 22 67 86 55 96 43 58 76 25 5 7 95 3 70 17 25 52 2 46 82 16 34 48 41 12 47 64 86 55 22 11 72 43 5 28 12 22 52 71 66 33 20 77 63 41 0 55 31 36 1 71 11 66 48 60 73 21 13 25 91 18 66 5 18 77 75 14 60 18 69 96 43 57 26 27 51 78 8 99 18 42 74 3 99 98 21 68 65 73 50 72 32 12 23 78 92 40 56 47 9 8 40 5 11 43 40 35 64 68 64 54 94 4 72 47 60 84 40 69 20 83 71 59 38 83 84 73 84 87 42 27 53 35 58 83 7 76 38 69 84 45 16 39 67 27 72 98 32 7 34 2 73 37 11 72 83 93 49 82 17 7 90 83 35 1 22 61 29 8 47 91 80 2 17 83 41 86 5 48 98 45 70 87 94 21 99 55 61 59 64 38 10 60 11 2 10 20 36 48 14 62 60 95 1 47 31 56 89 27 64 18 90 24 93 88 14 96 51 78 42 17 39 20 89 10 6 68 56 97 14 94 62 99 89 33 77 44 25 81 13 28 97 86 55 25 51 14 65 22 74 11 20 59 98 20 69 89 70 62 60 24 9 65 70 48 69 19 58 9 76 83 15 78 75 99 91 48 35 52 15 94 69 82 97 92 38 38 70 33 20 86 94 9 84 5 36 7 28 99 39 45 67 8 97 61 26 90 45 12 42 67 24 18 91 81 95 13 31 91 44 13 31 47 78 15 37 32 90 80 51 41 32 41 23 70 61 69 40 61 45 27 79 34 56 60 53 26 17 38 52 34 39 74 0 70 48 96 12 80 27 5 14 79 64 5 75 72 69 30 90 71 35 15 91 9 39 97 26 32 15 35 53 72 40 60 51 49 56 50 58 25 74 56 48 39 13 1 28 19 23 71 47 9 8 93 29 56 1 37 71 72 57 60 96 20 57 19 63 3 70 2 31 21 93 15 78 44 70 77 62 33 86 29 33 57 70 25 22 88 35 59 8 49 59 89 11 2 7 3 73 76 75 96 30 70 75 60 83 79 43 0 96 46 54 4 0 29 82 31 37 92 31 17 44 27 53 49 6 90 34 99 76 81 65 91 92 15 44 44 68 18 56 28 90 
0 86 72 85 29 48 14 51 36 14 93 80 66 87 21 62 1 51 32 21 21 57 73 28 81 92 86 29 72 81 31 81 17 48 73 88 91 93 3 76 65 9 44 39 87 93 73 66 94 32 98 87 25 48 40 59 99 39 80 17 6 39 74 9 64 95 54 60 13 51 74 71 2 34 30 2 69 47 61 15 41 55 93 71 55 48 17 77 49 41 84 8 18 0 68 90 18 24 64 82 51 12 59 97 83 79 47 40 93 14 25 45 59 94 17 65 97 87 44 49 55 86 31 71 31 17 83 15 1 21 55 53 55 42 78 93 85 31 58 18 93 68 56 31 43 91 73 48 71 7 48 15 54 26 85 62 97 59 5 12 47 11 15 2 75 95 35 4 67 73 1 20 39 2 71 26 33 17 70 92 83 70 79 92 89 45 86 28 97 8 7 86 36 50 4 76 51 70 85 13 65 59 78 89 23 93 70 53 45 44 85 26 75 47 71 36 88 96 37 78 6 98 17 85 91 26 81 52 53 83 73 49 60 72 34 61 35 63 5 45 44 76 28 70 46 30 9 74 52 25 84 39 28 11 15 24 80 60 80 26 79 97 99 44 75 92 77 94 93 54 16 74 69 16 83 0 61 59 37 79 64 17 37 64 60 77 65 63 15 2 99 21 88 62 11 37 82 3 22 1 41 85 63 19 73 34 36 82 39 85 79 27 49 85 81 33 29 42 22 4 21 6 11 49 1 73 81 45 29 17 55 57 21 59 25 68 19 30 77 75 0 18 82 1 9 76 0 77 55 68 23 21 69 86 56 80 33 74 96 55 9 14 94 23 99 34 67 82 15 2 31 61 24 74 47 97 94 1 17 25 55 34 96 94 71 60 77 7 28 61 1 96 93 6 64 90 42 9 9 97 49 51 58 44 20 87 95 44 99 6 58 24 71 0 85 12 87 11 56 49 58 42 92 71 98 1 25 0 71 68 55 20 18 73 94 90 87 10 28 18 61 66 49 47 46 38 22 39 22 83 75 80 24 10 53 57 82 80 40 21 41 11 64 36 97 0 3 84 26 75 42 66 31 56 23 25 9 76 26 10 56 23 87 0 85 3 84 6 19 13 43 15 32 22 50 0 11 61 92 5 
59 98 15 41 1 86 16 47 90 86 35 69 15 45 48 30 65 14 76 9 61 9 68 27 52 97 7 45 86 14 2 18 76 76 45 6 80 95 96 88 12 24 7 1 5 24 85 54 49 48 3 30 66 77 24 35 74 84 56 7 4 57 9 86 25 55 53 30 82 23 6 21 59 94 19 66 41 4 28 71 16 59 27 78 76 51 19 35 29 11 33 33 53 80 29 55 12 33 75 56 74 74 23 38 80 85 34 28 20 61 39 14 38 49 97 97 43 73 97 83 10 59 61 75 31 41 78 1 47 84 3 1 93 52 28 22 78 63 6 94 12 35 91 98 20 4 80 42 29 78 41 90 71 50 54 95 52 98 43 21 94 6 49 89 25 26 3 46 26 81 37 76 35 67 20 36 89 62 66 10 8 65 5 92 30 97 6 90 3 73 50 3 11 38 44 87 33 98 68 77 18 8 16 63 85 27 2 91 5 2 93 33 0 40 7 50 31 25 34 71 21 89 21 90 24 71 6 32 25 69 49 36 80 90 23 19 1 88 48 56 89 91 90 22 35 34 40 16 12 40 10 52 17 66 89 55 16 15 37 3 90 72 36 2 0 29 18 75 35 55 39 79 52 79 5 25 87 47 31 61 75 32 90 89 15 56 85 89 32 57 30 89 55 37 26 80 24 35 85 43 83 26 28 63 6 29 38 35 11 75 14 22 84 40 13 79 52 79 47 9 11 69 60 49 64 97 51 30 98 74 59 41 22 7 32 41 88 53 9 48 40 18 19 18 57 15 80 58 6 19 45 90 89 39 25 52 6 81 15 3 89 25 65 91 67 28 78 96 96 79 57 71 80 36 20 30 52 31 3 5 3 24 88 65 95 35 7 42 12 84 90 8 66 80 43 57 86 91 93 73 92 19 44 81 22 57 55 61 44 39 54 4 15 78 24 22 87 77 43 98 58 33 15 76 88 51 57 48 20 59 72 39 96 65 48 65 63 77 68 8 46 39 53 49 53 29 33 8 83 97 57 44 33 58 39 0 11 94 87 39 87 63 16 55 59 26 33 52 49 89 41 55 89 47 76 37 45 90 67 92 67 47 57 14 4 14 75 91 52 53 36 88 90 1 29 0 25 92 89 6 
67 15 21 77 73 31 50 79 95 39 45 69 46 60 39 41 47 61 72 54 21 16 26 52 2 0 83 15 34 4 19 38 85 48 95 75 90 3 24 85 52 21 28 24 88 46 50 8 54 55 89 52 60 23 95 65 13 20 54 64 87 51 82 96 16 45 20 72 29 27 66 11 11 13 76 32 93 39 27 65 90 20 13 70 37 62 8 39 22 89 21 34 79 35 91 70 15 60 20 49 69 52 64 54 8 25 53 94 90 81 26 72 70 8 7 84 47 37 76 54 6 31 34 38 2 78 42 21 82 47 59 77 22 68 90 82 28 31 59 66 30 2 55 30 83 43 0 61 46 1 37 0 55 38 11 75 41 82 55 56 34 93 0 53 25 20 7 6 66 6 97 95 29 12 6 47 96 41 60 26 22 52 41 8 36 66 41 74 75 65 1 52 58 17 80 28 45 37 60 75 62 53 9 85 67 37 62 70 25 22 91 26 88 11 29 48 94 72 47 82 12 94 38 28 90 37 72 47 11 57 18 16 65 14 69 34 49 84 92 56 26 3 96 34 51 43 29 33 19 74 59 76 57 84 8 42 46 36 82 46 9 6 98 26 73 24 26 59 43 44 81 68 4 34 89 13 83 62 53 46 14 61 75 20 41 1 44 94 51 62 54 12 93 22 43 45 93 87 96 71 7 23 70 75 38 97 80 16 49 34 1 83 23 86 28 1 88 24 62 94 40 99 70 98 74 63 44 52 10 39 62 36 35 8 86 88 56 70 86 87 8 70 92 42 7 99 58 0 86 17 33 19 30 91 48 7 25 96 12 67 54 12 49 78 78 39 44 92 27 71 27 93 12 34 99 33 33 18 37 52 52 24 79 27 80 86 74 36 49 76 16 19 0 74 50 82 81 32 75 46 66 74 22 94 13 1 14 0 49 26 8 86 61 41 10 46 94 96 6 41 74 73 40 44 68 57 91 52 50 91 32 84 1 93 65 40 88 33 17 68 48 2 53 17 54 8 23 48 20 29 36 65 61 70 56 49 91 26 4 83 92 1 23 43 37 71 18 36 8 37 72 32 64 96 22 22 29 86 34 71 55 30 30 8 93 99 55 51 44 75 59 63 68 92 40 73 57 15 78 13 
42 73 30 30 84 87 0 32 80 81 10 6 2 73 18 67 18 44 51 73 80 69 26 38 4 49 94 94 89 35 81 25 81 13 97 71 97 19 11 72 67 82 77 39 13 99 38 22 80 37 6 80 65 69 15 74 87 1 19 2 37 38 30 84 85 13 31 73 77 4 46 54 37 98 41 39 49 81 96 80 16 23 73 44 45 1 0 63 33 94 65 63 22 28 67 59 70 78 9 28 71 50 71 49 70 79 31 45 17 25 1 6 57 64 56 44 40 59 97 22 83 25 5 92 71 77 2 78 17 26 62 36 76 1 48 86 74 99 63 2 1 1 96 55 95 73 10 96 16 65 24 26 44 39 63 3 25 57 16 88 65 62 8 35 63 97 14 16 18 40 37 33 98 12 67 72 23 10 49 98 19 13 0 36 80 95 18 20 2 37 25 66 18 39 49 8 16 78 41 16 96 40 8 31 15 93 64 29 52 52 35 15 73 90 16 44 20 68 68 77 33 83 17 75 5 19 11 73 63 17 5 85 71 13 18 31 4 14 8 49 63 21 85 22 44 52 97 25 51 52 63 43 91 96 48 72 85 24 35 27 13 84 81 80 92 93 93 10 30 74 59 52 94 27 3 33 78 18 75 16 93 18 40 33 30 13 77 36 78 80 20 5 49 16 87 85 9 95 14 52 68 5 9 80 47 24 45 40 34 10 14 44 22 90 91 0 81 60 1 36 65 73 81 15 35 50 37 35 97 15 49 80 70 39 58 62 81 54 18 36 13 79 17 94 47 40 92 7 20 39 84 68 57 61 53 11 12 52 56 63 61 1 49 90 36 72 5 25 57 68 55 29 93 9 58 38 67 20 6 52 68 44 98 15 90 94 93 79 99 92 32 52 32 45 92 24 75 68 55 78 58 70 37 26 5 84 11 43 15 34 83 11 56 73 47 53 97 31 78 87 60 32 92 47 38 27 32 59 42 87 48 28 64 11 97 47 46 85 89 97 46 34 61 69 28 16 38 47 73 80 33 40 4 74 33 15 99 39 86 14 2 89 60 1 84 93 62 86 34 94 71 81 12 20 93 14 72 3 52 89 38 69 9 49 86 13 24 17 68 89 86 51 33 3 39 49 52 67 71 40 
60 56 47 31 61 8 91 45 57 93 69 59 44 38 8 36 70 13 99 33 20 2 84 70 57 19 0 50 67 97 51 52 64 52 99 42 38 99 82 31 91 10 73 91 68 11 52 26 64 2 30 70 64 84 51 12 42 94 65 1 22 0 19 0 59 92 57 31 42 39 84 19 64 10 88 52 85 92 47 89 61 40 63 24 66 24 80 61 98 85 20 60 3 2 75 40 8 53 79 42 41 57 31 94 78 49 1 92 28 37 54 33 56 87 9 84 88 59 84 4 83 46 94 75 25 52 7 1 47 12 62 5 28 34 76 16 44 83 10 20 60 51 56 74 30 3 15 94 22 43 92 74 65 67 46 86 32 10 23 87 61 44 41 47 90 28 31 52 54 64 9 3 5 84 19 66 2 44 2 89 18 46 59 38 22 67 10 52 29 21 14 5 45 20 86 46 43 53 87 10 9 12 99 33 15 5 29 76 76 2 26 62 90 19 20 45 80 29 20 93 83 43 97 76 71 82 3 75 32 0 94 71 88 47 83 92 71 99 96 6 60 97 42 65 81 25 34 10 7 75 49 54 54 17 73 87 24 1 37 29 96 9 86 91 52 18 3 17 16 64 77 69 15 18 48 69 28 86 78 62 49 52 5 3 99 4 91 7 99 49 32 93 67 3 16 33 67 7 33 39 50 82 87 16 8 51 6 6 94 29 16 65 68 76 32 63 1 39 26 7 72 26 40 78 10 92 60 2 15 32 87 44 74 51 57 7 83 17 53 65 3 2 64 94 99 31 78 51 72 13 73 68 59 36 12 85 11 27 42 5 92 3 47 8 46 17 42 44 69 65 57 26 80 69 62 30 23 93 26 38 21 96 75 42 61 79 38 69 93 80 45 31 64 38 65 68 89 75 79 65 65 14 62 92 3 74 29 28 66 78 97 89 47 75 65 24 49 55 8 15 65 71 66 4 49 11 31 16 16 69 97 86 19 11 76 56 87 45 78 85 34 30 15 55 14 86 63 83 12 64 87 95 37 0 94 55 7 4 35 67 41 27 69 96 24 74 46 1 33 90 5 68 43 25 8 85 15 45 73 94 12 2 71 4 76 87 67 25 8 24 75 94 99 89 66 90 51 82 89 72 
43 69 90 22 52 76 4 11 0 52 54 42 95 33 63 63 14 97 77 29 70 15 13 60 27 47 70 6 80 47 57 33 44 91 73 66 1 53 2 92 20 23 52 46 81 54 1 83 44 44 38 88 20 16 18 22 84 9 55 85 39 80 10 7 92 42 5 89 74 34 76 13 48 90 97 75 1 23 91 65 53 61 80 61 67 37 61 56 94 95 43 49 33 95 36 6 40 63 32 59 32 89 60 13 22 33 6 33 99 38 14 36 54 61 24 89 58 81 16 33 9 45 11 54 77 67 34 3 99 75 80 47 82 92 99 57 41 80 19 63 31 21 14 77 57 38 7 43 89 88 61 9 74 11 26 0 0 36 1 26 9 80 98 2 8 81 72 0 97 11 59 85 97 66 42 96 68 38 54 44 36 95 77 6 96 98 38 25 73 47 74 26 7 0 53 75 7 58 61 87 47 51 4 61 42 28 88 24 86 87 44 16 16 4 12 61 79 88 49 12 48 70 90 12 88 34 3 95 54 57 84 21 6 10 48 56 22 98 38 81 40 95 39 22 60 48 22 9 52 50 85 47 85 78 60 88 12 65 86 66 65 16 62 63 18 14 44 81 71 30 21 12 49 53 93 3 9 31 94 35 42 33 19 90 93 75 59 73 64 27 64 95 40 34 87 97 24 69 96 82 3 47 33 57 65 1 8 70 81 18 90 54 33 67 18 15 23 34 2 83 59 35 82 66 88 75 55 62 91 65 24 83 73 65 74 72 1 95 9 44 10 7 72 36 42 70 97 59 71 53 42 91 73 85 43 36 60 39 62 27 79 40 39 45 86 72 79 7 96 39 71 20 4 64 73 41 76 1 59 77 78 38 99 93 42 89 34 37 57 22 75 79 81 16 70 7 21 52 54 73 18 21 60 99 49 15 61 54 43 8 25 22 31 51 29 40 67 11 26 72 86 52 99 99 80 96 2 15 2 53 73 0 31 45 90 89 11 26 75 51 72 82 40 97 26 30 27 45 75 27 81 90 3 93 74 59 24 64 32 50 65 59 17 76 24 27 66 73 1 56 57 63 26 37 29 36 40 2 23 75 87 29 45 74 40 38 44 50 54 88 87 75 95 50 34 51 52 71 76 75 
8 32 53 15 93 96 43 55 60 66 51 87 85 93 14 53 42 45 89 92 4 52 6 19 15 7 75 58 28 89 64 25 63 80 76 86 89 67 84 71 50 20 12 33 84 12 46 95 64 75 56 94 77 88 52 93 29 40 62 28 26 17 58 28 46 23 46 81 27 6 74 48 86 23 14 16 53 88 76 39 6 17 2 92 26 76 38 75 22 31 17 42 84 68 41 63 78 21 83 96 78 21 19 85 93 71 0 0 62 14 63 69 81 93 47 5 41 48 0 53 85 86 37 79 2 72 46 48 94 94 78 82 47 65 80 91 66 56 48 75 38 59 20 42 44 61 51 18 37 16 58 92 58 51 86 37 38 7 65 75 6 30 92 15 92 8 72 81 54 70 40 82 73 9 11 86 63 7 42 66 90 9 88 92 58 64 64 40 46 67 70 81 38 17 22 64 7 3 97 12 76 5 97 28 20 2 56 41 19 17 20 14 41 1 81 64 12 3 6 1 78 98 57 6 91 7 33 85 44 19 73 16 32 50 71 34 58 20 90 49 35 46 20 14 53 21 18 93 60 71 21 60 8 91 73 29 80 21 64 25 50 38 42 28 70 27 90 87 27 65 7 97 47 73 79 9 22 10 36 2 87 39 85 44 78 53 19 42 29 5 22 93 65 62 29 60 79 25 81 93 99 20 49 43 36 88 5 99 37 90 16 24 56 81 78 6 55 42 84 75 75 12 82 17 61 37 49 66 94 97 74 16 71 81 81 55 93 2 78 46 81 3 69 30 39 64 16 57 32 97 5 62 97 23 89 48 34 61 1 71 95 61 39 45 70 96 19 6 22 31 77 59 2 36 86 69 24 24 19 62 68 74 45 15 55 52 95 66 13 48 4 42 7 3 77 28 49 29 34 44 71 23 88 17 5 60 78 93 40 29 74 48 79 9 19 87 22 45 84 72 18 92 63 20 97 5 31 64 23 56 16 24 1 22 29 14 93 29 46 97 94 11 74 28 45 54 22 1 77 48 12 90 31 72 7 52 49 53 79 50 4 73 7 75 15 8 93 2 94 78 10 82 43 71 15 10 43 13 11 58 48 39 70 71 62 80 9 28 52 26 99 69 28 88 72 0 98 26 4 62 
0 91 6 59 14 71 29 21 72 2 90 98 40 93 19 20 50 24 40 44 13 71 9 30 64 61 59 76 72 14 62 94 32 68 61 41 19 76 15 50 33 22 87 0 4 22 27 36 64 64 83 69 44 2 27 33 7 32 35 55 15 85 30 25 69 57 85 55 78 46 15 8 49 19 45 21 32 29 26 4 31 72 41 47 42 30 77 65 78 58 94 60 75 44 13 3 88 58 12 30 24 46 67 28 40 26 98 88 65 60 88 71 39 4 75 97 73 67 53 6 27 77 74 92 46 65 15 70 60 15 23 38 0 66 84 37 54 24 64 70 53 50 20 6 40 64 93 76 60 89 49 98 4 11 4 54 70 54 48 23 81 60 58 58 94 68 46 52 36 71 16 11 26 40 0 69 83 41 95 51 24 36 99 98 13 30 68 62 31 13 56 85 79 38 40 74 43 75 69 45 57 17 10 94 92 64 42 43 71 1 96 95 43 52 37 61 88 52 98 70 23 80 55 66 11 39 15 84 54 10 40 47 49 84 25 11 34 27 95 69 76 97 69 88 64 41 68 60 63 11 49 40 24 58 28 70 24 8 77 17 19 99 84 46 72 18 59 59 16 29 47 10 27 98 3 17 83 44 67 98 62 93 31 4 17 46 32 58 30 38 11 84 38 61 62 56 51 74 62 78 14 6 53 59 51 18 40 10 41 31 80 97 35 29 2 7 67 46 59 46 70 67 21 98 24 84 99 42 2 28 7 47 45 23 74 91 32 23 12 5 89 39 21 5 0 67 11 33 49 89 1 77 75 53 95 18 68 87 66 35 35 67 82 87 76 78 7 79 87 59 1 75 91 37 7 64 64 71 90 37 83 75 57 48 41 67 76 6 7 24 98 17 92 33 99 58 15 69 82 83 91 24 9 7 88 27 94 31 32 53 94 51 2 64 97 50 61 96 61 30 52 11 30 28 40 9 53 95 83 26 35 54 48 97 62 22 31 75 38 96 71 9 97 49 12 56 87 28 50 10 67 72 95 98 43 69 76 67 62 6 79 11 8 1 59 70 30 87 52 48 99 3 5 51 57 40 71 43 36 53 56 96 59 45 40 66 45 60 58 92 28 76 79 19 40 23 14 87 45 72 
28 77 40 52 58 35 87 79 11 22 88 54 87 54 28 48 36 99 20 16 5 50 8 93 72 41 42 77 8 8 57 57 10 92 30 33 79 73 87 92 43 15 54 15 48 32 17 74 74 73 52 5 30 58 10 88 57 39 31 42 86 5 65 63 98 24 37 65 47 53 77 47 87 83 88 47 66 66 85 34 59 5 96 25 11 48 65 66 46 36 91 23 62 38 24 50 69 1 1 86 66 84 60 85 11 83 40 47 2 0 49 42 5 69 9 58 15 69 87 38 27 88 41 83 7 43 11 85 9 83 98 93 73 20 97 90 96 5 99 74 11 34 41 18 42 11 87 12 42 15 78 57 37 19 43 7 26 76 18 45 21 30 7 73 63 99 1 17 61 3 93 41 73 13 85 91 42 5 58 56 53 0 59 50 87 17 87 39 77 41 93 77 46 34 77 38 92 7 65 95 10 99 82 87 64 63 53 65 51 61 26 45 67 18 74 50 66 2 38 10 54 91 3 6 42 87 60 58 81 82 80 63 56 79 97 9 25 29 72 83 67 85 58 60 0 47 82 33 45 26 64 13 9 92 69 28 8 77 12 23 41 6 13 98 22 30 44 90 87 72 23 62 29 83 64 41 65 77 33 78 68 42 1 63 20 29 0 46 56 28 25 85 80 13 23 19 44 67 25 12 78 98 7 25 90 94 50 47 33 50 25 42 27 0 89 97 33 3 86 40 11 61 59 17 71 54 55 19 70 76 81 36 23 33 41 41 9 22 65 99 72 25 47 88 95 49 3 46 48 92 7 64 8 62 45 19 9 25 5 98 57 4 92 24 69 47 36 45 62 3 24 72 42 6 7 21 15 38 56 63 63 98 65 39 91 17 52 10 54 74 25 63 44 35 69 92 96 98 47 54 2 5 49 3 68 49 97 48 15 81 32 92 40 64 10 4 21 44 16 70 26 29 83 95 12 13 34 43 13 89 89 20 23 64 58 48 69 90 64 90 0 92 83 68 99 54 52 96 65 61 13 36 42 38 70 81 20 86 37 10 19 39 95 70 3 44 80 54 22 17 9 39 17 49 64 84 22 75 45 66 71 14 18 36 45 93 63 86 72 98 71 13 46 18 81 41 62 45 75 61 
38 62 17 94 26 30 33 19 19 25 37 0 32 89 81 54 8 70 90 77 84 94 60 95 50 9 23 40 63 99 43 34 49 45 62 28 68 10 20 49 29 11 26 62 51 65 48 65 62 61 35 67 85 48 3 24 52 80 8 84 14 35 84 25 55 66 68 88 89 1 54 4 21 57 31 21 44 54 8 65 3 74 34 71 46 69 66 61 67 47 86 64 39 15 37 45 81 6 17 63 88 75 39 6 53 3 23 89 36 68 49 15 87 66 42 82 83 34 51 90 68 38 51 77 35 68 75 95 46 95 71 80 66 40 79 31 52 5 27 17 34 19 98 59 99 75 1 0 61 77 31 82 62 37 56 95 81 87 78 3 34 14 20 76 45 68 13 84 67 68 87 62 18 15 85 68 50 22 73 96 83 76 82 70 45 5 5 29 97 30 26 15 86 92 30 94 84 31 19 89 44 78 67 91 84 32 8 71 48 44 39 51 69 97 84 41 77 52 89 31 84 91 35 74 41 40 29 51 60 65 79 65 90 72 50 45 5 78 68 87 62 60 34 52 48 14 16 76 15 7 18 30 21 93 92 42 31 17 95 71 55 74 42 53 41 35 9 68 64 25 73 57 55 37 48 60 95 94 0 43 74 79 22 94 28 91 55 76 85 1 58 53 67 58 27 48 30 65 33 83 57 81 95 16 19 61 19 78 94 36 54 1 66 58 86 95 10 7 50 19 58 83 72 70 72 53 60 43 12 48 32 18 57 83 13 21 6 95 9 47 10 10 39 2 96 54 46 83 9 96 74 8 66 34 3 65 21 92 31 81 75 46 34 75 15 65 76 88 65 55 0 19 86 47 14 56 31 21 58 13 20 10 90 70 22 12 12 95 46 37 37 99 0 77 25 63 64 0 69 52 72 4 88 49 6 79 13 24 35 65 97 83 8 1 72 22 32 56 6 19 55 90 46 61 98 99 39 1 6 21 10 45 97 24 99 70 70 2 34 1 97 73 60 61 23 53 90 71 99 18 19 6 5 77 58 14 5 62 34 42 99 95 91 53 6 6 35 53 55 12 15 29 68 49 32 29 20 50 85 50 84 2 97 32 91 28 13 2 22 25 84 57 38 21 6 85 26 99 26 43 
48 5 98 80 96 76 10 0 71 40 5 15 13 92 45 12 25 38 18 59 39 96 49 12 0 97 85 44 45 57 82 95 82 42 56 15 21 92 53 36 25 40 30 77 37 57 19 34 63 66 87 6 51 3 15 23 36 22 61 88 80 93 4 34 99 13 72 54 80 44 36 5 5 92 44 41 4 79 95 0 2 38 66 90 35 86 49 43 14 91 6 65 10 95 43 28 25 11 96 4 4 0 18 11 52 77 38 2 91 91 69 43 57 13 39 17 41 69 38 32 43 66 56 48 40 4 73 52 24 61 46 33 86 72 84 69 12 8 34 77 33 5 88 46 81 79 64 15 72 24 23 25 78 74 23 69 36 42 84 22 42 85 11 31 45 93 66 67 47 27 94 41 95 54 89 58 77 28 96 69 64 39 0 63 51 75 18 47 64 14 57 27 69 73 51 79 97 5 52 34 97 44 46 95 71 80 60 74 21 44 30 23 14 51 17 29 6 61 59 95 12 5 88 31 41 43 30 48 86 73 50 6 8 33 96 63 15 81 9 28 73 19 95 8 45 46 5 12 0 57 28 80 66 86 97 37 0 85 43 68 49 6 87 94 78 68 43 92 10 32 64 93 66 1 59 52 42 25 53 44 0 85 82 95 40 40 87 58 8 50 27 91 53 62 77 15 47 56 62 50 1 92 72 84 83 79 26 1 87 5 70 28 19 34 12 91 10 69 84 46 32 21 55 94 58 18 86 92 97 33 30 70 59 35 2 25 13 35 67 61 86 20 46 76 11 60 80 9 42 20 30 24 21 16 33 45 89 31 66 26 26 38 59 4 84 88 43 78 58 50 28 28 47 84 61 74 14 16 84 13 70 92 58 28 30 18 5 35 29 40 27 20 41 9 33 60 41 19 64 44 68 77 19 55 96 27 49 47 72 20 25 90 53 99 16 31 67 7 21 81 22 32 60 91 27 45 35 72 17 20 28 6 3 26 57 53 95 31 96 30 11 90 7 88 12 4 75 81 77 31 63 18 77 81 76 23 14 14 58 67 64 59 50 10 97 47 62 92 99 91 76 28 33 44 38 77 62 51 93 65 86 2 21 47 61 38 76 11 77 85 27 91 62 24 93 84 68 83 21 61 
57 15 79 92 54 32 62 14 47 68 12 48 68 32 49 87 38 39 12 92 37 20 68 84 52 15 46 61 76 77 60 10 12 99 17 76 96 1 22 22 3 0 61 65 71 98 75 83 32 68 88 5 24 52 81 44 37 84 81 81 23 43 41 79 36 83 24 76 33 30 39 39 35 1 24 93 54 42 29 3 64 25 31 3 49 77 0 20 82 31 90 23 63 20 29 0 30 27 51 29 44 69 65 65 66 48 68 16 25 73 78 6 13 26 19 41 64 60 31 95 9 37 52 44 55 52 24 91 88 3 1 11 90 61 56 89 88 97 51 93 0 0 57 9 56 35 82 16 70 91 16 66 8 0 69 3 72 43 66 67 0 67 67 9 10 82 72 59 86 89 47 88 8 93 39 19 95 32 5 68 42 99 97 96 27 33 55 5 65 33 26 62 86 23 93 12 52 12 40 46 71 74 17 43 20 26 0 33 65 13 60 76 4 45 55 99 40 33 83 26 62 62 17 36 57 59 43 87 44 23 61 43 51 58 45 35 56 69 20 6 23 90 70 56 57 52 41 47 21 42 13 49 39 98 87 7 53 12 0 75 27 91 3 37 27 59 99 87 13 92 78 51 59 24 13 5 76 43 9 41 2 22 89 30 13 77 84 12 10 64 37 88 16 57 38 37 30 47 99 61 98 98 95 4 56 21 51 55 85 76 49 33 77 48 74 38 47 3 96 54 93 16 43 81 8 23 42 10 52 37 84 89 27 55 60 92 90 11 69 49 21 38 54 2 68 43 53 9 49 9 79 86 25 53 60 14 41 62 58 13 78 61 51 16 68 94 94 31 70 96 71 68 59 17 20 53 94 85 30 90 8 93 92 55 62 5 52 93 1 47 68 94 91 34 48 25 94 17 96 98 95 70 45 68 27 33 15 9 64 93 97 2 51 88 32 31 17 86 37 23 20 76 90 24 31 22 39 74 60 19 61 25 93 35 34 12 57 70 38 23 53 7 62 5 91 59 99 6 33 27 81 91 68 19 45 0 70 36 79 92 63 0 56 99 89 13 67 36 98 80 31 34 29 47 56 34 78 0 93 1 82 72 78 86 35 10 89 9 9 4 10 85 14 88 86 1 33 75 29 53 
9 79 36 43 88 81 97 97 14 77 22 24 28 80 66 7 17 15 17 60 39 70 54 33 65 12 59 71 8 5 86 47 91 83 30 6 55 97 19 79 42 81 93 38 0 65 73 92 56 64 59 20 17 63 28 56 84 30 83 32 51 3 94 45 26 72 97 66 49 27 79 0 83 40 51 4 53 18 53 53 6 23 81 50 58 21 96 45 48 71 74 72 36 21 63 44 76 27 52 64 51 88 53 27 36 45 12 33 4 11 37 11 98 87 20 97 74 69 10 36 12 91 11 68 58 23 51 88 9 26 53 91 68 78 4 29 13 22 60 30 64 36 80 94 77 52 16 2 37 15 77 38 44 83 52 84 10 25 43 88 8 14 90 0 72 46 46 53 39 94 83 23 5 65 23 69 30 78 76 29 16 80 22 99 89 1 15 11 78 23 7 0 33 36 56 66 27 21 49 84 76 17 4 99 31 87 62 77 57 25 50 29 6 2 90 42 2 3 61 98 13 29 27 85 24 66 51 22 94 81 66 81 43 79 85 66 3 4 45 1 34 17 84 51 31 3 79 96 19 7 53 48 88 72 15 15 29 14 38 60 60 56 9 45 25 0 56 25 12 69 3 66 86 14 63 26 44 81 41 0 53 35 89 58 13 62 94 65 45 19 59 59 41 20 1 52 60 1 50 68 78 51 25 0 44 72 11 83 24 58 14 31 27 6 3 80 83 24 14 52 44 52 84 23 49 35 28 81 27 64 38 74 46 32 52 74 57 12 52 5 47 65 20 8 45 36 68 93 62 35 73 35 44 55 58 82 21 8 88 89 50 42 26 52 27 14 42 0 79 56 13 33 14 85 40 56 20 76 92 94 71 17 91 11 7 31 25 21 61 95 2 39 2 51 24 62 21 43 43 63 12 57 27 31 91 84 2 11 10 76 19 78 29 12 10 55 8 48 5 51 59 36 10 68 26 72 46 91 29 85 21 59 4 36 95 54 5 41 58 44 54 83 65 57 80 39 21 44 32 10 13 6 77 18 8 19 18 19 38 51 10 50 62 51 77 7 18 47 73 20 12 3 65 77 45 41 65 37 3 2 10 17 75 74 62 47 7 45 15 74 20 75 84 4 72 48 37 92 75 49 
81 65 51 46 69 70 80 24 50 92 57 20 14 1 13 8 31 42 9 38 64 80 50 91 36 22 9 66 96 70 73 85 72 4 20 98 5 11 94 94 70 7 99 35 0 62 92 12 22 72 32 29 93 48 50 78 73 64 85 92 12 24 59 6 51 45 83 98 89 38 15 28 46 98 37 22 33 65 76 81 6 19 81 58 7 56 18 13 35 74 34 54 23 68 18 89 48 17 20 56 14 64 39 30 64 33 62 98 88 72 32 3 12 16 51 43 89 47 16 55 90 40 7 25 12 81 34 97 29 22 3 88 87 29 65 23 39 60 52 18 85 12 34 24 34 47 20 33 67 93 81 97 99 70 7 81 4 75 99 55 50 21 19 55 57 10 63 91 16 43 37 15 25 14 88 42 91 9 54 27 13 2 48 15 85 88 27 5 38 94 5 11 58 19 78 21 86 77 39 44 93 98 38 61 51 4 71 85 31 48 71 59 12 14 95 44 33 30 43 58 30 14 47 32 69 34 6 25 48 36 2 75 40 85 23 99 51 76 99 70 99 94 77 73 27 65 96 44 22 85 55 71 40 11 59 15 87 72 88 80 27 25 31 75 17 17 83 49 26 20 87 0 98 89 60 86 63 95 0 32 60 19 46 85 9 93 75 79 84 51 55 9 85 14 8 90 43 20 32 72 87 94 25 44 60 95 70 22 7 4 23 84 47 53 85 12 52 32 99 1 89 73 33 37 32 6 51 88 2 3 96 68 90 53 67 86 82 54 1 80 55 96 53 95 16 20 97 75 34 68 41 13 94 21 92 35 51 33 49 30 6 59 60 80 36 52 6 41 51 92 7 65 15 36 77 90 58 2 92 66 25 74 80 37 49 26 30 12 43 30 26 0 60 94 28 21 72 13 74 10 51 48 22 56 40 26 25 49 93 65 66 22 47 48 95 24 40 6 57 84 79 63 10 73 31 66 56 15 22 23 3 52 94 78 39 42 61 95 23 39 2 55 69 87 60 32 39 12 6 56 41 42 47 63 1 14 83 78 87 25 86 98 61 52 53 54 65 14 54 76 40 88 95 38 3 44 7 56 32 30 20 56 4 83 47 26 62 46 4 85 82 19 13 90 55 86 63 96 34 77 
40 32 76 49 43 57 58 50 39 22 98 97 13 34 84 46 20 16 34 82 47 57 26 78 94 83 26 17 89 40 28 70 50 90 70 30 79 72 76 37 55 96 96 58 45 34 11 76 89 62 89 25 60 13 53 54 66 58 54 1 86 38 48 79 96 80 32 62 29 95 85 76 96 44 92 80 4 16 59 60 19 22 71 72 81 53 51 70 44 97 87 19 74 58 86 57 31 61 72 38 16 50 35 79 84 29 52 88 43 89 65 59 21 89 60 7 48 61 30 27 52 45 8 7 33 16 50 2 90 24 7 69 57 13 61 35 50 47 77 98 37 43 80 40 83 23 71 5 92 69 84 33 62 82 75 92 40 45 36 22 49 95 53 28 31 72 50 4 71 94 43 49 27 83 10 45 5 49 25 99 6 57 62 66 91 21 78 27 98 23 59 92 64 65 98 74 42 67 43 85 34 61 57 5 79 2 45 87 68 53 11 48 8 25 64 17 66 4 10 20 71 16 88 65 72 22 33 96 58 86 36 55 39 79 1 19 23 66 34 92 59 61 22 65 16 50 78 80 23 73 35 37 88 2 79 69 16 86 19 70 12 33 9 97 31 37 53 39 19 33 5 88 14 23 85 21 6 26 12 24 47 3 89 69 68 75 72 3 89 13 89 27 91 61 29 32 64 60 2 64 81 1 78 14 46 97 35 13 49 98 25 28 1 69 7 30 27 13 95 75 21 56 5 60 83 36 49 60 40 72 68 55 91 24 24 47 45 98 71 93 45 59 67 73 89 9 30 25 10 74 63 35 99 65 39 84 33 11 46 16 39 61 11 96 92 69 1 7 82 46 66 72 22 83 68 86 63 62 34 13 56 33 78 36 76 57 65 36 52 51 10 12 48 48 90 58 53 83 19 17 2 88 28 82 1 28 48 32 52 32 99 51 65 13 26 9 90 17 93 47 8 70 21 1 71 87 39 41 37 0 75 13 31 78 69 84 69 32 17 14 31 23 9 46 34 88 79 23 88 91 0 70 66 34 13 43 88 63 24 66 4 67 53 68 40 27 0 58 2 85 66 49 85 35 48 67 49 13 35 25 30 28 38 17 53 22 72 37 88 97 50 81 43 44 24 30 78 83 43 11 
8 58 6 57 77 36 39 69 33 24 5 29 53 41 59 87 89 62 4 24 42 35 56 21 68 11 78 86 68 58 48 40 56 2 70 97 15 26 7 37 63 73 88 31 40 77 83 73 59 97 67 20 30 63 20 79 90 96 57 1 50 33 8 65 42 55 78 38 19 5 48 43 13 64 5 60 15 43 37 58 70 57 73 12 44 60 24 74 46 75 90 42 40 14 15 97 24 0 70 23 90 69 94 14 86 14 28 60 86 85 82 47 30 81 56 96 57 42 82 47 38 72 29 22 99 46 1 4 88 37 33 69 99 82 81 7 14 89 85 42 2 46 50 39 3 29 67 9 81 88 16 98 93 96 73 57 98 5 29 79 49 50 17 63 39 73 76 65 54 2 51 63 91 66 41 55 22 73 9 63 10 76 46 14 35 69 48 38 21 32 36 6 47 67 84 74 4 4 92 89 61 22 96 82 59 85 95 38 6 69 7 41 50 17 34 11 13 96 60 97 65 97 98 24 23 36 19 69 40 1 37 70 15 91 2 36 56 75 52 93 8 22 41 68 16 87 75 26 74 34 38 44 33 74 87 66 40 22 94 30 71 90 59 61 61 74 74 37 45 76 55 12 6 86 39 11 37 62 68 55 90 17 98 20 13 1 51 52 91 99 64 42 59 97 42 34 70 48 40 32 99 24 85 10 42 94 20 75 83 83 14 13 34 99 40 84 66 48 38 60 98 96 75 31 86 44 5 84 6 40 76 13 4 55 26 32 20 35 53 76 40 56 21 81 65 47 20 93 67 82 99 29 80 58 57 65 7 21 41 35 66 25 45 45 90 37 98 73 67 7 31 65 4 86 60 23 43 44 45 86 68 39 55 17 10 39 59 19 91 51 75 32 37 61 0 36 33 71 56 22 43 28 28 6 46 13 13 62 89 24 8 37 66 19 66 9 30 49 53 74 49 86 69 79 3 23 77 29 83 23 62 26 68 60 8 0 86 6 58 14 82 2 25 30 3 53 60 12 6 42 59 22 5 14 23 0 45 67 68 13 6 59 78 22 22 53 21 91 52 99 16 84 66 6 28 22 34 75 32 59 37 60 56 22 96 51 7 45 66 29 17 47 46 9 69 38 18 1 69 62 
21 30 39 68 77 84 4 77 88 80 20 73 76 54 5 46 32 85 59 25 70 65 51 68 21 3 71 57 24 18 10 70 12 97 51 53 16 64 95 34 11 65 90 67 9 96 23 39 43 96 56 2 85 11 56 84 97 3 23 87 74 31 82 47 53 34 80 48 74 22 59 6 54 56 19 12 83 1 12 53 29 0 42 68 4 83 34 10 86 3 67 30 94 84 17 32 57 4 21 88 76 54 9 45 53 82 83 1 75 75 24 47 73 13 33 1 10 85 74 3 74 98 81 39 7 1 97 69 6 6 75 66 36 32 45 77 17 35 61 22 84 97 73 86 99 48 81 70 88 65 20 62 95 11 14 33 30 90 57 47 71 2 46 30 1 49 51 5 1 76 39 14 42 3 17 78 47 83 5 74 76 56 99 56 28 68 50 78 74 75 16 26 57 55 74 19 8 43 34 3 74 59 99 45 41 37 37 37 30 95 30 58 12 4 29 96 62 60 76 70 79 28 51 73 22 25 67 97 59 71 88 20 78 41 66 41 70 0 37 18 11 97 20 37 96 6 76 39 96 7 18 30 13 37 22 97 97 4 4 86 17 38 87 79 39 79 0 80 44 34 69 83 94 63 3 73 86 43 97 40 78 1 2 2 73 7 45 13 27 52 34 95 38 94 0 8 25 60 61 34 72 36 9 69 96 35 47 58 4 73 0 68 96 58 25 49 14 88 51 46 34 93 77 95 43 45 42 49 46 35 48 32 92 83 48 83 12 20 87 73 34 42 44 99 55 35 55 64 56 49 29 92 21 52 53 43 43 74 87 76 96 26 99 61 38 65 36 46 14 58 33 22 50 41 47 12 98 46 28 62 48 75 52 22 29 47 90 26 14 80 57 41 42 16 16 98 38 27 71 81 87 52 27 0 94 45 7 32 54 12 84 48 29 64 14 80 52 3 80 82 24 81 65 5 33 21 40 43 46 26 5 53 61 8 14 60 33 44 13 18 89 14 66 85 71 66 27 19 89 5 54 43 74 8 39 36 60 24 51 55 80 33 16 1 43 29 45 45 28 45 5 11 85 66 87 94 71 43 93 99 88 39 49 30 55 41 99 37 27 7 96 15 88 3 27 6 18 83 6 56 
2 36 43 86 2 86 95 51 56 77 94 19 74 90 33 91 88 76 81 92 14 17 25 30 8 42 49 88 16 38 51 84 7 53 74 28 10 16 78 91 46 95 40 88 14 75 82 93 88 57 72 23 82 99 92 29 42 69 83 74 12 26 41 79 23 16 32 65 59 38 56 6 26 41 21 54 24 77 71 65 99 80 85 23 2 99 22 99 53 52 49 1 94 47 36 78 91 61 35 92 41 94 20 14 3 43 49 36 97 43 50 58 93 53 16 99 91 26 75 53 66 43 51 8 59 98 36 11 46 72 24 85 94 30 35 16 17 8 58 34 67 55 33 13 3 36 13 25 8 56 78 59 68 73 80 48 50 9 9 98 21 14 90 26 36 53 97 83 36 95 31 49 85 92 73 30 24 2 12 85 25 34 1 8 39 29 50 76 88 77 26 18 70 37 47 32 26 71 74 97 21 45 39 25 44 66 62 64 45 41 36 40 94 30 78 85 87 4 23 57 71 95 28 72 20 70 93 70 41 24 6 6 95 11 75 81 14 53 23 95 84 58 27 86 76 53 50 29 85 15 84 62 77 57 59 51 80 30 14 38 28 20 64 11 43 65 83 42 46 65 22 97 87 10 47 98 10 40 57 5 96 22 73 4 94 89 67 40 96 75 80 48 83 27 94 40 43 63 27 39 1 42 21 27 94 63 77 21 48 30 15 0 81 37 77 3 56 49 36 11 39 19 83 17 46 85 42 8 37 5 22 13 18 60 57 40 7 39 85 10 87 58 35 95 62 21 10 50 41 95 85 95 73 20 69 69 6 62 25 23 61 44 9 44 13 91 70 77 24 5 58 94 33 62 39 26 21 84 34 14 73 50 40 81 62 56 69 35 22 26 30 19 77 46 77 19 82 76 0 41 68 44 73 72 41 73 13 84 38 16 66 2 18 66 91 80 27 18 66 55 70 46 15 14 79 29 68 34 34 49 90 86 28 22 23 89 72 27 50 89 15 91 10 63 22 66 3 60 20 78 65 43 39 52 38 24 19 55 46 90 84 83 26 28 15 22 54 29 36 55 10 14 90 67 54 21 44 4 76 51 83 92 22 17 56 46 28 18 79 42 61 99 96 15 54 73 41 72 66 47 
52 23 24 27 23 14 41 3 85 63 77 67 58 0 48 5 65 90 85 23 1 49 15 76 79 75 99 14 43 20 49 8 21 95 94 16 4 54 36 81 91 95 79 84 80 21 41 76 55 14 45 25 25 24 98 78 84 69 48 41 19 26 41 51 50 65 22 59 19 22 20 0 57 85 27 67 78 26 15 5 89 80 80 97 13 26 84 5 11 91 31 30 64 2 36 89 95 94 17 63 15 38 27 12 48 11 31 72 42 32 75 73 79 50 65 73 95 33 37 60 33 43 10 49 31 40 44 73 20 78 55 54 33 70 81 40 50 22 71 78 95 8 77 40 46 83 78 77 58 36 71 23 5 88 19 20 6 16 34 64 38 9 15 84 8 66 24 21 86 34 1 90 46 34 29 1 89 71 1 88 55 11 89 47 59 22 28 30 64 54 57 97 36 80 15 30 72 26 82 58 28 24 7 67 41 78 27 29 20 5 19 79 28 46 78 28 3 73 41 81 81 95 87 81 82 13 41 24 17 66 72 0 25 70 83 94 15 89 54 99 96 11 51 10 20 49 79 33 94 69 4 74 22 25 14 64 89 65 14 89 64 14 94 71 4 82 55 82 0 93 11 68 15 76 91 0 28 73 88 35 31 2 27 92 18 50 51 1 44 25 62 42 28 50 36 62 37 70 51 96 89 4 54 60 92 88 97 25 86 56 17 85 59 32 60 83 25 56 62 57 83 48 45 19 86 2 38 46 41 76 77 59 37 84 91 42 16 36 34 55 81 15 1 40 33 83 89 17 96 81 67 35 87 85 30 83 8 47 95 98 11 38 0 52 60 75 50 54 57 70 2 43 33 55 61 96 85 11 67 16 10 39 1 48 79 90 19 86 96 11 21 3 19 98 27 47 3 4 10 13 94 43 73 76 23 90 38 24 63 72 21 32 43 0 58 80 27 46 82 73 10 4 82 84 50 59 67 39 5 78 9 75 51 39 82 19 26 54 90 68 24 87 13 6 64 79 80 89 48 5 28 44 72 12 63 74 67 61 36 81 30 87 65 35 33 75 11 75 78 29 29 49 67 10 5 70 4 40 32 10 96 15 68 58 0 13 39 12 10 4 14 48 10 6 87 30 19 65 2 94 
12 13 93 59 40 27 34 11 23 99 98 17 46 24 16 96 74 94 4 79 31 92 20 9 34 87 98 72 69 91 40 20 87 84 96 65 36 88 36 41 41 48 13 91 75 12 58 29 64 90 0 95 27 25 80 88 53 70 84 44 88 63 9 22 23 4 48 40 22 11 51 66 75 3 3 19 13 59 80 58 76 23 64 19 41 3 16 0 80 71 7 38 23 31 32 92 37 20 71 0 78 78 59 43 0 88 42 66 63 9 4 66 37 28 44 56 58 90 57 17 58 62 88 55 2 70 67 45 3 88 45 0 33 39 3 59 57 15 27 99 73 74 58 34 8 89 16 45 76 86 2 36 87 91 67 35 30 55 76 22 32 20 4 36 54 73 36 88 77 8 74 63 40 94 40 30 72 74 35 71 5 88 21 77 31 27 36 57 22 32 24 86 21 4 99 77 57 92 42 62 88 7 86 10 67 82 49 45 77 63 15 57 1 90 48 83 51 16 7 10 74 40 79 58 64 16 65 35 2 43 13 38 14 5 85 95 7 40 20 96 99 56 86 68 27 53 29 59 98 23 47 89 58 87 13 50 20 44 63 93 62 36 41 64 40 36 13 86 18 78 94 90 11 65 33 7 27 38 38 29 56 97 5 63 27 45 97 65 37 60 37 12 52 14 21 7 77 26 99 88 10 34 79 92 8 86 60 55 57 71 24 40 34 96 57 75 40 18 44 27 32 17 51 55 1 86 18 0 65 41 23 17 99 78 87 89 87 64 90 64 17 78 70 68 3 2 91 42 6 10 2 89 76 17 88 63 12 26 36 90 41 3 89 24 15 80 33 94 98 93 37 61 52 14 30 10 95 5 19 24 44 25 87 59 38 13 85 84 37 7 47 58 0 78 49 38 32 10 38 78 95 82 95 79 86 2 94 22 39 83 40 16 82 64 19 32 16 38 35 37 4 69 91 67 2 84 78 95 37 35 55 66 22 24 81 93 17 32 23 47 90 27 71 91 96 61 54 33 68 74 12 50 22 48 79 10 99 52 5 70 27 55 42 42 49 89 67 52 27 23 45 22 64 77 48 64 39 13 19 74 82 87 12 28 74 17 61 67 40 66 42 47 9 2 59 49 78 71 73 12 
71 95 60 6 42 20 31 20 42 57 75 90 4 23 21 79 56 42 87 77 1 54 25 15 71 8 8 52 41 41 10 36 22 68 3 84 62 98 28 86 81 19 58 77 12 48 5 86 45 93 78 36 84 96 38 42 77 37 51 6 56 50 76 60 23 58 16 31 27 98 3 99 77 65 0 20 9 5 90 74 92 36 58 98 23 88 56 95 4 17 30 24 45 4 49 29 66 81 5 44 66 20 39 99 93 89 77 59 28 22 82 75 61 37 86 4 77 6 4 23 7 44 83 46 19 22 2 63 23 53 83 47 69 85 73 37 9 53 60 29 64 75 9 92 61 63 28 57 2 10 30 45 19 78 18 63 23 36 54 85 7 91 66 51 23 91 93 2 46 16 62 51 37 23 57 73 79 42 82 83 83 8 34 54 82 11 53 95 24 98 15 64 45 5 69 61 8 91 11 25 2 38 67 40 0 9 25 3 47 69 53 62 95 60 32 86 87 4 34 51 18 72 47 39 73 40 18 72 1 81 86 43 24 75 91 33 27 54 68 78 9 10 45 35 79 3 99 80 99 11 83 99 33 74 63 91 8 45 67 1 37 10 36 3 65 18 22 26 28 63 95 97 18 24 1 66 69 27 93 52 32 26 54 94 90 0 99 8 77 26 45 23 48 8 95 22 95 25 51 38 71 60 98 37 9 3 3 74 27 38 92 28 73 99 8 85 36 63 43 85 52 61 84 39 63 53 52 95 93 16 72 45 51 81 61 13 59 39 97 40 13 18 61 33 26 88 4 43 47 57 35 59 50 24 15 73 33 39 15 87 48 77 15 80 24 78 47 14 23 92 36 63 41 41 51 10 3 11 12 97 64 59 34 73 66 57 44 4 42 12 11 42 30 29 13 35 78 20 81 72 1 83 8 4 61 21 68 33 61 22 30 67 86 30 90 43 4 31 77 36 35 94 90 7 17 88 38 57 58 89 36 90 73 34 73 46 81 28 2 54 4 72 31 96 6 76 1 63 85 17 23 67 51 31 50 3 37 74 61 19 75 87 2 80 96 34 90 30 3 9 30 34 10 9 23 84 46 23 20 31 36 21 30 14 90 42 48 93 89 36 27 85 97 28 27 27 37 4 92 88 
25 64 84 72 73 17 18 25 92 41 54 51 65 78 14 56 13 3 56 50 57 20 81 37 89 42 13 59 44 94 48 7 74 5 80 10 96 76 96 64 55 56 97 4 24 92 26 58 79 34 2 49 33 44 73 26 78 76 10 7 74 58 92 67 71 95 90 93 60 34 8 44 44 35 27 78 10 95 56 79 36 7 65 75 86 18 87 82 84 57 92 48 30 10 32 38 63 81 1 12 92 71 7 58 58 33 9 32 66 87 30 33 0 38 79 88 67 88 13 98 23 99 49 62 92 68 82 46 94 88 90 28 64 31 85 65 29 52 31 2 77 1 9 60 44 99 30 19 68 1 9 89 8 93 29 36 53 15 84 43 4 25 89 12 56 90 2 71 46 75 97 98 74 67 25 90 71 6 91 8 93 96 5 96 74 15 30 34 16 94 91 38 58 20 78 6 97 60 86 80 64 38 98 70 1 50 13 76 46 59 53 4 95 19 31 50 58 89 3 93 97 55 23 62 19 45 29 94 26 14 72 86 63 53 80 38 78 10 79 29 59 7 98 27 33 9 56 4 19 23 87 57 89 9 68 4 75 25 61 69 27 94 30 70 19 20 73 71 38 12 29 18 32 80 88 41 80 74 15 5 13 5 39 77 62 32 86 48 11 98 52 31 61 6 30 6 1 87 30 36 24 78 8 34 45 91 13 12 55 86 86 86 60 40 71 78 35 68 72 93 74 49 28 83 67 88 17 58 44 47 55 82 92 38 96 95 76 5 7 51 18 49 43 43 73 14 79 59 1 93 28 72 68 19 6 42 65 78 34 50 72 14 3 61 75 15 45 5 95 97 62 76 77 35 35 91 91 64 82 61 98 79 52 0 98 59 54 91 84 46 99 25 74 45 88 32 52 32 74 97 38 94 92 44 17 12 46 71 51 75 49 95 45 2 85 54 27 68 91 95 31 94 62 87 1 53 72 96 11 15 40 91 27 6 60 54 69 17 28 82 15 13 5 51 2 67 34 69 11 32 94 21 26 57 80 29 62 28 4 60 20 15 3 34 56 24 49 42 74 48 72 45 77 95 60 22 78 44 13 34 39 82 56 46 98 67 9 3 31 44 56 9 28 88 59 95 72 87 64 26 
50 6 4 7 88 86 74 46 24 70 0 65 58 2 59 86 89 92 77 48 74 23 84 63 22 54 76 65 56 53 29 87 31 24 86 5 65 33 1 31 36 50 80 33 44 51 99 64 22 28 84 33 22 39 95 53 39 65 54 97 47 93 88 92 25 96 51 67 83 99 75 28 55 14 9 67 33 79 2 44 58 39 61 77 64 11 23 47 26 37 0 99 13 95 4 71 50 56 35 8 46 30 86 26 68 0 11 86 26 81 38 68 75 89 13 29 51 43 46 26 7 54 23 34 50 59 26 68 8 62 9 73 55 85 8 93 3 39 77 3 50 34 1 46 96 70 48 92 31 86 1 74 86 64 35 58 83 73 26 32 43 12 51 61 69 44 37 63 73 94 73 17 26 96 69 30 17 46 42 27 45 42 43 82 44 51 16 20 31 38 24 87 73 97 3 93 44 95 55 19 97 99 97 53 69 8 11 81 51 73 75 54 27 26 82 51 8 91 53 88 43 0 64 96 68 77 14 84 28 82 33 47 71 81 22 94 27 98 42 34 53 80 62 80 12 6 12 88 15 33 68 89 57 28 42 64 71 76 36 39 70 61 54 8 8 4 84 13 36 2 72 98 24 21 93 6 89 62 14 6 47 19 83 44 47 34 73 70 39 18 57 53 73 4 63 1 94 60 95 42 33 13 23 53 6 54 54 23 80 59 56 29 98 63 27 60 45 51 58 99 71 91 0 11 74 99 88 3 64 9 98 64 13 65 8 90 93 33 38 44 0 7 26 16 8 35 96 70 74 21 21 79 47 51 27 57 68 50 41 61 59 11 78 28 0 12 27 6 84 48 40 8 57 67 64 71 23 49 94 98 58 74 34 9 91 18 0 90 79 42 89 68 5 90 19 1 79 24 96 36 92 49 62 44 60 52 97 40 9 76 20 91 45 85 61 29 72 44 20 35 91 45 21 19 1 34 77 76 29 19 86 61 76 58 2 71 40 20 75 68 37 55 83 54 47 81 49 56 69 49 58 7 21 41 78 20 59 68 76 68 94 96 23 64 36 58 33 66 57 12 28 86 92 92 28 82 69 4 32 78 75 49 20 79 76 64 18 80 36 78 79 54 43 39 49 6 89 65 63 97 
68 21 77 88 69 58 32 27 79 9 96 58 24 61 48 78 92 28 21 85 67 85 16 98 38 11 97 87 58 95 4 55 24 18 93 14 76 21 46 67 71 4 50 1 98 99 23 25 34 63 21 63 32 42 21 87 10 94 83 46 79 64 36 89 37 90 74 13 66 85 89 36 35 77 53 83 57 45 93 0 96 19 68 13 88 31 67 34 40 83 42 32 36 84 42 38 80 11 94 69 33 82 48 90 90 64 19 55 3 45 78 34 65 87 40 44 6 6 58 10 50 90 68 32 54 3 79 67 56 0 22 45 55 80 84 78 49 17 82 9 54 45 66 87 22 47 23 35 98 13 73 40 79 43 67 43 4 29 35 60 93 57 42 9 84 11 93 8 86 40 27 46 69 88 16 9 81 59 33 75 57 2 93 11 68 19 4 68 71 10 38 64 84 2 94 3 19 39 39 7 4 17 62 6 53 85 89 5 77 62 68 96 54 88 67 96 15 8 27 16 77 86 84 47 47 98 1 76 68 29 90 96 32 12 11 0 21 78 18 42 47 18 79 65 37 15 81 94 50 83 40 75 0 34 72 34 65 0 77 55 19 7 49 54 64 77 86 53 37 42 36 70 50 99 37 27 67 95 92 62 29 4 30 32 88 92 39 9 11 1 52 66 37 70 61 14 87 41 54 92 6 17 14 37 10 59 35 33 47 8 59 48 34 8 74 87 36 70 25 79 91 82 11 17 1 11 34 35 81 82 0 18 10 7 95 44 11 71 49 76 61 94 12 87 79 81 0 81 16 70 38 41 36 39 58 85 99 89 84 2 23 34 28 10 16 20 54 19 34 55 11 19 69 29 81 76 72 97 56 26 48 98 58 50 6 52 16 58 64 27 27 86 52 3 98 17 93 24 40 77 18 79 4 71 44 21 3 66 47 38 78 77 60 56 33 87 90 46 31 95 7 19 82 20 0 19 54 63 95 23 1 27 99 64 34 11 37 78 18 34 2 74 86 63 29 14 14 52 71 63 65 97 84 52 43 24 96 89 59 47 85 18 93 0 42 40 55 28 76 36 66 80 29 88 87 84 71 7 90 40 25 97 35 71 64 81 32 9 27 72 98 10 71 43 71 85 70 93 44 50 
70 36 90 58 78 12 42 83 84 67 85 35 61 54 45 66 93 28 82 80 9 10 43 27 74 31 61 61 39 53 32 44 34 80 7 87 67 93 67 76 10 26 63 79 10 24 19 74 94 80 24 28 90 22 50 55 57 15 93 65 62 2 69 55 33 69 69 37 3 65 94 56 4 84 51 69 68 77 64 54 36 53 28 6 43 16 63 53 96 89 0 25 82 35 57 66 41 40 28 5 59 39 11 51 63 69 87 96 28 3 78 10 1 99 0 54 35 12 78 58 12 87 50 24 3 31 86 34 44 60 8 42 98 75 89 36 61 13 5 6 73 37 75 23 44 34 81 35 31 78 46 10 36 36 82 6 26 84 30 22 73 60 5 93 48 85 57 20 25 8 14 3 15 31 24 77 37 42 51 41 86 66 68 60 12 95 6 68 10 5 18 39 37 6 46 25 97 29 59 58 48 50 90 48 31 53 48 95 29 36 58 17 20 44 36 96 97 94 32 2 43 18 33 97 23 61 32 31 30 16 63 11 44 63 81 60 55 87 57 14 11 62 54 35 81 97 58 84 22 24 41 56 77 99 77 47 63 89 35 27 90 68 21 79 36 76 34 81 54 65 9 37 88 1 58 86 78 87 29 93 31 9 53 96 57 4 36 50 66 17 59 84 85 94 4 69 88 75 70 44 17 99 21 81 74 62 63 59 46 63 67 38 48 5 87 57 54 37 19 9 87 7 48 34 80 15 38 65 81 86 45 8 34 89 61 34 99 23 65 94 53 90 70 1 74 4 37 53 5 23 22 65 94 86 13 62 6 33 69 89 70 95 51 50 20 47 49 91 67 94 92 90 24 42 63 78 88 58 61 97 4 96 25 65 95 78 3 16 87 6 62 38 91 60 52 45 83 33 93 52 60 49 12 3 46 53 86 2 47 23 56 20 9 41 27 70 15 8 39 63 40 32 0 83 57 32 12 55 96 92 52 99 8 62 28 50 3 61 34 81 18 83 90 46 8 31 50 39 53 66 6 64 48 33 89 1 23 62 98 64 26 50 76 45 51 72 82 35 72 96 89 62 17 58 67 93 12 44 0 45 22 73 67 67 15 72 19 79 61 4 51 85 65 81 63 17 71 51 48 17 
92 97 17 70 32 65 59 99 29 49 38 68 12 85 13 79 82 0 3 7 83 73 11 50 6 75 66 13 66 2 75 53 31 88 7 64 36 18 41 24 31 63 43 23 57 55 75 32 44 83 69 21 82 85 22 18 96 74 24 5 75 63 10 50 49 8 31 17 76 34 62 57 82 13 49 7 5 1 90 83 61 32 69 27 62 88 99 38 83 65 67 6 87 69 7 9 71 47 85 40 76 62 70 41 75 46 6 83 46 77 94 76 54 79 39 6 69 62 28 49 40 51 37 4 60 20 88 21 49 40 12 50 41 80 17 13 98 60 24 28 50 97 95 82 37 68 2 80 65 19 59 80 34 54 67 94 41 17 46 3 61 7 50 38 54 66 91 29 65 30 93 89 97 79 68 26 56 91 3 77 53 39 85 86 97 9 45 8 47 90 9 59 49 85 81 74 7 67 19 72 22 84 58 55 13 70 31 27 15 28 3 69 17 98 66 12 85 32 75 92 44 72 41 52 48 56 14 59 73 23 62 51 8 62 18 22 36 85 62 62 81 36 51 98 50 41 97 94 19 91 80 27 39 91 46 71 22 53 40 79 35 45 84 25 88 24 91 25 13 70 50 27 82 21 18 15 91 38 80 55 46 34 42 4 56 80 27 23 32 92 5 18 53 7 21 87 25 42 83 77 5 36 19 13 6 40 59 78 56 34 17 80 43 93 23 21 60 29 57 81 29 38 75 7 67 16 77 13 75 40 51 61 83 95 92 32 6 34 49 88 42 2 13 8 45 48 8 14 26 68 85 0 61 69 36 15 62 12 59 38 22 54 7 70 95 23 3 57 61 21 49 48 56 12 44 4 84 95 69 64 78 55 20 97 41 83 90 18 33 31 13 54 79 4 47 67 5 60 78 48 43 7 75 7 46 70 90 91 88 79 61 23 49 48 49 48 4 22 65 31 21 45 49 83 21 63 22 29 50 50 58 92 57 42 63 84 45 11 66 46 46 26 98 18 50 5 91 48 18 48 71 14 8 91 20 26 16 45 38 67 81 66 11 30 30 96 64 76 92 70 90 40 5 45 74 82 37 48 69 85 76 35 7 33 97 35 45 54 29 52 49 70 95 78 81 98 22 84 55 82 
7 17 84 99 45 97 74 90 79 32 76 73 1 9 88 25 57 78 82 84 83 34 0 66 62 91 79 83 86 73 97 47 87 51 5 8 39 52 2 59 55 45 44 45 9 45 87 37 10 20 89 67 34 89 18 22 36 10 19 1 68 45 36 55 7 4 49 73 18 4 46 76 21 39 5 64 13 95 60 54 87 62 64 69 27 63 57 51 49 69 19 25 47 95 40 93 19 76 79 62 14 88 81 38 81 34 26 43 20 35 19 7 96 30 37 18 41 22 51 0 3 38 32 51 92 39 95 61 91 27 65 62 16 91 41 17 80 46 48 29 30 49 91 62 26 58 44 67 12 9 22 62 56 83 17 30 69 1 75 65 64 89 41 22 75 19 36 88 45 91 80 16 7 41 61 27 8 73 59 24 41 52 80 0 36 70 68 7 37 29 6 14 93 90 48 46 39 23 39 72 45 21 0 28 8 63 34 19 86 34 56 88 19 27 86 55 85 30 79 17 21 47 2 99 11 90 98 25 48 71 37 60 94 80 56 79 20 15 95 62 48 39 81 48 38 93 55 71 93 94 88 85 67 32 60 78 28 82 70 47 39 11 40 85 86 17 34 2 24 13 23 19 27 43 48 87 78 92 25 67 55 92 61 59 21 6 67 83 66 56 46 21 43 43 74 54 57 78 88 64 26 58 81 63 3 6 42 74 20 48 46 40 84 19 70 46 59 42 97 59 61 5 48 47 53 83 89 16 58 72 44 10 32 96 48 69 62 84 82 37 3 31 63 89 99 3 29 42 12 65 72 22 87 86 29 80 88 59 51 91 81 44 60 55 74 57 29 26 74 65 30 31 96 98 36 23 0 68 80 37 76 77 73 91 38 85 17 37 96 52 80 74 98 36 69 29 10 19 44 94 82 73 8 28 93 17 13 25 31 42 41 72 75 32 64 99 14 92 72 21 89 56 22 1 61 58 70 20 62 44 1 4 47 60 85 33 52 8 93 84 17 81 94 86 62 32 65 49 61 58 29 29 72 80 99 18 63 49 69 13 14 42 64 32 67 46 57 2 93 8 98 63 89 9 32 68 15 63 43 86 69 70 54 81 76 85 61 6 44 80 36 44 76 7 44 59 24 15 64 14 
62 31 34 35 28 83 42 5 13 23 60 29 10 78 53 84 97 45 6 92 22 93 84 40 86 78 11 9 78 52 9 78 1 79 62 44 88 21 90 3 21 62 58 3 94 1 35 42 24 86 55 6 59 23 57 90 11 78 83 77 27 7 6 22 14 98 93 41 39 12 38 26 41 79 2 76 15 19 76 45 8 78 47 20 30 6 7 69 16 17 37 32 90 93 97 33 31 54 97 55 29 41 87 63 28 54 8 19 76 80 23 42 61 11 76 83 88 46 17 78 88 46 64 21 24 27 67 19 14 94 56 17 80 26 41 94 7 83 79 17 94 0 29 40 56 56 20 15 28 75 45 9 79 37 46 93 98 88 68 53 83 9 80 68 62 85 76 86 25 10 73 89 59 23 15 1 28 32 80 43 58 61 49 41 1 10 81 8 65 19 87 23 52 81 91 23 23 33 68 4 58 31 32 32 10 93 3 45 41 41 72 67 98 68 58 82 99 33 58 65 49 34 18 80 67 1 70 39 21 17 28 95 46 54 21 49 96 90 54 85 19 2 4 33 49 29 36 61 4 23 13 5 88 76 23 97 99 13 80 44 94 55 9 36 22 71 20 49 79 55 63 89 15 47 67 54 50 6 18 98 17 46 42 39 68 84 31 37 49 5 75 41 89 22 31 59 13 91 33 51 30 30 32 48 44 92 39 89 57 60 78 72 28 19 89 92 80 4 46 57 43 53 25 7 35 66 82 87 76 68 15 12 33 88 95 14 47 1 18 68 3 56 54 84 91 39 53 23 33 39 4 65 76 13 55 61 3 63 22 32 29 75 75 0 49 38 93 93 63 54 21 63 31 84 59 93 22 84 51 69 42 97 12 32 93 22 77 60 73 57 46 68 50 69 41 18 53 82 34 82 56 16 88 19 29 6 5 80 64 51 91 73 71 82 83 18 44 98 87 71 9 56 87 20 15 16 29 15 61 94 66 4 86 29 6 56 98 12 43 89 52 85 29 20 92 98 30 72 36 14 36 67 48 68 81 43 90 70 7 10 70 9 0 37 74 54 57 33 49 92 63 79 57 13 45 66 26 82 2 70 69 87 30 27 9 33 0 11 73 34 95 32 55 62 25 17 39 68 67 51 
38 37 51 43 36 10 34 42 36 0 86 43 44 83 23 8 21 55 84 24 55 55 68 85 68 55 62 73 21 93 21 53 66 66 36 56 47 66 17 89 95 53 41 12 16 51 92 70 22 75 13 7 25 35 87 8 5 55 33 53 65 7 23 52 48 69 46 22 6 24 94 86 89 10 90 56 5 92 0 48 66 27 66 7 94 53 32 85 75 94 2 32 66 64 97 71 4 65 17 35 23 72 93 86 52 65 30 48 96 53 33 19 81 49 96 30 74 9 71 41 33 36 99 11 24 70 82 7 6 6 80 45 8 82 54 16 24 19 61 80 28 93 57 98 41 7 23 5 34 79 24 40 44 13 58 45 60 44 12 32 99 8 45 92 28 6 77 13 27 69 19 3 41 62 30 46 68 3 71 18 72 27 30 21 83 85 85 79 93 58 65 21 10 23 86 9 80 16 9 17 91 42 8 94 0 87 26 58 58 67 67 81 19 97 82 29 70 16 50 52 3 63 46 27 8 0 48 20 18 96 55 11 96 65 71 84 31 8 74 75 85 1 9 94 60 81 28 51 73 98 65 25 30 93 42 9 40 17 79 68 0 46 3 19 28 32 85 30 25 53 57 41 39 0 95 47 45 87 0 80 69 60 44 50 47 99 63 0 66 55 98 58 70 50 29 39 21 70 34 79 31 30 9 11 15 60 30 59 21 8 82 84 81 24 2 2 81 45 71 39 58 62 27 85 71 41 96 72 86 35 34 36 95 27 52 10 94 77 86 0 24 82 49 38 73 47 26 14 61 47 12 43 97 15 56 34 7 65 54 1 12 51 73 28 88 84 27 41 27 11 38 35 59 98 91 22 94 90 5 77 38 2 88 32 10 56 46 80 74 51 69 76 34 42 43 76 14 57 62 13 82 22 0 51 53 29 54 29 31 35 99 72 96 88 87 33 69 63 61 88 69 48 98 57 64 60 3 56 34 82 5 73 3 70 54 60 62 57 3 87 52 76 36 38 11 66 83 18 59 43 36 17 43 46 49 13 58 61 18 67 71 44 87 78 79 43 53 32 75 56 89 35 6 96 47 36 20 48 2 97 7 35 73 80 80 27 81 16 53 97 88 34 14 13 66 59 77 1 17 57 
35 9 50 82 48 46 69 86 58 59 94 51 85 49 14 49 93 46 80 81 28 20 49 4 73 71 80 21 42 64 6 19 18 47 44 16 82 80 7 99 85 41 57 75 45 20 0 51 16 10 8 64 75 47 8 18 26 52 90 76 33 21 79 27 29 24 48 60 53 81 66 7 58 52 76 98 84 52 79 7 56 81 90 31 63 60 75 71 41 70 7 7 82 90 69 45 63 67 94 82 56 97 29 3 60 63 26 63 41 17 35 60 70 62 30 48 7 77 96 84 84 23 33 75 37 60 45 60 48 92 30 23 91 76 7 3 3 29 1 12 69 15 84 43 16 41 24 27 99 8 20 33 81 57 86 47 23 48 9 52 36 95 96 31 42 66 83 78 28 24 79 1 99 14 49 48 45 22 51 53 76 3 99 53 19 35 40 96 75 69 1 59 12 20 11 93 2 11 46 93 70 99 57 92 71 14 91 90 6 25 45 85 21 4 88 37 15 1 85 5 41 74 35 6 19 95 88 6 74 91 88 68 57 22 91 18 5 47 70 41 70 18 24 56 94 93 81 32 80 47 2 95 13 45 21 12 94 96 24 5 75 50 33 46 17 44 85 90 34 77 86 98 41 85 61 6 0 77 72 47 50 48 54 30 28 29 76 19 3 15 64 3 99 97 45 31 67 99 62 89 33 68 6 81 83 27 84 82 54 31 58 77 94 30 95 77 2 37 56 91 45 93 15 48 52 6 91 48 22 39 36 74 23 17 36 1 21 58 36 5 52 65 75 11 6 1 95 17 93 83 81 53 5 20 32 67 50 18 41 13 59 22 37 75 2 82 82 59 10 75 18 70 35 86 26 28 44 47 79 65 7 10 11 17 69 33 86 57 87 42 65 1 13 33 18 96 16 93 89 15 62 27 15 14 49 98 21 29 92 73 59 14 27 62 9 54 16 57 78 25 73 80 76 41 84 0 15 50 53 40 5 52 90 40 65 45 29 73 34 42 61 35 31 63 14 47 41 93 86 58 52 51 24 38 49 56 64 67 51 89 43 17 14 74 65 28 25 82 44 15 82 82 27 33 46 85 6 74 9 85 16 90 12 57 2 51 2 59 10 63 40 40 36 47 67 82 83 49 74 81 
48 29 13 58 58 88 42 27 89 13 50 7 1 88 77 69 49 22 53 18 69 94 76 72 51 17 57 96 9 13 78 75 4 45 83 33 19 30 41 10 91 73 39 58 33 67 57 23 85 21 23 60 21 22 76 24 25 85 44 27 30 11 51 36 52 68 12 32 33 13 88 62 51 22 90 31 64 29 78 28 72 11 36 38 39 17 12 13 37 70 56 12 30 83 34 43 49 63 95 66 88 31 78 86 89 1 49 38 79 53 89 36 20 28 56 23 54 73 72 26 43 60 93 78 21 53 15 49 22 60 93 72 33 34 29 91 65 8 1 18 17 71 53 34 48 0 79 83 98 24 99 28 12 71 59 74 76 56 6 18 47 25 74 78 75 17 75 60 24 81 66 67 51 95 28 22 21 59 4 8 60 28 23 23 90 23 57 43 30 50 2 81 81 20 6 67 54 59 42 18 49 18 36 7 44 53 53 6 49 1 4 8 58 52 26 22 39 64 32 82 48 3 20 14 87 43 29 15 34 90 68 96 72 53 3 79 92 89 19 63 55 86 51 23 39 84 77 42 59 78 60 15 85 33 65 2 9 84 82 24 12 49 50 67 69 85 98 86 15 31 7 48 68 10 57 14 44 88 63 42 33 45 25 53 93 73 91 33 36 41 78 79 7 64 71 75 61 41 22 18 98 19 17 19 2 66 2 33 43 84 62 91 85 78 11 1 88 75 6 38 67 69 1 31 4 43 65 75 12 55 43 91 52 77 32 12 44 76 33 55 67 36 0 92 87 23 5 86 79 35 76 90 14 96 99 50 14 74 54 60 64 54 69 78 50 46 62 0 94 1 72 12 9 92 95 30 56 26 32 61 1 38 15 64 65 10 28 96 9 97 11 65 7 98 76 11 90 48 61 35 33 62 41 30 87 16 77 57 51 61 88 33 54 42 56 49 89 67 11 58 93 69 0 99 8 79 7 41 38 21 78 4 48 13 65 22 52 20 34 36 44 6 69 35 63 97 91 36 97 55 78 76 27 24 33 9 76 25 47 49 18 83 9 72 7 12 7 27 13 32 44 35 20 35 75 27 51 29 92 94 82 62 23 85 2 15 45 20 33 92 80 2 12 72 74 74 59 10 33 7 
76 97 65 67 38 90 77 52 34 48 23 31 43 40 15 10 71 11 22 95 82 5 30 61 70 70 8 23 27 58 9 14 72 5 11 80 6 42 16 82 21 13 95 26 60 41 21 30 12 62 6 71 0 50 53 41 32 47 5 38 11 10 76 93 97 34 16 34 41 62 1 83 19 31 46 36 93 82 19 86 35 33 54 96 45 16 12 51 68 18 75 12 95 13 42 44 40 6 65 59 5 56 9 36 96 96 94 24 11 13 15 73 12 9 49 85 84 24 37 87 44 79 47 9 36 19 83 26 84 95 65 30 41 27 27 88 45 43 80 27 61 16 90 80 5 85 89 67 97 92 30 72 83 46 73 72 37 8 15 20 9 88 10 25 98 75 74 4 57 64 31 88 3 37 60 15 8 40 60 73 9 74 28 87 42 47 88 82 15 92 21 65 56 56 78 64 10 36 69 43 84 59 29 28 74 90 9 13 76 4 36 80 23 16 39 31 68 62 86 26 61 19 54 58 91 53 2 77 48 42 73 19 38 84 4 3 89 21 61 34 90 88 7 99 19 4 38 1 5 83 5 1 79 1 74 54 81 82 34 29 68 93 82 4 96 39 45 80 76 8 7 59 61 84 54 23 90 52 75 80 25 54 78 42 53 46 5 30 79 59 14 98 67 86 60 32 57 76 56 0 72 26 9 96 29 68 40 12 38 6 64 77 29 99 53 94 44 67 79 22 43 84 97 68 88 83 43 84 53 27 65 74 27 19 97 9 58 32 19 37 14 49 26 23 76 94 34 40 23 2 27 21 16 73 33 95 52 49 34 75 77 9 16 59 36 58 7 84 13 48 61 7 75 89 17 43 58 96 40 73 74 61 86 44 11 58 48 74 57 77 74 38 48 16 8 50 72 89 45 68 49 40 91 41 63 38 28 17 92 75 16 25 26 82 97 98 94 51 63 13 81 93 43 0 15 66 26 16 53 47 50 95 51 44 53 32 57 40 93 48 89 53 90 67 86 39 33 48 67 48 82 89 48 59 53 43 88 17 10 32 6 4 65 26 98 48 79 43 54 35 6 97 57 32 42 16 70 34 9 49 58 62 28 90 20 97 56 39 5 83 52 51 40 33 39 76 30 21 84 83 
24 67 4 51 65 34 76 55 43 5 72 46 18 51 47 75 79 33 71 21 98 22 60 97 5 0 88 21 15 49 74 31 54 40 27 87 44 57 12 81 44 87 73 75 99 60 1 77 13 90 88 77 61 44 1 65 99 74 0 27 54 98 39 8 37 27 15 68 50 87 89 97 61 47 69 63 77 46 39 71 24 20 1 18 84 8 92 32 98 23 30 79 2 50 88 10 47 66 79 87 72 23 4 76 23 87 16 94 61 83 33 74 90 79 7 81 18 53 37 41 85 80 72 28 47 71 84 4 3 94 68 60 89 77 37 38 5 38 78 77 82 61 39 73 2 86 69 57 40 69 92 13 28 43 20 40 38 75 45 35 33 80 67 90 45 49 88 38 27 32 83 44 4 19 32 33 65 27 61 99 25 27 37 75 99 78 43 43 50 92 73 18 14 58 61 6 76 51 77 41 89 33 66 50 83 8 10 58 21 53 85 15 5 15 0 96 23 11 41 90 87 1 90 46 97 30 77 63 15 11 11 86 0 1 32 76 4 2 87 23 65 81 18 68 12 1 96 20 95 8 53 57 81 62 38 14 14 27 74 70 57 73 15 18 79 68 21 26 83 84 32 49 66 25 4 14 3 73 98 58 59 28 89 7 61 51 46 31 6 48 15 94 23 97 37 88 63 59 9 27 90 22 68 27 6 66 27 34 65 96 26 38 39 30 27 65 82 27 29 73 60 23 1 96 28 91 9 61 58 32 44 63 31 0 69 90 76 84 71 64 11 52 24 21 0 76 80 10 61 32 25 95 8 15 68 23 84 79 51 1 22 16 73 79 69 82 97 13 48 60 23 99 15 42 87 47 54 89 68 15 9 90 84 58 94 20 56 48 99 2 34 51 23 32 85 75 97 84 34 9 39 36 8 92 83 47 65 60 55 25 79 8 66 71 83 61 39 98 73 3 6 14 84 59 3 70 68 38 1 70 14 66 8 58 54 82 47 29 92 46 73 40 68 8 32 32 50 81 42 9 66 39 0 20 79 82 88 20 82 53 31 16 57 47 59 0 25 70 97 34 57 32 19 90 64 23 72 41 33 33 16 45 17 37 5 41 52 16 78 68 55 55 31 55 5 20 45 4 89 48 
23 56 68 52 49 27 99 23 9 86 31 42 48 30 12 32 42 12 18 32 19 36 19 9 4 93 52 30 25 44 13 27 9 73 52 79 68 39 37 61 95 68 98 35 6 20 72 49 22 48 19 75 37 7 9 99 50 92 12 61 7 94 75 80 29 75 27 28 87 11 50 23 11 37 76 85 34 39 88 71 21 55 9 65 99 0 98 36 97 58 83 36 8 89 81 2 93 72 23 55 31 57 78 13 32 59 90 4 25 8 90 7 75 44 1 25 86 65 26 89 70 17 86 88 91 37 80 77 65 55 29 26 70 30 28 95 94 16 19 11 78 45 8 89 49 15 59 23 25 85 5 13 16 7 28 57 96 38 19 87 7 96 53 6 18 11 49 52 62 6 65 31 41 72 43 68 3 15 99 32 16 8 82 93 15 18 35 22 75 96 20 94 45 15 87 42 3 14 89 32 63 8 46 63 39 3 67 61 55 6 93 68 12 46 75 0 7 53 53 3 25 43 37 58 94 84 46 52 91 85 0 0 17 49 36 84 39 60 20 3 23 35 28 86 67 47 38 31 29 31 47 61 89 47 64 60 35 23 96 28 68 2 6 84 9 43 25 41 57 21 77 19 82 95 82 47 91 87 60 73 77 90 69 32 20 40 27 40 42 32 23 35 94 79 62 31 46 81 94 23 18 72 56 96 40 28 85 22 64 79 37 71 41 45 59 91 80 18 58 93 85 63 32 49 39 23 33 50 68 7 6 58 25 24 3 75 94 59 85 20 13 97 29 93 7 32 8 23 15 82 95 8 28 48 19 81 53 78 83 68 43 77 47 17 94 57 39 55 75 96 20 61 10 50 71 66 58 31 62 48 45 90 72 28 62 72 59 20 31 52 80 10 32 31 55 45 85 83 88 25 4 64 77 0 39 47 0 38 35 6 51 33 1 71 67 22 75 61 86 61 14 48 28 52 90 25 23 57 3 77 41 1 31 65 31 37 97 58 20 19 40 73 92 14 95 86 22 13 47 32 86 41 17 44 66 29 38 0 59 46 63 21 28 50 70 56 79 14 55 25 75 2 75 61 25 72 15 61 17 54 91 14 96 36 4 76 76 69 18 38 63 79 62 87 15 69 29 74 69 40 
65 82 77 14 32 12 73 59 93 54 6 16 42 81 76 29 47 14 68 89 8 44 18 61 3 49 3 77 74 70 1 74 24 3 41 97 66 87 46 34 10 56 40 33 0 31 1 76 99 27 27 29 76 3 94 7 70 80 32 83 71 11 98 73 71 87 53 87 93 99 42 66 22 54 42 22 94 71 73 46 23 83 73 88 17 49 49 70 59 20 42 87 44 15 66 8 94 1 99 13 57 2 10 62 27 38 73 97 10 93 38 43 96 18 61 87 91 63 92 46 11 74 12 12 79 49 67 21 21 15 72 59 31 38 54 3 7 63 97 62 35 68 37 78 0 97 52 74 18 46 86 70 77 76 24 74 58 93 14 28 29 60 0 64 49 97 98 80 85 81 78 8 46 90 94 40 69 18 43 52 78 77 49 51 53 31 28 10 88 10 75 55 5 68 46 29 42 85 49 22 30 44 19 20 17 26 17 57 79 79 32 45 84 19 15 40 48 8 77 52 10 14 69 63 14 67 80 9 63 21 5 1 57 36 62 6 83 0 69 96 16 42 87 42 4 18 42 62 81 37 30 51 55 68 38 26 99 21 4 85 66 41 48 92 54 73 45 65 73 12 3 97 46 5 50 83 72 1 4 80 48 88 49 84 15 80 72 24 12 26 91 60 98 32 79 48 61 71 49 17 78 50 20 13 12 95 59 67 14 44 30 99 26 24 60 86 78 79 20 9 89 75 53 95 0 28 21 28 59 79 53 43 50 46 10 0 71 3 96 19 85 75 67 67 34 9 1 82 65 3 14 40 39 94 69 10 7 80 84 33 39 75 47 15 37 17 13 53 86 23 7 50 38 98 21 3 72 70 38 56 83 13 5 85 17 40 89 12 51 84 26 34 73 4 81 92 48 61 63 45 5 46 9 33 16 73 10 67 16 73 11 11 40 81 67 21 91 6 99 2 24 24 33 80 10 15 17 27 54 59 38 55 49 96 25 63 91 4 75 29 55 45 66 11 37 96 58 28 74 14 88 71 79 29 35 27 77 46 45 28 51 44 7 68 84 61 13 93 99 79 80 26 20 42 78 45 69 28 23 97 53 54 16 32 67 45 20 34 46 11 98 94 68 90 62 43 93 97 99 31 
37 2 69 13 24 60 98 93 60 31 62 57 64 76 11 24 29 33 66 73 34 48 75 81 92 95 7 81 97 24 80 44 60 94 45 76 22 56 79 86 63 75 91 11 88 6 72 8 71 69 63 53 68 99 82 6 71 34 6 58 98 94 24 25 56 85 62 47 14 84 41 53 25 10 81 40 80 91 69 40 59 82 61 58 88 71 57 5 18 66 38 21 43 28 67 53 38 65 58 95 12 1 75 78 86 3 58 27 44 18 4 27 21 78 58 47 47 68 77 41 4 1 73 59 56 72 48 69 13 28 62 68 73 95 79 32 83 70 64 65 93 37 86 5 79 83 7 85 40 25 90 99 97 94 29 67 42 79 45 0 53 92 85 49 0 55 15 15 47 42 0 90 54 63 95 31 19 0 15 44 39 16 44 22 57 85 15 50 80 30 4 35 55 87 29 99 37 63 84 48 38 1 46 37 95 44 42 21 85 20 76 3 64 40 58 79 77 62 90 19 30 39 6 18 46 27 12 17 77 5 26 11 76 74 73 58 32 28 81 15 15 13 68 50 80 33 22 93 40 97 36 91 29 20 71 48 78 39 8 12 23 99 45 7 10 9 39 75 58 27 30 75 15 98 24 14 94 59 94 13 27 6 51 94 60 83 54 86 4 67 39 63 87 27 21 97 19 98 18 13 44 85 14 56 80 79 28 95 59 87 3 79 77 61 56 91 15 74 81 47 99 39 54 27 30 72 65 96 72 18 43 47 7 47 93 68 67 71 88 36 74 11 81 18 26 78 55 22 35 36 14 72 35 30 16 68 55 77 62 49 4 59 94 51 5 55 30 79 63 76 28 86 15 96 95 87 6 57 44 37 67 45 82 88 12 30 79 53 42 60 64 88 75 30 75 41 12 18 59 50 48 77 91 37 34 39 51 93 42 78 99 21 39 41 57 20 27 83 45 94 88 96 95 0 41 55 73 46 12 77 14 65 98 71 78 83 0 66 91 9 21 10 87 73 59 0 7 11 67 39 75 77 95 65 47 1 55 39 65 62 99 70 4 95 18 36 5 67 88 38 56 90 91 95 25 91 76 58 39 98 85 39 77 23 14 7 83 60 28 68 12 96 15 39 69 5 39 37 76 31 
54 48 30 53 97 31 21 87 21 55 66 41 59 3 19 3 70 34 68 41 68 48 63 61 76 50 89 19 22 50 51 96 31 87 96 74 74 60 63 46 99 27 69 87 31 67 80 87 73 50 39 27 76 61 53 12 12 45 79 11 53 72 37 53 98 10 40 48 22 12 99 56 97 78 62 81 37 84 2 55 70 0 97 95 83 13 69 10 97 55 57 56 50 9 67 7 43 11 52 95 70 94 24 84 43 8 33 18 39 84 71 28 57 50 89 13 13 51 18 22 50 83 13 12 93 55 89 61 2 9 61 65 41 97 91 3 13 53 72 23 31 53 0 38 43 9 90 36 87 74 29 93 36 63 36 96 16 48 75 0 20 24 27 55 15 63 37 24 60 78 5 39 65 21 85 16 11 45 15 12 51 32 50 71 30 26 89 15 57 14 81 47 56 76 18 64 41 47 83 68 15 81 29 39 55 38 73 39 25 63 49 14 84 20 13 15 84 72 2 70 44 23 82 63 43 85 69 37 57 21 76 62 54 28 76 83 79 31 38 26 58 61 12 6 19 86 38 22 31 29 77 16 99 29 8 20 64 35 86 53 66 5 79 43 98 81 82 54 41 11 98 66 65 9 96 39 26 58 32 63 13 61 84 66 76 3 9 29 75 74 11 74 29 35 7 50 10 2 51 60 39 8 98 58 74 38 92 90 96 12 88 51 52 96 29 91 54 29 18 7 12 18 57 25 72 31 97 1 2 18 26 39 35 65 34 7 30 79 34 94 86 76 54 5 48 95 57 20 42 75 58 81 92 83 4 17 14 25 73 85 31 56 20 40 16 74 85 25 52 98 20 44 10 91 94 54 44 16 79 37 7 57 7 84 74 81 71 54 35 2 43 0 60 10 46 50 67 7 21 67 4 90 19 20 82 47 28 97 28 84 81 17 81 43 55 23 95 25 48 98 44 92 2 50 1 35 21 71 98 24 64 57 99 83 71 97 74 85 27 44 68 92 81 60 24 45 88 11 37 93 89 66 44 76 0 14 78 91 36 63 52 97 55 1 55 5 19 3 52 94 85 8 77 94 68 92 89 27 72 3 94 95 91 1 36 87 39 45 92 98 46 47 94 79 54 36 75 48 77 28 
47 76 12 47 42 48 34 59 59 69 59 97 38 5 18 69 10 67 40 3 54 12 46 99 54 40 77 81 0 72 91 81 16 89 41 57 67 4 11 65 43 99 59 26 19 1 2 94 88 46 11 19 89 53 33 86 23 1 55 58 88 1 14 33 44 63 55 9 97 20 26 7 79 94 66 68 99 22 82 89 22 98 47 37 64 73 7 65 53 62 46 63 6 59 70 41 44 20 28 48 23 11 52 36 33 12 94 7 17 7 63 26 18 53 98 71 59 93 72 51 25 76 20 69 98 67 83 24 92 59 82 26 13 96 26 33 69 31 41 2 26 62 89 68 86 82 94 42 34 27 99 17 14 73 6 20 89 47 12 56 90 95 63 2 83 61 22 62 5 37 28 82 85 90 40 32 57 77 92 49 58 60 34 58 56 3 48 35 46 84 91 65 36 94 32 8 90 85 84 14 63 40 94 23 38 95 0 29 96 77 32 93 78 73 55 95 16 29 81 7 17 67 54 44 57 3 76 53 5 16 94 74 19 95 1 36 2 45 53 60 90 4 74 53 86 12 11 72 21 30 91 67 59 78 38 37 74 50 30 85 77 70 70 45 47 37 91 41 7 40 54 17 59 61 65 47 87 27 22 24 59 36 16 60 7 35 82 79 66 15 17 91 65 59 98 92 49 20 1 67 95 48 64 47 47 68 71 99 96 61 75 7 11 26 49 65 77 20 0 99 81 58 83 0 5 59 36 3 56 15 79 50 54 33 43 54 31 94 78 10 41 25 64 7 87 56 2 71 26 83 2 80 87 23 86 83 81 51 8 20 57 70 33 97 15 95 59 71 46 89 27 20 59 97 15 61 62 38 6 74 93 3 74 99 53 67 46 17 22 41 16 14 7 53 55 93 86 63 43 18 57 18 10 76 32 52 29 36 1 96 15 77 26 60 34 20 6 64 97 18 31 38 54 75 86 80 20 26 55 31 37 38 86 65 70 31 59 30 38 50 66 34 31 24 50 66 38 66 70 71 30 13 92 51 96 56 2 47 29 94 55 29 79 0 23 95 77 16 41 39 81 83 12 12 47 69 71 97 48 18 62 61 84 98 2 18 12 28 60 70 66 4 29 15 82 95 16 86 13 64 
64 19 0 4 59 30 75 65 72 65 90 47 93 88 88 15 0 13 79 56 59 9 35 66 65 51 58 40 7 68 51 55 59 6 37 73 52 12 11 15 14 10 66 45 40 54 26 9 2 38 8 95 60 45 28 33 32 27 27 43 2 83 83 4 31 72 73 5 66 27 38 25 3 8 42 2 1 45 98 71 41 31 17 58 81 36 52 32 41 33 72 99 33 29 52 67 30 85 92 76 2 57 62 7 54 31 59 92 10 31 91 90 88 27 88 49 8 59 8 64 12 60 54 65 94 44 24 13 90 81 82 84 90 72 5 18 99 51 88 47 90 27 15 73 31 26 10 91 85 39 76 36 49 95 98 52 7 22 49 78 51 29 63 19 24 86 12 50 43 9 79 92 94 32 28 26 67 63 75 4 82 14 96 65 65 92 97 28 91 2 32 9 0 91 30 57 24 33 11 74 5 71 10 42 37 96 47 33 70 4 79 30 37 78 56 38 16 38 90 55 23 8 29 27 65 36 12 71 68 59 85 99 14 75 98 3 27 14 36 87 95 12 18 66 78 34 31 88 4 85 8 83 10 44 84 91 58 93 9 20 2 26 72 8 44 87 67 68 5 66 50 16 71 19 91 3 59 1 19 15 43 17 26 52 52 98 28 38 32 92 89 58 97 81 58 26 17 77 5 27 65 48 63 59 44 53 39 86 34 53 2 66 24 82 85 63 82 70 42 76 85 95 92 58 18 52 56 16 60 75 40 88 38 36 65 97 33 11 66 54 50 5 81 26 51 32 97 36 54 16 99 20 96 65 57 86 24 78 58 19 86 15 35 87 9 90 73 82 6 83 84 1 48 25 11 86 73 80 78 18 90 0 85 95 18 26 65 66 7 57 47 47 46 60 91 14 32 87 51 72 72 98 73 11 63 65 70 79 81 72 12 14 70 6 44 96 85 69 64 78 48 60 25 19 72 38 76 52 82 81 18 38 54 80 48 94 27 89 84 12 80 21 86 15 69 35 6 64 76 56 6 92 93 12 14 95 41 12 66 75 31 13 80 86 53 22 63 83 64 45 3 2 52 72 61 10 91 97 17 74 12 42 43 39 48 83 87 45 8 76 1 12 84 8 95 33 11 10 72 36 
31 97 25 32 91 67 61 38 0 25 83 15 28 83 34 37 81 30 8 42 5 57 60 50 0 0 76 34 54 2 4 65 7 25 38 3 69 84 86 0 57 64 90 78 68 67 73 94 23 21 21 5 44 48 60 69 71 11 87 53 18 84 18 78 5 22 20 47 36 29 36 19 49 9 78 64 24 14 90 12 62 44 61 20 82 3 53 3 50 43 80 28 45 78 48 2 59 98 93 43 86 44 46 77 92 67 45 81 65 77 86 48 18 0 50 19 50 15 95 46 80 46 26 69 97 67 96 57 39 15 43 8 26 36 26 43 99 68 37 44 38 74 64 85 72 39 94 7 60 4 42 46 73 22 83 28 5 71 99 52 73 79 32 65 9 41 50 15 72 51 56 10 32 22 30 92 99 95 86 28 73 94 90 12 98 53 61 66 22 37 33 91 79 48 81 47 62 31 99 77 82 39 88 38 85 5 94 68 35 14 6 1 20 70 70 76 18 70 25 15 35 83 74 29 47 28 97 62 25 73 88 40 22 6 6 69 11 72 70 99 13 62 85 19 82 18 51 57 61 21 59 82 16 92 6 15 84 41 74 53 19 73 71 37 82 75 5 78 70 1 72 29 92 86 81 81 49 56 1 3 79 34 30 47 13 40 76 56 35 58 90 8 38 30 2 28 81 46 67 18 64 42 52 91 24 45 28 64 27 34 64 84 89 89 32 36 19 43 41 49 31 98 10 56 61 45 74 92 32 75 54 13 11 38 0 13 93 85 87 47 60 2 47 25 34 78 39 6 5 46 57 81 4 31 54 65 5 48 83 1 42 30 23 30 3 0 42 42 12 33 70 19 74 75 0 81 19 45 48 32 56 91 84 29 79 40 62 10 36 72 61 88 47 28 78 41 10 6 72 87 16 97 8 44 75 1 5 90 78 82 75 20 63 87 18 29 75 93 90 8 29 45 8 37 11 67 47 96 86 99 88 75 42 69 87 57 10 23 15 52 5 30 56 22 98 78 26 40 72 38 49 82 72 64 63 95 59 64 6 80 22 83 59 31 81 21 13 2 72 23 86 56 92 79 46 31 13 37 46 11 46 39 72 97 30 91 67 95 46 83 90 24 59 2 20 31 93 77 75 65 
32 76 77 18 86 66 86 79 37 2 80 17 34 76 11 25 82 84 64 97 20 5 48 62 48 28 49 78 94 74 85 3 74 26 18 73 35 48 9 37 41 15 41 55 3 14 2 9 48 37 34 48 90 24 88 38 17 97 88 64 97 66 7 83 58 49 75 18 79 59 24 86 45 10 4 12 45 95 37 38 97 76 97 24 27 86 66 69 6 81 50 74 77 54 92 11 25 53 49 36 87 21 70 81 78 61 55 37 81 48 59 3 72 23 4 22 31 82 62 79 68 16 87 48 35 58 10 99 90 43 80 4 22 33 66 83 46 67 44 29 62 14 65 73 29 68 13 30 31 23 71 99 66 2 19 85 69 11 19 36 18 25 8 89 76 78 55 59 4 96 92 85 33 19 71 55 37 98 82 59 14 67 46 69 76 44 33 74 37 63 60 86 11 4 12 16 1 90 62 54 13 15 91 53 64 37 49 98 7 37 76 14 64 21 92 3 15 36 27 27 59 12 33 80 91 17 73 65 14 84 3 16 51 58 37 76 57 90 55 57 31 1 26 18 25 73 30 19 50 79 59 47 17 73 17 31 54 98 76 7 22 24 10 4 37 88 26 19 75 84 96 29 45 78 38 92 74 63 39 45 90 6 30 62 53 73 18 54 74 17 75 6 30 54 39 47 36 69 57 5 75 6 38 54 94 16 14 7 10 43 82 18 85 44 76 57 38 94 22 74 37 40 58 16 37 70 93 52 91 97 71 47 40 92 95 71 5 35 99 64 30 17 42 9 5 88 36 40 73 95 74 22 7 1 23 78 3 84 69 64 22 69 72 49 86 61 36 37 47 47 69 51 25 37 88 39 25 68 84 10 17 20 70 3 26 31 64 95 16 20 43 34 97 7 72 38 86 15 48 7 34 36 8 15 47 3 44 28 2 43 66 92 58 93 21 65 16 25 14 93 61 22 51 27 25 8 51 34 43 37 9 50 60 47 0 93 76 31 18 75 99 36 31 65 48 90 1 59 40 49 13 84 81 47 77 6 29 96 24 78 53 91 13 37 29 26 32 12 57 22 73 17 96 9 95 66 64 99 60 13 75 30 97 45 49 33 92 48 77 96 44 38 12 93 74 17 23 50 97 57 
57 54 59 65 82 17 14 59 13 28 75 29 44 96 10 4 99 37 58 69 46 62 36 69 37 8 94 13 68 32 56 3 76 92 42 40 91 16 11 95 64 65 6 12 79 39 31 48 29 64 85 24 59 84 89 88 79 78 93 18 72 46 70 51 7 81 79 2 70 94 47 82 44 78 69 17 56 51 42 58 27 0 70 10 84 84 2 98 14 0 13 36 49 66 10 57 37 15 78 50 40 39 87 57 45 56 63 62 0 92 29 33 79 47 32 98 70 80 38 28 47 50 12 10 61 35 11 36 50 40 67 24 39 36 28 76 19 97 42 47 78 82 81 34 67 56 77 33 4 59 32 66 77 57 8 25 84 56 12 56 91 11 25 9 78 3 45 86 47 55 80 41 67 14 21 76 30 94 95 66 90 37 57 87 32 91 31 4 64 3 26 51 63 39 89 25 17 57 41 28 4 60 70 24 57 38 79 36 5 11 96 90 9 65 53 59 69 14 2 80 35 79 97 2 2 46 79 35 25 83 59 98 26 62 92 47 86 43 85 10 91 38 46 73 19 93 0 8 3 96 92 93 68 20 41 56 69 7 35 76 49 27 80 46 46 23 45 3 98 82 8 53 80 55 25 54 59 36 9 79 82 27 31 54 16 62 45 10 86 74 85 60 49 38 52 87 55 25 83 59 83 37 52 46 93 26 7 14 6 38 34 83 79 10 29 51 10 73 98 59 8 19 40 38 62 97 95 87 9 63 76 56 47 30 89 56 44 27 14 8 90 15 61 45 29 33 87 45 58 17 93 49 12 62 70 66 3 47 65 71 88 81 53 9 2 72 98 12 12 54 56 33 82 76 79 24 60 96 21 72 44 30 56 53 72 3 25 81 0 99 17 90 5 70 58 39 74 46 93 97 2 83 95 24 62 67 84 94 33 50 39 7 37 41 87 34 59 94 46 87 58 31 16 81 31 8 22 78 33 2 88 88 12 6 47 58 27 61 72 91 98 97 65 67 44 12 88 44 69 36 57 99 92 18 26 43 35 86 31 25 94 83 72 16 5 96 82 55 48 71 74 77 6 84 10 7 53 40 29 65 95 75 73 38 98 36 83 65 8 77 23 60 86 1 1 38 37 11 23 70 
42 99 95 97 62 44 7 60 29 54 20 94 56 76 92 31 80 89 55 22 10 3 55 1 44 68 67 2 93 88 9 3 71 22 7 61 40 23 72 30 83 12 3 26 69 20 64 83 91 85 85 19 89 69 39 5 52 60 65 75 84 16 5 95 73 45 18 33 3 82 77 96 71 76 27 43 76 1 30 69 26 28 51 16 62 27 7 39 38 53 28 22 50 65 91 58 4 71 76 69 79 1 14 11 26 0 75 85 47 33 14 74 26 22 99 28 32 49 74 9 7 19 92 94 96 53 35 11 54 35 29 80 89 41 90 34 91 46 1 49 18 6 59 54 42 3 78 64 3 52 46 95 78 34 29 0 17 82 92 19 69 43 60 34 16 8 38 65 58 1 27 91 79 98 67 8 38 39 44 55 8 2 77 86 44 3 47 7 37 70 4 50 32 94 58 60 4 64 74 82 28 53 82 22 56 0 84 9 54 99 84 90 34 17 80 42 47 96 57 72 77 48 97 43 76 88 83 42 94 47 2 31 12 89 94 11 64 84 83 36 11 13 28 48 5 59 83 66 37 50 73 11 84 64 20 18 40 24 95 87 17 15 46 68 2 31 63 85 84 42 88 42 40 15 2 66 34 14 69 35 46 2 81 95 34 82 37 64 12 0 25 96 5 38 45 90 66 94 92 29 19 9 43 22 49 67 39 72 64 73 76 96 12 18 34 53 31 82 71 81 24 47 7 88 47 6 65 1 85 66 19 83 73 75 43 45 27 35 42 49 99 83 90 78 25 68 24 4 76 92 28 4 85 62 11 80 62 54 88 44 50 95 54 78 74 75 6 51 5 45 85 74 40 74 56 8 13 14 42 93 60 56 66 82 18 71 46 7 94 66 15 39 98 30 74 38 83 62 34 23 59 95 75 46 78 53 2 27 18 58 54 87 8 34 34 66 20 67 20 98 88 78 2 80 43 17 63 8 15 2 84 86 46 8 55 54 37 80 75 47 62 63 26 79 99 66 96 17 70 46 80 37 78 6 56 29 12 5 4 60 55 44 31 35 65 43 10 13 33 95 45 55 8 57 27 16 81 12 71 3 88 65 76 35 95 50 74 62 42 7 87 21 73 88 5 11 28 94 56 60 
79 22 34 43 37 36 65 39 58 77 33 31 42 14 62 57 32 90 5 60 83 97 34 8 11 15 88 89 55 16 80 22 14 1 15 17 32 28 47 12 99 83 72 49 13 82 59 26 75 22 47 10 94 56 74 64 65 55 82 58 83 65 8 88 7 85 84 46 61 25 55 54 99 36 69 51 20 94 27 59 7 94 88 9 47 25 71 90 61 86 41 41 23 29 34 98 84 12 21 17 36 19 35 46 50 54 20 62 67 69 62 91 72 66 38 93 27 79 24 74 89 2 41 75 0 97 87 55 71 35 93 52 46 70 8 87 69 75 45 89 67 26 27 87 7 51 24 37 93 25 7 31 65 49 76 0 80 19 35 80 56 54 54 79 90 98 94 38 71 13 80 10 10 19 60 98 79 3 57 94 21 69 22 66 63 50 60 31 14 80 14 24 50 54 78 71 49 27 53 14 28 6 16 41 99 99 31 69 48 36 38 19 59 82 50 6 25 48 63 57 55 32 32 92 29 33 58 8 77 78 12 92 80 1 66 11 79 14 49 0 39 36 55 81 72 36 35 39 18 33 3 73 9 92 96 11 61 9 6 73 13 37 36 36 56 30 58 51 12 47 58 50 67 13 79 16 99 67 93 75 3 44 21 84 23 74 55 38 14 77 57 59 98 57 93 65 84 5 12 71 33 16 5 0 44 85 72 39 61 43 43 80 71 69 44 33 89 92 89 81 45 16 97 33 94 91 87 28 82 58 95 16 91 64 76 89 47 26 44 2 53 32 43 78 6 12 54 73 80 92 86 43 78 24 96 4 36 22 26 60 0 65 65 8 77 72 89 82 7 55 96 2 83 66 83 18 21 93 49 28 75 20 65 48 59 44 15 51 4 29 86 22 49 22 0 11 31 18 37 31 56 40 80 39 39 45 60 8 90 80 82 65 2 54 56 14 34 68 34 31 58 98 46 97 33 37 93 61 69 11 44 83 51 65 0 88 86 1 70 75 83 57 25 56 33 4 49 10 74 72 48 8 67 8 59 62 21 70 96 1 84 63 9 2 46 98 16 34 31 62 16 40 32 24 74 50 85 45 45 39 80 80 11 81 15 39 9 48 72 61 77 15 47 15 98 53 88 87 39 0 
31 25 36 14 60 30 37 35 18 53 12 51 79 68 61 30 60 34 20 13 43 67 59 28 78 73 45 48 86 64 66 15 16 16 72 98 55 5 49 71 6 32 54 58 95 88 23 40 8 39 84 2 84 58 15 40 70 78 59 30 10 41 49 87 64 33 33 19 65 63 27 28 31 58 78 97 12 48 73 3 6 65 64 85 41 92 78 90 98 35 48 28 59 14 60 59 99 30 67 26 67 66 11 17 24 67 62 96 11 32 11 51 19 84 94 94 90 3 25 91 10 15 24 65 61 64 23 83 51 1 25 58 64 92 25 20 25 95 52 2 31 13 52 55 49 41 40 44 97 77 27 30 7 21 2 86 69 13 13 57 66 37 29 81 24 67 81 30 19 14 33 24 8 5 2 31 82 6 6 12 28 16 71 68 92 55 68 27 34 42 95 42 35 93 65 80 8 1 42 42 37 24 56 93 7 78 15 32 14 52 38 34 7 70 64 8 53 52 76 83 32 40 85 85 91 91 30 37 70 85 93 32 52 94 15 66 51 46 36 54 84 83 79 97 84 38 67 27 87 12 51 2 4 81 55 32 81 18 52 88 29 26 39 78 50 54 0 54 28 43 29 32 44 72 76 49 45 68 96 41 36 67 21 30 17 55 61 71 61 94 31 56 62 46 1 65 65 6 40 62 87 47 9 42 22 85 14 99 29 24 15 5 87 48 17 60 67 1 10 67 67 71 2 62 43 84 26 24 37 44 3 50 35 24 46 2 95 24 13 7 9 86 80 51 37 54 40 19 43 70 0 24 80 33 71 78 39 28 9 21 20 34 89 69 12 17 62 2 14 23 33 92 16 14 62 53 64 78 95 53 64 4 13 85 91 64 48 71 83 46 33 32 48 2 6 27 83 22 66 6 11 16 97 99 78 20 22 21 55 17 20 30 10 18 18 2 37 44 10 61 61 90 35 6 29 78 61 58 75 46 54 55 94 66 71 95 15 96 8 43 42 31 92 47 21 12 71 69 65 57 41 97 64 29 71 67 85 21 0 51 76 51 73 25 84 4 89 73 12 18 16 44 70 44 26 56 70 6 11 51 3 48 56 15 69 77 17 78 18 91 69 21 38 76 61 39 13 60 52 49 
80 10 34 27 94 53 4 64 84 64 35 55 19 95 13 42 54 99 68 12 3 43 20 38 6 14 4 21 23 29 68 26 91 13 33 65 83 76 80 39 92 66 92 95 98 12 34 63 54 80 74 44 65 71 43 30 51 67 43 8 4 39 12 4 82 13 39 42 11 7 75 39 45 76 16 59 99 73 48 22 33 46 69 31 3 62 61 50 10 24 74 76 87 14 30 68 12 15 98 13 72 32 49 9 59 42 59 76 94 56 19 50 88 10 42 97 97 4 1 42 9 89 77 73 85 50 72 66 5 76 39 75 66 41 30 24 78 57 31 50 0 67 79 3 38 1 1 9 71 86 92 37 42 82 51 53 84 67 55 65 50 95 49 99 39 84 85 10 7 63 59 56 80 16 67 30 31 62 42 75 26 58 38 95 29 4 54 83 55 26 35 58 90 55 34 30 49 83 48 87 13 90 54 47 38 74 56 3 48 84 44 76 9 73 39 30 12 5 88 33 7 45 4 29 69 94 48 19 63 21 57 0 88 76 53 78 58 12 22 17 92 77 8 36 13 47 2 48 37 19 82 48 66 13 57 17 88 91 37 59 66 82 21 49 57 15 8 82 73 68 13 89 63 64 90 50 4 33 5 77 40 92 84 79 31 87 92 86 14 46 99 50 13 14 83 25 3 9 90 99 87 13 77 98 25 17 62 55 0 9 26 6 51 58 57 86 50 81 75 61 71 38 82 99 40 65 61 77 38 16 61 76 86 15 66 77 67 92 52 63 25 25 14 10 64 60 23 71 48 17 11 86 79 97 92 55 31 51 1 44 3 7 99 97 68 6 3 17 8 25 7 57 17 59 89 59 67 61 20 40 60 9 7 64 23 2 51 37 79 48 93 91 33 33 5 59 40 22 81 67 93 36 93 29 90 25 6 10 42 7 73 41 66 75 9 24 78 14 37 10 55 36 27 69 24 32 95 98 22 28 28 67 97 93 28 80 7 66 91 13 99 57 30 95 27 30 27 81 17 75 44 77 8 59 63 59 0 19 77 21 15 54 76 44 56 48 21 50 37 25 38 76 77 19 86 33 45 85 15 44 39 42 89 79 96 25 31 29 50 30 75 45 90 29 93 55 66 33 96 18 
31 12 44 26 77 17 63 93 3 90 23 81 72 59 7 3 30 79 30 2 85 45 0 93 40 17 50 7 88 65 32 73 17 34 81 20 93 59 95 48 94 88 7 79 72 47 56 7 55 91 63 31 82 96 49 30 59 47 88 5 41 38 63 10 0 99 49 70 16 33 11 20 88 91 97 18 92 12 42 88 69 3 71 87 12 31 10 28 93 77 19 40 73 1 39 98 99 79 91 11 63 12 19 65 4 7 84 71 75 75 94 20 79 53 62 3 39 11 51 30 66 1 23 29 61 51 33 80 42 78 84 35 80 82 19 83 67 80 3 98 97 73 28 51 1 79 80 34 91 14 32 92 40 77 84 44 44 62 69 73 69 0 76 60 74 44 58 80 51 50 55 18 59 92 80 32 31 83 76 57 89 1 60 72 97 27 89 16 86 32 58 37 1 81 83 27 81 18 78 71 39 89 12 8 24 98 1 28 46 3 67 43 16 81 68 71 92 10 95 33 16 0 66 67 65 58 25 67 66 5 65 74 60 6 49 68 84 78 1 39 98 38 10 54 16 12 72 64 94 46 95 9 89 57 75 36 69 29 26 69 20 51 96 54 56 35 12 53 60 28 74 40 81 56 26 3 30 36 8 33 14 55 50 77 89 13 58 59 70 27 77 80 95 26 71 78 42 81 15 79 30 95 33 15 73 21 14 36 57 75 0 34 76 24 31 32 61 55 71 21 27 53 43 2 8 41 69 22 82 81 7 19 41 81 46 21 93 33 69 49 93 67 91 96 17 39 69 92 79 55 58 49 20 69 88 63 34 59 28 72 53 1 12 69 94 29 32 58 74 20 58 65 95 67 43 23 47 52 39 29 78 1 14 12 2 5 16 48 77 26 70 50 38 43 86 80 55 67 33 29 91 14 86 97 14 11 6 94 97 9 50 76 19 61 93 54 36 23 99 65 70 37 72 52 69 6 89 97 19 39 7 79 32 7 93 85 98 50 13 25 32 95 46 57 28 55 93 22 2 85 44 13 7 0 94 87 55 53 84 87 7 74 67 63 97 95 23 20 87 86 56 10 34 22 75 83 92 83 7 72 21 50 64 17 43 75 51 66 83 50 4 43 33 78 81 74 63 38 56 54 
18 70 74 82 98 6 25 90 55 62 42 70 24 78 7 56 95 2 81 11 85 60 21 13 47 8 64 80 85 93 7 0 22 66 96 48 92 60 47 76 62 90 96 53 91 25 57 67 9 73 70 79 37 11 7 4 85 4 26 20 63 82 98 54 24 22 39 22 1 58 66 90 16 80 15 0 79 82 70 14 56 92 59 40 28 63 38 12 81 91 57 46 10 67 83 7 79 71 1 92 84 14 46 75 82 65 5 29 18 7 1 48 72 47 76 70 89 76 25 59 65 3 2 80 49 30 87 8 67 87 70 19 13 2 15 97 18 55 16 0 58 20 48 77 54 42 37 17 1 10 53 54 29 30 93 83 80 97 41 28 32 35 56 75 5 64 41 12 82 12 60 82 55 7 37 38 25 98 73 35 83 21 38 4 55 70 82 30 52 86 43 96 47 91 18 35 55 6 27 1 53 78 63 15 76 21 37 87 70 81 74 59 3 65 4 62 61 13 73 62 20 15 27 32 11 48 35 84 35 70 15 4 12 47 8 46 1 14 83 71 35 41 10 91 41 34 75 83 51 22 89 66 20 71 66 11 84 48 76 45 98 59 11 80 62 26 94 32 90 70 85 31 66 80 78 76 54 13 47 73 63 13 43 68 1 34 68 70 23 81 93 51 71 77 32 18 71 7 42 36 12 6 17 63 63 44 90 65 9 56 15 96 63 85 99 68 53 56 77 64 79 85 25 41 30 28 25 25 36 94 60 27 14 68 93 18 24 31 77 86 86 17 16 73 74 20 5 39 47 17 41 9 64 86 34 28 91 80 12 70 44 11 7 16 56 74 27 8 43 55 61 73 10 46 86 20 53 45 32 29 64 97 11 47 51 51 30 68 55 33 79 45 15 58 33 56 75 34 39 2 75 43 80 64 84 93 1 36 47 40 6 93 98 76 72 40 75 68 46 52 61 55 19 29 61 91 0 38 86 62 51 92 1 7 27 43 20 8 68 50 32 97 33 28 20 98 52 40 32 5 70 17 62 78 96 30 91 78 97 96 49 1 21 25 32 6 46 31 47 73 5 13 16 61 46 70 78 75 7 60 82 13 70 70 24 98 6 77 72 35 96 67 69 94 47 10 8 50 36 91 
32 67 58 34 64 90 57 61 1 15 69 36 10 26 42 64 89 48 85 90 5 30 57 1 65 19 23 42 94 30 51 93 59 38 48 45 39 89 6 20 60 95 37 91 63 59 93 54 45 54 4 48 44 43 92 18 61 15 54 10 52 19 25 46 20 98 99 69 61 18 12 5 40 53 49 77 18 45 24 37 90 45 36 84 47 75 32 13 65 90 7 94 72 39 87 4 88 55 70 19 83 82 52 81 67 31 75 68 78 94 87 53 2 82 29 57 94 36 98 91 62 48 60 93 74 95 45 91 10 89 23 98 16 67 55 55 83 31 92 93 75 71 50 45 37 23 27 52 27 56 26 92 79 29 55 35 1 39 31 39 83 72 56 2 36 11 67 40 39 95 79 75 69 20 73 1 93 94 50 41 52 13 8 35 25 37 73 37 61 43 60 86 46 80 6 85 44 64 24 23 32 57 18 60 49 2 99 47 16 86 81 55 69 33 24 76 51 72 30 7 58 92 74 83 47 53 45 21 35 64 16 33 1 87 27 16 30 59 57 84 98 86 14 15 36 27 69 81 21 7 82 76 21 16 59 48 50 63 81 10 37 26 81 37 66 52 27 72 24 16 99 87 69 84 7 0 11 50 97 23 75 4 16 33 41 1 28 10 28 83 57 77 35 49 80 80 24 52 78 44 4 14 93 70 43 35 57 79 45 12 42 81 66 32 26 57 74 45 41 72 0 79 91 1 76 15 29 10 18 19 8 7 37 76 99 89 79 23 95 11 15 68 96 40 61 24 42 85 33 94 49 42 94 56 97 24 36 55 60 18 0 85 13 26 51 73 88 9 46 0 27 49 28 22 37 31 32 42 29 45 93 47 90 38 87 83 32 39 88 13 29 68 2 14 60 92 3 59 94 98 55 86 23 32 20 94 60 20 36 16 23 88 94 79 50 18 30 59 83 0 62 53 71 34 1 2 54 82 79 5 31 3 66 29 25 93 51 56 16 83 4 8 63 23 68 20 6 78 87 83 16 19 52 19 83 57 84 9 35 3 26 63 0 72 15 77 47 88 82 24 6 69 12 48 91 13 8 13 54 59 67 21 57 96 14 35 45 96 84 63 47 48 17 33 57 3 51 47 1 96 
32 34 90 34 17 27 85 19 37 82 41 72 25 36 40 54 31 78 21 41 11 24 70 69 90 31 77 89 65 17 41 54 46 35 40 77 17 5 26 84 72 3 5 39 25 23 3 45 47 38 31 60 23 85 87 41 8 25 57 77 29 32 21 89 35 25 87 35 91 38 66 49 56 0 64 17 43 80 50 6 2 88 46 94 84 0 83 33 64 27 10 9 60 73 99 54 67 85 13 19 28 86 93 41 65 9 27 44 68 34 59 37 97 85 60 95 41 95 83 0 76 69 2 9 49 14 69 24 42 80 20 50 62 1 98 13 31 55 90 60 67 9 40 89 95 99 51 82 50 56 76 23 31 95 57 6 4 33 27 64 21 20 29 88 72 75 6 41 51 40 33 48 17 65 79 43 52 16 16 20 11 73 61 73 34 69 81 68 6 36 43 65 55 67 16 64 83 92 86 24 84 81 23 65 73 95 26 66 21 6 75 80 72 32 1 15 27 0 69 6 18 65 52 77 96 31 41 86 61 40 32 23 47 50 14 7 3 53 2 83 81 19 63 39 90 51 99 33 41 46 0 5 80 59 29 33 88 38 19 39 88 3 84 81 86 96 12 45 19 28 98 13 8 58 41 84 1 81 60 38 36 17 7 88 41 90 15 31 36 63 51 43 88 65 16 75 79 17 78 91 78 8 80 29 39 2 86 72 19 74 24 62 5 3 78 88 0 61 58 59 76 62 57 61 32 43 2 32 30 63 24 31 47 82 74 31 36 17 92 39 34 10 71 66 95 10 52 76 61 42 74 56 66 74 13 30 32 51 23 73 65 65 85 90 74 32 17 70 62 18 79 24 53 5 81 98 54 60 23 33 44 36 14 59 32 57 11 93 48 39 95 42 50 34 79 71 16 80 81 94 34 1 17 8 21 39 5 97 87 59 1 47 14 43 4 60 25 78 30 71 53 49 2 6 68 0 12 43 76 40 70 41 2 42 96 46 32 24 28 60 96 90 55 45 78 63 66 70 58 57 72 88 57 31 68 58 4 42 9 93 34 30 64 36 45 5 58 67 25 72 10 7 80 25 1 28 57 61 29 97 5 99 55 75 27 60 16 13 1 16 50 39 51 97 74 98 0 30 33 42 
81 27 11 17 28 12 47 71 13 35 92 38 69 50 20 41 96 79 11 12 99 2 66 45 62 20 53 1 65 10 38 12 30 33 59 22 26 19 17 27 93 82 25 13 47 79 59 33 50 66 82 18 62 88 43 48 83 49 17 77 38 87 72 64 7 63 21 19 89 62 54 15 14 31 98 33 65 34 15 4 16 60 30 52 87 14 51 92 6 27 26 51 75 14 29 55 64 59 34 88 94 5 91 4 10 76 85 99 42 48 58 17 67 69 62 93 65 4 15 60 4 66 4 35 91 68 15 85 98 27 38 4 75 28 80 62 92 78 96 71 94 31 38 41 86 33 17 10 45 62 15 13 60 6 14 0 34 99 91 25 80 5 73 64 35 95 57 36 48 30 48 64 98 81 92 19 37 88 38 95 74 8 79 14 35 59 21 75 76 13 73 56 94 31 87 23 95 83 82 10 11 55 88 18 57 8 80 68 92 38 74 67 92 79 58 72 0 65 61 43 22 28 97 33 73 75 60 26 49 50 62 82 92 44 6 98 71 38 13 48 72 87 41 31 35 57 58 99 39 97 6 17 98 46 82 49 88 7 11 13 76 9 62 81 15 55 24 92 69 81 89 86 4 36 27 54 68 80 33 50 48 93 64 60 99 50 38 40 59 26 97 39 88 17 34 18 48 7 35 11 6 63 90 59 33 19 19 57 82 94 96 53 36 26 46 33 10 71 23 49 50 0 6 25 26 80 46 6 4 56 3 60 30 23 57 10 41 69 47 87 29 65 7 78 50 65 2 48 45 59 86 24 70 61 2 10 89 24 54 4 38 54 60 62 89 17 78 60 62 19 37 13 26 7 17 66 90 12 46 12 15 45 95 58 39 41 48 26 73 84 69 6 55 53 41 70 56 49 97 4 72 63 58 63 80 18 96 68 97 37 35 17 57 73 1 15 87 36 46 99 34 83 53 48 34 5 88 91 66 75 77 43 89 35 10 56 31 41 66 41 22 70 93 89 2 7 46 98 60 42 30 7 93 23 88 80 99 58 7 90 80 63 36 53 15 94 32 64 43 72 36 84 97 81 79 33 78 55 88 56 77 55 45 86 94 23 11 47 54 28 79 91 25 97 76 49 26 35 34 57 
45 18 34 3 31 0 91 20 5 45 8 40 70 67 31 33 79 51 42 12 80 63 84 5 85 81 54 87 8 52 26 88 24 41 43 74 43 57 95 40 36 85 6 43 52 7 36 64 18 23 56 40 4 43 5 5 8 95 77 1 63 72 25 8 33 48 65 54 65 83 28 9 14 68 65 69 78 97 75 90 42 39 51 6 31 49 36 14 35 40 43 24 2 83 47 51 47 95 54 35 10 38 62 68 12 64 27 89 80 62 69 43 76 79 5 56 7 55 95 89 5 94 66 39 82 77 79 13 42 55 51 52 28 18 40 45 64 62 82 87 71 59 74 81 74 7 87 10 62 7 47 1 82 90 84 96 34 10 15 15 82 82 84 14 22 47 76 95 32 35 75 20 74 10 50 17 18 35 85 1 68 47 88 19 59 5 15 55 74 70 13 65 68 13 1 36 69 85 16 31 76 1 6 84 57 69 57 58 52 92 6 29 71 17 85 99 91 2 35 85 22 9 38 30 87 0 1 7 91 24 81 52 10 98 27 82 33 23 26 98 47 88 44 37 37 24 76 88 94 88 74 58 83 83 90 35 59 80 74 27 55 52 59 87 52 9 6 27 93 55 31 89 35 49 13 78 37 7 67 58 45 25 79 57 36 40 73 27 65 67 58 63 5 26 42 51 41 1 70 71 5 19 38 44 12 17 46 7 24 4 67 71 83 20 81 2 73 1 27 47 12 31 14 63 2 0 57 53 14 56 28 5 86 98 24 95 67 82 63 25 25 54 24 12 76 28 5 27 95 12 59 54 72 50 22 45 77 27 37 89 70 73 12 97 91 8 33 1 51 82 3 3 80 57 54 60 85 59 23 66 85 90 50 73 10 58 13 34 78 28 15 82 65 0 6 20 24 61 80 11 8 75 28 22 77 85 8 45 0 32 94 95 36 84 84 44 17 98 9 65 98 85 28 45 24 97 46 22 1 41 83 96 46 32 48 70 45 70 76 95 8 51 68 3 82 4 45 70 81 1 80 11 36 84 51 45 25 12 87 58 83 24 60 21 34 36 96 38 59 12 84 23 18 36 75 77 9 64 57 75 51 77 87 55 8 72 95 79 83 37 42 25 5 90 4 73 68 25 92 31 

