88 12 47 20 55 74 56 55 61 63 28 1 10 69 29 88 15 86 32 68 7 12 28 84 2 28 16 21 86 8 67 6 19 94 74 81 35 46 82 65 74 56 87 17 58 29 92 71 78 0 56 76 80 98 36 12 37 98 17 49 36 51 33 93 97 14 37 51 67 32 6 9 71 96 13 16 8 5 67 43 4 43 92 67 68 70 2 58 51 91 6 33 11 90 79 60 45 35 38 55 66 5 92 84 97 75 85 50 91 13 93 4 84 27 58 74 16 45 66 88 78 99 93 88 63 69 72 60 27 21 43 77 44 91 60 54 39 18 53 96 75 53 4 94 23 65 40 27 3 21 91 3 29 77 99 19 69 76 69 21 20 0 60 20 73 95 49 30 66 83 3 86 84 5 42 28 35 35 32 78 61 11 95 18 61 19 75 54 4 83 11 10 79 32 67 16 22 42 85 24 
20 59 24 79 39 33 44 26 82 46 60 3 26 48 76 19 73 12 83 76 69 78 23 36 36 77 43 86 86 66 78 29 27 3 76 20 55 50 66 17 4 43 21 33 23 42 91 30 77 12 81 65 59 33 56 46 35 95 67 74 89 89 29 41 55 34 55 16 8 50 79 73 47 65 82 24 39 55 16 52 65 40 66 86 98 33 77 33 33 42 60 83 84 13 85 63 82 71 92 96 39 10 13 1 77 87 81 93 58 97 10 29 6 46 74 31 38 12 37 93 29 42 10 6 82 56 56 40 66 36 89 12 11 23 46 86 29 15 24 76 56 94 55 72 11 83 5 79 60 87 45 29 3 51 8 59 27 85 96 92 10 12 84 7 89 63 79 19 92 20 88 36 42 53 53 5 41 3 34 39 7 27 93 53 80 90 52 17 88 15 50 42 27 15 86 49 91 24 32 33 
93 74 53 58 80 98 57 26 30 87 39 7 47 11 97 51 59 45 36 8 95 12 50 26 44 61 71 64 3 40 45 99 72 45 35 53 32 68 75 68 92 17 62 65 13 70 53 16 21 2 29 57 43 55 44 49 29 97 22 65 72 5 77 98 50 37 85 54 56 53 99 46 23 75 88 96 96 50 16 83 56 79 3 44 17 76 4 95 30 74 89 27 3 86 74 18 21 82 61 52 3 88 44 42 89 7 37 98 52 82 91 89 34 62 98 36 67 51 85 83 76 33 26 11 99 71 70 18 96 48 21 96 54 61 76 48 76 91 28 32 29 73 70 85 70 29 90 94 4 40 33 78 70 55 90 40 88 95 14 35 60 99 26 26 47 73 81 65 76 5 23 77 40 85 33 93 89 66 94 37 65 55 74 79 29 16 41 24 31 76 13 76 11 67 76 37 53 42 32 33 
59 27 48 10 88 29 12 73 94 84 59 74 84 21 92 67 11 60 42 31 79 81 93 58 60 17 38 50 37 65 21 31 11 64 36 26 74 25 90 98 1 31 5 69 23 76 25 26 91 28 27 55 12 90 64 72 59 75 18 76 89 94 27 48 91 92 87 46 93 17 40 44 71 18 88 45 38 13 92 11 18 94 98 77 74 71 60 15 9 70 22 16 64 26 83 79 40 83 73 17 1 26 87 62 39 23 36 82 12 69 36 90 54 31 28 39 34 69 63 59 85 31 95 29 42 39 10 61 41 45 1 72 82 22 40 45 57 21 8 86 25 66 54 69 38 12 25 73 59 46 77 15 11 80 85 64 36 31 74 2 58 14 16 7 17 26 98 24 85 57 5 82 85 6 58 61 22 40 37 31 41 79 28 3 20 79 75 97 81 76 72 85 95 94 31 69 13 74 80 72 
96 1 63 93 92 43 52 21 70 50 11 28 37 32 58 84 23 15 87 23 77 40 11 70 41 89 96 3 38 51 53 5 73 30 86 24 11 11 55 75 55 48 33 64 94 78 33 58 76 47 43 30 53 93 25 54 23 68 63 36 57 91 42 74 13 80 50 46 34 93 45 59 65 33 89 36 24 43 67 33 48 61 36 64 96 29 96 77 49 61 26 93 61 44 91 43 54 91 99 13 79 88 12 50 26 73 40 92 0 69 65 23 49 80 30 94 58 23 97 18 76 5 7 85 70 40 96 14 50 0 80 73 96 78 5 31 84 64 45 75 57 43 82 19 6 56 57 15 83 95 84 30 31 97 71 85 33 61 73 28 29 73 46 67 92 94 23 92 90 74 70 50 55 36 64 51 20 73 52 9 12 85 1 9 90 67 18 85 25 70 25 4 33 16 17 23 40 48 56 30 
77 31 81 72 19 6 37 87 37 51 57 16 12 45 11 54 42 13 48 36 50 78 41 31 80 59 85 60 71 68 75 19 88 99 84 22 0 88 50 41 84 70 78 37 16 47 31 41 86 29 1 47 77 47 65 76 38 36 73 23 45 66 7 3 11 6 85 71 46 66 75 30 30 14 28 28 11 7 30 87 30 77 52 17 29 20 89 9 77 46 83 11 50 66 97 70 10 12 24 80 30 7 64 12 21 31 23 0 17 61 98 48 99 84 46 71 30 89 65 10 87 85 77 85 71 13 13 11 98 77 87 33 54 97 28 55 19 2 46 89 82 57 43 55 56 74 99 20 64 94 92 32 67 48 28 61 19 29 6 62 62 26 53 73 53 67 93 67 28 37 87 61 83 96 63 13 13 38 27 37 76 59 59 71 94 1 8 42 67 19 50 64 38 49 77 69 48 66 9 59 
94 82 68 61 87 56 4 33 95 2 54 17 5 24 43 58 87 67 92 60 13 76 67 1 35 4 12 40 97 56 9 87 15 79 86 4 62 3 71 68 0 21 68 45 52 9 1 70 14 42 62 37 91 34 6 60 12 77 54 71 11 82 49 48 95 6 37 20 33 47 84 9 43 83 96 97 47 87 16 90 19 82 64 82 21 83 63 38 69 58 63 97 70 40 0 10 16 69 88 97 55 18 51 61 45 41 3 8 49 40 23 7 23 15 51 66 57 21 58 74 19 65 38 83 11 75 60 16 40 10 77 20 76 90 0 28 76 81 57 35 7 5 73 85 29 62 11 47 45 70 26 45 21 20 48 48 1 77 39 19 75 36 10 25 9 25 46 93 83 88 94 93 3 99 75 27 82 77 4 9 60 60 61 2 7 70 66 1 32 56 6 74 3 82 96 39 93 62 91 45 
22 46 53 87 80 88 89 13 4 17 89 25 71 77 5 74 62 35 30 78 97 2 13 14 22 22 83 51 60 92 53 79 66 40 12 12 38 54 95 29 97 35 68 94 45 84 23 25 8 63 20 2 11 89 68 78 71 91 87 36 39 89 41 0 94 48 81 57 46 60 57 32 9 49 71 6 38 61 99 62 52 34 50 90 54 3 62 15 3 25 60 95 20 40 82 51 98 88 45 66 94 53 30 25 62 45 3 38 7 72 68 33 71 96 70 13 99 18 9 9 81 56 89 20 90 49 22 85 51 70 88 38 5 95 19 13 94 73 39 92 98 61 56 96 95 29 69 68 81 85 7 55 81 20 3 90 26 68 27 26 32 8 33 33 92 97 16 79 85 83 57 32 26 88 69 77 27 77 4 11 96 72 9 90 87 14 30 13 38 1 18 41 37 13 6 69 1 19 1 77 
61 54 35 74 24 65 8 12 15 84 32 17 69 99 86 21 68 36 34 18 25 97 67 3 3 60 1 15 71 69 38 71 92 69 59 92 94 48 85 14 56 26 20 22 54 98 64 65 63 83 82 93 87 22 34 91 81 59 83 38 35 39 78 98 25 74 47 53 99 14 72 98 21 12 98 19 98 17 21 45 28 51 16 81 17 25 31 61 31 53 20 24 88 69 62 34 57 80 87 79 27 49 88 89 27 48 72 24 42 56 23 26 96 33 74 51 66 38 89 11 25 46 15 53 18 47 79 30 23 99 41 51 95 94 78 55 0 76 12 12 24 27 52 12 42 91 33 94 19 42 61 39 16 78 46 26 13 45 6 11 7 39 3 40 18 38 70 67 50 66 95 80 11 26 80 50 22 51 9 95 14 95 87 89 31 21 87 3 50 83 10 44 69 76 75 6 0 15 44 6 
29 24 32 15 27 65 65 24 37 4 86 26 61 79 55 14 47 11 19 35 36 66 74 70 50 18 23 3 78 47 4 91 95 84 41 30 29 37 17 63 98 5 83 18 55 85 13 70 79 52 94 63 75 8 33 33 65 37 52 73 83 33 2 51 26 16 72 29 32 52 34 99 61 80 57 60 61 88 56 88 91 13 96 50 64 78 12 88 79 42 37 16 71 88 81 89 73 23 46 39 80 68 98 7 95 16 68 95 98 50 69 41 59 92 85 53 94 93 55 31 62 67 92 21 31 82 66 46 69 69 55 8 14 59 46 4 11 1 80 28 18 74 24 8 68 90 16 51 17 84 58 63 68 17 63 40 42 62 41 6 53 22 27 14 1 47 1 78 33 87 25 18 34 52 45 78 17 40 22 49 18 98 5 96 93 61 67 8 80 24 70 60 13 78 94 86 69 39 41 92 
29 58 39 82 17 20 8 42 14 4 35 39 4 65 95 77 43 33 60 21 17 48 9 5 13 1 55 83 43 86 92 82 16 34 93 27 35 66 9 37 48 80 23 72 79 32 21 99 40 3 98 1 86 94 61 80 30 55 15 83 6 62 71 61 17 31 64 54 20 94 31 39 82 62 26 92 44 22 91 26 48 34 9 89 78 42 23 30 87 0 14 90 6 82 82 81 69 97 32 83 61 20 79 95 28 12 83 97 58 49 33 97 41 57 88 56 18 84 39 74 81 64 96 33 84 50 45 33 18 80 9 61 45 80 41 61 7 57 43 76 77 4 63 56 73 38 36 92 52 60 77 41 22 7 73 63 42 14 4 50 58 60 83 93 53 58 93 38 85 89 86 12 85 95 16 60 75 40 25 45 95 99 21 99 1 86 96 58 78 6 50 40 29 18 5 38 59 51 98 30 
9 32 96 75 59 78 45 33 60 23 91 56 52 35 42 87 51 59 51 47 20 74 68 50 10 28 36 49 1 5 38 13 32 9 61 25 74 26 95 10 47 83 46 21 57 93 2 21 50 84 60 57 19 50 90 0 97 36 36 1 11 53 15 73 56 78 72 15 63 93 23 68 36 12 1 95 5 78 11 26 21 79 16 1 91 78 40 87 26 84 69 27 47 40 82 73 60 27 91 57 56 16 80 22 3 34 5 23 20 8 2 30 32 2 46 18 12 87 22 15 50 82 3 51 99 92 51 43 69 6 12 50 43 15 65 61 41 9 78 72 23 21 90 4 31 71 52 2 23 87 99 91 27 0 5 52 83 87 13 27 81 72 4 50 12 59 97 49 81 93 40 3 25 0 49 61 7 72 68 41 87 3 16 68 68 48 53 2 41 52 86 71 14 41 70 7 73 62 85 57 
36 6 51 99 2 44 69 85 64 24 31 12 0 12 41 37 86 29 53 98 47 58 0 32 24 97 52 27 4 26 89 29 96 41 6 1 22 71 95 67 12 75 49 47 19 4 62 63 47 47 54 24 68 99 80 73 82 57 88 70 41 97 21 86 95 12 35 41 86 80 23 43 49 9 2 73 59 17 83 17 58 6 71 92 33 14 30 63 32 3 96 93 82 77 81 20 81 77 72 38 17 15 37 86 6 6 70 71 68 42 31 48 36 6 90 0 65 55 78 81 70 49 21 3 53 41 56 30 44 82 22 40 72 8 9 76 36 14 36 48 51 46 52 76 12 83 33 7 48 62 71 77 33 73 18 37 42 52 83 25 54 49 93 17 98 3 26 36 29 77 89 65 43 19 12 60 62 69 61 95 62 87 43 43 68 57 10 87 31 56 90 53 59 56 60 94 39 60 34 95 
24 43 17 45 76 96 96 5 38 96 66 4 48 98 12 80 3 76 52 36 98 12 21 1 17 89 73 26 99 23 27 56 2 20 16 65 38 93 75 50 5 64 16 96 77 47 19 28 42 41 42 21 14 28 76 33 98 59 78 19 79 84 21 28 93 52 82 93 86 78 43 80 6 34 11 56 78 99 88 66 70 62 10 9 48 96 70 18 17 14 32 37 74 16 86 31 68 48 46 56 63 99 78 18 61 36 22 98 41 36 98 83 14 78 57 53 27 88 13 36 3 30 55 5 41 77 45 88 43 14 14 3 50 88 10 29 71 63 90 90 25 55 51 6 47 97 22 65 39 28 59 2 59 87 74 3 62 36 73 31 15 24 56 41 46 57 25 16 79 12 95 24 7 73 29 40 20 59 79 48 4 20 53 41 33 61 19 2 51 86 63 2 55 48 48 35 19 70 91 61 
5 5 49 47 65 80 5 61 93 0 38 26 67 85 26 88 89 92 56 63 16 25 99 78 83 60 4 72 93 40 70 13 18 4 4 35 38 26 71 84 42 92 80 53 3 25 96 80 64 56 18 5 23 75 49 82 60 94 39 65 93 57 68 34 29 96 11 85 22 33 70 1 52 71 89 66 48 57 33 33 9 93 45 5 70 3 0 39 29 20 4 17 34 99 19 92 94 73 96 85 49 79 36 77 54 6 17 32 31 50 62 66 21 7 13 94 16 60 94 88 42 73 20 22 60 56 5 26 14 54 17 14 72 23 83 52 21 95 55 40 11 18 23 7 39 39 97 97 82 44 57 3 27 85 47 29 44 38 95 53 68 29 71 41 43 37 84 5 71 7 97 69 76 63 16 61 79 55 14 30 79 70 38 68 29 56 45 16 53 99 12 97 80 49 25 25 4 45 95 89 
6 39 69 89 39 28 89 36 41 60 17 64 51 70 69 72 68 18 78 79 15 13 34 85 86 34 81 51 33 82 28 0 66 89 40 60 43 12 77 15 98 23 56 28 71 88 37 15 6 99 13 41 23 31 55 21 67 68 45 58 61 6 78 36 5 19 10 35 60 93 37 23 69 43 23 41 1 20 84 0 89 63 23 15 60 92 92 50 14 67 58 15 53 85 62 76 89 59 86 22 55 66 13 24 86 51 80 16 72 10 0 8 4 38 12 41 6 46 81 92 96 79 0 42 99 37 85 34 62 71 78 52 22 39 97 57 89 49 21 84 1 50 34 91 83 52 60 10 1 64 10 38 96 21 19 86 54 95 33 67 10 46 28 18 52 40 41 66 67 64 15 6 42 84 18 75 3 97 11 10 18 26 87 21 38 3 67 84 95 11 82 38 35 12 53 63 90 41 76 8 
52 27 98 29 38 0 3 63 55 66 48 14 52 32 39 81 94 6 31 95 32 49 98 88 48 57 69 96 54 66 28 75 86 0 10 94 61 7 63 61 4 13 92 58 64 30 51 32 81 75 36 40 36 58 27 92 6 41 32 9 79 55 35 2 91 78 27 65 48 59 88 54 96 32 99 97 73 16 87 97 90 52 10 94 39 32 38 71 40 84 33 89 34 28 26 30 34 85 92 61 26 62 59 29 53 9 61 80 27 39 71 2 61 15 49 22 34 85 88 84 98 10 97 44 49 89 48 42 24 81 59 63 19 66 40 83 78 98 6 10 70 89 43 20 79 70 89 16 40 11 14 0 36 71 24 43 82 59 35 95 51 91 42 70 80 77 15 55 16 53 34 52 7 79 62 26 3 59 65 87 9 88 83 91 91 19 14 42 85 4 41 85 17 37 98 43 88 77 23 22 
26 28 80 90 5 70 9 69 73 53 19 75 86 7 5 40 42 42 3 24 4 9 7 83 66 8 18 65 51 36 54 35 76 38 81 3 24 32 52 76 41 60 25 10 74 75 50 36 45 21 63 94 81 39 25 33 89 60 0 77 74 33 86 55 79 67 13 55 89 95 43 12 4 79 32 9 73 18 4 74 41 74 5 48 88 77 43 56 86 46 38 43 20 0 16 82 62 99 20 8 47 93 22 48 33 52 88 51 15 75 8 91 73 14 74 5 87 86 93 12 5 16 1 86 81 53 96 87 61 14 49 75 46 84 48 33 17 78 12 34 21 66 89 66 70 58 54 77 72 80 94 32 3 24 93 51 13 20 93 54 24 92 86 63 59 7 3 19 83 25 93 82 42 63 61 84 66 16 97 65 98 54 51 25 51 20 90 41 97 45 33 5 12 45 17 2 21 78 49 33 
7 26 92 80 27 18 90 69 47 38 91 61 82 83 92 7 93 86 99 17 44 24 90 33 28 53 99 44 96 0 7 12 77 79 35 32 15 67 61 20 4 63 27 80 31 97 29 97 57 37 70 62 91 65 97 45 89 60 92 70 40 27 80 31 90 17 54 1 74 26 50 77 10 38 70 31 53 71 26 91 80 20 17 53 41 60 66 47 53 75 28 80 74 22 30 39 21 68 87 7 4 95 13 90 48 37 48 41 81 61 66 62 78 49 61 21 18 85 37 59 62 4 2 33 45 37 67 27 59 97 68 96 30 91 98 76 10 35 65 35 41 43 59 86 9 35 26 23 14 61 61 6 0 24 55 45 30 0 89 92 70 94 7 34 3 76 68 2 73 72 25 89 28 69 59 46 79 22 36 39 14 62 51 20 94 8 91 26 32 28 14 5 96 25 82 81 7 32 76 66 
51 88 99 38 55 48 11 35 3 86 54 40 61 74 0 40 83 58 86 37 83 47 78 48 61 44 37 86 19 53 62 80 75 87 69 10 4 30 78 52 10 3 13 87 31 67 89 79 86 16 52 1 75 70 7 2 63 13 94 56 42 85 50 93 50 73 13 54 14 52 82 70 38 81 49 99 93 95 21 92 0 17 4 64 65 89 11 97 48 54 4 56 76 18 84 65 98 14 48 46 89 67 21 5 6 61 66 53 42 56 51 40 31 60 28 94 68 17 20 1 39 57 90 74 50 66 95 59 78 15 94 17 26 73 56 40 39 45 72 80 38 72 50 90 67 51 46 20 96 8 52 53 5 77 13 53 51 84 68 47 2 6 6 88 48 88 95 39 15 6 46 73 65 38 83 55 2 21 47 58 54 40 76 70 89 34 69 98 95 11 40 11 87 88 81 38 11 42 2 39 
17 49 70 12 8 70 94 83 14 2 95 83 77 32 47 8 51 48 58 68 31 73 68 1 32 62 12 72 28 85 61 48 41 8 26 4 7 32 19 97 22 26 53 28 93 91 43 94 92 71 15 48 29 41 63 81 13 22 33 18 10 44 71 49 28 85 71 42 32 36 10 62 91 57 55 80 59 39 26 68 90 87 46 78 92 67 88 52 83 66 44 59 93 98 25 67 65 46 93 81 17 78 74 17 63 91 39 88 62 11 13 7 76 12 93 57 49 55 58 21 9 57 87 4 77 77 63 34 16 25 87 98 89 2 4 7 29 88 78 55 78 59 4 63 47 62 69 73 26 89 78 6 31 86 68 52 23 88 49 21 22 52 82 28 68 0 80 51 18 76 16 10 19 50 23 27 21 53 53 39 74 6 4 28 42 83 1 28 19 59 63 40 5 61 15 60 7 48 2 78 
76 16 64 37 18 2 78 0 89 30 35 95 73 52 12 53 73 7 32 43 83 62 8 12 96 11 52 13 81 2 54 55 58 98 76 11 42 14 28 89 23 71 97 32 0 60 29 85 0 14 14 70 25 21 6 65 72 66 66 25 31 39 75 55 32 79 2 33 48 67 58 7 40 89 69 3 26 47 73 3 15 28 66 4 52 76 95 98 87 86 68 25 23 9 27 30 75 84 31 26 91 23 68 78 31 61 41 15 79 39 10 92 19 5 14 30 32 47 40 56 8 63 4 3 23 53 52 67 10 99 23 39 19 63 78 61 36 61 46 5 56 17 65 12 55 33 52 24 62 39 52 18 12 25 56 3 19 92 15 31 73 14 74 43 8 47 64 61 72 67 83 93 44 10 10 30 84 0 9 21 65 38 69 9 21 28 41 92 29 93 67 25 77 48 15 99 99 20 17 53 
34 50 58 94 91 25 40 54 5 58 21 78 94 77 73 25 6 28 83 99 67 39 82 94 45 52 84 63 55 40 18 22 26 17 9 45 42 57 73 66 98 91 56 10 95 41 41 5 40 82 5 40 77 68 82 90 13 80 15 42 72 17 3 59 69 6 13 77 4 12 71 87 87 52 53 54 78 96 33 93 17 76 5 86 25 59 13 72 61 79 85 36 7 73 24 29 57 88 50 75 41 17 59 15 45 55 26 9 79 24 61 74 4 99 77 5 45 12 37 72 50 33 38 74 75 50 53 39 65 67 36 14 18 40 9 86 51 49 49 60 28 55 25 76 13 36 58 50 28 6 38 67 15 90 21 68 56 66 49 2 78 43 90 63 90 73 81 44 97 15 75 19 87 3 44 98 5 37 84 69 63 71 54 37 37 30 20 93 91 63 62 70 58 52 2 45 9 84 90 40 
88 67 88 85 75 63 91 81 47 88 31 97 97 86 7 1 11 65 21 10 46 24 86 74 16 58 30 77 55 61 34 34 39 83 43 19 9 79 58 41 19 36 75 95 74 12 75 92 73 75 81 75 88 53 42 79 5 29 35 31 1 72 67 91 10 74 34 36 32 11 57 97 50 64 95 14 34 23 52 77 39 68 28 31 38 34 69 96 87 62 85 2 18 33 62 51 6 84 87 9 84 67 88 13 7 86 8 95 42 12 22 69 38 89 57 46 86 99 93 74 8 87 11 79 3 12 11 29 78 52 35 1 97 39 66 94 6 81 2 6 61 87 55 16 41 12 2 49 75 64 56 36 20 65 55 5 46 58 93 46 18 24 46 69 68 99 1 48 7 61 65 66 79 5 6 45 64 78 65 20 18 61 60 47 89 93 55 81 69 1 74 29 34 71 24 88 52 71 79 94 
83 70 25 91 81 36 82 52 72 60 19 66 49 70 19 78 93 29 24 34 88 86 72 15 11 33 76 63 34 59 81 25 81 84 9 86 46 69 80 46 68 96 40 20 3 19 5 10 88 67 42 45 45 46 60 48 76 14 80 54 93 51 2 72 98 79 50 11 14 41 48 7 72 92 8 69 5 88 44 59 4 65 92 90 10 55 94 11 70 18 50 76 69 48 96 8 5 95 17 17 54 39 54 54 13 15 70 26 9 70 78 88 23 13 96 32 19 75 53 60 11 82 3 38 66 36 97 81 18 40 47 17 97 26 85 84 66 36 12 95 34 7 5 62 33 34 8 91 30 81 3 96 98 72 90 3 81 80 30 78 1 86 19 75 67 92 51 97 15 57 88 99 88 25 7 24 68 15 25 80 33 65 26 23 4 57 5 96 5 33 71 27 27 70 8 82 17 64 10 36 
93 9 91 59 12 30 89 55 74 46 7 35 11 98 27 88 15 70 70 60 90 58 52 97 47 30 61 86 30 93 11 17 39 92 12 82 41 12 6 11 10 78 22 84 77 74 30 12 62 41 18 0 21 34 53 32 57 0 31 60 78 9 54 65 9 38 21 32 35 77 36 55 9 31 37 9 38 28 79 86 89 3 13 12 37 27 45 47 34 82 38 32 69 59 26 12 99 43 80 35 19 11 73 91 86 21 62 85 94 48 69 15 81 53 59 43 78 48 49 67 29 78 6 21 0 35 33 93 54 71 31 1 11 85 66 64 33 32 67 10 41 70 17 7 73 18 92 5 76 56 9 92 38 18 30 40 98 85 1 25 61 14 44 2 58 51 19 26 18 13 1 40 40 46 96 9 73 25 55 96 92 97 21 57 6 4 72 88 20 66 79 23 53 36 64 99 33 9 20 0 
26 78 12 89 6 76 24 14 69 36 62 73 81 62 65 10 52 95 66 90 81 20 63 84 72 62 70 44 42 43 77 23 12 72 83 26 24 13 45 17 62 42 59 83 60 59 76 72 8 91 81 98 25 4 40 76 44 82 80 80 12 85 17 98 16 11 72 13 32 51 57 91 64 35 62 64 40 44 12 35 50 20 25 47 92 26 16 70 1 21 12 39 72 83 57 42 87 4 33 2 37 39 6 47 29 71 97 76 61 89 43 34 67 74 5 69 83 75 17 19 85 4 55 79 40 1 65 43 52 61 95 1 0 42 30 70 27 74 51 40 91 19 66 78 58 81 35 53 29 53 52 10 58 17 37 13 34 51 93 28 15 60 58 9 51 70 15 55 1 64 19 32 27 32 28 82 68 65 97 43 18 50 57 7 84 82 86 48 62 94 17 34 29 40 86 82 77 53 69 67 
76 61 66 19 92 17 63 3 52 86 76 74 3 64 80 48 77 86 65 46 63 8 96 72 53 8 82 37 94 33 22 50 54 85 24 58 38 43 25 5 10 32 96 39 31 17 61 11 95 12 79 23 69 50 11 90 27 6 55 10 78 36 20 83 81 88 97 64 14 24 87 91 22 59 45 22 10 8 55 80 74 82 33 28 76 65 62 50 36 37 49 64 38 37 33 55 17 55 92 10 27 30 77 41 45 56 54 62 77 53 7 48 60 43 65 57 73 75 37 14 75 73 8 84 6 92 79 97 28 0 51 23 13 39 7 72 14 41 53 91 94 47 17 51 79 79 55 5 75 54 8 22 52 82 16 81 8 9 99 46 32 40 88 60 37 85 77 80 73 67 44 98 92 76 33 92 34 70 85 85 30 89 34 55 19 0 93 88 38 8 20 77 53 88 84 97 94 47 6 28 
83 55 96 63 20 31 58 87 42 96 37 4 78 83 61 65 73 95 58 28 79 93 24 11 29 91 59 33 36 84 67 93 11 51 84 21 96 60 50 94 25 5 1 59 20 94 23 15 89 67 40 86 12 16 9 40 42 60 0 96 80 42 52 55 5 41 86 33 63 23 19 70 26 73 31 69 88 53 69 37 88 80 67 34 75 81 28 95 52 41 69 67 69 16 73 69 26 4 48 82 94 97 26 90 90 12 55 47 36 12 74 45 32 66 71 67 75 36 89 48 97 77 92 54 43 46 62 99 9 56 20 13 19 4 55 60 47 99 71 29 54 71 96 17 67 21 51 38 5 17 48 17 27 75 34 21 34 24 70 14 2 8 88 22 4 21 42 0 68 40 10 38 53 46 45 13 45 10 81 26 59 4 21 87 37 45 31 54 39 90 71 58 65 74 8 0 69 4 42 35 
37 76 75 59 78 1 87 62 33 91 35 32 24 62 3 89 0 94 18 32 45 32 87 82 39 97 42 27 32 26 64 97 83 48 7 31 31 84 40 3 39 26 90 15 48 37 15 89 99 26 73 25 73 22 63 79 3 85 16 73 71 73 37 57 45 94 46 19 46 23 40 81 87 73 94 92 8 59 29 99 30 81 70 26 33 49 62 80 54 50 64 67 30 15 74 64 75 52 39 78 15 63 13 84 78 58 63 3 75 70 69 68 1 95 58 50 68 79 38 26 31 65 88 96 7 6 46 37 2 25 36 21 61 98 69 3 54 72 52 11 49 68 79 56 29 5 53 5 79 97 25 97 82 68 25 65 36 12 72 73 33 48 87 84 64 38 6 7 74 2 50 36 23 24 58 58 13 77 43 25 64 40 16 12 71 0 18 45 5 52 27 71 88 23 82 94 36 5 38 3 
3 38 86 28 20 65 23 82 26 80 16 63 46 54 51 35 39 97 45 58 36 57 72 76 31 49 42 99 86 77 70 40 23 35 85 52 56 97 79 74 86 15 99 34 13 73 62 35 37 32 88 52 75 41 87 72 71 26 98 44 45 40 57 74 57 77 18 3 11 11 15 87 95 44 21 72 82 43 33 20 93 39 96 32 33 71 8 46 27 86 81 93 9 68 45 68 74 84 52 99 26 11 42 16 93 1 50 73 91 94 63 41 84 20 25 30 15 23 19 31 32 57 58 69 34 48 60 58 21 40 26 12 0 49 23 95 66 80 86 54 83 73 77 23 61 73 31 61 84 93 27 66 93 3 98 85 9 15 19 89 54 61 49 75 30 97 9 32 48 11 69 91 19 4 51 30 88 68 10 6 0 25 25 96 34 52 77 13 10 91 58 81 13 63 33 12 75 7 1 12 
83 20 6 83 97 67 13 33 42 0 89 32 87 47 61 8 19 32 71 44 47 7 33 25 11 94 26 2 87 11 91 23 57 37 78 87 36 18 79 44 42 68 69 96 62 32 67 95 61 68 92 66 54 15 84 22 7 67 48 13 78 94 19 96 72 85 97 82 89 1 48 52 88 34 22 14 68 38 95 24 79 86 91 88 98 79 6 75 73 60 18 75 93 86 16 36 39 88 83 41 99 36 46 85 88 93 52 93 77 38 16 4 9 75 22 10 36 15 48 37 90 86 29 6 67 68 64 22 47 38 24 92 6 31 11 74 31 73 3 30 26 57 92 19 96 60 39 87 22 51 78 60 21 54 73 14 0 73 97 39 63 91 75 86 78 74 4 96 85 34 18 12 42 61 65 88 63 95 35 36 6 4 16 71 34 75 50 32 17 43 36 47 99 67 34 99 12 1 40 34 
92 68 50 83 18 40 68 44 10 2 5 61 64 96 70 43 50 88 60 51 73 8 93 13 79 54 27 1 63 33 21 77 74 31 15 81 36 28 52 90 86 68 83 88 67 76 99 51 28 35 38 84 84 10 92 77 40 36 91 81 19 68 65 89 34 16 69 96 78 79 23 39 46 76 35 8 15 33 20 11 40 55 94 71 95 43 16 56 93 1 93 54 93 59 13 41 48 41 4 12 19 56 3 6 26 12 34 95 36 77 97 17 7 19 34 39 77 82 66 38 98 66 43 57 28 7 25 77 9 31 48 38 28 78 38 20 7 27 88 18 87 66 18 67 56 65 7 73 98 47 62 86 56 45 15 57 24 91 49 50 16 71 32 69 4 75 58 81 16 69 41 0 82 38 55 65 27 64 28 52 87 81 44 37 50 88 23 4 50 74 17 88 17 47 89 31 39 94 79 60 
53 18 9 58 36 15 67 92 40 16 51 41 66 70 8 3 4 9 81 42 29 6 48 54 37 76 59 65 86 99 39 42 2 90 7 31 22 36 36 36 60 89 30 0 22 53 65 99 91 54 9 40 17 14 47 25 43 11 82 77 95 34 28 46 56 97 56 48 42 85 92 24 26 83 58 76 64 82 49 53 90 69 29 58 95 41 74 49 51 67 33 95 44 59 56 1 86 83 48 96 59 65 88 56 27 30 31 41 38 26 46 30 97 32 67 43 42 81 9 12 54 91 62 35 69 18 85 78 41 60 75 88 98 62 96 78 26 95 13 92 43 35 97 70 17 18 53 36 30 77 48 81 87 97 83 39 73 4 32 54 47 69 69 92 78 7 7 4 99 8 40 85 11 74 26 88 97 71 81 0 23 53 78 22 66 0 85 6 48 55 64 13 78 20 93 67 79 84 66 90 
34 62 15 27 67 95 12 37 69 30 88 24 86 49 37 48 84 76 88 26 50 96 39 46 18 18 53 61 45 89 74 69 96 90 47 55 66 27 89 80 2 5 45 20 42 53 15 42 79 37 19 80 0 32 99 85 93 40 19 84 45 71 45 44 64 14 80 60 20 16 39 86 82 67 26 55 40 38 57 29 2 59 76 3 41 17 37 3 45 20 36 65 46 24 83 96 58 64 94 27 42 92 71 98 72 20 41 89 94 90 94 44 78 18 89 91 13 89 37 48 26 32 47 27 41 93 50 77 47 94 41 28 35 65 41 33 77 37 39 7 10 10 76 24 49 54 27 30 53 98 99 7 30 79 70 80 84 6 53 78 74 30 40 94 99 97 60 15 51 84 68 17 28 87 9 16 98 7 62 30 92 82 10 73 99 96 55 96 57 40 55 4 27 63 17 46 95 62 62 43 
89 30 16 82 6 51 46 78 85 18 70 23 18 88 48 50 52 17 91 68 8 49 9 58 10 45 62 63 10 86 93 90 67 11 6 91 6 20 35 99 87 21 94 34 88 15 3 13 54 9 70 80 39 11 83 93 36 31 72 82 64 8 94 67 38 92 32 92 80 24 36 53 19 89 83 43 81 81 92 78 44 72 84 39 88 48 0 29 60 75 46 26 34 52 89 63 65 71 88 88 10 13 33 48 13 91 90 57 73 81 47 70 46 2 1 78 47 98 70 97 19 96 90 84 27 22 86 69 24 46 75 3 6 14 93 99 42 93 65 36 68 27 87 53 89 31 52 52 74 48 55 33 60 42 38 59 11 38 16 90 4 47 93 26 72 74 9 67 93 65 68 2 99 83 22 66 15 55 42 10 55 2 72 82 39 66 4 20 14 4 65 66 36 36 17 97 6 87 21 48 
30 38 25 64 93 57 10 54 14 34 11 87 69 12 89 96 96 14 29 55 97 4 31 80 96 39 21 47 38 28 93 12 62 43 66 93 39 45 96 36 86 96 3 12 57 77 62 34 76 3 64 75 11 6 39 57 41 86 15 37 87 25 5 42 8 78 60 43 19 19 48 73 6 2 66 37 90 83 99 29 74 77 28 53 37 94 32 92 70 0 84 42 38 18 92 88 68 74 7 98 11 72 17 1 30 42 47 37 64 61 27 20 27 85 72 48 49 33 40 89 59 73 76 71 2 95 76 15 19 23 83 99 55 42 77 59 26 74 99 45 39 60 63 24 49 69 90 13 53 69 9 30 0 29 15 83 87 32 99 86 47 21 28 74 86 87 18 63 7 52 15 52 68 42 7 93 2 7 76 23 45 99 45 65 26 56 56 0 25 81 54 46 55 60 21 78 32 9 53 71 
92 2 16 39 34 20 79 58 26 73 26 11 19 4 66 54 16 10 60 95 81 47 56 42 16 0 48 24 17 29 14 76 53 42 1 77 14 54 23 19 67 45 42 33 97 43 80 30 95 11 60 2 78 48 7 31 56 65 23 11 94 16 85 53 35 94 1 63 10 25 62 22 91 93 27 4 95 59 85 37 30 11 53 81 68 53 57 12 42 11 71 36 41 89 38 11 61 9 83 49 92 55 45 16 1 27 88 28 23 46 59 54 1 63 78 11 0 47 83 54 50 94 15 78 37 11 28 37 35 70 20 78 20 54 72 28 50 18 34 34 87 79 72 38 0 17 74 33 81 60 45 69 73 3 53 46 47 36 36 21 37 63 20 50 48 12 31 20 33 34 13 42 54 13 10 16 96 54 16 74 47 42 87 76 78 88 79 40 5 27 58 31 92 35 95 26 62 3 26 0 
58 47 73 28 53 90 14 29 72 27 53 23 31 23 77 68 14 39 30 11 2 96 10 9 71 70 24 86 74 81 84 81 10 57 33 58 7 29 43 84 84 78 65 56 24 85 34 44 67 70 42 75 27 75 63 32 55 12 93 38 90 84 19 83 19 0 18 59 0 2 11 2 5 25 72 76 82 87 31 13 43 35 23 2 63 40 75 26 3 9 88 8 12 99 61 33 28 76 85 77 80 61 20 7 50 42 30 40 54 41 92 90 57 48 85 49 50 87 20 19 87 37 66 87 71 94 31 67 54 49 28 52 88 74 19 98 79 79 30 63 50 7 65 28 66 91 71 71 96 24 95 47 55 77 55 85 92 85 33 63 31 83 47 82 91 62 52 15 65 75 33 54 9 61 14 27 41 11 66 74 34 11 84 85 4 67 51 2 26 8 26 98 2 11 44 52 22 19 75 7 
54 6 39 8 64 59 90 86 30 88 26 90 91 89 55 53 37 52 53 67 53 11 55 35 19 59 89 41 39 98 68 94 45 15 16 14 45 9 99 18 94 65 3 44 92 12 63 76 38 5 30 28 85 58 85 36 83 88 24 14 28 27 62 4 7 8 0 51 7 67 63 6 4 56 93 48 51 21 17 86 36 0 58 60 91 97 66 37 37 95 27 34 73 23 78 7 94 24 67 20 67 37 63 43 76 4 55 73 50 37 14 54 70 7 9 92 70 56 2 87 69 70 11 83 49 12 52 46 33 67 92 81 39 7 62 28 38 82 58 48 97 94 68 29 92 32 31 48 15 79 19 70 80 39 27 65 91 72 44 39 65 10 24 85 97 78 10 2 95 32 70 24 90 82 11 30 99 45 72 70 80 63 60 13 81 57 29 81 38 98 98 74 8 87 79 73 45 68 45 8 
98 27 95 78 63 0 1 86 98 13 83 65 51 14 56 17 28 15 39 51 79 29 45 21 60 99 45 8 9 46 56 71 75 39 9 9 39 63 44 32 41 71 53 91 4 58 88 57 58 35 86 18 72 27 3 13 29 82 77 47 51 61 55 19 35 40 55 42 7 73 69 77 25 21 6 33 9 69 96 14 45 4 30 23 1 31 42 1 66 1 37 69 59 44 38 51 61 35 51 25 10 45 88 73 93 94 38 98 4 37 67 44 20 42 7 21 44 29 18 2 71 54 51 79 43 42 53 80 18 22 11 29 28 7 37 7 97 54 12 19 17 0 11 78 12 33 84 65 7 61 45 47 84 7 20 69 49 85 3 21 44 7 24 51 98 7 68 79 69 33 30 51 70 12 26 84 71 29 35 62 25 47 50 34 62 54 48 58 80 52 45 99 61 20 82 42 82 73 20 27 
86 59 94 75 49 76 25 75 88 46 66 77 95 55 16 7 68 25 70 87 5 70 87 45 33 63 76 15 79 81 54 64 35 60 13 94 1 12 12 71 68 32 26 2 7 5 48 47 14 15 64 23 47 17 93 64 66 99 40 69 74 59 82 9 85 65 63 37 67 20 75 27 89 4 27 12 83 97 34 14 52 83 8 54 30 84 43 36 18 28 4 65 85 47 72 56 74 64 23 56 50 16 22 80 13 72 56 48 67 15 18 35 19 55 83 30 39 11 72 80 84 9 5 82 55 38 76 5 96 50 11 58 46 0 16 33 44 17 67 1 70 92 27 83 90 90 41 21 48 90 2 25 77 72 83 61 92 38 97 65 51 16 45 12 15 52 70 3 96 52 50 92 60 38 79 69 90 76 1 87 36 25 75 70 16 80 81 34 29 0 97 52 81 80 82 73 46 4 52 78 
31 83 34 28 37 54 40 14 86 37 57 49 32 73 84 24 33 57 45 20 97 33 86 21 12 36 82 58 86 32 18 53 89 56 83 42 94 17 99 10 54 61 67 83 70 36 76 38 76 95 89 64 84 51 29 37 12 34 5 2 12 69 8 96 16 9 64 94 86 21 32 24 54 0 64 56 37 99 21 33 98 86 34 1 11 96 78 35 91 64 18 2 94 21 81 53 10 20 47 27 61 44 67 96 55 42 12 25 21 99 5 40 34 87 0 92 89 15 36 96 43 77 23 45 34 49 86 5 43 60 38 13 64 45 51 75 36 40 51 5 67 18 33 64 29 52 47 84 62 75 96 35 35 88 90 8 60 94 23 47 65 32 82 50 2 63 17 85 22 40 85 69 86 90 1 49 73 70 2 22 99 94 3 49 16 51 28 23 58 14 44 41 42 10 59 55 39 92 89 53 
47 63 57 44 46 29 53 14 0 94 30 34 31 3 19 2 77 13 49 17 82 83 89 27 77 29 49 7 39 3 71 52 29 54 48 87 48 33 25 20 26 10 32 43 50 14 60 33 54 90 32 39 76 20 17 86 59 57 39 4 59 16 59 90 92 63 6 74 47 49 0 98 73 36 77 94 44 91 32 27 64 94 63 92 14 64 10 6 83 62 87 38 50 3 64 53 6 68 83 4 67 36 19 57 11 54 76 58 62 46 89 35 65 5 28 9 98 1 30 78 25 76 83 90 93 84 88 0 21 15 3 5 24 76 6 44 56 50 4 28 47 39 45 90 95 35 52 42 23 34 66 38 37 0 56 68 59 27 49 97 65 82 89 59 27 92 9 16 62 3 40 23 40 46 58 91 70 29 27 70 50 47 54 64 84 64 38 67 20 16 88 85 40 80 70 39 84 28 92 69 
71 28 69 16 3 27 81 19 85 93 16 61 30 40 53 37 77 97 96 39 4 84 97 75 64 49 46 76 25 8 38 38 30 71 11 74 35 55 13 21 12 4 21 8 43 61 76 48 68 95 4 66 40 13 87 92 32 65 49 56 48 4 89 68 32 43 54 86 57 52 80 26 99 3 76 27 65 74 20 95 58 55 0 46 79 0 92 27 49 68 19 59 40 8 99 42 80 56 26 0 87 59 56 30 11 96 22 25 1 95 3 14 22 35 97 71 37 26 30 53 34 30 95 54 21 88 49 21 94 86 54 19 36 97 34 40 19 89 67 67 50 84 61 54 84 61 43 26 91 85 6 77 15 55 23 33 4 1 34 36 98 9 40 4 80 0 66 69 75 84 91 40 37 22 88 31 77 92 85 82 44 91 12 84 64 83 81 15 28 13 40 60 33 97 82 42 20 90 84 4 
44 87 73 25 84 99 59 40 44 51 81 72 64 34 91 66 70 46 54 4 98 77 69 72 82 26 88 42 87 33 43 42 29 33 3 90 9 61 5 82 77 60 85 84 44 92 77 54 60 16 61 70 40 94 46 29 42 33 32 3 37 47 85 83 86 53 31 62 88 30 43 64 9 10 58 29 39 56 84 85 11 25 28 63 16 78 47 59 51 24 61 50 58 31 4 70 11 53 86 25 27 16 9 35 87 53 96 76 1 66 85 42 73 74 45 99 14 31 68 97 63 0 86 99 99 33 13 19 13 28 60 21 28 73 58 50 67 9 99 52 74 9 4 42 80 93 77 15 44 63 61 84 6 34 60 85 67 17 80 87 79 10 16 47 18 75 36 42 17 30 3 74 99 95 85 48 40 48 20 70 52 40 25 39 22 56 3 73 35 95 56 74 74 63 92 30 22 41 37 11 
54 0 11 18 12 7 55 93 39 33 14 50 41 73 85 87 29 4 7 82 66 95 19 83 73 15 22 11 91 74 10 4 1 35 68 15 71 17 0 21 79 14 95 28 80 90 49 23 27 9 31 57 56 29 91 95 32 30 15 65 73 60 91 38 95 51 86 85 6 10 90 47 67 14 70 74 92 99 13 20 22 2 73 29 25 89 21 93 15 1 47 18 41 34 36 72 82 96 13 45 0 84 78 95 92 96 89 8 1 28 93 26 36 13 99 95 58 83 41 74 35 86 97 54 98 12 53 39 24 50 32 63 1 24 43 95 89 18 62 78 91 49 56 60 0 41 46 98 98 3 2 38 79 78 51 19 76 26 69 46 25 94 1 66 18 62 79 84 34 71 9 54 39 86 24 15 27 78 86 84 54 90 78 92 83 2 91 42 99 92 1 42 0 34 42 7 54 79 36 9 
84 47 52 67 20 47 71 58 0 20 94 78 56 30 27 52 56 44 10 17 56 38 81 15 9 52 16 62 41 37 16 88 5 66 14 67 67 84 58 34 55 59 20 2 2 97 94 75 57 98 32 56 94 77 65 24 56 54 55 29 72 18 73 81 80 84 22 98 11 1 0 22 36 87 42 4 84 41 11 25 18 46 53 99 57 71 61 41 62 18 27 99 2 12 15 89 94 21 73 62 40 19 99 15 32 96 81 15 52 0 30 38 88 46 4 73 18 97 60 76 17 15 99 86 47 33 72 20 85 97 35 12 74 4 5 40 10 42 57 64 20 56 55 24 90 81 55 98 8 16 11 46 32 84 80 95 52 71 23 21 0 65 12 67 62 73 95 70 83 82 98 67 64 47 9 6 60 34 44 19 56 98 14 42 20 99 46 21 20 68 3 48 63 71 75 64 11 63 93 17 
73 34 63 31 18 52 5 6 11 59 12 36 16 73 89 29 47 63 45 49 87 83 65 31 11 68 2 34 57 16 15 32 82 87 50 20 48 3 39 24 70 3 2 40 42 75 76 14 52 80 57 90 82 52 85 8 23 73 39 95 33 2 93 76 58 94 61 23 81 48 95 69 37 46 32 80 9 30 66 43 56 50 70 45 60 99 54 87 27 28 67 91 98 96 78 48 23 5 33 88 70 83 76 89 64 4 16 95 94 41 9 36 86 41 39 37 73 92 22 21 28 19 74 59 72 30 43 89 47 70 73 14 30 52 40 39 76 89 44 82 64 59 99 23 86 53 89 83 33 87 87 69 5 53 79 23 71 11 16 46 46 39 59 66 5 15 29 80 44 77 38 28 15 90 25 1 8 86 16 87 17 84 34 96 86 9 44 66 40 37 73 76 10 62 37 91 99 84 72 15 
85 49 90 78 40 81 91 17 85 36 52 80 60 67 71 78 44 33 95 93 18 47 14 75 45 50 25 66 49 83 53 89 57 79 66 68 90 68 88 84 24 68 65 15 90 68 58 26 94 64 65 3 38 33 90 78 30 51 41 91 46 20 8 18 2 8 65 89 13 99 29 29 81 76 58 3 4 40 71 29 64 46 54 49 27 35 75 98 94 9 41 21 14 84 24 29 68 45 90 58 85 70 47 14 21 21 8 13 17 9 45 82 94 83 34 11 77 41 23 50 8 36 87 68 38 81 79 87 85 28 46 14 43 66 56 43 55 0 91 36 82 57 97 54 1 83 12 56 36 92 47 95 20 8 74 5 97 65 99 63 59 63 9 58 86 45 28 29 71 36 23 89 5 46 99 57 48 82 65 12 21 38 10 64 58 65 65 28 63 6 33 37 74 88 59 41 6 52 57 60 
70 20 52 12 60 54 43 38 76 52 41 28 3 16 98 98 63 51 97 52 41 90 16 67 60 41 43 44 28 83 50 27 63 78 33 68 11 7 41 89 68 97 24 80 18 79 13 8 18 38 10 90 26 83 70 11 59 21 14 70 31 79 38 31 38 65 56 13 20 83 88 12 88 49 34 99 99 25 80 51 52 98 43 74 42 39 69 37 22 63 61 80 95 66 38 47 0 68 47 92 77 37 6 40 12 77 59 6 1 40 75 55 3 36 10 27 78 89 6 90 14 37 74 90 93 18 54 24 24 9 3 9 97 44 61 55 25 47 26 81 12 86 62 55 58 22 57 97 13 13 29 86 10 38 13 75 24 89 41 17 2 75 23 88 93 94 46 13 26 56 32 95 13 13 89 28 14 57 69 57 91 75 6 80 62 34 80 0 84 21 77 91 38 50 77 47 72 58 4 6 
23 5 77 40 15 47 59 21 77 78 34 71 80 22 57 72 2 53 37 56 98 33 56 14 77 86 3 29 34 24 33 69 5 20 61 69 22 38 61 63 34 52 76 22 17 17 53 68 75 91 26 88 49 61 95 33 78 99 78 64 11 92 15 10 35 67 24 90 99 77 39 81 81 10 55 23 25 1 55 77 0 45 85 0 17 57 30 97 78 37 78 40 92 50 19 46 57 37 41 2 73 40 21 16 62 50 34 73 61 35 11 90 78 73 90 55 47 88 49 33 24 49 55 7 64 99 69 33 28 57 57 30 0 55 55 48 98 71 14 33 8 27 85 29 20 36 23 1 69 40 60 42 8 13 25 98 40 53 41 2 79 53 20 85 96 62 76 28 53 69 31 83 10 69 97 98 78 58 98 19 54 76 90 95 70 10 75 44 62 45 63 26 90 52 50 40 74 17 74 85 
69 71 57 30 7 34 18 38 56 32 5 5 55 13 56 41 91 85 98 94 36 56 18 80 81 74 99 91 41 60 87 86 36 71 4 38 0 76 42 65 31 44 30 50 30 45 26 68 98 80 22 59 58 16 7 53 21 43 90 21 30 11 12 40 53 64 15 60 84 68 47 66 26 20 66 3 58 85 20 71 63 5 43 37 22 38 86 68 57 15 89 74 3 43 28 62 65 42 39 76 51 95 30 42 9 10 8 35 51 97 46 86 71 34 29 84 82 15 63 63 78 74 54 51 87 6 5 9 26 62 97 21 86 28 43 92 61 4 90 7 14 22 95 59 81 41 83 17 22 26 66 43 50 9 22 44 31 1 93 12 38 78 42 20 68 82 57 65 36 53 46 75 46 54 52 3 33 1 79 72 84 26 42 90 92 70 61 64 17 49 69 40 81 15 1 57 73 59 97 44 
9 9 81 78 7 66 13 13 79 50 59 12 10 61 92 60 25 42 46 20 88 12 57 41 42 61 1 39 37 42 76 90 21 19 71 20 90 19 34 86 16 92 72 22 32 18 72 16 19 73 18 8 12 40 73 98 57 69 73 98 25 95 20 67 2 69 92 27 74 16 55 61 83 30 97 45 44 5 54 95 21 80 26 47 54 63 81 72 74 57 18 87 29 97 81 18 19 38 92 76 75 80 99 52 65 66 24 82 4 10 66 40 59 9 84 13 40 95 68 94 82 79 8 22 3 14 97 24 89 42 54 46 98 49 16 11 61 3 71 24 31 69 19 36 70 42 76 43 61 99 39 9 52 49 83 38 97 89 58 4 71 57 35 94 46 74 68 36 11 6 35 88 38 2 83 11 33 22 28 61 62 83 54 60 64 85 18 28 86 83 74 23 1 32 23 79 47 59 8 24 
35 5 8 78 63 77 76 28 12 60 62 50 89 43 25 40 10 34 63 43 11 38 39 16 31 73 46 43 94 88 44 22 98 1 22 57 12 46 3 28 43 2 8 83 13 51 16 45 95 44 0 92 2 15 70 96 54 93 0 22 73 61 31 75 43 22 81 78 49 41 92 58 11 87 64 91 35 35 14 74 67 94 82 75 57 18 70 10 41 64 52 42 31 26 51 78 59 65 20 20 97 79 86 7 76 91 31 95 18 67 89 8 84 62 33 79 64 39 29 51 44 63 4 52 77 15 98 25 40 56 48 52 44 54 87 70 76 22 12 6 82 35 99 30 20 95 76 20 73 51 53 87 92 28 62 59 49 8 93 88 36 25 9 97 38 83 45 48 65 84 17 61 79 79 89 33 90 65 45 68 66 40 39 21 56 33 35 28 78 1 72 48 99 94 51 40 24 27 65 52 
70 49 56 52 90 51 22 48 55 84 34 84 15 76 35 2 88 12 2 14 92 38 58 89 95 25 58 53 5 96 7 31 32 21 42 62 22 88 52 16 21 92 48 55 54 45 9 81 53 71 13 95 44 48 65 6 70 72 49 35 13 52 46 13 69 36 59 0 43 40 45 16 38 30 91 54 81 17 16 23 22 45 18 75 85 37 87 64 47 93 50 38 77 2 16 25 11 62 27 97 18 76 26 37 70 68 7 84 24 39 30 27 83 2 74 47 59 67 9 6 95 43 51 44 51 5 99 44 34 68 69 42 70 77 7 7 56 11 3 35 97 79 45 38 33 73 37 95 7 76 99 81 25 42 17 54 22 3 0 45 57 84 79 14 55 9 16 61 80 64 65 87 18 16 74 4 46 60 3 94 60 54 16 44 61 10 80 95 99 83 43 17 76 43 19 50 86 54 37 8 
38 61 75 13 30 16 53 84 77 94 68 9 14 7 34 24 72 31 43 49 56 17 40 55 35 10 54 78 6 7 5 67 7 72 86 77 2 58 33 7 23 71 35 63 62 89 51 61 4 25 11 60 28 93 50 92 23 47 88 81 87 12 9 27 38 95 57 62 1 70 56 80 94 87 5 37 87 35 80 62 52 72 61 25 80 79 27 72 34 52 24 36 62 64 25 19 95 32 82 81 19 96 80 48 45 71 54 66 69 33 93 16 49 56 71 0 99 95 5 10 51 16 8 42 90 41 49 16 55 46 23 33 80 97 86 30 40 49 26 47 17 15 10 46 77 25 21 64 73 41 41 62 91 67 14 88 59 2 97 66 36 0 50 79 65 79 74 87 60 14 33 64 65 65 7 53 31 60 65 21 50 2 10 94 56 96 59 21 21 19 68 84 5 60 61 67 21 67 28 87 
92 58 90 92 80 15 11 76 79 3 57 1 71 40 10 7 89 97 95 46 53 16 20 35 71 85 32 68 52 1 19 5 69 6 19 32 51 13 71 32 38 35 55 86 7 36 87 84 15 25 42 58 30 33 91 18 24 71 73 15 27 38 76 21 69 80 42 7 68 23 87 73 35 33 53 84 54 91 79 74 33 36 23 10 53 59 78 10 95 42 62 27 41 80 75 60 18 70 83 98 46 57 83 94 42 71 79 32 9 79 72 72 55 18 36 78 48 28 60 90 29 26 81 16 18 49 16 18 48 94 40 44 93 44 63 67 44 59 39 49 59 30 74 44 5 59 7 61 77 61 39 51 80 47 16 52 11 79 15 34 5 74 44 74 18 94 90 33 32 4 0 52 84 54 15 99 20 44 37 52 56 27 1 88 19 93 56 93 99 56 80 17 83 29 30 39 16 64 9 12 
82 9 1 45 97 77 42 84 79 59 65 98 99 8 55 74 87 21 24 55 58 79 30 87 81 43 71 52 83 99 88 28 79 16 87 23 37 6 90 87 7 53 97 4 16 38 25 53 78 85 18 15 57 32 14 3 48 99 39 45 44 21 47 43 49 28 38 39 4 33 44 42 38 11 7 1 43 31 59 44 91 38 32 0 27 10 60 97 43 79 14 77 14 4 58 0 35 81 70 36 26 62 80 14 22 79 76 74 10 85 57 72 74 1 3 36 60 63 20 10 34 66 44 97 5 3 48 77 22 43 34 15 28 48 57 18 19 6 88 3 79 46 70 72 84 24 35 32 12 54 30 26 37 40 44 44 58 53 63 62 8 50 88 0 61 97 57 36 63 5 27 19 70 44 71 17 24 57 68 94 96 59 45 96 13 45 3 47 8 44 69 49 0 66 22 6 70 61 10 60 
40 23 81 82 97 22 20 22 74 51 14 14 59 74 78 53 65 62 77 62 51 43 51 39 51 91 33 5 98 74 73 91 74 67 77 78 6 40 97 44 95 85 16 12 70 76 89 96 10 33 62 32 79 34 81 42 59 58 84 62 45 53 82 69 71 51 8 8 36 74 30 11 54 41 95 27 64 87 30 38 7 67 86 25 45 17 50 74 34 93 45 29 43 66 97 73 81 50 43 7 20 80 74 58 3 66 35 91 1 16 1 63 64 40 80 34 64 76 4 27 32 61 54 17 85 61 66 60 31 36 11 93 85 66 99 66 66 4 92 97 5 87 25 62 29 93 17 11 77 7 41 96 15 91 53 27 90 71 84 89 62 17 87 46 55 88 63 82 16 67 94 89 93 5 80 99 31 32 69 59 87 90 46 85 29 73 84 55 74 38 40 97 57 1 78 67 82 18 11 35 
36 63 68 6 44 56 24 84 45 63 44 47 94 21 55 43 30 37 96 11 46 28 70 96 12 56 59 52 79 41 6 20 19 68 15 41 98 14 6 26 19 88 22 26 58 81 59 54 16 37 4 74 45 83 66 33 99 22 47 48 85 27 34 14 72 22 35 81 92 61 29 16 86 13 51 9 0 60 4 77 33 67 98 38 35 33 40 0 7 99 90 64 36 61 97 96 11 1 68 3 89 99 47 48 84 5 82 68 71 68 52 49 37 82 0 60 13 17 23 30 63 91 76 31 97 44 52 19 32 41 22 70 45 47 34 22 68 0 72 94 47 31 20 9 30 2 3 83 98 94 65 95 75 99 60 6 59 58 43 47 76 83 8 43 17 0 83 15 67 29 77 39 69 23 44 6 22 50 3 12 10 6 4 6 64 53 4 0 42 69 34 79 26 61 76 70 15 44 78 10 
23 26 93 77 36 66 15 95 40 44 68 38 94 8 97 20 61 87 34 50 27 55 73 28 14 45 40 54 54 6 83 33 23 90 83 41 44 66 75 9 53 3 65 14 21 4 55 61 42 31 87 52 25 50 63 9 13 69 57 91 99 2 86 45 0 49 49 86 18 10 86 16 72 79 68 11 95 82 40 32 60 15 95 21 72 29 93 79 10 35 83 35 52 24 26 20 29 68 61 26 41 33 65 27 89 20 51 98 44 78 70 41 14 1 97 1 69 88 7 37 1 41 45 63 72 84 64 70 30 73 92 97 61 89 80 27 8 43 27 63 93 44 46 73 48 51 71 58 74 3 65 56 31 53 41 10 16 74 80 83 3 93 54 96 18 13 87 43 78 62 12 17 29 80 60 48 83 24 59 13 78 66 51 80 51 34 37 34 98 71 38 82 93 52 59 7 49 53 62 8 
58 22 21 33 96 71 20 33 86 79 78 49 30 85 64 96 93 80 2 83 32 65 26 71 55 11 90 5 53 9 64 93 84 72 80 70 7 79 22 97 1 74 12 36 76 84 94 33 33 87 44 98 22 61 48 23 89 92 0 22 87 61 42 15 73 54 43 13 97 21 13 19 85 32 48 2 55 67 15 22 96 83 38 75 71 16 95 90 8 52 45 52 38 41 32 62 52 45 39 5 31 94 30 20 4 77 44 68 36 90 56 76 45 92 30 69 7 68 48 91 35 80 85 40 90 94 54 61 93 22 32 47 67 40 29 23 73 29 94 74 13 89 28 6 93 74 34 57 86 3 71 91 2 63 48 93 51 14 48 48 13 60 89 27 63 57 50 65 13 8 63 23 44 85 69 73 27 21 71 42 28 23 16 29 26 88 65 37 94 46 41 68 39 98 80 92 67 87 21 86 
94 3 83 3 17 44 97 4 83 21 97 49 14 46 86 14 94 41 74 28 50 15 82 5 79 10 47 14 89 56 57 1 95 28 58 0 42 51 53 4 37 30 0 29 52 7 6 65 78 5 77 7 83 95 3 50 82 67 63 22 35 39 91 31 8 4 60 48 97 7 29 21 82 5 11 23 76 53 21 43 91 32 83 10 46 80 24 68 79 41 12 36 40 92 79 7 70 12 0 79 18 90 41 2 85 96 27 95 20 50 61 80 23 1 4 60 26 72 53 99 10 0 74 0 65 22 61 66 60 34 91 46 3 34 53 44 58 24 17 0 75 45 10 15 81 30 87 74 99 97 13 54 27 12 68 76 33 83 97 19 6 84 81 60 10 50 84 46 62 74 83 50 30 2 38 32 10 66 50 23 74 22 86 21 27 13 84 95 96 14 67 15 45 76 90 23 62 34 75 81 
64 29 33 51 32 29 67 85 72 54 79 72 86 2 70 29 85 3 48 3 66 99 70 50 92 88 74 24 76 29 50 64 44 4 45 60 25 90 43 35 70 4 99 8 63 7 50 14 22 78 21 4 52 74 59 87 39 98 88 81 59 97 89 52 63 49 97 64 81 61 92 21 20 61 70 8 97 52 66 15 0 6 3 64 57 56 42 66 27 16 65 2 19 13 24 41 24 11 42 69 1 67 67 85 51 69 87 8 9 5 9 17 65 15 93 0 10 79 11 37 71 85 1 14 89 1 38 98 7 1 64 75 12 46 67 43 34 69 52 67 78 14 57 44 69 34 97 59 37 24 9 85 99 45 64 42 95 1 5 35 8 33 55 39 39 91 50 56 54 35 99 34 49 11 76 59 79 25 57 74 92 24 6 41 83 36 58 62 32 1 15 6 64 18 39 41 28 7 90 56 
69 72 37 84 57 45 15 66 71 82 82 40 23 21 16 39 76 66 58 9 13 42 45 32 58 96 11 84 29 48 84 82 89 21 38 14 66 74 46 46 1 63 88 71 40 49 48 55 5 3 42 11 52 74 94 48 51 79 41 97 50 84 12 47 66 85 18 11 72 11 60 19 1 26 59 7 81 50 58 74 79 87 56 86 24 2 12 60 82 40 59 99 89 33 42 70 26 99 88 56 96 52 35 8 84 30 46 45 46 18 57 88 81 86 17 71 65 43 69 80 67 85 74 67 12 65 29 16 79 1 38 84 21 38 1 18 74 62 74 9 61 27 11 60 43 68 44 1 4 31 90 65 70 87 25 64 10 94 15 84 44 26 86 57 91 59 39 20 69 12 3 42 16 71 70 63 37 2 63 29 0 16 83 75 64 50 58 19 36 22 26 19 18 38 25 56 79 25 89 31 
51 67 97 49 94 89 39 44 52 86 32 38 5 28 80 45 0 79 55 76 5 96 43 69 8 36 83 91 84 58 38 74 43 79 88 53 8 37 6 88 51 54 81 62 4 85 29 20 74 8 33 42 93 80 66 25 70 22 23 62 38 96 64 78 14 68 44 7 65 87 51 58 10 0 40 61 4 45 33 15 63 39 80 14 37 86 82 20 68 55 47 56 62 94 29 47 43 18 72 50 65 59 69 87 18 22 81 88 9 90 81 87 50 38 52 75 35 10 33 89 11 36 25 54 75 20 82 92 90 77 81 51 5 89 10 19 38 50 42 51 19 47 17 3 67 39 44 38 50 96 77 13 54 87 98 60 25 93 59 98 23 97 15 30 75 29 44 1 82 10 97 17 95 24 1 0 91 41 86 70 35 68 59 79 98 73 42 1 84 83 48 92 27 90 58 66 29 47 28 25 
3 97 60 75 25 49 49 58 41 39 44 64 40 38 47 12 50 18 36 97 57 5 25 71 57 37 93 64 15 59 1 20 35 35 77 4 59 62 96 64 81 63 55 67 44 95 93 15 2 83 66 89 75 91 17 10 53 16 42 51 8 98 97 26 25 15 1 45 43 19 64 42 55 44 91 52 51 45 68 62 18 22 82 45 63 58 5 58 64 73 95 12 76 42 94 87 58 63 51 58 16 60 27 66 20 6 64 19 98 77 65 2 47 92 9 20 40 32 93 35 17 50 49 22 19 24 98 21 72 66 21 94 46 73 46 5 39 45 49 51 80 96 64 57 76 18 71 31 90 94 65 36 16 57 32 82 98 21 27 91 10 12 1 97 62 95 68 78 25 17 31 97 53 88 61 91 73 19 32 81 89 40 65 97 14 36 80 16 32 95 89 27 65 90 92 36 23 44 95 75 
33 82 30 88 38 91 8 75 86 46 87 99 10 79 52 95 2 61 60 35 5 56 82 5 3 18 58 99 14 89 13 24 31 29 98 21 46 20 77 54 4 21 10 5 16 37 39 50 88 3 49 11 94 31 53 75 39 13 71 69 13 15 63 66 63 12 95 11 53 42 59 80 99 95 67 10 71 55 94 49 25 1 56 10 5 92 1 90 30 27 70 19 98 52 5 9 54 20 16 31 96 75 63 12 81 16 3 47 64 26 69 61 40 61 26 13 73 30 47 81 46 45 65 77 5 18 51 8 71 42 59 81 6 82 89 14 12 68 61 7 78 89 72 90 73 50 10 99 23 19 99 17 2 45 2 62 64 75 69 88 94 60 90 48 7 11 85 31 27 30 91 6 25 63 94 15 44 72 59 2 49 14 85 77 22 77 62 54 37 37 10 16 16 96 82 45 55 90 23 75 
7 53 7 18 14 22 17 24 18 27 64 78 34 83 48 79 47 87 33 86 43 99 15 33 4 96 75 7 99 99 58 33 47 14 99 37 43 17 71 78 34 47 82 12 59 82 25 47 88 53 2 50 99 5 8 86 6 46 44 31 82 98 67 38 83 90 21 19 47 52 41 81 49 32 9 40 95 11 69 14 41 86 63 97 48 83 1 32 83 60 7 32 9 63 46 89 31 93 70 41 79 43 35 72 90 47 45 93 82 55 49 56 10 97 42 64 30 73 62 67 2 84 42 19 46 86 79 99 20 99 73 7 61 90 76 68 1 54 22 91 80 12 28 16 80 28 40 18 9 67 6 26 79 33 6 91 24 76 2 20 89 17 0 72 8 9 10 61 70 82 79 80 18 99 17 19 79 86 21 44 18 37 39 53 43 51 87 73 96 87 34 39 18 53 49 88 61 32 67 13 
98 28 25 26 15 12 15 24 9 79 93 22 76 75 19 34 96 82 44 9 48 92 21 24 40 81 29 97 90 71 0 31 92 82 4 21 51 0 7 36 92 79 95 87 4 17 91 26 57 2 75 70 91 80 89 17 26 39 16 60 62 22 13 93 76 6 96 50 39 57 97 31 87 90 72 99 45 83 18 64 83 55 10 53 33 53 19 27 60 33 22 36 2 65 61 84 51 90 85 52 14 61 13 24 70 84 37 7 75 78 86 18 84 45 18 9 11 97 14 45 7 29 94 67 32 25 58 99 92 92 58 24 44 39 63 7 58 29 7 55 62 84 29 36 75 16 39 47 52 79 64 96 6 33 53 57 3 12 98 71 91 67 73 22 22 66 14 13 50 62 69 38 71 2 40 7 84 5 13 34 16 50 39 51 77 12 52 99 91 52 34 7 48 39 20 89 71 0 16 46 
19 13 14 81 93 49 27 91 20 82 19 27 23 44 68 52 17 66 17 13 37 83 34 24 76 92 32 30 7 16 71 53 83 19 65 28 80 23 22 91 66 84 38 42 86 40 67 47 0 59 40 38 40 31 53 77 66 81 40 4 10 70 72 55 44 77 55 81 17 6 73 16 86 84 54 82 16 70 0 97 17 23 23 39 96 98 37 31 55 24 14 28 21 98 62 11 74 17 48 39 43 25 83 17 89 12 55 44 50 46 23 30 61 90 96 7 30 74 48 54 54 40 92 78 71 56 71 90 95 69 80 48 98 28 41 51 58 70 33 15 87 96 7 85 78 88 65 55 24 62 99 25 55 78 51 17 61 12 81 36 73 63 91 21 14 6 23 49 93 93 80 4 87 32 81 75 87 45 4 86 29 46 62 29 94 52 3 1 46 86 97 28 52 93 20 21 84 5 57 16 
3 8 91 14 70 46 90 88 24 89 21 29 82 94 25 57 88 43 28 11 78 10 75 59 18 18 48 5 99 16 27 0 7 49 3 2 89 46 31 46 30 12 98 36 89 22 96 78 96 67 46 83 5 36 23 92 5 98 55 20 40 47 32 52 37 11 84 83 55 25 27 88 96 7 18 14 45 98 2 95 87 69 44 44 36 28 37 64 92 56 93 39 54 22 30 0 70 22 74 99 73 53 49 88 55 96 32 32 11 34 60 93 11 91 47 15 42 67 32 54 36 50 18 89 13 13 59 14 60 78 17 11 9 87 88 27 17 37 65 45 73 94 70 91 62 47 15 36 87 83 45 15 68 3 17 55 17 41 48 31 10 3 88 9 29 32 57 60 40 84 41 70 14 58 52 87 12 75 48 73 64 90 96 6 68 3 88 81 31 76 44 6 25 57 41 69 89 74 20 19 
60 59 24 42 43 55 82 46 11 21 10 17 28 46 61 96 28 3 25 34 46 3 17 57 99 32 58 94 39 83 29 10 87 48 77 58 98 59 19 82 53 23 72 82 63 97 0 25 49 89 97 39 78 27 17 84 31 48 27 77 61 10 87 75 15 5 69 6 14 31 12 11 45 55 76 73 78 34 96 40 10 46 40 75 44 94 85 56 65 97 10 2 30 86 88 98 11 45 9 61 83 80 25 24 40 20 96 17 12 64 14 98 72 58 93 83 83 74 17 21 94 0 66 40 83 29 74 8 56 20 98 23 30 96 46 54 97 58 81 35 33 13 10 94 33 10 2 58 67 13 57 94 17 75 26 91 83 38 10 37 9 78 19 17 70 85 83 73 92 37 10 70 70 20 92 1 79 80 9 21 61 77 73 4 83 44 59 12 22 25 11 92 38 67 19 95 83 70 60 60 
10 25 41 55 45 5 52 26 34 18 99 16 56 76 16 50 46 21 1 79 57 86 51 53 95 67 81 92 9 18 56 3 81 58 24 49 45 40 70 90 0 70 55 10 8 8 59 41 80 60 28 63 66 1 16 78 37 26 26 41 17 87 4 95 15 68 57 33 79 77 13 85 63 82 71 96 66 16 94 88 28 43 47 93 64 30 52 60 3 20 10 62 71 44 24 40 64 87 29 47 93 52 66 42 46 97 2 89 73 60 69 84 87 84 76 16 20 81 53 70 42 93 29 98 93 5 20 13 59 79 43 86 18 81 5 1 90 58 75 30 1 16 12 57 56 30 29 45 68 82 4 86 80 89 11 85 37 38 51 63 76 77 66 71 22 65 86 12 10 43 91 14 50 40 10 42 87 29 91 76 3 5 4 56 92 17 55 16 86 59 63 13 35 39 69 13 62 18 56 92 
2 59 18 98 17 8 69 51 37 57 22 32 13 7 79 41 59 15 99 75 13 64 18 28 5 30 94 81 25 73 81 8 71 78 91 25 57 8 79 2 81 25 45 93 51 94 35 5 11 93 49 33 88 69 69 48 61 75 51 66 92 75 11 58 68 40 20 32 55 44 17 52 31 80 90 32 28 20 69 55 87 85 46 23 13 2 20 48 91 32 52 85 41 86 87 54 89 17 15 47 89 37 46 36 51 59 91 77 84 55 61 4 71 33 69 32 12 8 62 85 96 63 19 10 42 84 33 13 6 13 89 49 70 89 88 24 46 39 13 43 24 85 15 39 95 3 68 41 8 45 5 82 87 55 3 8 63 63 92 59 40 96 94 83 95 17 9 32 67 60 32 11 75 76 82 21 32 1 93 86 49 26 79 8 88 31 27 63 62 33 98 23 86 35 82 12 66 58 2 13 
74 58 88 45 97 14 40 21 34 26 1 58 15 8 69 70 32 81 52 24 97 17 65 45 20 64 77 25 38 26 75 63 44 42 24 36 43 98 47 12 31 78 16 10 43 98 11 85 65 92 6 59 83 23 34 71 27 16 38 69 99 87 92 17 92 46 58 64 60 8 52 46 1 57 66 81 68 51 61 8 14 84 57 28 1 38 93 55 6 24 94 13 98 87 37 52 83 39 4 70 24 76 87 46 27 27 15 39 86 41 94 68 76 73 40 13 90 4 54 89 33 82 45 85 9 56 77 83 91 90 19 50 39 46 39 77 10 52 62 74 53 87 7 37 69 79 28 25 18 72 44 10 93 24 27 36 7 41 37 3 34 65 58 87 38 82 18 10 93 60 80 96 22 60 16 58 16 18 62 94 13 46 85 93 21 8 11 42 53 34 57 7 79 66 51 62 48 92 46 58 
28 47 9 45 73 78 57 52 54 6 56 76 36 11 7 87 25 32 39 1 77 47 1 4 99 88 92 74 90 72 72 40 83 41 93 14 12 76 86 74 97 56 22 85 38 1 71 16 62 87 57 70 34 36 17 38 17 63 83 48 15 62 60 17 35 66 44 23 9 70 75 93 39 82 82 22 32 33 17 11 63 33 14 64 41 77 72 96 61 86 26 0 67 86 98 56 7 83 45 79 63 92 55 48 84 29 54 18 28 3 8 41 40 62 58 53 9 94 24 38 44 55 61 37 18 85 57 98 31 14 50 50 99 90 39 88 46 78 64 22 96 96 25 53 49 62 81 97 78 59 11 66 21 61 30 55 5 13 62 95 20 49 13 94 71 96 63 0 87 67 74 45 68 6 41 32 91 57 70 85 16 60 62 21 56 32 48 76 87 76 25 66 97 10 95 88 93 87 47 13 
79 78 13 85 2 79 6 6 13 67 55 93 20 33 24 54 93 60 94 9 56 60 46 44 62 19 91 43 77 25 99 31 72 81 80 98 88 9 29 6 4 48 30 52 45 99 67 19 25 2 21 25 33 67 41 96 64 62 67 49 94 19 46 61 60 86 17 33 10 74 73 8 99 84 0 55 79 24 73 48 15 48 85 49 61 47 50 71 58 57 57 62 76 98 1 24 51 32 26 62 74 64 20 61 78 27 96 49 35 93 87 10 44 55 77 0 16 70 28 53 80 23 66 91 51 68 64 43 59 23 52 12 90 57 68 21 33 29 64 75 88 39 33 53 2 75 27 48 2 83 20 33 78 76 70 72 44 55 91 15 18 62 75 36 57 76 6 15 33 39 42 60 74 76 59 60 23 97 97 61 84 18 58 11 45 32 45 60 2 29 18 16 99 55 11 45 4 25 42 16 
93 71 79 25 94 70 97 92 55 71 88 92 22 55 58 96 17 71 7 40 5 80 41 57 55 69 79 4 54 60 68 0 73 75 55 14 3 0 66 48 20 19 40 89 66 58 56 68 40 9 39 15 61 47 3 90 17 72 69 40 59 17 63 18 42 61 26 62 25 26 7 37 56 87 25 19 2 3 11 50 44 58 30 18 39 13 5 80 25 96 71 66 64 84 96 30 83 43 44 93 9 27 44 38 11 61 55 79 5 86 96 35 64 94 68 68 34 16 31 59 67 42 82 90 43 29 88 1 88 32 68 24 66 97 89 8 75 20 41 84 15 83 11 62 16 97 81 10 71 39 89 38 8 72 66 7 34 36 40 71 98 35 96 95 32 43 42 11 54 79 0 11 97 18 36 40 97 7 65 12 37 50 34 66 55 83 26 38 1 5 15 55 28 66 90 38 43 25 86 14 
95 52 88 92 14 67 75 21 10 37 87 1 44 97 48 66 64 72 0 26 35 17 92 74 38 96 18 3 60 47 95 61 91 50 93 82 55 19 83 96 72 89 16 58 4 12 93 3 68 33 94 40 56 70 2 23 36 1 18 73 74 33 91 74 49 49 7 61 70 12 2 29 13 73 93 26 18 8 54 49 10 59 53 39 12 78 30 71 39 17 33 14 34 56 87 74 49 61 25 3 73 68 94 29 71 59 91 34 21 79 35 47 10 43 25 72 48 35 16 93 42 84 38 55 54 66 46 28 19 26 16 33 4 89 40 40 65 53 25 37 38 38 95 86 5 44 93 47 67 87 16 43 54 6 14 43 40 0 86 10 68 20 12 38 29 97 7 85 24 89 42 48 23 13 44 57 38 85 79 27 69 92 10 42 58 19 45 54 64 79 77 32 43 16 53 91 82 90 21 57 
91 5 93 71 26 13 44 29 65 88 5 0 15 96 29 24 18 24 51 54 21 33 76 15 41 52 15 31 55 86 84 60 82 68 35 97 27 28 80 9 55 76 32 80 27 54 23 93 42 55 87 97 2 80 59 23 68 65 74 44 30 52 93 1 30 78 92 78 96 0 88 14 19 69 88 32 56 73 62 96 83 45 15 63 62 18 58 23 10 28 45 46 25 0 96 64 42 67 92 55 3 51 92 63 49 87 73 55 79 11 71 86 40 27 29 21 14 61 21 92 31 7 81 42 47 97 25 74 38 67 98 96 8 55 99 57 45 82 90 95 38 71 93 90 53 63 30 66 4 39 51 45 69 39 34 96 37 53 0 27 50 74 80 20 1 63 74 96 24 70 45 60 0 9 58 45 79 51 86 51 0 30 69 43 78 57 28 27 90 99 96 62 23 84 72 76 68 47 33 27 
41 3 80 51 62 25 84 59 13 86 36 48 68 97 87 13 58 28 58 44 2 44 71 60 76 93 83 0 56 90 44 66 69 61 40 56 15 7 72 47 35 27 22 92 38 80 65 64 47 47 54 51 93 14 39 4 42 61 57 55 6 30 95 75 54 60 41 54 11 88 14 66 34 72 22 4 29 39 19 40 35 48 82 2 16 18 32 23 31 48 74 89 53 14 30 84 22 80 98 49 30 82 50 79 72 76 85 67 26 50 84 28 53 26 79 84 46 48 4 85 33 79 81 15 29 42 40 69 45 34 37 71 49 58 76 59 32 99 95 50 8 1 14 56 78 9 17 67 23 9 58 97 16 76 67 33 94 95 10 75 70 96 80 34 71 28 75 17 99 29 40 17 79 32 51 58 97 25 39 48 16 23 21 75 55 65 20 30 33 3 40 93 61 16 88 82 60 89 16 74 
11 58 43 51 75 63 56 75 78 66 59 50 20 27 38 9 10 64 0 23 29 79 50 16 86 96 25 16 45 87 87 53 11 38 33 64 93 35 76 58 29 92 91 81 91 78 41 28 81 99 35 16 27 83 16 16 29 18 58 91 45 16 28 23 24 57 6 22 56 62 45 29 43 27 88 47 50 75 82 71 12 52 25 71 29 28 97 0 55 17 25 88 76 87 3 92 84 35 30 82 16 81 85 84 51 95 70 6 76 69 96 48 32 45 69 75 69 4 6 21 68 0 32 47 51 91 91 75 73 24 9 59 54 77 1 28 66 17 65 6 77 62 77 43 41 61 8 38 43 20 79 70 18 9 56 27 73 38 61 93 15 41 47 26 45 80 53 41 10 47 32 56 90 37 35 85 17 84 50 61 37 69 0 44 3 11 77 49 78 83 65 77 45 68 55 46 93 76 89 6 
21 6 37 55 46 90 99 6 90 30 39 35 73 54 45 51 62 42 43 56 26 66 79 64 11 86 46 5 95 91 9 52 11 47 46 57 37 68 88 13 59 79 54 41 59 30 38 70 48 74 42 49 42 75 63 97 41 80 68 79 78 75 96 42 70 20 32 7 51 69 72 86 77 79 49 54 37 71 58 21 24 71 93 52 77 82 97 61 4 24 9 5 62 55 59 21 68 11 34 75 37 4 6 83 98 42 42 35 9 28 38 65 66 1 25 80 44 71 12 48 46 68 89 75 64 75 54 0 53 66 30 57 38 33 69 97 65 12 58 7 70 37 30 38 26 64 98 5 50 78 97 25 34 55 67 36 94 95 97 4 15 3 66 37 27 33 22 99 91 69 25 79 81 14 74 15 37 88 12 24 31 87 24 64 33 28 4 97 91 23 84 61 28 1 59 54 3 62 81 99 
38 54 2 87 25 95 25 13 74 74 34 25 51 98 85 15 97 29 0 53 88 19 98 74 71 40 30 8 94 61 81 81 45 9 95 58 18 92 33 87 57 80 2 51 71 60 59 95 85 33 23 61 15 55 49 19 5 32 0 24 56 54 48 70 60 7 34 72 68 73 92 70 19 36 58 3 74 3 80 71 38 80 77 97 59 87 91 18 1 53 96 14 74 46 20 66 48 89 96 7 80 50 55 34 39 36 79 9 12 8 30 40 39 42 1 64 41 19 69 92 43 15 80 81 27 23 94 40 80 93 21 25 85 19 26 22 69 38 45 47 26 4 50 49 84 59 41 22 3 71 82 76 23 58 86 90 55 91 86 73 8 25 89 46 12 92 28 55 46 68 76 64 55 33 32 80 13 99 43 88 23 48 12 76 82 90 80 56 27 0 28 52 29 52 15 19 11 62 7 92 
45 16 55 18 63 25 51 26 79 67 92 70 69 32 65 4 71 19 3 56 74 52 43 6 82 45 85 11 36 71 57 1 90 37 7 34 47 87 41 82 77 29 40 31 3 92 62 49 51 49 94 25 52 66 5 2 55 70 53 83 31 13 31 24 50 54 60 23 62 10 84 56 84 86 10 96 51 77 15 39 28 85 35 52 18 38 76 17 76 30 44 87 66 26 65 43 36 21 42 86 24 36 53 94 50 6 63 9 69 17 20 9 57 97 36 53 14 83 1 3 22 21 18 62 11 0 47 46 72 57 21 86 46 88 4 49 9 86 28 41 67 62 93 4 63 23 18 99 55 67 48 79 80 75 74 9 94 41 88 62 62 14 65 4 66 2 13 16 69 24 71 84 91 7 37 39 24 61 1 18 42 69 4 14 83 24 14 15 37 3 17 31 51 76 45 83 55 66 11 97 
16 18 92 59 13 64 73 71 90 13 9 0 9 49 43 43 70 28 40 29 62 89 82 96 98 95 38 20 74 84 16 64 84 27 33 74 95 60 13 99 96 77 2 18 47 87 23 15 65 51 25 54 12 51 55 41 40 84 56 39 81 40 94 70 49 14 68 60 35 73 17 28 79 87 43 43 81 40 25 13 32 85 81 51 64 57 88 60 24 57 15 19 63 2 38 71 33 5 43 74 52 94 1 6 97 38 33 65 57 50 81 66 84 91 87 72 21 23 25 19 10 63 99 65 32 87 56 62 2 59 4 31 31 99 32 16 14 62 8 0 57 42 11 9 76 27 93 92 11 81 25 90 2 78 27 68 33 57 75 84 67 0 4 68 82 8 0 54 4 50 76 21 53 56 86 15 40 82 85 80 62 47 5 22 17 51 28 49 33 97 81 80 53 20 62 13 16 97 11 21 
93 0 77 92 43 81 99 0 89 49 20 23 27 49 65 70 46 88 26 83 1 68 40 71 91 7 72 53 62 87 62 25 76 71 90 32 93 87 94 87 14 46 22 38 89 35 61 95 97 67 53 35 91 16 41 49 29 81 92 96 86 12 64 50 34 88 0 22 27 28 71 41 47 31 55 28 25 66 65 1 19 62 77 97 97 3 60 81 55 66 55 43 43 93 87 51 53 41 23 61 27 6 14 97 37 55 82 58 37 84 72 31 7 47 33 16 99 71 88 7 74 10 93 86 21 99 49 24 71 87 83 78 75 7 95 0 39 69 41 44 27 82 95 70 33 29 30 28 39 46 11 44 97 69 42 4 33 12 59 10 64 82 4 20 47 62 37 37 57 95 2 33 91 37 34 73 49 12 77 30 27 71 27 48 48 92 9 38 22 66 77 17 55 14 81 64 77 23 17 65 
72 12 6 89 47 71 77 41 84 0 52 42 94 2 89 46 0 61 72 51 88 75 15 0 80 36 12 74 31 17 67 20 75 72 65 6 17 26 96 46 13 96 7 40 69 11 41 43 32 25 9 28 32 73 41 15 19 34 31 37 36 30 3 41 2 55 94 65 45 21 51 35 21 2 60 90 43 85 75 51 37 33 69 81 13 34 38 0 97 94 43 33 45 89 97 41 69 9 75 73 69 27 53 60 71 54 33 19 0 98 2 53 17 96 4 77 51 92 47 93 81 30 20 32 5 38 4 11 37 78 98 91 27 98 3 18 71 82 19 73 52 2 59 41 90 93 37 77 63 22 28 10 87 60 41 27 96 5 33 12 41 42 84 42 14 37 53 9 41 87 14 24 76 63 31 48 15 70 94 60 91 84 25 4 7 99 20 5 54 66 16 47 66 77 61 4 23 60 7 76 
14 65 82 38 39 66 56 50 97 2 69 35 78 54 70 75 78 27 71 4 48 14 1 93 70 28 92 77 37 35 92 68 97 80 91 0 74 79 26 90 87 64 59 65 53 56 82 22 48 23 15 92 5 23 24 2 27 33 11 55 40 42 18 76 47 97 12 89 35 82 91 25 45 34 0 71 46 30 99 57 11 33 44 90 81 14 72 65 89 69 20 19 40 49 83 97 26 6 22 70 48 8 13 50 44 15 64 64 80 32 11 33 5 36 13 82 93 96 91 46 14 9 92 11 74 0 72 3 48 5 29 6 25 35 77 34 66 15 90 49 39 66 31 74 45 72 88 35 88 19 39 86 12 55 35 63 73 91 57 5 1 16 81 11 8 93 91 52 46 6 23 18 72 21 22 80 28 17 67 46 6 25 1 33 67 49 97 63 66 35 61 23 83 33 30 25 71 92 11 57 
17 56 44 86 82 63 34 22 56 47 51 98 16 60 8 38 5 26 57 22 39 58 94 87 40 46 95 13 46 94 81 73 37 70 35 62 42 45 73 80 83 35 80 4 81 98 18 98 72 53 37 8 10 69 54 58 95 77 34 63 59 6 0 63 65 14 16 77 46 36 60 11 37 51 94 27 93 86 69 81 84 0 55 18 23 61 90 83 17 49 5 86 68 87 86 68 45 57 13 88 20 82 7 43 57 68 40 60 5 23 58 30 39 34 4 68 16 40 74 40 17 82 5 19 88 11 9 67 62 32 16 6 52 85 10 43 27 23 63 51 64 91 65 93 79 19 79 33 59 96 94 53 51 28 1 53 32 1 26 45 15 37 22 68 88 55 85 87 79 50 52 71 46 21 22 63 23 87 10 78 12 0 93 19 92 39 95 9 7 61 80 65 12 69 31 70 74 26 35 61 
54 19 88 17 24 93 85 36 72 34 99 58 65 7 0 42 82 35 93 26 13 11 37 96 74 25 11 95 77 41 81 55 71 96 34 40 60 67 57 19 32 24 16 22 4 87 99 33 51 96 36 69 15 55 43 78 0 68 2 84 66 60 67 65 26 15 81 85 84 87 68 89 94 85 67 5 76 59 90 8 99 6 4 94 35 77 71 94 66 89 11 4 0 27 89 32 64 39 60 87 84 13 96 33 23 45 96 4 22 23 97 97 41 45 13 80 27 45 9 0 61 86 83 80 35 2 27 67 35 99 4 3 75 22 73 12 29 29 85 35 77 95 28 61 37 62 79 0 7 43 33 62 52 82 35 55 88 25 16 92 42 93 49 16 37 36 53 94 67 27 81 9 73 43 10 79 23 67 25 45 46 36 39 17 83 1 16 70 69 52 14 32 58 80 3 67 74 28 75 86 
73 0 71 59 2 79 92 61 84 37 40 68 84 2 42 44 42 35 81 52 20 23 59 89 5 24 74 84 23 23 62 36 24 69 12 40 53 67 74 31 79 53 20 12 85 43 11 61 66 4 89 22 9 26 12 39 18 81 41 90 11 87 95 70 43 88 28 1 5 56 80 50 80 53 97 42 10 65 34 60 66 32 99 88 63 65 88 98 6 79 86 94 62 78 38 81 30 15 83 81 70 36 14 22 4 15 35 82 78 2 87 78 99 39 8 17 42 93 57 20 91 42 63 67 29 30 75 76 2 1 8 9 85 52 39 22 46 46 73 79 41 92 30 55 0 9 84 66 62 8 1 4 76 26 25 66 91 93 45 32 46 29 4 36 17 33 0 35 78 49 85 37 7 97 10 38 49 62 31 18 40 31 97 88 70 20 63 10 24 70 6 68 66 89 12 7 95 17 66 52 
53 98 45 22 17 92 64 52 70 83 20 78 83 27 5 49 67 78 43 72 65 40 68 42 42 60 38 90 5 30 54 38 97 32 34 47 39 32 45 56 68 86 29 41 27 10 37 6 98 21 91 84 77 5 28 54 67 26 26 8 1 78 39 1 21 51 36 27 67 59 58 23 90 21 36 96 5 46 93 19 11 2 44 1 52 76 38 14 44 35 26 78 94 15 48 84 74 91 2 28 23 92 66 96 60 34 58 51 8 14 92 22 99 71 6 68 46 49 65 99 54 67 52 39 57 80 24 43 22 20 89 38 94 3 48 60 19 7 47 77 92 74 7 21 61 46 85 88 40 4 3 67 24 34 62 20 93 24 36 39 72 70 22 10 25 44 3 74 78 82 58 62 5 5 30 32 81 42 88 90 45 1 26 46 58 48 10 77 30 85 68 40 44 9 63 48 90 51 52 72 
1 41 85 60 92 1 41 44 16 74 1 89 34 16 63 40 4 21 56 85 29 78 92 21 71 34 8 47 28 41 67 91 57 91 54 40 24 37 36 84 4 24 2 62 37 74 98 91 59 62 98 80 73 39 99 99 60 39 63 95 32 80 8 13 97 7 30 69 2 37 2 26 60 3 12 8 84 49 66 18 94 77 70 23 10 48 35 65 0 89 30 38 64 49 86 94 49 67 49 33 21 73 45 43 77 91 23 16 99 66 57 11 25 75 6 30 84 37 98 16 89 45 51 42 75 49 3 62 85 42 14 76 37 37 19 21 93 32 58 66 65 62 45 39 81 97 80 40 32 55 73 56 5 65 36 67 49 90 73 51 90 4 35 3 34 66 5 20 59 34 15 29 26 91 27 37 69 45 1 18 17 60 64 32 4 79 65 62 95 1 37 72 59 93 86 6 93 46 98 72 
0 41 92 34 26 91 83 54 73 93 12 51 35 33 26 28 16 41 92 66 84 63 87 43 1 45 16 36 53 46 52 47 91 93 58 32 98 80 49 45 58 44 67 20 7 34 73 6 91 77 68 12 16 67 34 20 30 97 41 98 50 19 1 96 48 62 17 0 72 60 44 3 95 65 80 29 16 40 67 99 81 10 16 20 84 20 8 37 81 15 49 59 49 31 39 5 99 57 13 37 75 13 78 63 4 58 40 1 39 73 25 50 56 28 97 37 11 52 27 95 27 68 96 8 41 0 3 35 85 80 89 68 92 41 77 2 18 90 7 88 82 43 83 5 94 50 7 96 81 98 96 13 86 57 41 56 46 20 96 89 25 68 27 41 37 91 90 4 76 61 73 68 79 72 33 20 86 98 46 92 6 18 71 40 25 44 81 8 13 77 65 43 47 58 45 27 53 59 49 92 
98 67 38 2 93 98 14 28 69 23 49 10 59 48 96 39 84 95 48 92 49 97 45 15 28 16 96 55 13 57 41 62 84 72 1 49 81 76 91 29 53 9 90 90 75 76 34 44 52 72 78 91 94 26 25 27 19 44 4 12 80 17 8 56 11 40 67 86 94 42 81 70 1 72 75 63 51 70 3 31 60 73 75 13 81 27 18 11 84 40 64 75 14 79 40 83 98 31 76 88 12 47 17 35 46 29 53 85 10 18 5 81 20 88 50 59 1 8 81 40 32 38 5 79 71 71 18 66 46 73 72 13 44 61 22 50 38 94 35 37 72 84 29 54 84 15 12 85 46 93 65 93 50 33 28 49 68 69 42 95 97 27 67 13 56 99 39 80 68 12 43 23 17 20 51 77 21 77 45 7 96 26 72 56 38 21 3 33 16 30 64 74 41 47 44 98 51 93 27 36 
8 64 95 34 22 59 34 23 43 66 33 91 0 63 24 90 36 66 34 38 88 92 55 76 46 94 25 1 50 92 3 60 75 92 85 59 22 79 60 71 36 38 64 36 61 8 27 29 69 60 99 60 18 12 76 85 22 25 96 12 43 26 67 44 60 9 7 38 49 77 31 6 38 17 93 60 16 85 42 17 68 63 45 88 68 63 4 88 27 58 86 79 77 40 7 81 3 24 90 69 32 2 68 88 24 23 18 40 60 63 84 34 46 35 51 66 98 27 4 50 97 19 54 74 96 62 63 43 21 44 1 79 22 44 79 84 54 76 33 75 17 60 55 2 22 32 70 97 22 78 95 42 74 91 34 24 73 37 30 5 41 76 78 14 71 17 27 2 29 64 39 57 39 45 41 56 32 78 26 38 58 63 48 9 52 25 28 17 39 23 21 52 71 94 95 11 88 44 26 23 
96 71 7 68 75 3 48 62 88 29 42 9 77 85 86 34 99 43 73 30 22 61 37 7 28 69 61 33 80 33 42 3 12 14 43 77 64 32 37 69 79 6 48 81 52 58 54 78 29 60 45 31 79 12 63 3 7 5 24 65 47 75 96 5 47 43 89 51 10 14 87 92 8 95 6 86 46 49 16 41 68 24 88 43 25 11 6 47 16 6 64 18 18 44 64 66 51 40 59 40 46 79 33 27 55 49 85 81 51 70 56 30 19 83 50 15 76 49 61 84 7 4 68 93 15 27 38 97 80 51 35 56 30 77 58 40 77 53 89 10 24 85 78 26 63 85 14 54 69 96 3 34 45 3 94 13 93 28 65 15 72 90 69 68 85 99 3 5 77 58 26 44 75 70 37 84 26 42 1 89 7 7 1 60 37 35 64 27 93 99 10 48 77 3 51 68 92 57 29 2 
67 11 40 76 55 21 10 1 14 66 35 7 86 14 7 63 4 0 75 75 93 76 30 59 23 68 39 3 61 79 77 88 44 30 42 57 29 14 61 44 11 1 44 21 99 37 25 50 8 26 59 52 28 43 27 57 44 28 95 82 31 5 14 58 7 26 85 96 67 41 38 58 40 56 56 99 96 8 14 74 27 13 51 79 62 1 61 53 26 91 49 0 71 27 26 18 40 47 53 25 64 43 45 94 77 73 38 32 28 11 20 22 17 90 21 67 20 96 14 72 64 64 70 46 40 53 19 41 35 36 38 67 8 74 69 45 2 26 60 5 68 42 5 27 41 15 11 85 57 93 80 5 31 57 29 32 62 3 47 81 33 7 64 34 84 43 20 75 48 21 28 57 54 81 90 61 43 86 66 56 54 73 48 25 42 41 0 93 89 17 91 62 81 67 94 99 39 3 92 23 
18 96 83 53 85 60 11 67 79 57 66 33 53 98 91 7 61 20 61 89 66 47 46 52 8 60 61 90 77 56 2 70 64 57 72 80 53 87 91 33 81 58 94 20 92 46 62 68 28 99 93 70 0 98 66 53 85 59 34 58 71 56 81 3 51 6 77 19 15 59 44 53 30 76 72 16 6 75 76 0 28 80 44 77 95 52 85 16 96 38 50 80 80 38 55 51 50 45 16 37 86 82 96 24 14 2 22 41 88 31 63 66 92 64 70 9 80 78 61 95 37 2 52 24 32 49 62 14 49 44 10 31 10 50 0 93 67 90 5 8 25 69 41 39 29 19 58 87 82 25 71 82 49 55 51 77 80 59 32 3 44 66 19 49 96 69 92 70 35 95 17 53 37 97 80 66 21 46 38 58 85 91 78 83 15 2 94 55 3 47 74 34 12 47 3 34 7 29 96 47 
9 37 90 4 69 39 5 68 70 7 36 92 38 90 65 71 67 77 66 31 45 45 27 64 72 83 26 83 7 68 19 53 26 0 27 7 92 31 59 36 84 36 53 81 52 53 67 65 78 18 55 69 10 97 42 25 89 38 55 87 21 8 58 91 97 68 2 41 10 61 72 75 49 59 57 46 31 56 41 54 67 87 85 84 31 99 26 20 38 8 95 59 32 84 30 43 82 25 21 36 83 65 26 25 99 10 87 27 72 62 64 37 66 54 15 25 67 95 5 98 43 21 86 3 88 84 68 54 49 19 65 48 40 95 94 69 9 12 85 91 38 13 61 20 84 50 79 55 75 45 93 42 0 38 72 78 30 72 31 55 15 66 14 91 96 51 28 31 36 60 97 95 17 36 83 15 8 2 71 3 69 57 54 81 22 85 33 72 60 0 58 43 39 79 87 66 0 85 8 41 
11 80 4 50 25 71 32 75 34 12 0 17 96 56 10 15 64 87 84 26 77 0 44 93 57 68 74 4 94 93 26 4 14 63 90 97 7 42 62 28 42 71 34 68 93 80 64 87 94 1 78 8 38 52 38 51 86 15 29 86 48 92 33 31 34 33 43 64 38 53 15 41 85 7 52 20 30 86 43 77 21 17 39 73 65 56 8 73 53 26 49 91 94 76 30 76 70 78 54 34 51 29 84 91 62 48 0 63 2 79 24 42 4 57 59 38 73 88 42 88 30 79 30 85 58 59 73 31 2 54 16 19 76 36 84 57 86 18 92 6 33 9 7 14 11 75 34 38 38 77 12 32 34 48 40 88 62 67 2 97 54 13 30 52 3 95 49 32 12 41 81 52 8 50 76 61 87 25 28 70 1 1 13 48 24 43 82 85 22 78 13 14 95 43 57 25 52 75 33 12 
72 10 23 94 74 48 34 29 23 58 76 22 25 17 58 53 76 99 97 12 48 51 21 65 4 61 72 85 2 58 78 68 14 43 74 15 39 41 43 37 55 25 51 69 6 70 84 38 75 23 93 64 14 93 91 70 73 85 46 37 97 46 5 76 27 29 97 89 7 76 9 43 32 12 61 11 33 14 72 36 80 21 86 62 51 30 80 63 39 64 54 45 37 85 33 26 46 57 90 80 7 85 65 15 9 98 50 42 89 91 65 86 67 60 24 13 24 33 93 10 49 15 45 28 90 41 93 7 83 9 87 45 34 48 95 58 26 67 65 7 22 56 90 1 88 76 59 54 88 90 25 23 27 48 67 98 81 24 36 22 31 7 93 28 9 61 34 24 95 31 92 49 37 44 90 69 8 37 46 8 95 73 55 55 14 81 72 88 98 32 71 8 93 33 79 0 79 36 40 96 
45 70 17 98 69 77 66 49 66 75 46 56 57 66 50 29 89 56 16 58 55 76 55 52 81 69 27 54 88 33 23 7 47 28 29 70 50 90 38 78 51 91 87 6 83 5 63 78 80 19 22 91 66 48 33 4 88 98 79 41 8 96 12 92 82 18 24 82 68 67 42 31 94 79 33 85 8 42 34 78 60 13 55 92 66 24 72 96 53 31 89 70 72 49 23 28 44 46 98 66 44 40 37 57 35 72 19 50 97 42 55 8 44 14 79 92 92 60 55 97 88 18 7 41 43 68 91 67 7 21 82 81 61 61 37 47 98 66 19 8 41 87 37 21 92 61 94 12 3 32 21 19 22 70 89 41 10 42 74 32 87 20 81 11 92 58 4 98 80 54 71 64 28 74 82 48 13 96 72 31 23 28 63 45 57 95 65 18 55 41 78 24 78 13 67 30 8 47 23 50 
60 30 20 41 38 52 40 90 21 26 20 50 4 52 89 68 80 5 93 78 60 23 0 46 22 74 16 35 9 56 66 46 26 88 14 24 48 15 48 59 14 88 84 65 91 93 99 19 16 76 43 46 97 54 88 14 71 73 40 81 19 98 56 6 43 51 37 53 65 41 34 2 0 52 42 23 59 85 8 39 71 80 13 77 68 24 42 82 83 12 55 14 63 63 39 92 58 42 8 23 85 56 73 11 30 87 11 1 8 45 21 76 28 25 44 44 39 31 85 44 4 62 44 70 88 96 9 1 27 19 52 90 4 70 99 19 32 29 79 94 39 10 63 81 51 84 43 50 66 93 91 36 17 90 64 42 6 90 51 12 50 37 62 68 11 74 94 98 82 10 1 27 7 94 76 18 13 27 56 85 67 77 54 99 55 62 7 50 90 83 1 70 40 16 99 22 90 8 95 27 
69 67 38 11 0 63 88 89 65 23 29 61 60 95 87 85 57 45 65 65 7 33 83 66 88 75 66 51 51 95 62 27 20 94 87 51 67 63 85 3 3 45 15 88 20 47 58 49 79 35 37 88 53 11 72 30 63 0 30 1 4 41 3 58 79 25 46 7 83 92 1 11 4 23 34 23 84 77 86 23 50 64 93 74 17 4 65 30 12 11 62 80 48 65 81 55 67 54 15 62 52 29 94 2 51 27 10 24 51 81 13 13 48 28 99 36 86 50 79 16 59 86 7 89 80 3 82 26 83 11 36 61 75 66 38 11 76 56 71 31 81 35 97 64 27 55 64 13 4 0 11 33 8 10 9 48 90 76 72 88 3 91 84 67 10 47 61 72 88 73 12 16 62 35 19 63 55 6 32 66 47 54 56 44 40 31 16 72 33 14 76 33 16 53 70 73 48 32 13 1 
74 12 34 65 79 85 43 36 39 71 82 79 52 64 85 14 82 29 48 97 86 70 70 20 89 23 75 22 38 61 29 83 66 0 41 33 75 13 57 51 71 11 32 95 82 94 61 18 71 49 92 17 95 40 49 58 98 92 51 23 26 90 96 14 41 65 37 22 90 92 32 49 15 51 0 47 98 60 33 2 21 69 37 18 95 9 63 90 67 84 85 67 51 59 23 25 85 3 34 97 93 8 93 14 20 45 75 58 51 58 33 54 94 67 47 8 50 3 78 37 97 87 35 43 14 24 38 29 33 6 43 45 11 35 21 1 73 15 17 45 25 33 17 71 30 17 86 20 89 36 51 22 99 57 95 59 77 85 21 37 62 66 45 78 68 91 77 39 42 83 90 75 96 15 93 89 43 29 86 77 99 34 90 82 66 14 30 82 66 99 39 42 94 7 28 66 85 46 16 67 
8 3 21 49 1 45 20 83 31 41 18 28 28 43 22 25 65 78 72 37 33 64 13 40 64 53 80 67 41 50 41 62 94 26 84 82 43 52 79 38 29 95 56 9 21 53 97 30 8 66 25 71 24 33 52 2 16 60 25 29 76 5 75 43 4 35 81 88 46 42 71 45 94 62 42 51 85 42 81 54 55 96 61 57 81 3 46 40 75 49 59 97 95 26 31 3 82 16 21 64 35 41 13 37 17 46 57 71 52 97 27 60 75 17 91 58 8 24 75 40 8 38 77 67 29 45 73 42 57 84 80 4 93 19 48 85 74 83 16 80 18 26 11 85 83 46 28 27 3 94 41 59 95 49 84 26 2 42 17 99 64 87 41 56 0 34 35 70 50 41 5 11 40 49 93 72 3 29 20 8 24 24 94 0 29 32 48 54 2 45 67 91 52 5 22 59 61 89 85 12 
75 88 14 24 1 38 84 42 76 12 87 68 63 78 76 68 77 37 45 56 14 34 78 37 80 50 41 78 47 3 31 6 59 24 36 66 18 45 53 51 13 41 84 68 30 63 77 82 19 14 82 24 13 69 95 2 52 34 91 65 18 46 93 53 54 81 31 41 94 38 53 98 10 94 37 55 39 77 77 92 84 45 77 10 4 94 46 53 52 2 64 31 34 69 75 28 91 23 31 82 1 1 90 92 4 14 72 37 61 27 74 30 7 9 44 21 54 65 83 3 73 96 55 80 16 4 68 16 14 15 72 41 35 2 20 12 13 77 90 44 65 37 87 33 36 54 36 57 23 26 6 67 54 89 34 69 75 67 54 72 75 51 57 29 57 90 93 47 32 23 91 30 9 47 87 45 0 24 45 75 3 66 38 38 79 26 35 82 56 90 27 29 43 60 95 15 18 27 39 24 
30 60 47 7 20 13 31 49 34 31 26 87 43 55 89 16 9 9 99 26 94 85 40 23 25 35 98 23 34 26 44 80 29 28 29 44 47 40 99 38 22 15 13 64 90 50 85 72 19 80 66 66 89 17 97 33 45 34 78 3 14 52 46 58 56 63 87 69 36 14 87 43 92 88 68 3 16 20 43 87 25 41 16 21 33 96 21 79 36 51 87 98 65 48 69 75 52 69 95 29 94 72 78 73 17 90 28 19 26 16 62 80 92 30 32 40 51 47 58 22 9 41 76 34 51 5 27 55 67 50 74 1 57 99 45 40 12 93 65 25 47 41 0 16 91 82 32 59 22 51 38 62 20 95 39 36 33 37 82 97 99 74 75 48 58 93 77 31 9 37 87 52 39 45 95 26 78 96 2 69 58 94 42 7 6 67 34 47 34 99 52 6 24 41 24 95 52 40 84 42 
13 95 5 93 22 27 45 55 14 10 3 22 0 54 10 71 9 44 90 72 38 30 75 29 61 52 11 17 27 70 94 43 75 33 0 60 77 67 92 87 10 19 62 60 47 17 62 45 56 14 6 2 90 56 8 19 6 37 1 55 64 97 93 7 60 24 93 60 12 64 72 77 18 23 9 80 63 25 9 91 48 61 88 22 28 80 94 3 3 62 26 1 74 51 15 89 6 1 34 53 33 64 7 58 2 18 46 41 37 65 48 45 99 69 38 39 91 90 31 50 5 21 54 6 93 78 50 74 3 63 47 97 70 94 35 1 7 68 11 21 20 5 60 89 0 22 33 86 4 54 33 68 79 12 25 46 22 37 8 97 78 45 62 97 18 67 50 51 20 33 42 56 60 96 46 4 55 68 85 19 61 92 73 8 33 94 46 87 51 40 81 96 44 45 73 92 33 73 30 95 
42 42 84 11 97 76 97 84 45 56 42 49 81 5 71 90 91 94 31 18 7 11 55 51 84 58 49 4 96 89 76 94 79 85 16 34 68 92 88 61 97 64 24 49 44 75 39 16 18 6 26 22 71 58 29 47 66 15 26 49 54 39 39 16 25 23 56 36 4 12 78 11 80 5 50 78 59 67 37 19 25 53 83 33 21 5 26 12 31 46 76 0 80 96 61 0 12 45 22 49 98 48 84 45 44 92 46 21 29 61 80 82 37 91 56 15 32 24 19 81 70 10 43 89 72 14 64 62 50 41 3 67 69 33 74 87 83 67 38 53 87 58 5 54 53 12 72 21 36 3 4 63 79 67 70 35 28 66 61 27 97 1 27 31 33 9 68 30 69 72 90 43 91 32 68 30 17 68 54 27 98 79 29 5 38 9 11 51 72 73 16 91 89 11 54 20 34 41 74 46 
84 17 72 79 31 13 41 76 89 15 3 64 73 38 25 32 36 61 12 4 54 34 17 25 68 93 83 24 9 38 19 10 58 8 19 8 54 12 88 69 70 69 83 92 50 81 81 8 40 45 66 55 24 68 31 38 64 30 51 99 25 58 17 75 31 84 38 2 73 52 20 20 7 87 66 93 39 25 38 68 63 50 28 19 22 45 52 86 8 73 95 54 42 78 66 28 85 85 38 90 27 43 42 53 57 47 23 5 18 4 22 92 91 64 64 5 50 76 90 24 17 40 89 57 85 55 22 38 50 46 67 92 48 76 39 66 90 2 0 56 23 32 45 34 98 76 0 77 6 28 42 88 14 82 77 31 37 28 23 76 69 5 73 84 33 55 52 92 20 1 75 35 84 7 41 83 60 68 41 22 85 83 92 83 3 43 9 61 42 52 64 23 59 97 43 64 37 36 8 14 
75 90 29 85 63 75 96 42 3 62 23 88 72 36 75 93 1 39 35 18 9 65 88 99 82 22 98 27 80 23 54 78 89 83 50 76 79 31 84 84 29 4 86 45 18 31 85 5 30 50 9 31 5 86 96 31 49 81 99 87 6 68 21 12 80 91 25 29 81 87 95 92 86 48 42 18 31 96 60 48 32 52 53 23 94 51 72 88 13 40 40 80 92 7 66 49 8 25 80 62 48 67 41 52 32 73 70 94 83 40 1 57 55 90 27 3 0 44 24 77 4 60 85 8 73 24 25 29 43 63 77 51 84 83 88 28 5 58 19 79 43 89 88 45 26 6 65 75 76 65 75 19 65 41 72 20 46 51 26 31 3 12 81 56 58 91 23 57 20 85 45 73 70 84 56 96 17 77 30 30 37 30 3 33 84 12 35 63 1 5 12 12 15 16 60 99 60 31 81 83 
70 33 68 33 20 81 31 65 12 76 25 17 92 3 74 52 26 99 20 2 96 48 53 31 52 47 50 27 52 59 55 57 94 78 16 71 14 53 51 20 40 41 23 79 43 64 5 80 70 63 33 0 43 29 63 93 33 9 94 74 50 79 21 4 40 96 84 26 27 18 13 35 40 46 0 77 93 9 68 64 36 65 91 71 52 9 83 6 50 10 1 32 65 79 79 55 36 63 5 91 35 50 33 87 96 61 36 2 63 50 86 88 25 28 9 55 61 98 37 89 47 18 19 87 73 96 12 19 55 19 79 53 7 99 43 99 73 24 10 99 11 48 69 13 48 7 77 49 38 26 37 30 41 37 0 44 42 12 89 76 48 41 14 89 6 67 67 65 78 70 11 4 20 9 83 7 61 96 17 77 41 0 46 98 63 35 28 38 37 28 3 45 76 63 50 62 56 37 44 21 
95 99 24 76 66 63 9 77 33 14 54 14 28 43 17 29 85 13 27 54 49 29 28 22 13 58 66 33 78 9 3 8 56 10 42 67 58 12 51 72 75 49 20 33 82 65 86 70 64 37 56 75 30 45 28 77 77 99 76 50 51 30 24 9 2 5 60 86 95 50 33 16 79 21 47 57 48 21 77 42 95 4 12 35 97 90 21 51 32 16 30 48 87 98 39 18 88 47 41 97 5 79 30 36 13 14 70 39 33 15 34 5 55 47 95 30 93 95 73 95 84 83 85 60 22 60 71 96 79 0 52 23 13 89 71 36 58 80 63 86 37 3 52 94 62 28 73 9 86 4 10 66 55 62 29 69 89 8 26 49 82 60 98 77 69 47 41 97 5 67 0 63 24 85 17 17 86 77 18 16 44 44 6 31 41 23 89 88 15 22 62 57 21 56 87 31 88 41 6 35 
59 27 94 94 87 81 63 91 66 53 5 50 28 25 89 92 16 28 31 84 21 95 92 40 60 14 95 44 11 71 54 41 98 4 93 90 9 91 15 40 27 52 79 0 93 42 9 97 70 43 85 82 58 1 52 89 44 27 34 36 8 85 31 52 16 83 48 88 39 0 13 59 68 29 56 13 56 99 1 99 66 63 24 65 2 29 58 40 96 19 55 16 74 19 95 72 53 70 49 83 52 38 88 89 65 78 20 62 28 88 84 58 49 16 52 38 93 23 49 2 48 83 12 84 38 17 95 48 56 14 18 60 52 86 22 5 11 90 59 7 49 49 3 9 6 98 80 65 68 36 18 23 13 41 91 63 18 79 31 36 85 92 84 62 35 41 49 96 36 85 96 35 19 35 50 61 69 33 86 1 54 6 78 58 46 15 53 34 65 49 27 65 12 78 11 54 98 49 58 53 
55 19 93 86 71 16 73 61 50 49 52 23 75 19 91 40 83 59 61 36 20 24 55 71 21 14 98 92 92 4 57 77 25 12 80 97 92 77 39 2 38 2 31 34 16 45 77 36 5 59 13 98 89 10 42 97 41 75 19 59 69 16 41 44 80 53 58 24 2 91 69 80 68 48 79 27 92 70 74 27 99 2 43 72 39 4 70 28 12 64 76 91 5 79 92 33 67 88 94 50 82 36 4 30 17 44 52 17 75 57 72 64 37 72 24 69 62 79 37 87 48 23 82 86 73 32 76 1 78 6 66 12 75 82 2 32 43 44 13 45 38 25 16 40 0 84 32 22 51 25 63 7 15 55 17 93 41 67 82 11 82 19 80 74 81 75 11 7 80 33 59 79 43 4 70 87 10 56 75 90 53 84 90 27 52 28 29 91 35 88 82 0 62 80 18 55 69 81 97 11 
76 68 27 2 53 9 50 80 74 35 37 21 16 75 9 60 80 46 69 14 81 18 4 11 74 67 26 99 62 10 78 47 53 95 50 31 17 68 28 99 5 1 65 57 13 37 99 94 94 41 31 18 62 95 27 29 91 94 24 75 48 28 96 88 49 36 39 1 53 61 59 2 97 34 84 92 78 56 93 56 70 81 69 20 59 70 21 82 60 72 70 75 44 10 41 82 44 70 37 5 40 80 52 14 53 47 14 46 10 35 11 47 60 98 48 92 78 80 68 33 9 12 86 82 93 16 25 84 64 12 23 62 47 69 39 74 57 14 19 32 30 90 57 78 29 89 64 29 58 75 9 22 11 60 70 33 35 90 82 90 79 12 14 13 40 21 68 92 2 12 59 18 60 89 22 30 88 52 20 19 60 20 35 67 13 55 52 95 34 20 63 37 4 81 30 89 49 42 75 84 
95 17 33 63 15 80 20 94 89 48 22 8 10 31 96 17 11 41 33 21 55 82 71 69 68 63 95 15 98 21 15 11 53 70 15 83 36 95 13 67 33 6 8 62 95 41 54 71 77 22 16 91 53 96 31 37 38 38 33 39 2 99 66 69 2 41 7 20 25 46 54 89 95 52 91 73 31 60 63 63 96 6 79 4 13 2 23 34 34 14 75 28 41 62 86 33 84 40 86 3 84 97 15 3 99 80 51 58 27 86 93 37 31 97 96 56 14 21 43 23 48 67 19 47 55 80 92 16 83 1 63 55 73 61 83 97 10 12 39 24 22 29 68 10 55 99 16 96 64 19 74 13 53 5 67 79 80 7 83 37 29 30 24 22 11 60 72 96 75 42 9 36 80 83 2 6 19 48 55 32 63 17 21 84 68 0 91 69 81 9 85 93 96 94 83 4 82 7 44 36 
14 57 51 14 30 90 25 24 87 44 1 63 44 48 41 23 86 92 33 49 14 5 36 51 3 61 97 98 98 95 16 24 32 12 90 69 95 8 55 69 67 92 9 42 98 94 44 90 81 86 72 41 65 58 98 20 47 62 90 20 64 94 92 9 72 29 90 6 23 12 94 20 80 86 73 85 45 21 58 90 39 84 87 64 84 18 49 20 3 35 58 77 47 30 28 79 58 27 19 84 94 22 35 98 21 95 87 27 66 43 69 99 56 56 63 20 46 16 25 70 59 7 97 70 11 6 99 65 58 58 77 52 49 46 53 98 34 48 52 28 71 22 11 32 7 68 88 6 88 96 12 71 79 10 42 86 44 77 2 3 89 6 3 22 55 68 46 53 40 44 72 73 31 5 74 14 75 58 54 41 77 22 84 94 40 72 30 74 99 13 22 6 74 87 6 21 9 60 64 6 
38 74 82 6 79 52 0 77 63 88 52 70 37 70 67 84 61 90 1 69 24 33 89 58 50 86 34 73 34 6 76 75 36 36 60 90 41 39 17 60 8 92 48 60 92 32 75 28 79 22 99 0 57 37 95 50 64 13 99 91 18 6 38 45 59 89 16 18 40 58 75 39 32 65 40 36 59 53 5 87 1 29 4 87 36 9 82 51 76 17 88 15 5 44 94 18 38 92 67 33 93 85 9 39 2 39 65 82 81 87 44 60 83 35 31 37 92 81 44 33 90 10 87 68 8 21 4 98 17 35 29 44 11 8 38 84 59 74 63 1 67 75 98 25 25 33 1 83 18 33 62 42 23 5 22 71 94 79 51 60 20 77 58 42 34 67 7 41 26 65 77 25 15 74 25 27 8 9 71 16 32 65 72 37 34 76 54 0 63 20 72 61 48 6 9 16 30 50 40 55 
67 39 53 75 55 86 38 92 87 89 30 85 52 54 94 76 95 1 79 85 8 86 19 25 12 10 11 74 96 61 21 73 63 85 5 63 79 33 33 48 62 91 77 93 54 94 36 64 91 55 33 85 16 75 4 19 5 9 29 83 87 53 49 52 0 64 54 56 69 49 98 34 14 37 43 69 9 30 57 44 81 9 83 14 71 25 19 51 25 24 29 68 23 60 77 56 80 64 20 15 75 20 68 27 33 78 95 1 17 55 39 33 73 5 6 77 50 34 11 3 23 5 79 76 53 31 82 56 15 9 95 24 4 45 69 47 58 98 6 64 6 43 48 22 83 14 42 1 24 41 50 64 20 37 89 80 84 35 86 28 96 52 74 54 93 7 11 17 98 80 84 26 97 52 4 44 76 40 7 7 29 69 22 97 54 69 65 43 84 18 5 61 23 47 23 5 73 4 59 73 
15 74 41 80 77 20 13 70 59 19 49 70 26 24 67 71 40 15 56 50 22 46 5 79 8 79 40 66 36 51 29 88 44 63 88 6 22 37 70 49 49 87 88 91 37 29 47 33 2 92 10 49 21 98 72 49 80 1 98 49 71 76 24 10 34 91 47 43 72 74 18 33 45 44 11 29 49 88 9 97 45 77 79 3 69 2 12 80 70 95 36 57 56 91 2 26 12 6 36 24 32 50 90 49 87 90 79 65 7 85 16 91 52 85 87 41 83 69 83 52 62 79 68 83 74 56 5 1 82 85 12 1 98 67 6 34 95 57 20 39 53 56 25 48 15 23 57 10 74 25 97 20 80 32 4 46 26 15 30 2 92 6 35 17 92 76 38 95 2 77 66 46 22 54 72 8 6 5 18 19 78 81 88 48 29 70 62 87 14 60 93 74 71 78 69 76 68 77 77 17 
83 78 85 7 78 9 53 50 42 38 2 95 31 93 39 5 25 4 28 6 97 32 29 69 90 9 13 3 73 86 69 55 59 93 80 65 14 70 11 63 19 30 77 95 94 1 89 35 90 48 90 58 67 85 28 10 33 8 4 14 51 35 44 42 60 12 28 57 49 70 80 42 39 89 47 30 90 61 95 89 34 45 78 23 73 60 64 29 97 45 82 84 39 68 87 81 68 33 73 74 99 87 10 24 24 19 20 37 4 78 69 60 4 71 19 6 30 46 34 36 53 62 55 78 68 18 2 86 35 10 95 33 73 50 74 17 33 92 39 40 14 38 43 79 61 34 12 3 42 9 18 72 85 61 35 48 31 59 80 6 27 73 10 74 10 72 64 72 75 12 85 58 30 78 64 87 11 79 58 97 14 39 52 28 26 80 70 8 50 20 99 39 58 8 73 60 42 44 24 13 
0 15 42 64 52 83 73 64 72 40 97 65 41 67 56 65 47 54 47 61 44 46 89 17 83 9 41 79 30 77 85 5 6 69 30 89 11 19 91 97 72 94 36 75 47 12 5 18 68 83 87 1 86 91 99 47 3 27 75 44 97 61 64 56 69 43 4 58 99 4 96 46 18 9 21 50 21 72 60 29 54 35 14 45 18 65 33 46 65 18 69 59 59 71 33 9 39 67 94 46 36 0 84 84 62 58 66 70 10 30 1 14 11 9 24 0 6 22 15 2 57 34 55 48 29 95 48 53 50 43 58 94 70 57 5 19 32 7 56 8 22 82 28 66 62 3 12 99 49 4 52 46 52 95 39 61 46 5 21 47 10 97 65 94 10 69 61 66 5 94 79 28 29 8 96 49 4 80 16 97 32 62 9 46 92 17 91 77 78 21 79 28 37 31 83 65 96 50 42 50 
32 49 23 13 96 68 11 98 47 37 2 43 45 68 35 83 7 84 20 22 21 47 76 4 1 3 51 47 90 95 90 71 77 42 52 44 50 74 99 30 10 68 47 72 31 5 64 41 97 44 6 56 68 67 78 90 10 43 79 74 22 44 65 32 17 68 93 52 48 86 41 29 29 66 95 13 67 75 52 43 77 13 97 57 38 17 10 43 18 42 9 3 47 25 53 13 70 58 47 98 36 12 1 21 13 59 89 86 88 29 41 26 7 4 77 62 44 77 80 94 27 95 58 13 50 78 21 67 39 78 18 30 29 77 99 9 85 4 15 30 58 31 93 62 91 27 33 66 60 16 51 48 80 24 10 10 6 27 88 90 29 19 78 55 32 19 6 67 78 59 59 45 37 97 21 97 46 95 26 86 92 44 5 16 34 88 52 54 23 44 31 13 30 45 3 33 11 27 84 44 
2 81 42 93 78 24 29 22 63 53 48 33 4 94 76 51 56 75 10 66 1 17 10 81 9 80 40 58 65 74 75 63 83 91 92 16 64 22 69 63 50 7 63 37 90 11 89 12 90 41 10 22 73 51 73 73 43 84 70 35 82 78 12 52 89 44 69 22 4 88 49 25 56 35 7 90 36 89 16 0 96 38 49 21 26 96 87 50 54 81 45 3 15 9 78 85 98 59 72 72 68 99 96 83 8 76 47 73 94 38 84 91 75 87 95 88 80 21 73 72 77 28 21 87 43 86 15 72 68 22 39 53 26 45 92 22 14 70 93 90 6 85 11 64 6 70 52 70 84 79 72 78 89 79 90 38 42 40 9 65 34 84 72 74 38 71 35 33 91 20 19 36 46 69 63 76 82 8 24 8 45 32 74 12 16 23 80 62 48 21 41 89 13 29 80 71 58 34 45 49 
1 32 6 32 13 16 93 90 69 82 22 97 31 98 95 95 57 49 54 23 94 96 7 12 60 4 7 35 72 5 96 73 87 9 69 85 36 65 77 43 53 74 59 90 11 39 1 51 60 71 81 46 3 9 91 41 47 59 0 79 92 39 47 22 66 19 62 32 6 36 39 10 58 66 83 67 40 37 78 15 82 78 65 75 32 24 97 88 54 41 13 46 56 42 45 80 68 62 7 28 7 1 94 80 86 68 82 91 10 19 32 60 26 19 46 45 60 53 80 79 10 63 96 97 2 33 87 10 68 6 29 91 51 44 44 9 87 30 76 58 34 29 21 2 40 9 35 53 67 24 17 39 50 35 42 19 25 80 61 13 86 83 92 90 15 37 71 64 57 58 24 50 23 95 89 96 49 31 46 46 89 77 72 75 59 34 11 57 18 35 3 64 55 90 24 91 98 28 52 49 
30 66 87 4 49 24 6 2 23 99 29 37 95 40 61 61 96 4 30 15 64 29 40 80 50 57 97 14 1 18 42 50 92 61 33 55 80 75 87 61 45 92 69 22 44 22 52 81 1 54 69 16 47 49 18 52 24 13 46 2 46 21 23 16 70 19 26 21 77 89 3 81 40 54 90 24 61 41 0 28 22 90 30 77 7 56 99 9 11 87 48 24 24 2 93 14 5 12 74 82 63 19 47 13 14 65 51 23 28 6 15 2 24 17 50 5 17 63 68 58 53 5 11 39 80 42 38 42 12 12 80 39 23 5 95 50 50 65 82 93 59 38 59 6 46 44 41 33 40 34 97 76 42 93 19 96 24 35 96 12 87 59 94 52 35 99 47 23 9 66 81 91 62 71 13 57 4 74 47 80 5 13 77 51 40 9 88 35 63 59 23 73 38 89 58 72 41 5 50 41 
30 72 17 40 71 95 13 6 31 74 51 59 30 29 18 74 29 43 69 55 93 8 1 53 18 38 25 39 77 76 45 48 61 59 62 45 16 9 78 82 97 50 71 42 1 88 82 82 65 86 24 9 10 92 25 79 54 42 46 19 5 42 21 67 34 0 92 77 56 28 49 20 25 1 61 52 30 52 22 46 46 26 75 8 71 34 14 59 90 34 47 66 19 21 20 58 22 29 82 90 44 54 91 65 76 27 14 41 19 91 74 51 22 82 19 24 92 74 37 7 11 80 18 28 71 79 38 58 76 19 50 0 27 34 46 97 60 27 90 86 6 31 26 85 80 8 92 83 83 36 18 41 16 46 92 6 43 62 61 43 92 39 78 81 81 32 50 75 64 67 20 83 51 74 21 11 25 23 25 67 54 92 36 21 45 62 65 63 77 1 23 96 79 55 55 90 79 60 25 96 
53 11 74 24 44 78 56 65 35 11 27 52 4 93 53 52 55 58 41 17 45 40 14 42 88 37 4 85 83 14 73 99 2 53 18 51 39 78 48 28 37 89 75 3 98 46 51 41 77 96 92 73 13 38 8 45 51 15 87 42 56 70 92 29 67 22 29 7 79 58 31 16 32 71 11 44 90 0 3 69 87 6 93 1 7 9 1 44 77 23 98 29 19 56 92 73 12 46 83 50 9 54 25 88 38 6 83 18 71 88 29 96 74 11 22 57 82 44 11 83 53 24 7 68 22 80 74 92 18 49 59 64 64 14 76 77 10 6 13 30 18 30 5 17 37 39 61 20 91 83 37 51 43 14 48 46 76 98 21 85 36 92 43 94 40 6 42 58 56 52 19 43 9 54 95 5 88 45 95 95 76 82 66 76 91 53 61 33 21 19 75 29 2 97 17 40 29 42 72 44 
57 86 95 6 11 45 46 35 84 23 43 78 80 49 75 89 86 5 24 94 58 97 94 4 29 21 6 57 88 54 2 91 40 22 99 94 24 97 95 96 91 60 99 52 0 37 92 35 27 94 79 48 82 70 55 1 72 21 70 62 64 54 52 26 9 98 95 76 9 56 62 48 56 12 89 29 2 84 29 29 59 80 12 7 85 24 58 85 99 16 37 91 34 70 30 86 17 60 21 7 53 16 23 90 0 32 42 11 9 7 21 60 69 19 73 41 84 29 87 23 23 25 38 39 68 47 27 82 91 78 76 36 72 55 74 30 61 38 26 51 73 11 89 60 25 3 19 76 94 67 45 28 35 2 43 94 68 7 61 63 35 26 35 99 43 64 58 49 18 51 13 68 43 10 6 64 7 20 5 60 55 76 94 20 3 98 22 33 94 64 62 20 38 11 43 59 73 18 49 71 
95 19 6 63 58 6 66 52 4 91 29 2 72 35 40 89 44 97 84 56 68 4 19 54 91 1 44 69 94 43 29 23 65 95 83 71 22 77 81 9 51 70 21 34 40 44 16 70 12 79 40 54 8 69 3 68 38 0 54 72 2 42 75 46 71 89 58 74 68 25 85 95 28 43 82 43 55 83 6 37 82 60 72 76 94 46 8 79 95 44 60 1 54 71 78 80 41 87 12 52 55 60 96 77 60 92 84 9 1 80 13 71 99 20 62 29 96 6 80 71 95 33 20 48 69 34 88 12 80 99 97 6 35 12 88 96 50 39 99 2 31 15 27 59 57 7 0 42 20 71 84 71 13 99 88 28 92 83 35 66 3 39 68 60 61 24 87 0 10 94 39 47 84 48 90 66 27 29 8 2 93 40 72 84 34 10 29 13 98 54 40 43 2 50 87 65 7 24 69 76 
1 11 83 31 37 55 67 91 25 66 78 22 8 65 52 17 56 94 74 0 55 31 11 83 50 75 12 94 48 52 36 88 26 33 48 96 85 96 6 15 12 26 76 2 84 14 11 87 89 52 25 9 95 47 4 65 62 24 76 42 81 68 71 5 33 76 22 38 92 43 42 22 59 18 1 1 69 67 99 49 21 42 52 51 43 84 67 78 2 72 47 66 4 44 45 7 82 15 25 82 46 21 65 67 19 16 88 4 3 24 78 36 51 61 33 95 86 39 31 49 6 91 97 10 4 36 51 9 46 64 53 8 0 0 85 18 50 94 78 50 27 29 33 19 55 70 42 33 72 93 81 83 27 21 97 9 1 16 33 4 40 98 65 87 33 38 27 48 62 54 79 36 36 14 68 11 21 91 60 80 46 40 89 55 28 34 28 23 40 37 55 23 25 26 62 48 49 33 43 69 
39 38 3 85 59 24 6 96 85 54 38 76 43 26 15 82 14 98 2 37 96 1 32 75 40 22 80 74 21 43 33 36 75 12 33 42 50 17 61 69 56 46 98 86 31 9 35 24 72 85 3 91 38 61 5 72 69 59 23 42 76 98 85 10 80 14 86 10 59 70 59 31 94 22 62 66 3 35 80 76 30 64 51 16 60 50 95 1 40 9 99 87 6 84 6 27 5 11 87 50 98 76 21 21 29 8 23 59 50 27 35 11 32 65 2 1 92 50 80 58 94 44 87 98 99 68 57 62 15 71 90 78 69 5 47 56 75 55 77 2 20 57 4 44 95 57 83 94 18 27 88 80 50 69 69 23 68 62 18 99 17 90 23 37 78 19 61 60 91 83 92 54 26 48 11 60 86 73 55 62 52 27 5 7 36 82 27 69 25 30 25 27 99 36 88 24 85 85 6 60 
78 12 35 68 42 74 32 86 77 7 54 33 4 16 97 58 29 89 18 28 36 20 30 46 25 37 47 30 12 58 80 60 83 90 48 15 35 86 99 91 93 93 80 28 13 37 22 22 12 88 30 58 3 92 72 27 40 89 42 0 13 44 61 73 30 69 69 64 2 56 59 19 65 89 5 19 12 18 22 99 85 45 58 32 53 58 44 15 63 88 11 6 67 58 22 83 23 97 47 35 1 69 17 17 1 25 4 73 92 35 25 60 89 59 0 21 74 42 62 29 95 94 30 75 83 36 14 49 11 91 62 7 51 23 29 42 90 60 90 47 45 47 13 17 11 94 54 15 83 88 90 98 78 67 13 59 28 62 51 72 85 93 65 53 64 3 71 57 66 22 11 20 52 97 89 23 15 45 57 62 23 20 80 90 71 32 78 67 2 68 23 23 17 52 46 64 85 73 70 3 
76 99 51 33 91 6 40 42 13 74 49 3 3 79 71 44 3 79 43 99 29 66 47 51 24 45 95 29 17 50 12 55 37 14 98 78 72 47 7 37 94 44 5 2 21 83 89 76 56 66 30 46 30 56 91 44 97 82 73 19 24 28 95 34 55 93 43 74 59 8 86 21 21 11 39 46 75 74 12 12 85 11 0 89 88 51 43 65 8 73 44 3 99 21 76 67 73 24 80 65 51 25 89 73 75 71 65 80 89 2 73 77 58 40 12 31 79 9 43 15 10 92 75 5 65 55 63 19 48 57 39 52 36 86 51 18 75 12 4 71 13 5 87 46 87 35 36 37 8 75 50 73 62 13 4 4 70 8 51 34 50 81 21 91 2 92 25 52 57 59 76 80 61 33 28 29 33 18 70 59 74 10 46 19 4 43 69 4 59 38 54 91 57 80 62 65 62 93 88 46 
33 66 73 90 77 20 54 10 96 40 55 72 6 20 65 83 89 85 15 71 3 55 6 15 97 70 1 79 23 55 62 12 60 22 90 10 27 49 6 50 22 17 63 12 26 31 92 27 44 45 22 86 70 14 28 65 37 72 83 29 57 92 95 3 5 80 92 36 45 84 52 48 73 97 74 37 84 13 34 23 9 58 38 96 89 23 28 82 25 28 53 1 61 38 21 11 48 26 80 23 22 73 72 46 16 28 68 28 59 92 85 20 72 60 82 66 83 34 98 73 21 24 61 74 62 36 26 3 82 46 24 51 47 43 6 89 68 26 96 60 60 3 23 70 62 19 12 55 36 87 85 59 62 70 91 14 80 81 16 20 42 54 64 90 35 77 41 68 20 35 11 26 86 97 13 68 54 67 86 45 28 66 91 32 63 80 33 82 99 87 49 10 40 68 46 34 62 64 22 44 
44 67 5 17 1 80 43 14 69 37 97 40 68 75 66 23 84 65 13 25 28 45 69 28 5 3 48 99 0 17 45 88 24 66 38 75 98 35 49 54 70 59 81 38 91 62 51 72 29 32 25 84 6 31 78 70 72 38 87 62 50 92 26 42 85 8 6 36 28 94 58 2 1 30 1 92 94 63 5 28 51 27 67 90 2 37 59 5 89 55 51 86 39 65 1 90 2 2 40 26 39 73 48 14 14 46 67 81 35 59 74 11 77 57 40 96 75 67 51 13 85 97 96 64 23 25 57 25 55 86 14 94 39 72 49 23 78 36 49 70 36 12 56 85 44 94 83 81 49 13 43 9 62 76 14 76 55 78 72 47 77 38 98 82 1 35 14 32 68 26 28 22 45 71 5 48 39 78 2 14 40 12 83 54 39 68 0 57 46 77 40 59 71 92 33 54 88 27 79 54 
72 42 16 83 4 65 23 15 22 81 43 55 65 18 99 11 41 49 88 36 36 95 10 10 89 54 34 30 28 90 3 9 27 75 97 29 19 37 2 0 1 39 51 55 95 64 10 89 10 91 12 32 62 15 82 87 28 94 15 57 42 53 28 56 40 80 58 89 90 82 24 28 29 56 78 87 67 7 85 99 93 70 45 22 19 4 43 51 95 82 94 3 81 25 20 64 3 51 24 19 75 74 16 30 1 33 44 82 43 41 49 99 54 91 26 5 31 16 70 69 10 17 28 97 54 64 60 72 16 75 19 30 32 40 29 46 26 4 36 97 17 87 44 14 34 24 37 38 55 14 24 54 2 67 73 55 35 44 20 97 60 4 75 91 44 83 36 22 90 34 52 11 40 42 34 14 84 6 24 37 70 14 51 54 13 64 25 20 90 87 88 27 58 26 92 97 56 97 93 11 
91 24 50 61 29 21 69 43 32 74 4 73 84 11 83 92 66 72 80 89 50 67 75 93 79 25 70 97 43 85 76 8 5 68 31 7 59 83 83 48 55 94 33 75 1 87 10 32 90 23 73 85 4 3 43 31 2 53 48 67 37 67 16 47 50 0 31 0 34 78 2 90 4 68 67 30 90 69 70 16 95 77 9 21 3 99 74 86 87 26 71 70 70 79 30 4 96 46 21 17 55 65 32 33 11 63 65 15 42 2 25 54 68 98 60 68 95 6 37 10 70 92 15 30 31 73 86 28 51 68 79 89 81 20 1 47 17 74 61 97 46 44 17 98 9 46 70 55 21 26 87 62 32 67 96 92 75 86 76 43 1 25 47 73 68 3 95 47 77 35 85 69 53 72 83 9 31 13 19 34 15 74 34 75 0 63 33 96 15 96 8 12 16 45 42 48 64 54 13 51 
23 73 42 78 71 42 6 22 53 92 90 12 12 18 4 88 11 61 80 65 25 4 10 40 39 16 80 55 18 97 10 88 96 84 4 65 76 94 60 78 44 5 69 90 1 38 14 50 79 3 27 88 11 58 65 6 27 30 17 53 33 4 27 57 86 96 47 62 69 85 35 61 14 78 46 91 4 99 64 49 34 35 71 72 37 55 42 95 47 75 8 63 46 63 92 3 92 1 50 52 77 17 12 90 21 29 14 64 36 11 42 80 80 31 40 18 62 5 29 35 11 75 19 61 52 10 53 5 59 59 30 84 92 12 55 66 32 16 32 12 73 35 88 11 99 33 70 14 74 6 34 57 75 14 8 46 75 34 9 88 9 26 3 25 67 72 48 56 28 57 2 0 20 52 29 56 89 16 96 75 57 65 85 37 76 80 44 43 99 1 49 15 41 94 61 68 13 47 30 41 
64 38 58 79 12 84 15 28 53 83 59 6 87 41 97 24 93 57 98 99 41 61 14 60 3 84 60 96 6 72 91 4 12 10 5 58 41 40 8 22 12 76 4 2 37 12 4 6 19 29 76 55 8 48 94 96 84 82 95 50 83 95 9 6 85 89 19 41 64 13 65 68 93 98 40 15 43 65 60 46 88 13 88 6 36 76 5 45 51 45 32 62 74 15 81 47 74 59 76 51 32 74 57 70 4 17 86 91 63 40 38 49 82 91 11 5 90 43 13 99 20 90 37 19 74 78 91 66 83 0 24 37 57 10 78 45 30 37 29 28 23 93 65 91 29 9 65 32 96 95 68 93 80 35 15 2 68 15 42 44 60 92 14 38 12 95 6 45 1 90 88 50 6 28 23 23 95 81 66 50 45 95 80 0 34 66 6 78 38 70 92 4 98 83 99 51 0 80 42 65 
27 44 24 6 61 29 10 37 66 53 70 55 14 19 39 67 30 29 21 44 63 3 15 43 68 49 39 96 49 69 70 37 60 31 65 4 26 32 47 34 1 36 36 29 17 27 89 51 93 74 73 83 48 27 44 60 55 2 58 52 52 10 30 75 31 15 43 71 72 89 6 86 5 5 25 77 93 62 32 48 94 48 47 36 23 96 91 36 49 50 20 19 59 38 45 92 84 93 94 96 96 0 79 8 61 70 70 98 7 82 51 93 81 31 61 2 86 19 96 87 92 70 24 90 89 4 29 47 71 27 53 22 24 77 46 21 97 6 4 78 22 27 17 99 47 35 4 6 61 20 10 4 0 68 7 17 15 69 12 2 61 78 97 50 75 89 38 52 86 53 66 29 94 51 23 49 31 36 3 60 94 4 78 19 68 18 9 39 7 14 11 61 29 75 70 7 97 78 8 6 
78 51 63 88 7 27 45 68 81 10 56 67 35 93 28 73 36 90 38 53 64 35 66 73 63 9 52 74 35 10 28 90 4 68 38 15 42 7 15 87 93 69 25 92 24 89 76 78 88 58 74 14 46 12 32 90 64 3 95 94 60 27 22 57 1 12 72 25 38 63 16 83 72 17 47 50 27 10 22 89 20 88 65 35 42 70 55 3 11 51 50 28 36 23 2 63 23 83 17 27 31 44 86 99 69 62 94 18 78 94 54 35 9 18 62 52 67 51 29 81 92 40 43 68 60 41 99 75 1 18 25 84 86 52 15 60 12 76 74 32 33 88 47 16 39 83 54 92 1 17 75 99 76 57 32 21 87 72 62 62 7 15 19 21 94 69 12 58 42 32 98 46 78 60 94 75 72 83 33 71 81 70 93 38 41 60 82 60 65 90 31 7 30 75 25 81 7 93 8 28 
10 64 15 43 95 89 43 28 18 14 27 67 42 4 7 54 14 0 56 44 74 50 30 95 33 31 73 37 42 6 53 83 13 77 9 61 27 41 94 0 32 44 31 41 80 21 60 78 92 29 60 22 23 24 67 53 92 45 96 49 74 3 49 70 57 4 68 97 11 95 35 23 11 69 83 20 52 11 82 78 61 31 64 38 43 0 74 18 28 15 30 0 75 63 18 14 64 12 48 2 78 79 5 0 97 85 85 82 41 9 19 67 8 90 45 55 67 14 66 30 40 36 78 66 10 80 70 46 97 68 77 21 24 37 97 12 13 20 10 63 63 35 44 97 5 86 15 29 18 50 80 72 4 67 18 80 38 65 34 7 65 2 18 89 69 29 91 42 24 66 2 60 91 21 76 59 33 36 54 73 80 76 72 68 9 6 92 66 51 10 89 41 87 81 4 63 30 96 19 55 
8 19 41 56 27 19 25 54 19 18 50 59 37 9 18 16 54 8 85 4 29 87 41 67 31 97 39 27 86 96 1 83 52 4 10 97 38 93 85 21 0 45 54 46 62 47 13 85 83 65 13 96 21 56 8 14 38 81 63 20 41 2 8 33 92 75 62 44 13 59 5 41 90 30 59 87 26 3 75 90 20 1 31 41 30 21 99 49 63 27 84 70 32 3 2 89 5 26 21 92 42 13 53 38 51 79 25 90 61 10 70 81 34 72 29 89 93 3 10 81 6 62 81 34 54 37 57 73 82 75 43 86 72 35 49 71 23 6 52 54 60 78 87 50 68 66 69 17 4 40 53 25 11 42 71 56 63 90 74 82 23 12 60 33 47 85 1 76 20 49 72 35 78 69 2 34 47 35 80 92 89 17 63 6 67 96 7 71 12 64 36 87 41 56 36 95 40 8 68 99 
4 18 20 50 63 25 74 73 6 35 98 70 32 3 94 51 9 42 74 40 48 45 17 97 95 26 6 88 14 62 32 21 51 84 74 3 28 40 21 14 57 82 23 69 48 48 52 1 50 5 67 11 11 32 71 35 53 40 7 61 33 25 27 37 75 19 40 21 44 21 73 14 60 61 31 59 45 17 98 0 76 5 13 59 6 40 79 91 95 81 83 78 18 83 38 9 6 26 99 25 11 60 87 36 84 54 97 36 91 27 43 99 25 31 75 80 64 3 69 97 82 65 78 30 88 46 4 77 87 43 34 90 57 28 3 49 44 42 34 21 54 9 57 59 77 33 22 99 9 0 61 31 82 40 71 2 19 1 55 22 35 37 31 17 75 47 81 64 64 10 58 57 59 6 90 79 54 65 26 60 30 95 23 2 77 86 16 97 88 51 65 64 12 44 12 65 49 20 0 34 
17 32 21 13 94 84 16 68 62 73 59 34 9 64 10 36 93 83 63 48 62 18 71 62 97 97 2 15 89 35 62 82 50 58 79 81 73 18 25 5 13 11 32 14 56 35 35 93 1 43 5 6 69 37 57 20 39 26 97 39 5 61 17 78 23 31 55 76 42 36 98 47 33 26 27 83 11 52 27 45 85 74 2 16 69 24 27 48 40 96 97 0 0 12 42 23 77 27 14 71 40 78 66 90 92 29 58 18 73 40 99 34 38 21 17 82 15 47 40 59 39 39 34 87 70 89 24 3 59 53 20 65 32 4 47 37 73 70 46 19 2 73 58 11 99 26 16 95 54 22 10 80 92 16 47 75 8 76 81 2 97 55 73 11 81 86 47 33 1 92 47 73 22 40 23 34 52 94 1 4 63 45 99 73 0 21 77 33 33 70 75 51 31 36 45 89 43 48 23 93 
83 7 88 60 50 14 37 4 58 34 13 84 77 64 92 42 70 16 5 20 61 81 28 19 46 4 43 98 2 26 19 78 99 23 63 53 33 49 61 24 92 16 28 0 96 75 93 36 58 59 72 53 37 43 74 14 37 63 13 34 71 8 35 19 45 84 6 80 11 15 79 43 2 46 90 71 44 23 93 71 33 8 33 72 28 62 5 55 45 49 65 47 25 63 50 57 94 62 18 92 53 98 91 80 89 59 82 78 14 34 38 42 38 53 75 40 70 36 3 98 20 35 20 42 32 9 74 71 29 34 71 98 22 32 16 64 56 58 22 56 53 17 22 50 29 52 53 45 24 3 63 77 29 51 61 54 57 48 93 18 47 34 41 34 42 68 99 30 91 77 32 67 37 33 30 2 75 92 60 1 77 25 36 61 9 66 14 36 23 26 84 90 18 3 3 87 34 5 65 55 
91 51 69 60 43 52 98 47 87 61 60 41 81 41 59 33 50 48 37 3 86 45 78 90 96 78 43 41 12 57 96 23 31 76 29 77 34 0 50 40 57 11 21 96 81 7 24 10 47 94 28 57 91 51 25 95 45 93 43 33 87 55 56 21 31 20 43 18 42 48 61 46 21 94 74 43 16 27 39 23 76 2 17 58 17 6 59 88 3 18 56 59 60 79 3 49 23 11 77 70 56 83 61 1 24 62 96 97 54 21 3 38 26 2 40 91 0 57 6 26 92 51 73 74 65 89 7 13 16 45 69 82 27 75 32 16 25 63 28 20 27 61 65 63 96 89 71 0 41 64 4 8 76 94 56 87 29 97 30 22 33 18 60 90 3 43 43 76 29 81 48 32 24 63 62 15 94 90 84 16 31 71 18 39 97 78 35 65 41 63 50 67 71 90 26 21 24 87 81 40 
82 96 36 51 64 63 47 18 76 67 93 28 62 1 95 31 41 30 76 1 83 28 0 38 8 54 14 27 27 59 92 9 10 57 14 10 96 9 67 35 43 11 8 51 14 64 5 71 7 84 81 43 33 50 31 71 66 68 74 53 43 55 66 22 53 38 0 40 94 34 49 39 71 46 18 90 68 84 2 20 72 67 90 98 99 34 85 7 81 57 24 63 65 59 89 60 90 88 56 22 28 52 8 5 18 96 42 5 63 31 59 13 91 39 49 62 48 37 52 62 95 10 21 16 12 99 59 11 17 84 72 35 66 61 45 22 50 17 38 83 68 62 40 23 96 28 32 25 40 97 77 91 66 81 25 57 32 56 64 70 38 32 13 9 30 3 52 82 46 97 0 32 9 45 25 1 31 90 93 28 35 0 60 59 62 60 64 93 37 24 46 41 37 42 14 36 78 76 1 20 
31 56 25 89 48 0 45 4 53 85 46 10 50 80 17 69 29 66 69 85 32 12 31 2 75 89 45 97 26 22 20 40 71 14 81 42 1 64 26 59 29 69 16 28 99 91 87 66 25 82 78 21 48 49 33 66 28 76 12 96 48 67 92 95 48 55 4 6 14 51 70 75 4 31 26 33 25 31 96 69 18 30 93 44 81 73 86 28 42 77 92 28 54 86 83 37 22 32 33 22 33 63 38 60 68 25 74 99 29 18 18 3 90 25 91 86 20 10 43 18 83 63 65 46 75 34 47 65 91 59 78 50 58 46 45 1 91 72 54 90 77 83 86 68 31 15 48 41 16 66 43 76 58 2 47 93 8 85 25 48 42 85 53 13 87 34 89 91 17 57 35 95 60 6 16 39 80 16 79 22 13 31 80 83 52 98 57 70 8 62 76 29 28 91 39 51 82 70 56 29 
4 30 57 94 67 15 79 97 18 8 1 72 88 40 32 91 96 83 85 1 95 1 50 61 90 24 88 69 63 49 88 24 90 45 24 22 81 90 97 29 3 3 3 85 72 12 0 95 30 57 21 69 13 54 9 36 77 95 91 91 76 85 7 23 55 49 48 8 42 91 48 32 42 13 7 81 97 53 0 63 74 20 30 78 39 25 10 53 49 82 38 0 3 37 26 15 57 89 8 67 58 94 61 41 48 82 74 5 19 78 40 5 61 37 8 25 40 63 57 85 8 96 59 69 47 45 44 96 66 15 89 76 30 59 84 1 51 19 99 61 95 19 43 2 66 2 90 98 81 34 10 47 8 44 83 61 9 69 47 69 33 6 43 67 49 59 89 63 22 66 84 72 36 28 91 81 77 80 82 40 20 87 49 92 40 68 14 97 83 81 5 79 15 6 94 63 8 84 95 84 
45 64 63 22 51 69 10 4 27 32 58 20 79 87 37 83 13 43 88 25 60 37 43 9 19 59 66 44 89 39 79 32 49 86 77 53 79 86 21 75 91 16 95 97 6 80 27 57 10 73 80 44 57 10 73 52 61 41 90 48 6 13 37 10 5 2 2 94 84 12 96 7 93 26 41 20 76 27 91 53 59 98 99 14 20 18 91 39 33 96 31 68 99 40 49 67 1 54 82 68 58 89 22 20 98 20 79 29 60 9 21 60 0 86 30 20 56 98 48 79 76 64 57 59 70 10 51 22 30 41 0 85 26 78 13 41 53 24 31 55 93 85 61 66 22 42 50 2 69 35 82 15 41 17 76 95 81 54 31 4 35 66 73 17 35 56 31 3 46 57 19 87 0 62 74 2 84 32 18 59 88 27 83 72 57 95 60 76 59 55 28 49 68 99 26 57 97 45 61 81 
78 42 36 68 39 66 81 9 31 25 89 80 72 27 60 78 94 71 21 95 57 83 71 32 25 71 81 89 85 91 71 56 96 1 46 2 94 4 50 66 13 54 54 76 41 32 76 32 42 79 74 63 22 49 8 69 83 82 66 20 66 44 85 19 24 53 49 83 7 0 73 26 28 49 10 20 76 57 17 79 61 57 36 22 30 85 71 85 29 64 79 51 68 14 78 99 62 50 12 61 88 90 26 16 88 75 57 4 20 61 49 70 25 3 63 97 86 3 16 12 60 13 54 69 16 20 48 0 59 8 77 44 36 62 73 5 43 97 31 79 45 62 30 94 88 55 11 46 20 99 46 85 51 57 97 55 61 98 77 65 74 11 50 29 16 52 29 37 95 42 4 54 16 83 66 82 82 75 39 9 95 49 90 21 26 28 78 12 83 99 66 15 8 44 44 8 50 80 99 91 
88 37 15 28 59 68 90 75 13 97 81 58 64 13 60 35 49 82 9 37 90 93 2 73 44 17 43 24 60 78 71 91 72 44 13 26 33 77 13 85 3 52 67 79 45 67 56 24 33 16 4 46 51 63 99 40 74 11 94 50 26 62 89 71 53 54 78 27 51 18 73 31 51 68 34 59 49 36 30 88 97 52 46 50 65 73 47 23 2 74 23 45 23 1 80 64 38 91 94 68 59 79 24 74 66 41 22 68 48 90 53 2 77 15 86 14 57 39 96 3 45 15 84 62 19 5 30 53 84 47 49 12 32 68 7 81 3 31 74 39 11 54 87 46 18 30 81 29 46 26 80 68 62 12 74 8 82 39 69 88 94 10 35 12 2 5 50 29 94 98 36 23 1 65 42 13 75 15 91 76 16 8 87 13 25 75 89 52 5 16 90 29 44 68 11 76 34 26 33 33 
19 34 90 0 38 41 15 31 84 60 44 26 75 18 91 74 51 43 96 49 75 62 65 77 58 41 42 39 51 20 91 82 31 31 21 40 79 88 25 71 58 20 71 76 64 96 18 29 3 59 33 80 8 23 89 8 73 49 28 58 38 85 78 39 33 77 85 33 35 21 78 46 20 42 9 78 14 39 18 27 85 61 6 17 49 22 44 33 36 44 73 80 9 75 32 45 70 28 6 63 14 7 96 72 74 16 63 75 53 85 21 95 49 88 92 55 68 2 64 76 3 11 48 46 74 52 50 8 97 41 79 39 53 96 92 44 33 89 6 67 38 92 16 94 24 76 71 79 36 53 70 35 11 96 31 83 69 2 7 83 50 34 69 25 83 87 62 58 88 77 17 15 84 35 6 35 85 97 59 0 78 14 2 12 75 85 68 80 56 51 41 27 9 92 77 76 96 60 90 59 
11 28 11 67 39 65 89 28 17 83 8 51 20 41 20 51 87 88 8 81 65 17 2 75 99 36 41 36 80 43 12 27 82 90 71 94 76 24 7 93 51 38 73 92 45 2 71 5 52 55 3 53 15 59 64 68 87 13 33 11 52 16 19 49 62 75 50 93 30 63 61 28 59 94 47 2 34 53 89 29 17 96 8 21 91 89 17 21 57 74 99 26 19 71 20 22 22 95 8 20 97 50 35 30 97 83 26 21 94 26 60 60 10 57 85 68 0 99 42 87 65 1 17 68 90 20 48 81 43 58 69 50 1 36 37 46 30 69 42 46 93 41 89 70 36 13 24 35 82 64 2 98 84 73 72 43 95 19 12 39 87 45 65 19 63 23 22 21 33 16 94 97 63 31 36 6 78 7 26 49 6 10 51 89 94 37 84 83 65 45 55 44 60 26 59 88 98 59 4 50 
27 53 56 85 97 42 80 89 96 13 59 35 62 45 59 73 89 39 9 13 53 20 28 55 46 78 25 5 79 74 13 27 42 74 2 11 14 7 86 14 99 6 26 4 12 55 51 97 7 22 39 45 13 81 74 73 3 74 33 77 13 49 34 24 60 41 9 3 62 39 7 18 33 90 37 57 72 45 71 90 31 30 37 50 88 85 90 1 9 84 92 69 28 12 39 54 33 44 57 40 86 0 81 9 33 5 34 54 53 71 51 15 22 3 69 57 54 66 56 19 48 14 49 36 20 11 83 37 95 77 98 98 21 36 33 6 68 87 98 46 31 33 74 13 18 86 1 85 12 46 40 85 46 67 18 23 78 3 80 32 24 95 19 74 3 37 6 65 60 5 13 6 74 52 78 31 37 81 42 75 93 92 29 57 13 10 85 34 17 66 24 40 43 21 41 56 57 81 34 51 
36 61 31 1 47 26 85 58 43 29 31 94 53 51 1 71 37 81 71 28 13 90 32 36 21 77 60 55 74 27 99 72 72 56 44 84 73 5 40 86 7 2 82 35 80 93 46 36 76 11 68 90 43 17 76 1 69 86 72 76 2 47 6 39 21 23 75 70 40 87 38 54 81 69 73 10 23 65 81 4 44 32 36 27 38 37 44 90 79 64 9 42 21 97 11 73 14 92 57 60 29 54 29 35 61 32 57 26 57 31 37 62 92 44 75 39 26 52 79 36 52 31 75 74 72 48 94 34 27 97 54 18 51 69 83 48 24 61 22 43 19 35 36 10 53 75 16 48 0 20 11 7 34 39 5 11 22 22 14 57 81 64 2 59 42 75 58 82 53 86 92 51 8 41 53 54 1 89 32 68 10 8 54 82 19 36 12 18 68 23 56 50 75 59 41 59 34 2 92 4 
80 45 59 91 84 25 43 71 95 14 63 67 3 4 13 46 43 6 40 19 33 33 93 98 17 40 10 52 24 93 82 51 13 65 54 66 3 47 55 16 28 10 85 10 20 72 7 90 53 61 5 25 37 21 43 89 64 69 90 59 63 72 43 3 9 77 10 66 82 15 89 47 82 6 46 13 99 32 14 47 77 50 23 9 60 3 50 54 83 37 61 63 72 47 13 79 96 47 31 7 64 21 96 32 44 88 93 87 67 48 60 92 83 51 17 62 79 11 44 66 82 36 75 66 94 10 42 8 52 2 89 30 90 38 50 48 82 85 48 28 21 68 95 6 88 10 44 5 97 94 7 0 21 22 20 64 69 97 75 89 99 34 28 31 26 20 41 43 73 18 33 98 11 56 85 77 87 1 32 45 78 46 40 45 65 51 87 10 65 33 4 99 36 39 59 29 2 73 82 4 
76 9 41 42 88 24 18 32 84 2 13 83 51 49 99 92 61 79 70 80 11 52 45 85 8 73 99 73 10 83 5 32 55 80 31 99 61 0 68 75 96 19 19 75 67 61 92 10 98 58 31 41 30 7 97 40 69 96 32 94 0 52 94 94 95 18 73 63 36 29 97 83 18 30 53 36 78 60 47 39 47 8 39 50 11 67 50 91 22 97 14 21 86 98 52 71 15 38 33 22 44 69 51 40 22 38 24 34 61 73 43 94 84 81 29 22 64 82 74 11 44 98 37 69 12 23 41 78 87 62 16 53 81 62 96 38 61 14 9 3 55 39 86 64 37 62 75 30 67 17 98 12 93 20 28 47 76 74 35 44 91 5 98 56 36 30 21 39 29 64 17 24 92 84 58 12 43 65 55 69 56 57 33 45 68 84 53 19 80 83 31 69 52 83 55 22 92 83 61 86 
69 23 35 12 37 79 36 75 13 40 46 60 61 97 81 3 85 8 46 72 15 30 49 92 41 76 3 0 29 40 14 57 30 27 14 28 45 80 11 96 75 33 64 47 76 16 60 53 1 78 76 87 2 79 88 62 71 0 25 97 88 72 90 40 78 44 9 3 0 23 33 96 66 26 97 97 88 44 44 68 19 76 87 67 24 74 10 66 5 67 42 42 35 1 22 29 20 6 13 47 50 96 32 31 69 29 65 2 82 92 23 99 51 20 86 5 89 43 21 33 43 53 10 90 37 94 62 25 76 45 54 68 36 99 97 68 8 88 59 79 65 20 78 99 26 56 55 52 5 94 18 34 37 38 25 50 47 35 50 70 79 94 32 96 25 16 0 80 92 46 45 68 45 68 72 64 10 34 76 17 37 87 85 46 48 31 15 94 55 24 41 84 4 47 47 16 17 47 33 82 
67 11 49 33 86 96 91 65 90 65 38 99 80 30 90 52 15 6 79 77 8 77 17 87 72 1 38 43 69 77 76 27 64 90 43 92 53 76 41 79 55 61 29 87 90 12 20 45 86 37 54 52 47 26 8 10 81 85 78 74 36 32 92 78 20 93 29 60 1 64 79 57 47 66 40 29 52 39 20 57 58 30 81 58 10 15 31 25 9 25 79 4 99 62 2 36 53 23 50 39 15 32 49 24 45 24 37 28 45 97 18 59 38 27 33 60 95 44 58 45 12 79 89 15 0 93 10 80 94 20 49 22 6 0 15 11 78 75 50 13 41 24 62 68 10 94 25 45 30 22 44 22 88 73 24 47 45 7 76 91 48 21 39 24 50 5 28 95 52 95 80 35 45 74 88 67 3 37 4 94 70 75 71 83 83 65 71 97 34 26 76 97 33 60 4 53 15 29 94 19 
86 24 3 71 52 77 48 53 24 59 21 75 63 48 65 29 89 10 56 21 93 96 41 93 15 6 32 11 66 42 99 72 5 35 23 20 54 55 17 61 61 91 33 15 53 98 79 99 36 96 1 30 44 8 56 52 34 27 78 15 26 58 56 18 87 62 87 75 72 71 56 68 43 3 64 30 49 99 81 46 6 11 7 61 6 33 25 53 9 24 36 48 83 11 60 56 79 46 76 16 17 73 13 90 13 94 42 65 82 41 95 21 22 74 69 5 24 97 72 53 4 27 0 12 86 79 29 63 13 88 75 14 1 93 88 50 23 60 63 84 16 63 28 57 21 71 93 83 37 35 41 75 63 66 39 67 42 60 97 90 98 54 1 98 28 75 69 13 37 33 30 42 39 84 14 58 13 53 49 99 13 71 28 56 39 39 53 66 91 33 90 94 85 82 17 23 63 15 27 50 
68 41 44 52 40 74 99 67 29 37 82 20 48 5 16 72 99 8 49 17 97 58 78 38 38 35 14 98 33 25 55 42 35 12 49 54 63 88 52 69 66 69 68 2 35 89 42 38 51 68 1 51 57 11 62 31 66 44 87 58 27 29 69 40 39 43 21 39 82 90 28 91 10 66 91 90 25 60 94 10 83 42 87 61 90 51 53 17 24 75 73 28 28 71 33 5 54 56 4 27 35 64 37 98 84 40 67 56 67 64 84 53 32 60 24 58 81 20 89 15 76 91 72 23 80 39 99 5 6 44 17 95 85 78 73 29 60 4 19 59 99 2 71 39 6 45 28 15 73 42 56 54 66 84 92 16 55 10 6 15 27 0 77 75 25 44 18 69 87 36 36 52 63 87 41 80 27 53 55 60 42 55 63 1 47 18 9 39 58 2 80 83 27 10 44 90 41 26 6 70 
60 14 82 78 55 49 92 58 33 8 60 44 88 12 38 65 22 85 2 11 48 56 67 66 32 32 6 89 83 4 57 27 15 12 53 34 33 2 81 4 99 30 40 43 40 53 61 93 32 9 53 77 49 57 64 60 10 20 63 43 95 7 13 76 5 72 49 80 55 4 84 84 49 7 23 95 21 62 67 78 68 50 80 40 14 76 54 36 71 60 43 81 80 9 0 30 89 0 73 27 37 69 60 71 88 91 77 85 19 8 10 15 62 96 40 25 90 60 47 39 9 3 17 91 6 72 68 37 7 6 67 48 53 19 91 80 27 35 74 99 47 73 28 41 62 71 88 83 17 47 61 21 91 68 54 12 65 2 47 56 12 57 73 38 77 64 79 67 59 21 50 41 80 27 50 4 89 96 90 87 99 84 45 41 66 73 66 17 82 25 58 84 31 61 4 49 45 27 9 30 
18 66 84 7 54 48 87 87 46 21 8 69 69 3 27 99 57 65 61 93 40 79 8 97 40 18 43 27 83 48 57 70 86 19 21 16 34 2 41 83 13 4 75 84 51 83 91 68 36 60 54 57 51 54 23 38 23 64 44 2 49 15 83 34 91 94 77 80 47 68 30 59 47 91 99 45 31 22 9 32 52 38 63 48 23 53 81 95 77 67 61 34 26 32 66 4 67 5 4 0 81 73 28 24 51 4 84 55 95 31 68 42 95 11 42 31 57 95 83 97 77 27 20 4 63 51 8 72 64 94 26 36 17 31 25 57 5 21 41 7 50 39 14 63 71 23 80 25 17 18 81 12 12 8 83 20 98 8 59 7 10 43 66 35 66 33 34 15 70 60 20 52 36 52 9 98 64 55 73 7 25 5 79 47 76 10 46 41 37 19 60 13 75 27 53 38 0 23 86 94 
81 68 99 99 86 63 33 56 1 45 49 49 71 88 68 55 47 62 15 24 8 52 3 5 77 54 19 8 87 57 3 29 54 57 35 47 95 48 92 57 18 70 7 6 66 51 30 24 81 26 92 12 38 56 35 4 75 0 64 34 88 75 19 33 49 71 16 85 20 64 73 56 35 7 84 30 55 58 27 85 41 63 87 74 79 93 54 5 78 36 28 28 58 1 27 21 3 89 69 29 75 13 19 53 13 90 88 95 40 89 76 10 39 34 74 1 47 44 78 45 1 4 50 57 18 72 71 22 67 21 56 46 10 84 59 90 91 29 59 98 19 73 17 44 95 65 69 10 19 6 12 0 8 8 76 81 10 74 83 31 70 43 75 1 97 82 73 76 21 26 77 94 56 88 5 7 45 14 58 40 66 89 16 85 71 18 84 53 12 44 46 89 47 61 63 9 38 26 29 2 
0 51 57 61 34 95 54 26 98 4 24 25 52 19 33 60 11 3 59 45 92 35 30 11 18 48 24 83 63 47 50 61 35 75 85 3 73 3 90 34 46 58 26 82 42 7 29 90 23 99 21 88 45 77 93 18 11 76 34 23 32 99 10 56 78 61 47 81 49 70 66 6 55 98 57 93 86 9 86 79 48 6 25 39 31 55 44 70 67 86 4 16 95 81 35 29 25 15 36 11 3 38 18 91 39 79 13 58 7 32 9 74 40 57 0 78 70 2 46 38 37 44 48 46 2 5 6 96 21 32 80 68 65 61 70 12 21 85 94 40 14 34 90 64 29 50 7 40 42 97 17 63 49 55 52 18 28 70 59 83 17 12 10 85 70 45 29 30 70 4 35 20 13 18 37 73 27 51 12 85 60 3 23 28 48 88 1 28 46 22 77 51 46 83 60 17 3 45 93 85 
33 52 10 42 7 72 81 72 16 54 83 34 92 66 58 26 17 73 54 95 19 56 70 74 51 77 32 77 18 97 76 52 2 45 25 1 93 32 39 33 34 89 62 59 4 13 28 20 88 80 5 96 7 48 96 32 52 54 3 4 62 52 83 52 45 31 29 21 26 50 48 9 20 51 87 95 26 88 62 83 70 4 16 66 66 95 68 9 81 43 81 23 76 12 65 76 47 95 33 83 94 94 62 56 99 31 40 31 9 15 7 95 82 45 89 98 81 67 86 0 19 66 13 90 95 28 36 57 63 47 59 23 9 45 57 69 2 23 67 14 74 70 1 7 24 62 26 72 95 57 69 73 17 52 49 44 51 96 86 34 1 32 93 68 16 37 63 21 73 86 53 49 64 9 98 47 4 21 31 95 80 5 23 1 11 58 75 86 36 0 33 24 42 31 61 71 50 83 30 91 
5 8 85 31 51 4 71 85 47 81 18 31 73 68 38 68 14 38 80 39 3 69 43 47 13 86 89 40 43 48 91 96 60 13 89 45 71 43 84 26 16 2 98 1 33 80 27 97 81 82 24 52 3 49 4 98 18 39 42 74 88 74 2 31 89 21 91 35 21 30 81 57 24 8 50 49 20 99 90 17 12 44 3 28 77 1 90 13 10 32 51 97 40 27 39 97 13 20 88 0 56 86 65 96 58 92 63 78 19 55 43 31 56 46 80 32 31 1 95 69 48 39 58 90 15 14 62 34 34 30 48 65 64 41 90 43 54 76 25 13 9 38 25 20 68 71 25 48 31 46 1 18 72 67 33 57 58 26 86 89 99 68 7 45 90 85 94 35 88 49 59 6 98 79 26 67 20 70 44 87 5 6 38 83 35 52 53 61 72 9 45 87 0 52 4 45 45 12 6 84 
53 99 95 28 91 94 24 65 57 61 42 49 75 7 63 65 64 33 98 87 93 82 93 55 6 31 85 28 29 40 37 9 84 15 31 79 83 46 84 82 70 59 67 27 27 56 79 0 67 12 52 46 49 21 3 98 64 22 92 15 11 99 89 35 25 11 0 80 70 85 54 57 99 80 30 69 5 72 48 3 28 92 98 71 65 46 2 27 34 3 10 82 46 3 12 29 69 77 74 79 36 6 5 38 56 36 85 15 47 29 80 26 48 73 62 53 56 61 40 59 21 56 59 32 58 79 48 0 51 59 93 43 66 21 63 47 2 7 18 59 59 46 44 66 66 23 66 41 71 18 79 22 72 91 58 22 96 39 55 95 19 43 1 1 3 58 34 13 8 37 18 24 68 91 56 91 35 39 75 75 17 53 8 79 15 22 1 67 3 75 78 3 66 76 45 68 52 58 83 7 
91 39 13 88 35 47 24 8 54 19 85 82 62 18 99 70 55 56 50 76 51 62 80 20 27 5 74 57 12 47 58 3 9 87 66 51 43 16 72 2 31 60 99 19 70 77 12 45 7 37 34 12 40 94 51 49 86 76 76 96 11 66 63 21 4 22 11 74 40 81 43 29 54 59 55 61 2 46 59 89 99 73 25 28 99 43 93 66 68 36 7 44 73 71 53 18 24 53 82 73 2 71 70 19 24 74 27 45 9 58 71 33 39 36 91 71 51 31 63 25 11 93 59 45 83 3 69 94 99 86 88 55 34 68 5 79 16 2 92 94 75 91 1 79 44 34 7 42 49 95 73 15 34 91 27 40 84 12 8 88 67 59 69 17 67 33 84 19 18 68 66 93 9 7 53 35 9 3 50 37 35 23 55 71 62 6 12 89 52 40 83 13 16 10 5 15 62 10 67 60 
99 95 64 14 14 84 87 86 7 15 1 35 19 51 92 31 1 46 15 43 56 1 97 24 72 77 11 59 5 96 61 29 70 42 8 56 58 16 15 56 25 38 78 13 37 32 54 43 2 84 73 79 91 33 5 14 77 27 73 56 14 97 31 91 19 31 20 39 2 46 64 44 59 40 97 2 51 96 31 60 93 90 97 65 17 51 46 54 50 27 77 96 1 7 29 89 14 85 61 77 33 29 55 23 49 57 20 91 55 29 68 78 15 5 98 56 19 22 81 17 24 79 84 32 4 32 23 72 36 56 27 35 71 43 25 4 84 22 69 59 1 61 61 0 87 97 23 68 79 60 26 23 38 82 53 3 89 62 69 27 8 64 50 12 25 75 63 8 59 65 9 11 3 42 57 67 37 71 89 6 40 64 13 59 12 32 82 10 56 67 78 87 67 29 1 53 69 29 80 62 
18 84 72 39 39 99 30 30 42 25 52 98 71 10 30 26 47 29 73 40 23 37 12 88 24 67 18 37 74 61 75 35 14 41 94 62 13 43 98 14 85 61 36 99 6 62 48 27 49 33 96 42 12 75 53 73 71 62 75 94 65 39 27 2 14 2 47 20 55 4 6 82 98 46 32 86 72 64 96 75 8 40 57 19 2 65 38 95 80 62 21 13 4 15 9 81 94 90 38 83 63 25 82 7 58 43 6 58 90 8 18 57 24 79 1 32 34 75 86 45 64 83 68 73 74 89 9 57 75 68 80 4 56 98 41 69 16 50 24 76 10 71 50 98 40 72 39 33 79 89 75 92 82 37 67 78 23 14 3 32 92 94 90 98 19 63 85 87 40 98 23 88 10 75 8 1 12 12 25 65 65 71 31 7 7 37 76 90 28 84 86 10 53 59 81 3 30 44 36 21 
71 47 75 65 30 93 31 8 72 60 73 60 20 37 72 71 85 93 17 26 24 16 76 34 50 87 12 47 28 13 67 41 31 57 55 39 4 50 81 32 1 34 76 44 97 51 96 7 46 51 19 97 44 75 39 57 84 66 6 83 82 59 42 20 87 24 45 0 95 80 32 63 86 60 26 95 11 57 59 77 94 17 78 33 46 35 64 75 66 52 54 87 54 52 5 41 16 4 59 21 92 5 53 1 31 56 19 53 75 51 67 50 79 69 62 26 20 94 27 51 89 65 57 58 35 77 59 62 8 89 50 41 48 27 91 13 81 76 18 79 55 10 82 68 63 46 74 89 82 94 87 29 84 25 47 89 77 2 90 43 62 35 38 17 44 32 88 12 95 7 92 28 89 92 50 51 17 19 55 62 74 97 62 23 67 17 28 27 61 80 72 25 58 99 83 36 88 51 34 50 
5 32 50 9 69 7 5 54 62 30 81 4 38 74 50 54 62 91 39 77 62 73 98 20 53 35 12 68 14 35 39 18 95 1 62 22 85 45 0 78 93 14 32 4 5 49 72 21 6 28 90 70 16 67 16 11 14 28 91 13 56 14 0 52 90 65 72 94 87 12 74 63 82 7 24 69 72 29 4 25 46 81 27 59 88 57 89 59 21 99 86 60 5 71 68 57 25 36 66 38 23 31 89 52 50 13 77 36 94 4 70 45 74 60 99 88 73 90 7 63 67 66 2 21 50 66 46 81 17 62 90 61 95 37 87 1 91 64 10 61 91 41 85 99 63 47 26 56 55 60 40 0 19 79 46 31 6 11 25 47 25 23 2 60 77 84 37 3 51 28 20 91 75 96 83 11 92 53 95 91 19 14 81 81 25 20 64 19 81 2 15 84 53 63 56 55 28 43 91 62 
14 69 99 34 55 70 14 82 57 89 0 43 7 8 42 63 46 39 98 36 83 47 10 59 49 27 12 56 9 62 53 53 11 19 47 19 98 45 87 84 95 1 35 49 94 54 54 10 49 47 70 55 45 39 94 53 10 89 68 2 71 9 15 25 18 43 31 34 37 22 94 0 56 60 97 8 45 76 71 89 18 60 30 12 26 16 69 14 39 58 90 15 94 0 88 2 91 67 57 22 62 49 46 15 35 78 90 74 22 46 95 80 14 22 34 26 18 71 26 1 88 11 48 48 22 99 5 46 95 21 99 52 27 27 45 92 5 27 49 59 80 20 19 33 71 9 76 46 6 9 4 46 18 50 80 4 60 18 50 32 5 63 34 15 16 98 5 68 16 11 84 64 39 70 87 73 76 33 18 43 33 48 68 91 36 17 63 84 71 89 27 70 13 55 10 96 3 28 35 19 
63 38 37 85 44 48 31 67 22 34 94 77 8 30 30 45 58 14 8 75 16 89 60 81 84 19 79 67 26 91 91 28 55 76 89 69 70 27 66 53 47 20 2 2 65 1 26 99 17 79 33 90 49 44 92 24 29 81 24 91 53 17 84 51 42 61 92 24 18 89 98 79 70 99 51 60 2 35 11 78 52 47 20 65 88 63 56 32 4 64 38 25 42 12 48 89 22 97 30 52 18 68 49 66 51 75 80 83 10 11 59 21 15 86 58 59 77 7 32 48 45 87 14 80 51 38 97 82 71 17 95 71 64 46 96 42 99 21 71 64 10 64 64 34 71 95 7 24 54 14 60 53 97 8 81 24 63 66 4 73 72 19 78 61 76 57 3 42 97 39 34 82 81 8 39 69 94 8 59 2 53 42 28 70 52 42 6 87 23 20 25 83 25 68 76 59 32 79 85 11 
10 99 22 11 67 74 20 15 39 56 14 22 6 62 11 28 44 45 24 83 6 36 72 75 38 65 89 60 78 78 80 96 44 67 23 44 73 6 58 4 3 35 71 11 99 93 7 67 87 33 74 88 44 70 40 14 32 36 85 50 85 97 74 90 53 13 61 71 29 36 95 7 96 9 35 78 54 41 30 94 72 54 65 99 2 90 78 12 5 79 4 34 18 64 80 24 68 67 96 0 30 4 89 5 73 39 78 98 14 25 17 30 35 60 77 8 70 16 59 16 4 21 85 14 36 22 90 3 30 95 23 67 97 6 21 82 98 83 12 97 24 9 55 66 61 64 58 58 34 48 37 51 46 54 77 78 31 65 19 7 26 96 79 62 48 83 91 32 52 38 17 91 51 13 22 3 5 44 24 54 10 2 20 12 1 37 92 42 84 32 73 23 56 30 64 36 26 25 82 58 
54 92 8 26 27 1 44 80 76 49 66 91 37 11 6 40 44 96 82 8 73 48 2 75 29 92 86 27 39 5 68 66 73 6 39 67 44 21 3 78 84 56 5 54 87 21 77 10 68 54 3 7 8 83 51 69 0 80 21 32 20 80 75 73 19 66 32 4 55 5 33 52 59 39 73 50 24 29 67 43 4 35 10 89 53 26 12 42 1 49 80 6 32 20 80 34 82 98 12 85 43 29 22 99 41 12 30 80 77 16 98 66 64 23 65 98 7 49 33 81 44 96 12 25 31 11 83 13 66 52 42 50 53 90 44 87 12 13 80 35 65 41 78 12 8 10 98 68 58 36 81 40 18 7 5 95 38 23 0 48 81 18 56 26 19 98 25 59 66 84 22 61 36 47 69 57 69 45 10 88 26 56 78 15 90 7 79 6 64 42 70 49 85 47 20 65 11 79 83 0 
10 64 2 95 39 28 85 80 94 14 4 77 92 59 62 79 4 20 26 74 85 98 19 68 81 23 39 12 57 39 80 1 29 25 26 35 40 59 28 38 76 2 86 36 31 79 62 44 53 98 74 8 6 9 21 66 18 61 89 35 75 40 37 27 86 71 7 33 46 27 84 94 49 57 66 64 79 62 90 93 4 30 86 40 22 74 9 75 51 47 14 25 55 16 61 18 53 69 28 64 14 42 94 17 63 96 58 79 69 42 45 55 70 66 99 57 25 5 67 34 52 60 94 63 4 61 46 85 83 25 11 29 70 91 85 86 42 65 76 93 92 62 81 61 41 60 17 71 39 66 30 27 69 16 48 56 67 42 2 84 74 38 42 88 97 10 71 86 56 78 72 75 4 85 68 20 55 94 12 20 77 1 56 76 63 91 29 33 75 46 30 8 33 9 14 20 76 87 50 41 
23 14 4 81 85 57 35 79 92 18 95 29 18 38 87 6 37 66 93 49 60 43 82 61 81 68 55 97 82 22 43 18 35 48 62 62 48 69 26 95 10 47 80 53 99 53 88 24 40 83 36 49 47 16 30 82 48 80 33 52 15 0 22 89 30 26 8 91 32 97 72 96 15 61 85 30 86 70 39 72 67 19 54 1 55 33 66 24 45 9 80 37 75 87 15 4 26 91 40 99 2 33 27 53 86 39 27 60 9 66 12 34 90 14 78 96 64 74 33 74 92 84 67 63 19 32 66 48 82 15 27 39 21 49 93 74 52 95 98 0 24 95 26 3 93 13 14 87 82 39 32 33 54 99 3 31 34 31 74 52 7 6 4 91 45 69 63 81 16 4 21 30 14 30 58 11 69 50 32 77 50 8 11 37 10 16 0 1 36 1 56 50 48 4 49 22 90 30 81 95 
62 10 30 53 91 92 37 29 61 3 41 99 31 10 10 65 80 25 70 88 2 0 20 18 37 45 4 60 73 18 11 51 50 89 19 66 63 51 44 38 85 70 88 76 17 55 53 70 65 52 65 32 35 10 90 9 14 69 50 54 97 38 36 55 53 81 93 52 67 93 14 93 38 93 55 85 33 72 83 11 76 87 4 98 67 54 10 79 64 76 3 80 35 38 30 87 22 95 56 56 30 53 2 55 26 71 60 29 26 2 29 25 37 88 13 74 95 75 11 59 82 2 51 69 13 23 79 68 86 65 84 9 80 78 15 91 4 40 24 69 9 71 11 83 49 42 82 71 74 67 10 89 12 48 81 42 93 39 96 94 83 0 20 4 1 38 46 78 1 31 39 89 52 53 97 2 23 69 76 94 52 1 48 83 39 80 91 47 95 52 9 64 67 1 81 21 42 80 79 68 
59 46 1 64 57 70 43 5 51 89 26 34 9 1 10 59 94 63 39 19 97 77 1 59 34 38 84 31 78 0 78 48 65 16 6 59 87 28 92 21 1 54 70 8 54 71 43 45 86 62 26 18 45 41 42 58 90 81 15 98 82 78 31 19 84 69 53 29 99 14 42 54 54 16 46 59 18 99 78 10 69 72 56 65 10 26 22 22 57 92 98 76 85 42 9 16 59 37 83 55 76 32 7 15 69 23 63 84 34 21 62 29 77 88 64 0 89 91 82 46 31 9 95 6 79 36 9 88 78 13 68 9 66 97 88 57 15 91 33 39 57 21 32 51 17 40 96 22 45 80 18 71 54 27 36 59 88 20 75 86 73 91 84 50 78 83 8 71 38 36 4 71 7 67 12 68 46 87 94 88 66 17 77 9 80 77 86 25 61 2 7 71 89 64 79 30 47 1 45 90 
68 3 96 17 32 43 78 7 31 20 75 13 0 78 65 79 8 57 17 84 9 7 57 10 13 24 68 26 37 87 89 21 41 70 28 4 41 82 57 9 48 33 55 66 28 19 32 9 47 94 33 13 73 41 64 12 81 96 4 38 40 53 58 45 71 18 25 85 37 94 67 17 54 13 90 43 89 12 87 69 20 16 46 40 19 93 54 93 70 2 12 21 45 64 86 49 20 88 84 99 84 80 42 52 83 84 3 31 52 45 94 96 91 15 67 20 9 0 5 8 3 64 81 92 99 66 93 98 28 90 98 15 11 17 3 74 82 2 55 70 44 22 65 77 72 83 78 98 71 16 82 54 16 68 10 86 78 52 53 60 41 34 70 57 37 31 94 82 40 51 11 29 57 64 99 66 20 12 65 41 51 11 68 2 54 4 62 68 23 66 28 10 25 91 71 36 78 36 7 16 
59 88 36 0 43 37 86 59 34 58 49 10 67 68 5 97 76 55 72 58 65 37 64 1 84 68 72 92 47 55 57 61 18 27 1 62 51 91 32 97 27 46 21 88 58 86 79 22 82 73 13 63 32 35 95 24 68 71 18 55 15 63 45 37 77 21 81 88 20 60 30 56 21 58 79 48 97 51 40 74 89 73 93 87 81 22 74 76 75 35 21 74 82 18 59 39 5 19 15 10 54 26 60 23 86 19 85 58 11 58 46 49 19 73 88 20 95 68 72 65 12 0 65 96 45 59 7 8 17 35 52 10 18 19 53 23 2 14 40 69 28 23 17 90 79 88 81 43 18 63 19 70 64 30 69 18 90 74 81 52 37 86 40 35 39 85 99 55 91 25 16 30 37 74 91 10 46 30 22 99 27 10 25 43 62 97 54 35 8 67 28 22 38 49 99 87 5 87 68 96 
59 6 21 8 16 23 22 64 18 11 65 13 89 97 23 81 46 97 81 93 40 90 82 78 99 39 85 23 96 69 85 25 18 72 62 32 80 98 88 49 62 80 67 76 0 24 33 84 4 98 44 33 96 11 61 85 16 63 53 26 25 22 98 99 26 2 57 53 98 7 19 0 30 75 88 98 85 42 91 63 33 65 75 82 11 50 6 19 94 67 36 69 63 24 2 46 89 46 52 12 4 10 95 94 15 9 24 47 62 53 25 99 44 92 8 60 49 72 9 23 16 94 62 83 79 66 87 37 54 83 68 8 25 16 54 51 56 91 10 17 14 4 78 83 89 76 49 49 71 59 49 22 74 84 67 89 64 89 19 48 50 57 97 66 53 43 19 26 38 59 79 89 50 96 83 12 69 46 40 46 28 8 92 75 44 77 23 98 78 11 59 33 44 80 95 30 37 68 97 19 
19 54 7 5 72 71 56 26 27 60 23 14 69 32 56 87 43 45 69 47 69 41 19 13 56 28 93 39 56 44 17 3 77 49 2 29 47 62 69 68 51 12 79 99 4 61 46 33 98 60 51 28 54 63 27 91 78 9 56 54 18 73 27 26 60 47 76 49 35 45 46 59 10 60 59 9 71 73 22 30 18 26 15 92 36 49 2 37 19 31 52 94 60 9 63 7 98 51 45 44 57 81 30 58 79 94 85 41 70 94 91 38 54 47 10 80 19 16 82 67 26 2 89 68 9 86 12 75 33 31 92 50 96 80 86 33 50 5 11 51 27 66 23 52 70 55 92 55 36 30 21 34 96 27 39 43 57 54 48 98 16 54 74 28 96 0 30 26 24 13 98 50 0 16 64 13 6 87 16 42 74 9 64 34 35 8 81 44 93 12 65 19 80 88 15 62 98 47 66 19 
12 5 10 75 36 48 55 32 51 73 8 84 57 83 43 34 29 18 65 51 28 76 12 86 32 28 43 91 1 79 50 32 38 35 79 17 84 86 84 66 0 15 98 54 98 34 69 79 42 26 5 35 74 42 21 92 24 44 21 52 33 66 57 30 38 22 40 29 15 1 63 6 29 39 19 12 40 25 84 84 12 98 58 61 67 90 79 69 56 31 87 96 87 98 53 85 61 82 67 51 97 47 55 21 27 47 38 41 87 99 6 42 61 36 80 48 40 80 60 52 5 18 7 72 14 42 16 72 30 99 34 82 94 95 42 87 25 29 97 18 72 54 80 48 53 38 30 5 20 24 90 90 90 99 90 51 26 86 51 43 82 90 22 42 31 62 62 19 67 51 3 74 90 97 66 11 62 38 42 67 96 82 82 34 80 35 48 26 64 62 46 60 63 1 43 48 59 50 36 42 
42 36 67 34 61 20 47 7 42 99 14 27 83 62 68 77 82 86 24 85 66 54 8 53 4 77 16 68 27 72 7 51 81 43 70 77 69 99 93 59 60 49 15 32 93 56 35 23 88 77 36 67 95 62 34 62 70 35 99 97 41 64 73 87 96 34 32 76 27 58 22 91 25 84 85 91 98 69 21 11 30 98 38 73 44 66 5 4 15 81 78 52 7 39 80 25 11 28 72 90 74 33 79 73 24 64 67 32 35 55 52 57 53 6 51 94 99 30 55 30 62 28 18 44 57 59 66 86 59 49 84 40 11 49 88 46 57 17 7 42 31 56 73 51 48 90 35 79 11 66 72 73 19 21 15 70 49 38 49 97 19 53 58 2 0 40 33 61 36 67 87 2 10 22 48 22 83 5 86 63 20 2 30 33 3 63 68 90 5 34 73 91 16 93 95 43 67 27 45 4 
82 6 92 11 57 23 97 9 3 34 35 43 67 83 56 21 73 97 83 15 9 29 0 76 84 87 59 88 64 10 82 75 30 90 78 30 87 9 24 90 98 99 84 6 51 67 29 54 37 97 98 18 35 78 8 99 70 88 54 16 70 74 46 11 93 75 37 42 8 82 52 81 7 51 71 29 32 96 86 23 79 34 58 94 93 56 35 85 99 12 88 68 93 85 34 24 25 82 96 88 88 57 26 11 75 6 5 12 35 28 43 93 96 76 43 27 14 21 67 61 73 12 36 39 5 57 58 65 97 97 52 0 92 34 42 11 28 11 30 46 75 1 75 72 27 63 1 31 95 80 9 32 75 98 43 18 2 57 49 95 86 73 9 65 16 57 20 91 69 84 93 48 64 5 76 39 25 95 51 4 59 85 24 41 61 88 61 13 13 60 97 13 86 63 3 96 42 90 27 28 
47 72 80 21 79 10 56 78 21 72 83 38 22 76 58 41 72 28 6 59 58 64 4 60 32 82 74 96 56 45 57 48 21 52 77 66 51 3 16 54 55 30 23 46 33 37 77 56 87 28 69 16 51 48 31 83 36 45 66 26 33 82 48 11 63 70 73 67 12 52 40 35 15 65 32 4 30 72 34 53 2 34 76 66 38 36 90 7 94 70 26 69 13 45 33 21 53 3 64 3 19 41 36 60 98 9 42 39 19 97 69 4 53 24 85 82 90 4 12 60 7 36 71 70 29 58 60 21 88 27 45 74 26 38 60 50 47 58 20 72 96 44 42 58 25 37 65 95 40 44 51 77 59 55 21 24 8 97 33 27 39 51 50 9 80 91 23 92 51 77 40 14 20 98 97 35 46 17 80 91 19 28 41 2 40 6 32 57 75 83 39 68 90 49 13 56 90 64 58 51 
40 92 8 34 43 53 33 99 86 36 38 50 47 80 11 56 24 67 96 46 44 22 87 40 70 26 43 90 26 73 17 99 92 97 69 23 81 59 3 16 99 34 78 41 76 36 69 95 94 49 76 65 97 4 74 82 50 55 48 40 87 10 68 47 63 50 3 98 79 42 11 97 12 15 78 92 87 52 15 19 43 24 38 42 42 95 45 43 50 75 40 61 33 24 39 15 19 77 61 98 72 16 49 60 33 83 52 82 19 29 96 67 77 37 16 60 77 17 71 74 67 53 34 34 21 5 69 65 38 69 97 57 60 71 29 30 15 74 49 56 8 53 54 19 14 90 82 64 36 36 7 40 72 59 16 27 30 30 59 94 43 13 33 24 40 53 82 70 85 56 88 77 51 90 75 96 50 92 14 86 43 70 24 40 21 96 40 67 8 92 25 13 71 67 30 49 30 85 57 84 
88 66 63 2 75 22 4 62 56 79 55 85 84 86 19 19 75 28 99 38 92 97 3 36 97 50 52 68 17 6 27 58 74 98 64 74 64 83 5 84 52 24 84 5 5 64 72 25 44 23 85 50 17 35 49 19 81 82 63 72 46 74 81 5 41 22 20 34 67 51 25 70 34 25 54 23 85 0 83 49 15 76 97 32 11 45 6 91 23 15 34 78 55 60 30 24 1 32 99 74 95 92 38 74 11 88 53 99 61 42 72 55 53 54 36 11 67 46 4 92 40 33 3 30 47 84 5 81 4 94 69 77 16 49 94 50 34 75 5 52 64 18 78 17 0 50 7 61 0 76 25 29 55 52 12 91 19 82 53 84 52 2 2 87 99 18 6 30 35 24 69 95 54 4 30 13 11 61 48 90 58 54 38 90 37 56 74 49 93 74 47 18 21 50 5 70 3 6 2 55 

