97 63 51 7 67 41 65 71 76 39 79 98 23 20 22 6 75 28 89 0 29 51 84 1 90 33 97 60 66 15 61 11 24 87 30 84 24 27 20 34 75 43 60 7 10 84 64 81 38 52 93 88 78 95 53 66 53 34 61 10 98 39 6 69 29 48 69 54 0 44 53 51 58 23 16 68 46 68 94 44 23 84 57 70 99 14 8 54 74 50 59 27 44 86 7 7 25 6 86 61 55 6 60 87 25 98 75 21 44 36 84 0 79 34 15 33 79 66 57 32 42 34 88 49 95 45 95 50 67 17 31 79 74 55 93 45 89 55 0 61 38 97 61 56 1 8 38 94 66 65 28 8 59 4 48 97 3 49 91 94 55 73 93 62 68 37 23 38 73 12 97 40 98 9 75 33 61 12 65 57 73 34 68 31 40 81 43 22 49 16 72 78 1 62 63 62 49 22 76 50 49 56 68 3 52 50 56 86 44 85 5 49 39 48 79 57 73 13 44 25 8 80 28 10 30 73 71 88 18 57 94 39 62 67 22 50 86 42 25 48 13 31 6 59 28 65 47 13 99 85 97 73 84 87 39 79 9 24 47 36 6 42 74 40 70 97 70 72 54 91 21 90 40 86 84 26 72 24 81 72 29 11 80 84 74 3 39 77 18 1 24 93 5 57 36 27 80 26 94 86 0 20 6 29 13 18 90 55 60 13 72 10 55 5 42 70 37 38 46 71 82 90 10 75 71 98 79 81 37 66 76 63 30 64 90 49 61 95 50 2 11 68 2 78 18 81 3 64 29 58 2 2 36 41 9 84 53 9 65 89 35 33 6 0 14 13 74 45 27 17 18 14 70 77 37 36 97 85 50 26 99 38 29 50 28 36 33 45 26 18 32 16 45 3 6 84 15 34 42 86 
96 16 27 31 44 8 98 49 52 60 77 39 89 6 7 38 83 25 93 45 63 69 13 29 15 20 68 28 58 11 34 47 66 24 4 18 37 77 89 25 56 49 78 8 74 2 70 62 40 87 42 58 31 18 56 73 42 60 58 32 62 44 73 45 47 70 23 59 13 21 70 11 92 62 50 64 51 86 1 91 79 34 32 16 90 41 64 32 97 0 75 23 39 49 41 3 27 16 50 1 97 50 21 60 88 6 97 28 18 30 39 37 92 45 19 44 64 63 59 65 29 78 54 50 1 90 32 86 5 23 31 77 76 65 5 35 16 89 55 80 62 90 41 51 88 66 63 86 70 18 15 36 68 36 36 20 85 47 99 97 57 88 40 47 98 11 43 73 93 83 31 87 3 38 19 58 46 72 59 81 55 32 97 18 52 44 29 30 22 84 14 49 39 65 26 94 40 18 39 81 50 92 70 9 86 27 69 89 63 40 40 90 23 71 17 59 69 8 45 3 73 78 32 30 51 16 4 22 73 64 53 12 60 88 52 63 86 59 10 85 42 8 74 32 47 57 11 46 45 62 99 52 24 55 99 31 38 96 64 32 29 7 61 90 74 39 61 25 72 87 11 94 3 17 1 84 22 88 67 8 90 12 12 44 93 92 77 21 56 96 28 44 5 93 26 46 56 14 85 90 38 44 65 3 38 39 61 77 4 18 92 45 87 57 37 8 60 50 51 7 39 70 89 69 20 77 69 85 14 79 12 83 14 12 46 4 92 46 33 4 49 10 47 0 37 29 32 60 59 31 57 38 1 73 11 12 26 67 26 54 1 35 1 84 84 57 50 70 12 43 99 45 38 80 80 89 79 96 25 43 28 29 51 70 65 89 26 64 68 18 21 6 80 15 49 60 94 25 63 77 
30 96 41 7 79 92 91 5 1 22 14 22 63 79 8 98 0 6 69 42 52 36 30 36 63 13 56 39 58 82 51 72 87 75 48 82 10 58 0 44 35 3 33 84 50 4 94 26 53 40 82 89 81 8 17 45 35 95 90 74 11 71 40 48 2 78 44 28 97 6 14 77 22 3 20 78 79 74 55 35 48 75 71 70 84 38 33 9 63 55 91 73 54 20 36 37 39 75 56 18 99 48 58 85 85 82 13 76 93 40 28 73 89 59 49 41 19 43 11 43 55 55 98 67 78 5 67 10 75 61 14 23 72 76 80 87 57 36 24 69 69 70 68 67 93 41 64 13 37 57 11 72 68 22 60 49 7 85 19 11 61 68 84 65 33 98 12 76 80 89 67 77 42 80 17 18 15 99 67 91 86 97 41 91 0 80 89 30 26 3 91 97 65 91 71 28 93 6 6 88 45 2 56 9 76 70 69 97 95 46 16 2 43 27 28 73 66 53 5 83 9 80 38 60 95 92 47 53 25 41 1 62 17 29 13 33 31 20 5 21 82 95 65 31 11 64 90 29 51 0 60 36 66 89 1 67 40 34 19 68 95 89 91 14 10 96 92 4 60 62 29 10 71 20 43 21 86 34 61 12 25 43 13 40 65 50 8 95 99 41 37 60 1 56 18 70 79 89 54 71 78 73 93 91 30 67 14 5 65 87 30 81 99 70 26 71 1 3 75 59 17 5 15 10 67 60 83 55 92 30 58 37 97 83 5 37 80 74 45 39 99 13 73 37 98 67 93 66 30 32 33 16 49 18 70 17 43 39 69 12 61 73 74 67 86 1 92 23 80 51 74 70 72 26 81 88 56 55 83 13 40 6 3 62 63 37 26 42 11 43 82 47 47 4 0 13 80 20 68 65 
38 37 39 70 97 16 72 49 87 50 0 27 76 75 62 68 3 84 7 68 79 74 44 16 50 6 9 18 40 14 99 57 3 67 53 69 77 93 12 9 83 72 15 49 49 5 32 46 94 44 40 4 81 79 68 76 16 63 77 14 52 77 6 29 6 83 92 84 80 12 22 63 47 70 5 7 27 10 61 49 71 42 58 78 19 58 18 26 39 23 80 31 38 11 28 53 87 52 76 26 35 13 42 16 91 58 51 19 75 56 51 69 46 60 30 49 48 23 10 44 22 2 66 46 41 74 91 78 98 10 20 28 97 84 0 11 43 18 67 0 20 22 84 5 12 52 58 25 25 69 48 7 14 80 18 2 2 69 41 24 36 57 18 17 86 97 75 33 8 60 5 48 82 3 70 34 36 32 14 80 65 79 87 74 6 37 93 92 56 15 11 50 76 93 24 39 14 36 69 10 65 34 23 56 77 9 99 36 66 18 80 40 44 42 40 2 70 49 79 7 31 82 53 24 39 19 3 66 90 37 32 37 42 83 11 7 18 3 15 98 95 25 66 21 2 71 67 66 90 28 36 57 56 89 7 60 56 97 19 64 81 84 37 90 11 14 99 74 40 57 20 52 94 0 89 0 4 22 52 40 91 50 96 74 46 32 28 36 67 56 7 50 20 77 79 82 57 73 49 20 80 63 65 99 43 21 37 40 45 71 31 8 80 92 90 56 17 63 30 76 96 28 73 39 97 33 36 69 71 99 98 34 97 29 85 19 71 3 98 34 49 75 59 31 41 24 56 16 45 46 11 13 8 74 23 60 34 46 6 47 62 0 49 59 47 75 41 27 12 54 0 62 33 4 46 5 35 88 64 60 35 61 88 50 46 52 34 44 79 65 75 14 13 48 44 0 50 10 77 16 
21 18 70 91 76 47 18 5 69 90 59 56 82 37 33 68 66 56 22 5 74 51 81 17 20 15 93 49 19 16 89 85 55 71 42 54 18 41 24 76 27 0 84 24 50 52 69 19 1 45 71 83 57 51 16 38 55 37 77 89 93 98 96 75 20 85 82 66 96 37 68 5 6 20 57 75 92 99 42 94 62 6 0 43 64 88 58 70 7 18 12 29 9 41 67 97 35 36 99 72 73 70 1 89 13 88 28 45 91 23 46 30 73 33 98 5 85 40 38 8 35 59 86 32 29 11 27 9 28 29 64 3 5 90 32 95 68 3 54 63 92 46 66 66 2 45 61 48 10 98 39 60 84 26 54 55 47 57 18 68 40 34 59 20 81 32 90 0 0 1 91 13 33 78 38 19 94 30 17 77 58 69 66 40 4 20 78 9 14 48 4 80 54 88 62 35 80 8 21 20 51 78 35 34 16 5 86 45 40 40 34 15 6 75 11 65 61 74 84 99 47 27 35 53 34 28 26 19 14 81 25 78 44 34 82 27 36 37 85 39 9 95 12 47 61 23 82 66 31 82 41 53 21 25 13 38 21 20 71 5 51 33 56 38 40 97 67 47 50 57 33 5 80 11 58 49 91 97 10 9 0 78 17 54 40 20 60 92 2 34 89 8 92 91 20 42 85 99 27 75 77 5 76 56 13 40 13 52 60 69 44 2 2 88 15 79 5 75 86 79 41 1 71 9 96 68 79 0 98 68 70 14 29 96 19 8 44 62 25 44 57 23 56 30 13 6 49 91 75 98 19 5 79 84 51 7 52 86 43 64 47 96 72 25 83 0 49 88 22 25 6 6 37 28 66 81 87 95 25 83 6 49 9 17 71 17 91 27 11 90 13 95 41 43 13 60 5 0 8 29 
70 77 43 42 13 98 86 54 26 11 28 66 46 68 23 33 13 27 32 52 49 36 40 28 3 70 76 62 62 96 58 38 97 31 90 11 91 66 76 86 5 46 42 81 44 79 48 14 86 10 78 23 6 32 66 4 34 63 15 32 11 0 80 28 13 61 5 66 13 80 19 88 17 24 87 87 3 54 61 95 40 94 37 68 51 99 13 7 76 16 84 57 42 13 10 55 16 49 49 50 7 69 16 81 93 33 54 37 60 81 90 53 78 39 24 42 79 7 94 24 23 15 76 54 34 9 0 14 10 33 18 60 68 79 91 57 45 29 73 75 10 64 47 67 9 69 20 90 46 46 41 52 74 82 86 94 99 85 26 41 45 91 48 56 16 40 84 83 33 32 70 68 77 88 99 62 23 8 45 79 73 14 38 30 10 3 16 38 74 86 47 14 83 62 74 17 35 59 23 99 58 62 82 73 45 23 35 1 55 80 19 38 71 33 24 67 54 64 96 41 26 2 45 82 95 53 5 80 33 95 23 90 31 3 44 37 31 51 96 90 81 10 2 82 84 34 57 18 74 84 35 12 15 10 18 4 2 34 50 76 87 58 18 76 81 39 98 1 42 6 40 38 94 80 53 52 13 1 79 40 87 43 41 19 66 67 87 78 31 44 86 21 61 71 94 52 6 87 18 92 14 2 79 31 93 15 74 80 56 29 55 33 16 93 90 53 62 12 59 76 90 19 0 29 17 6 60 91 24 61 17 99 12 37 83 65 26 32 63 53 8 36 37 72 65 82 30 63 47 0 92 79 64 27 75 98 45 19 75 37 59 11 79 66 62 57 2 3 18 17 57 52 54 49 92 38 14 22 12 88 30 37 0 7 83 36 34 20 32 46 21 5 49 47 88 92 55 25 10 22 
36 52 32 44 44 80 46 18 92 93 89 25 78 74 16 55 57 46 70 76 55 7 96 23 44 83 68 37 68 17 65 1 64 87 31 26 21 57 41 9 70 39 53 62 87 79 56 23 6 21 79 6 56 70 21 56 35 62 42 19 15 93 11 97 59 72 99 13 58 89 74 14 29 72 64 74 18 72 96 89 25 61 57 73 38 87 0 12 63 95 7 7 35 96 50 6 24 18 57 82 53 2 93 10 63 68 18 33 53 52 23 34 26 95 8 30 98 22 61 38 75 24 28 36 61 16 65 63 75 73 87 64 68 1 34 81 46 36 14 28 11 2 87 17 61 17 35 88 94 27 16 87 67 24 70 24 20 29 27 13 41 49 82 84 95 78 20 18 94 14 89 47 29 51 82 0 99 24 79 16 81 31 96 22 80 35 40 83 36 89 29 7 89 22 65 54 80 6 60 53 2 44 83 25 49 48 61 55 15 9 52 5 39 80 54 12 28 29 13 50 93 65 47 38 71 36 34 77 41 3 14 27 10 96 4 63 66 21 28 63 97 99 2 72 13 72 62 0 10 78 96 17 4 81 13 37 47 99 19 50 82 43 66 52 2 44 32 48 76 82 74 40 14 81 77 56 6 81 44 3 63 18 6 67 12 37 10 77 58 19 25 24 37 40 16 83 74 22 15 61 32 24 9 49 9 85 0 58 18 5 12 13 9 53 59 77 49 54 76 5 87 36 56 76 40 0 20 49 35 0 4 2 53 57 31 23 38 62 93 62 78 15 29 61 43 52 43 42 48 62 1 10 94 90 20 6 15 38 17 50 5 45 88 66 79 7 21 1 70 3 82 15 73 6 80 52 73 13 45 19 32 15 62 20 56 18 28 68 12 86 68 29 78 25 59 69 87 12 19 36 
83 94 32 54 87 16 37 33 52 69 27 87 57 39 54 70 88 22 61 49 81 91 21 2 64 4 45 89 76 30 13 48 4 90 6 70 32 36 56 25 79 89 83 51 36 20 95 69 23 39 39 83 65 87 44 94 18 14 41 55 74 99 78 32 98 75 78 48 49 70 81 87 94 67 82 3 12 53 19 68 99 6 14 67 1 17 57 37 37 19 85 58 6 73 80 28 47 65 82 96 73 6 76 88 54 1 56 62 89 13 52 24 38 86 78 88 88 77 31 34 63 15 79 44 23 23 97 45 42 12 63 45 65 12 56 4 22 86 80 36 68 66 0 68 35 14 91 91 86 11 27 66 19 30 28 17 5 33 34 3 87 64 33 51 52 8 90 50 74 81 28 90 8 19 92 73 35 88 48 7 83 79 25 84 2 92 80 38 61 71 46 61 31 70 40 95 50 94 70 82 3 16 78 84 97 64 11 19 89 71 18 97 64 90 25 49 26 25 11 58 57 53 75 84 65 40 68 13 75 87 72 34 4 82 47 30 87 77 59 57 97 27 37 77 72 66 11 97 10 90 72 55 96 79 47 79 94 23 72 0 36 17 55 39 57 3 83 30 55 46 22 16 68 83 77 86 79 48 22 35 90 41 16 94 99 29 47 95 32 96 45 73 36 33 37 80 18 3 9 15 76 79 9 63 25 1 82 52 90 25 20 43 43 72 99 66 88 35 7 20 9 1 79 8 7 0 20 7 20 38 83 71 83 97 16 39 0 40 63 32 64 35 47 15 60 69 81 84 46 41 15 81 61 84 38 72 42 60 25 48 78 28 31 7 70 34 23 95 69 60 37 70 25 64 68 76 73 86 90 23 49 75 47 14 6 83 58 53 28 11 28 68 13 29 18 22 99 79 61 88 
25 86 57 1 26 82 34 1 99 78 90 41 34 50 94 33 6 40 74 0 49 59 88 11 28 93 44 8 86 33 56 45 31 4 40 18 14 39 19 99 93 60 52 26 4 56 38 83 1 94 28 85 50 34 55 88 3 36 45 15 46 46 10 7 36 39 17 5 97 2 45 57 91 22 13 23 83 3 45 27 73 85 94 3 2 43 95 92 30 79 29 45 87 83 52 50 94 11 79 69 44 54 57 33 73 43 81 64 96 13 68 95 20 80 21 39 37 74 97 50 10 36 3 30 45 61 93 61 7 77 25 6 54 93 19 59 32 75 0 8 26 60 14 91 81 53 88 36 87 34 1 67 26 88 48 55 84 11 3 33 91 51 56 41 51 66 15 45 72 30 85 4 85 67 77 64 77 3 53 63 73 13 99 18 70 52 80 99 33 76 32 65 0 87 44 18 92 37 81 4 39 24 22 23 14 1 35 34 2 98 66 43 83 46 6 92 79 6 19 63 12 22 54 98 72 35 61 8 23 82 40 58 63 1 61 98 48 20 53 28 3 7 24 25 91 21 56 44 68 96 85 71 3 24 59 47 55 45 50 36 22 97 69 35 11 41 95 12 83 23 51 14 93 24 19 49 43 39 99 76 65 65 37 74 16 10 28 1 39 32 29 89 97 90 65 7 67 20 84 14 11 62 1 70 42 50 19 10 74 50 44 25 75 25 4 77 90 20 92 56 30 7 44 40 43 22 9 16 60 15 23 4 17 69 94 77 89 49 24 29 12 55 82 41 13 83 18 79 94 14 69 15 43 20 48 89 92 63 72 13 61 32 82 41 84 28 76 26 58 82 37 49 86 34 27 44 75 81 47 65 87 64 65 55 3 14 33 59 64 6 41 56 54 48 59 42 53 3 77 47 
46 75 67 7 47 20 9 29 65 26 95 51 25 94 37 27 49 1 90 62 12 24 59 46 0 68 63 46 27 6 50 12 64 26 95 26 11 59 82 33 4 58 1 68 28 40 97 24 97 89 49 71 47 35 55 86 74 30 2 86 6 1 31 66 68 57 62 59 55 13 16 32 51 81 79 44 9 22 41 77 75 22 76 14 77 45 77 25 24 8 24 81 50 1 11 97 91 62 91 10 50 92 35 77 83 31 7 65 7 13 20 27 56 40 4 42 71 36 93 82 83 69 40 12 80 96 68 96 44 95 33 78 28 58 21 56 14 13 70 68 58 27 40 53 55 16 41 64 92 14 90 86 58 80 72 14 79 31 32 0 83 50 11 15 50 53 1 39 79 93 19 88 59 34 87 44 37 56 95 16 32 26 77 40 65 47 74 17 91 31 52 80 77 46 18 71 39 67 62 59 83 72 48 10 37 80 42 28 40 97 41 85 44 39 15 85 5 1 71 34 57 2 0 53 5 3 86 43 11 43 73 35 80 18 79 85 76 67 32 40 50 44 65 87 6 67 50 5 85 74 23 75 76 2 64 74 23 41 79 30 47 1 58 16 33 28 46 79 93 73 75 57 63 31 81 95 1 9 82 23 25 98 61 40 44 2 87 8 67 80 0 77 18 81 29 65 86 0 43 88 63 64 5 94 53 28 78 5 26 9 33 71 57 69 87 16 86 53 67 59 86 4 22 63 92 35 81 16 60 64 42 29 90 83 48 44 74 1 79 68 83 95 41 55 90 51 39 52 85 97 18 2 35 61 54 18 33 67 63 45 86 15 49 46 7 58 42 70 90 16 46 97 67 47 68 52 79 4 54 84 21 17 41 58 87 67 74 30 66 29 48 33 40 12 70 2 9 65 52 13 
7 4 41 91 31 21 92 17 25 56 12 7 2 13 59 50 88 38 30 81 42 89 21 40 78 53 87 22 16 63 25 17 83 96 98 43 25 30 46 8 34 68 92 37 33 1 82 47 64 87 8 40 10 27 29 61 1 93 78 85 12 62 31 69 81 22 87 1 27 28 49 61 0 62 44 87 77 49 36 88 55 24 94 2 76 80 31 1 21 92 96 32 78 50 24 30 78 77 80 72 13 88 7 17 87 31 86 89 59 37 39 54 8 30 50 16 14 90 78 71 56 6 28 55 17 65 45 67 61 21 55 52 46 35 78 92 41 64 75 98 66 29 21 1 15 14 66 61 20 59 71 24 12 91 0 73 66 96 22 57 98 14 22 31 58 3 75 41 52 83 71 31 14 38 6 56 52 50 75 35 20 61 98 88 64 35 38 30 51 47 35 47 97 16 67 50 5 50 62 29 88 42 2 91 47 90 0 55 99 84 8 62 4 94 35 62 5 58 39 27 66 38 19 94 51 83 4 48 40 6 91 59 95 96 99 7 2 62 65 76 85 19 7 55 20 32 42 86 69 80 3 88 63 70 28 61 59 39 90 14 41 93 65 76 63 60 0 35 46 83 47 36 86 62 74 86 78 37 34 77 70 85 34 60 88 25 68 21 66 41 84 3 19 77 78 99 64 88 7 14 39 59 80 26 16 19 54 50 20 48 13 23 0 26 71 16 83 5 0 86 62 7 48 85 75 40 72 53 8 63 29 80 6 48 49 12 5 93 95 68 77 56 65 87 93 49 92 20 20 56 35 71 81 58 12 24 75 81 44 38 57 1 78 27 62 56 61 98 28 88 77 47 78 35 31 74 32 39 75 23 93 44 43 73 7 15 77 45 78 80 78 29 78 82 1 32 87 37 78 33 
70 72 87 24 82 4 70 91 10 9 69 69 64 48 6 23 58 28 15 60 37 65 45 7 56 54 15 6 22 98 10 37 62 45 15 55 37 3 64 27 28 6 62 27 89 63 34 62 76 15 66 4 3 84 35 59 81 29 9 43 66 22 90 69 44 75 19 55 91 16 79 6 71 41 5 57 14 67 49 73 73 91 74 6 84 61 90 82 92 87 5 63 19 47 70 65 36 94 60 96 85 79 0 59 99 92 28 74 85 19 64 77 39 3 18 81 52 8 7 11 6 36 64 11 69 56 22 35 39 99 38 43 22 9 35 95 82 2 57 83 73 95 78 70 80 69 83 6 76 81 2 59 49 21 81 91 5 17 5 28 92 20 88 48 99 40 76 93 38 14 57 83 79 87 77 55 11 64 53 13 15 25 11 73 60 48 58 94 6 10 65 35 51 54 80 90 74 53 3 42 26 2 96 27 97 67 31 9 25 36 88 25 26 26 21 82 55 26 29 68 49 35 64 86 81 94 56 2 69 13 11 37 23 41 46 95 18 59 65 51 61 61 44 54 59 57 77 82 99 28 35 23 5 4 55 85 61 66 93 11 64 98 89 79 76 35 46 22 91 32 91 6 67 83 52 42 28 7 39 80 63 92 52 88 70 14 42 13 11 0 39 66 70 73 41 47 81 56 41 32 66 8 73 5 71 10 9 78 41 78 23 57 31 24 24 86 72 75 80 22 32 82 45 75 90 47 59 90 46 8 80 46 46 56 26 89 46 82 19 85 96 24 29 32 0 59 66 95 0 16 51 3 67 74 97 1 59 83 19 32 24 28 76 36 3 61 56 5 75 75 54 37 27 44 13 2 45 64 99 51 37 78 49 61 8 63 85 65 2 52 88 72 10 82 52 1 66 21 53 74 
23 25 22 34 57 89 14 67 18 77 44 15 59 19 91 67 56 4 2 46 9 16 15 83 13 39 31 62 94 89 26 24 92 73 67 1 75 25 29 70 15 97 91 71 75 49 81 38 22 19 80 12 0 14 72 76 51 32 72 66 39 62 38 90 4 53 36 85 92 35 70 27 13 88 0 26 16 54 7 61 30 59 83 93 49 70 83 72 90 23 4 50 86 55 75 49 87 3 82 92 52 47 5 63 31 50 73 81 46 8 80 37 84 44 46 3 98 52 24 66 6 81 59 42 74 27 3 84 83 89 93 51 60 41 86 10 2 79 40 23 22 66 30 66 29 58 11 18 82 84 91 59 85 99 41 57 43 96 80 20 78 45 57 48 46 13 88 3 1 71 7 33 27 28 71 27 92 17 84 3 98 34 3 27 93 8 22 8 58 85 80 20 36 37 37 95 41 39 36 91 48 22 48 82 9 81 72 37 42 38 46 14 68 54 93 85 42 67 77 90 45 38 32 25 99 99 95 92 62 47 10 93 11 24 3 31 76 27 56 91 26 67 77 62 14 12 53 21 50 38 83 28 63 15 51 47 21 26 97 29 95 77 78 2 35 38 90 32 65 81 65 54 4 17 96 88 48 56 59 5 87 12 56 69 57 24 75 37 33 14 48 25 51 22 56 86 39 54 24 92 39 43 25 65 80 68 25 15 13 55 38 2 28 13 80 18 77 53 22 92 80 59 20 50 70 20 51 20 59 65 56 48 59 93 54 73 71 65 86 64 13 51 8 27 98 33 11 70 94 10 33 11 49 21 56 37 85 92 89 84 72 60 43 87 76 64 18 34 36 18 76 10 12 45 3 66 64 92 73 10 8 47 72 71 72 60 2 37 27 47 48 71 69 25 45 58 6 98 37 7 
47 69 59 54 3 82 44 43 70 14 57 82 84 4 19 19 61 68 72 30 84 99 93 9 18 18 90 32 93 92 53 96 89 93 66 83 9 88 7 95 8 51 64 53 77 66 5 80 5 37 87 86 77 22 7 69 32 58 9 6 42 22 60 47 21 97 3 46 78 41 51 62 47 23 58 12 76 99 56 49 71 55 67 95 85 31 64 64 34 28 39 32 20 49 40 73 51 55 44 83 87 0 62 23 66 82 11 42 91 89 6 99 40 46 72 41 16 61 54 10 28 14 85 53 19 79 55 1 63 70 30 53 42 40 70 70 89 13 94 16 0 2 20 42 31 31 29 33 7 26 54 2 27 35 20 37 64 38 30 96 54 14 9 9 46 83 96 33 21 62 53 61 39 52 41 61 16 96 35 35 89 61 28 4 22 3 23 9 6 65 0 65 63 23 97 30 24 4 16 46 41 47 98 66 70 37 71 85 7 26 95 34 22 42 60 25 85 2 9 85 21 47 95 54 43 33 46 81 34 91 22 89 9 82 14 7 23 71 60 45 61 42 75 10 58 69 54 13 28 12 93 36 86 58 93 47 25 76 11 54 95 12 61 79 98 13 85 19 17 81 18 82 81 91 83 69 82 18 65 55 48 77 32 59 0 81 59 10 49 88 85 96 20 55 67 7 19 50 98 95 37 11 35 79 15 24 33 0 69 49 38 48 48 9 14 10 27 52 13 8 35 65 32 47 48 88 58 42 68 75 83 50 90 89 88 25 55 23 35 90 92 74 2 27 9 88 67 32 59 90 27 52 16 7 80 72 51 63 75 88 18 95 98 57 16 22 44 80 6 67 74 81 49 17 38 37 93 87 55 25 49 61 92 55 99 42 0 55 57 45 10 60 16 85 8 47 84 4 89 83 
48 3 70 37 39 19 85 30 6 16 9 18 76 49 86 12 41 35 30 43 59 16 42 47 58 23 17 73 84 39 93 11 7 77 11 83 79 70 30 61 64 48 67 59 53 48 75 85 72 12 8 69 12 41 68 8 17 12 60 82 78 17 81 47 57 0 25 31 91 7 80 31 29 24 99 55 79 7 76 10 38 67 15 93 96 33 45 16 75 28 79 43 82 43 65 52 45 12 39 52 86 87 0 79 75 82 18 39 90 90 93 68 59 26 31 30 88 54 7 11 31 39 84 48 7 69 41 89 68 25 55 75 36 12 70 85 86 92 99 30 42 5 17 47 69 47 40 20 27 82 79 44 22 85 56 80 29 67 60 99 96 80 71 51 14 68 26 71 24 93 60 41 60 49 26 70 46 21 93 28 77 43 40 39 70 67 79 16 16 86 60 29 47 47 96 57 47 90 87 63 31 16 19 76 27 96 50 6 81 35 83 42 67 47 56 97 70 87 73 51 33 28 63 0 17 67 69 60 59 93 63 97 95 67 97 94 51 40 38 30 7 47 2 41 52 85 9 54 62 78 62 42 3 75 14 8 13 12 36 49 6 11 12 82 74 45 18 48 41 51 94 23 3 44 14 94 16 65 36 57 35 9 69 68 14 25 8 20 51 51 11 8 1 59 51 70 82 46 46 9 96 55 42 8 61 78 51 60 71 75 97 27 84 42 59 66 15 28 63 13 63 86 79 72 87 1 79 48 70 38 77 77 12 54 89 82 82 1 17 24 58 86 0 92 21 11 64 64 13 43 13 70 90 87 28 5 1 81 82 16 71 17 10 78 14 74 1 49 12 97 15 93 76 20 8 19 31 42 88 13 48 17 16 84 51 52 14 29 10 63 3 80 59 11 18 22 84 14 24 52 
45 50 22 0 58 13 38 16 81 1 35 21 84 12 46 50 10 15 65 85 38 91 65 17 25 84 41 45 5 94 95 44 85 8 50 33 59 83 95 0 47 46 12 54 18 71 0 9 75 75 76 76 9 89 81 82 98 60 55 12 82 14 69 16 43 19 15 39 31 31 33 95 50 71 0 69 1 18 57 73 35 59 16 92 40 33 87 33 92 36 40 7 21 58 88 69 47 64 1 55 58 5 28 96 25 3 47 81 22 61 55 93 54 1 53 49 74 15 98 38 94 66 79 37 17 26 14 42 69 21 27 8 13 73 10 44 48 66 37 24 20 92 48 34 42 28 63 20 20 76 56 74 4 43 94 70 31 30 61 84 22 68 22 83 99 16 61 82 43 16 58 30 39 47 9 27 53 32 18 37 8 34 51 89 3 24 3 64 49 70 31 83 69 47 10 55 16 28 82 63 43 9 65 84 79 51 2 49 22 9 33 19 4 31 64 38 78 95 3 32 54 22 76 34 14 4 91 93 57 23 61 14 95 33 24 62 69 38 39 47 26 83 89 11 64 49 91 18 65 46 53 13 87 50 6 5 42 77 97 17 9 95 42 36 24 76 93 63 0 61 55 46 51 10 6 48 6 62 84 68 77 64 87 69 22 63 47 41 12 76 99 10 56 54 85 1 61 58 77 80 57 89 36 9 36 51 72 91 12 84 14 97 5 32 71 52 58 87 81 94 64 40 70 8 75 27 69 60 22 27 75 60 22 72 56 41 22 24 79 55 22 85 7 92 49 36 46 39 55 64 6 20 51 4 55 77 37 85 32 34 99 72 97 8 1 75 76 54 35 18 86 49 6 12 5 78 93 59 20 34 38 84 43 49 67 10 63 30 10 90 60 18 93 39 85 55 34 83 7 31 
10 54 95 69 62 97 73 23 94 17 69 24 22 89 63 92 55 25 81 50 91 45 58 85 87 78 84 86 83 91 51 1 91 50 72 6 49 88 27 66 55 58 9 94 19 98 96 91 64 85 60 66 35 38 21 42 73 35 78 81 42 78 26 63 39 92 86 37 88 13 38 88 93 30 23 47 6 14 84 2 60 90 55 73 26 41 31 78 20 92 19 39 66 74 6 58 21 30 13 65 62 84 64 12 99 9 64 84 13 27 96 19 18 40 27 49 44 74 18 17 79 59 63 84 36 90 49 33 85 46 28 19 47 29 47 67 45 11 92 88 75 4 48 43 22 35 68 70 66 69 71 58 42 14 33 69 63 18 32 77 24 54 81 82 15 24 48 88 11 76 31 40 13 97 48 84 73 40 46 30 91 46 94 6 82 36 27 66 87 2 22 22 8 4 54 63 99 93 19 20 30 49 13 8 49 70 19 26 46 49 29 50 51 37 15 44 13 65 7 71 72 30 5 67 52 7 32 61 62 12 28 46 69 4 69 15 62 75 75 57 62 91 52 9 39 59 46 93 34 8 41 38 83 46 51 93 49 75 39 65 24 38 30 59 80 83 4 82 29 8 78 76 19 31 60 72 42 74 50 80 46 7 71 14 75 2 85 83 5 52 34 23 38 73 2 91 92 56 23 12 52 17 13 19 95 59 61 2 41 64 48 10 3 1 0 33 33 38 51 94 67 82 15 38 83 75 4 13 12 33 67 38 65 62 20 67 46 69 71 45 10 55 44 90 0 62 7 24 68 74 13 61 0 5 44 39 99 78 52 42 56 80 83 47 60 92 86 40 70 19 74 9 91 61 30 5 10 27 5 34 56 47 90 89 38 65 26 77 55 4 82 61 89 71 54 20 60 97 93 29 
81 99 21 59 16 40 18 47 19 30 46 71 65 39 84 25 4 98 65 29 82 51 46 67 18 73 31 25 81 54 99 3 67 0 6 83 43 70 71 79 57 40 50 69 60 20 53 90 55 81 69 94 36 5 87 63 27 53 67 89 99 56 25 69 30 42 51 24 98 42 74 42 32 25 4 13 64 4 6 80 33 48 49 65 38 97 30 22 49 45 90 96 55 41 7 76 48 45 57 87 96 59 31 47 31 86 70 54 65 25 6 30 25 36 22 54 3 75 59 64 59 16 60 55 16 35 33 47 12 64 19 31 82 83 66 83 82 85 10 26 12 93 71 49 23 18 37 68 7 71 38 44 41 30 73 98 10 41 14 79 59 49 43 41 31 81 23 41 65 56 57 89 12 10 35 88 40 56 15 36 18 97 23 27 63 83 64 80 61 46 12 8 67 87 67 57 75 9 98 26 65 25 47 28 5 83 56 36 91 56 47 9 73 13 85 84 34 71 38 14 22 88 77 45 31 59 0 10 46 3 6 46 13 58 51 87 23 76 8 60 76 81 28 0 95 99 85 96 41 90 35 40 73 86 42 43 16 47 86 24 69 47 20 48 89 14 79 29 59 97 20 97 36 62 85 76 41 79 3 14 17 1 31 17 20 40 98 25 8 32 9 12 95 78 60 24 45 20 41 79 36 5 7 95 26 33 87 62 94 97 71 99 40 94 74 29 33 66 87 60 30 62 53 10 5 42 38 71 82 2 86 84 71 42 7 5 42 53 70 73 66 9 9 87 64 30 11 21 43 64 35 55 54 82 37 13 41 72 13 93 80 83 98 81 75 0 70 56 96 86 74 82 61 56 20 17 25 66 31 25 11 14 60 55 97 70 22 6 73 17 3 70 25 55 33 34 20 13 73 47 
77 92 75 21 48 92 66 37 65 24 22 64 55 48 60 84 50 36 68 96 1 39 42 52 19 74 14 26 10 6 44 23 48 31 84 9 90 54 57 40 10 26 44 55 57 10 23 37 53 22 39 52 15 52 19 2 9 60 2 33 6 47 31 63 58 27 19 91 11 99 58 54 28 94 25 33 29 97 59 82 91 38 35 30 73 14 42 18 83 33 61 25 99 24 65 60 58 40 30 2 28 94 20 18 29 14 65 95 42 51 26 96 23 22 59 77 23 71 6 41 78 81 91 23 73 38 4 41 84 58 6 71 56 54 49 41 39 5 63 61 28 98 6 99 57 16 21 98 7 13 25 54 41 89 28 77 13 39 18 47 48 5 38 77 3 17 35 43 61 18 60 74 15 80 65 46 10 23 27 20 35 18 1 45 29 39 80 27 22 93 36 54 7 2 24 97 37 30 23 83 76 3 96 3 92 87 56 70 45 15 26 63 39 41 19 44 44 48 22 1 40 82 37 49 96 67 58 95 59 93 77 61 75 75 83 3 78 93 18 11 34 28 65 73 45 22 55 88 36 65 35 18 32 4 87 57 27 54 9 26 93 49 45 50 26 18 68 59 17 52 45 80 65 30 66 48 47 49 69 88 97 4 99 22 89 38 72 45 93 81 49 3 93 64 67 34 82 76 69 74 81 3 83 65 35 21 15 12 60 58 72 62 29 11 2 50 99 11 98 54 61 98 86 29 9 49 98 64 65 29 40 81 43 97 65 95 83 37 42 82 33 37 2 34 50 32 32 26 79 37 59 99 47 55 59 97 16 33 48 5 81 89 70 99 31 4 75 38 66 74 5 30 4 86 41 5 52 45 80 33 40 7 64 69 44 66 54 58 54 90 47 60 14 33 55 73 67 75 53 69 
78 64 36 51 11 57 30 15 73 25 43 44 18 65 12 60 87 46 85 21 24 45 75 38 23 71 55 71 73 10 22 5 65 72 5 66 18 50 61 43 31 16 17 22 81 67 25 7 24 7 37 85 85 6 6 59 48 44 73 20 96 57 96 70 47 24 82 54 84 14 13 46 53 26 38 88 26 53 37 55 83 93 2 39 62 30 59 78 37 93 42 68 45 16 5 59 55 17 77 48 93 11 20 83 80 26 78 90 8 79 41 23 37 83 71 31 69 55 9 95 55 24 38 57 90 31 34 12 1 44 32 7 97 22 32 27 59 90 8 27 44 86 49 0 65 87 42 32 56 70 85 52 73 11 1 16 97 67 55 42 5 63 27 16 5 44 54 18 22 26 10 59 48 56 57 21 32 81 45 35 63 12 71 58 43 88 11 4 94 66 55 33 35 0 48 78 20 19 46 7 9 0 26 71 26 94 48 59 41 71 49 27 56 64 99 72 62 61 15 63 0 25 84 80 4 46 82 95 42 9 51 18 5 49 77 71 50 85 96 25 44 30 94 17 1 29 24 83 37 97 35 29 99 85 0 84 68 56 84 52 68 89 67 84 73 41 47 22 15 63 87 44 69 98 88 5 22 57 88 66 52 31 89 63 3 36 88 84 25 52 15 95 48 51 12 77 22 12 27 13 45 9 2 8 89 80 74 14 37 15 17 59 7 65 70 85 17 88 20 97 89 21 71 60 5 34 23 76 70 27 42 60 60 24 32 20 23 10 70 60 96 15 60 46 75 30 74 66 7 95 84 46 19 83 20 74 80 28 92 2 83 84 25 62 44 87 99 57 35 93 90 48 42 56 17 85 11 90 28 7 72 31 55 60 84 90 61 54 15 72 27 15 37 81 6 15 38 61 69 34 
98 98 23 6 12 52 39 73 80 9 70 63 33 83 99 43 95 94 36 40 45 86 59 50 50 48 85 4 82 92 0 44 99 55 92 89 37 62 4 84 25 83 2 15 76 19 62 6 12 75 19 99 99 6 37 15 56 47 72 5 38 7 66 50 34 34 27 74 77 98 34 94 66 40 97 98 80 26 81 34 3 85 55 19 36 84 34 95 66 73 73 81 36 50 96 25 48 98 22 60 56 53 78 59 35 9 67 9 54 70 43 86 53 37 27 13 72 20 36 78 1 17 2 25 31 45 37 81 92 43 79 40 23 69 0 70 45 80 91 0 1 70 26 95 85 77 53 53 23 31 51 27 28 73 37 16 72 68 95 5 98 0 32 30 89 35 87 95 51 46 19 78 17 90 56 0 3 18 87 30 66 83 13 83 23 0 31 91 6 7 20 57 10 31 21 69 26 27 45 11 85 32 37 44 30 78 83 18 92 73 55 65 36 21 0 89 43 86 71 13 37 70 57 7 17 63 92 21 71 98 64 98 60 92 34 21 25 99 5 37 11 16 83 34 97 46 49 98 22 87 51 35 69 45 98 60 18 56 88 7 51 54 25 47 67 84 70 58 85 63 78 16 32 25 36 0 78 32 48 37 75 59 61 33 95 0 59 35 90 34 24 71 90 49 92 87 38 94 41 26 87 67 12 59 72 6 13 55 66 77 73 39 55 22 34 6 42 56 39 86 24 58 21 48 41 81 17 21 22 76 42 54 1 19 29 11 58 69 20 48 9 24 84 12 0 96 2 79 26 47 92 45 84 14 99 67 83 40 3 30 74 81 47 94 61 80 47 88 30 85 95 15 88 96 28 71 21 98 37 99 64 91 60 49 50 59 17 8 92 57 76 97 98 60 90 57 63 92 32 49 
41 26 15 51 38 71 75 73 78 46 42 7 95 86 0 10 47 81 37 14 37 48 78 15 75 99 48 11 61 45 1 91 18 95 28 77 95 72 11 77 40 21 31 98 91 50 27 79 42 1 89 13 49 44 42 52 96 45 97 45 73 78 97 22 69 30 14 68 87 3 9 24 22 76 14 25 49 77 75 17 47 37 42 98 20 59 16 47 97 46 20 79 11 46 78 53 46 66 28 25 71 88 96 89 16 21 8 0 96 81 62 23 23 75 0 45 6 24 39 48 94 82 67 81 81 87 58 72 14 3 92 7 98 95 54 25 59 38 65 90 52 25 94 6 37 29 3 25 88 15 1 45 80 33 24 17 21 56 34 40 80 41 96 27 49 12 49 24 66 37 72 88 34 53 97 13 69 85 95 99 77 28 76 63 26 11 16 6 90 85 26 93 97 13 5 93 63 7 98 85 65 64 91 41 17 57 16 65 48 90 55 82 78 4 29 77 49 93 3 94 17 25 6 38 64 49 83 0 44 64 77 12 61 30 48 90 9 12 82 94 41 91 68 87 58 37 76 61 7 21 48 49 53 46 66 60 89 78 97 69 88 83 78 91 37 75 8 66 42 12 49 67 64 2 54 42 9 32 53 31 74 36 85 96 10 95 17 83 28 33 53 11 56 12 13 39 53 7 7 58 13 29 19 96 78 66 1 6 23 13 79 16 2 15 48 19 0 5 24 1 78 4 25 27 99 84 45 87 49 34 49 41 9 85 85 67 53 95 37 23 85 21 67 12 49 28 46 25 92 18 71 89 18 20 58 8 33 9 63 69 10 96 73 20 83 17 59 69 8 33 21 34 6 74 10 26 25 49 19 11 53 35 30 25 36 74 32 39 3 85 3 61 31 29 24 55 13 13 37 37 
0 20 90 31 26 10 89 71 46 80 47 33 8 64 25 62 65 25 30 28 44 22 25 16 53 37 19 61 9 9 2 9 3 32 77 1 82 15 75 34 42 27 45 69 79 34 99 91 84 60 74 2 24 14 73 90 95 24 36 47 71 58 28 65 36 42 19 21 37 23 87 12 87 57 99 90 16 87 49 49 81 5 86 17 36 36 10 14 85 58 99 44 29 90 1 94 59 20 27 55 15 85 32 4 0 5 95 54 63 81 59 75 92 47 27 87 71 47 89 97 31 71 30 41 9 91 34 24 13 7 44 30 37 64 39 55 46 37 94 14 26 90 33 86 62 6 93 45 9 53 47 14 22 0 87 49 67 91 23 58 49 71 53 90 81 46 88 81 0 88 87 9 7 4 59 37 82 70 84 54 67 45 73 22 21 39 3 41 13 40 15 37 31 17 3 44 62 58 79 37 14 86 76 40 66 61 80 25 89 91 35 95 79 59 78 12 36 90 74 77 93 65 84 12 0 43 82 52 45 48 0 24 89 63 91 94 61 83 94 54 94 17 52 11 20 83 93 89 56 11 72 8 11 77 48 40 75 19 82 69 0 44 90 45 31 47 6 88 78 5 47 67 89 68 77 0 47 21 1 92 12 68 33 74 97 6 52 20 20 76 62 72 18 22 42 13 30 2 27 89 28 47 44 85 46 24 55 19 22 89 3 7 48 88 32 77 49 95 24 57 44 45 20 60 88 42 36 47 86 53 95 26 88 41 72 63 78 33 2 11 28 91 91 55 53 62 50 38 86 36 79 31 34 24 22 26 60 81 72 76 42 94 93 19 93 7 41 38 44 75 69 16 45 8 73 66 26 52 68 8 93 69 87 93 22 44 37 54 12 61 34 99 86 82 3 75 7 41 77 81 
85 31 46 28 86 38 44 80 11 81 35 53 80 18 66 39 85 65 73 15 52 55 29 26 86 42 43 94 22 91 30 41 11 43 87 96 18 30 54 8 64 5 74 5 90 55 61 71 77 47 37 5 78 88 83 70 55 64 38 34 27 89 34 5 20 89 21 99 74 81 5 35 22 16 76 81 88 69 64 94 65 86 11 14 21 62 6 89 48 70 80 77 69 47 9 71 16 11 48 35 12 1 18 89 60 66 0 93 4 30 91 95 58 38 41 51 38 63 63 79 65 46 65 59 25 25 97 4 49 51 32 60 54 20 69 69 39 43 79 72 29 55 73 60 82 95 16 87 46 29 73 11 23 82 56 77 33 68 24 18 81 84 44 23 52 80 17 83 90 99 77 43 15 16 68 53 68 13 88 79 94 42 42 30 9 93 22 82 95 2 72 29 51 13 25 28 80 75 80 81 97 55 66 89 43 94 46 47 28 17 49 14 90 5 24 88 59 98 4 87 3 69 39 28 44 12 19 2 12 44 56 48 48 25 85 47 88 23 68 54 87 57 62 62 68 65 1 44 89 47 8 92 79 91 14 80 23 52 70 34 15 47 66 19 48 94 12 48 86 85 82 89 80 90 25 23 30 88 66 30 24 91 78 20 9 10 68 93 60 1 62 99 50 87 18 59 12 43 25 77 2 43 19 49 19 33 4 18 31 53 38 55 99 10 64 56 37 13 95 10 76 95 15 98 76 54 72 83 96 86 5 14 63 76 65 65 29 72 4 95 28 92 88 67 31 16 80 3 5 3 73 87 65 2 16 55 9 51 75 73 41 37 40 90 57 82 94 46 13 57 64 21 36 13 71 85 11 57 84 26 79 2 35 85 73 54 58 85 61 98 93 89 94 7 85 33 65 36 31 39 
51 70 98 25 31 80 65 42 79 45 62 13 58 45 1 40 84 51 5 28 77 32 80 96 15 7 98 25 97 66 88 33 36 61 84 58 85 1 32 5 15 89 10 38 67 16 43 59 29 57 53 45 56 67 41 2 77 15 9 71 28 80 96 92 71 9 72 93 99 69 20 51 16 31 58 8 89 15 85 59 52 69 37 60 63 36 36 54 94 6 47 6 23 2 9 83 72 94 16 66 0 90 67 0 85 48 72 45 40 90 38 64 73 49 31 80 24 91 8 73 97 88 48 12 44 40 29 86 32 60 36 96 44 21 28 7 6 81 22 2 96 73 67 4 25 91 73 42 25 61 27 54 23 33 15 37 46 82 17 51 21 87 62 32 84 35 10 72 76 68 46 82 94 44 92 18 51 89 8 5 50 92 43 66 90 81 58 18 49 0 81 35 58 15 88 45 63 18 78 37 34 15 21 54 65 99 81 52 39 69 84 18 5 14 93 21 61 72 87 79 98 14 21 41 68 56 80 95 58 8 44 11 64 92 58 69 38 51 94 91 58 89 53 21 64 37 37 66 9 74 15 3 68 61 52 39 25 14 72 36 67 23 12 85 63 5 75 8 31 90 6 94 51 7 98 45 27 23 18 93 20 23 58 34 60 23 80 77 12 65 5 42 56 33 1 84 70 53 54 7 98 61 82 98 42 46 12 79 84 78 2 35 56 23 72 2 4 70 27 8 25 13 18 81 16 53 21 47 73 40 84 25 47 89 38 42 31 57 56 66 29 96 7 96 61 39 13 61 94 16 38 96 37 31 25 78 68 82 30 80 69 29 25 14 84 48 78 43 31 66 23 10 77 84 34 91 86 5 4 59 50 95 41 8 67 21 72 12 59 2 9 67 32 90 69 16 79 60 58 88 
34 24 48 5 73 30 11 5 95 18 78 65 50 85 51 21 12 53 44 57 97 44 94 1 17 18 16 28 92 64 21 74 74 15 66 33 24 74 78 33 64 79 99 74 40 52 42 86 78 93 61 6 55 20 4 10 53 77 65 41 45 47 97 41 65 91 16 70 98 0 34 76 82 14 71 4 91 39 0 92 19 11 83 49 63 58 45 33 54 31 53 32 60 47 32 96 98 68 75 81 92 80 60 78 79 21 98 96 68 74 34 70 30 37 34 94 84 70 11 51 3 41 56 76 16 15 99 28 77 62 87 22 28 66 29 18 34 59 55 16 30 0 40 61 24 5 13 77 3 48 47 48 36 33 82 99 86 51 17 92 51 22 68 4 96 90 95 57 32 56 55 88 69 11 33 77 20 78 85 88 6 1 21 18 62 68 79 17 41 39 96 57 43 58 2 0 40 4 98 54 43 3 78 60 66 46 83 37 14 84 54 78 4 19 16 32 4 70 94 44 77 79 30 30 94 51 76 37 3 73 40 18 10 26 44 66 67 30 8 69 19 86 92 17 69 43 74 60 63 64 17 41 54 83 69 56 18 14 83 32 89 75 63 92 90 48 73 73 78 33 53 7 54 78 11 6 2 94 85 87 81 72 2 70 93 51 79 26 9 53 83 60 62 43 9 29 82 25 88 63 67 44 10 92 87 87 54 28 66 10 94 68 52 84 42 75 9 27 80 1 39 82 8 90 83 90 60 88 66 45 19 12 65 35 27 43 94 38 70 63 85 45 1 99 8 18 64 64 79 40 82 17 90 71 58 77 7 75 28 38 66 28 28 90 60 90 71 14 0 89 79 49 44 33 90 54 63 64 2 64 73 32 43 85 92 98 68 3 14 73 7 19 51 95 48 18 72 78 64 1 
36 61 37 76 22 28 32 75 7 73 58 27 25 97 13 54 52 34 48 69 85 82 11 46 32 28 50 47 82 49 12 77 82 46 0 60 63 60 85 14 43 97 69 66 31 9 22 83 19 83 4 9 90 5 42 40 38 12 8 14 65 37 40 86 63 96 32 10 68 15 91 32 20 15 11 13 77 94 59 37 24 17 53 39 64 33 86 32 67 31 64 50 57 88 64 47 78 0 28 58 36 56 51 61 93 49 60 27 17 22 63 56 39 71 74 2 68 8 84 27 37 34 64 73 91 68 15 53 76 8 25 23 27 63 13 8 34 42 0 89 94 51 60 19 85 83 57 67 92 49 95 32 72 67 90 27 58 24 47 71 79 42 59 53 25 0 80 21 91 78 46 6 17 84 96 46 56 84 88 58 55 28 69 68 10 44 62 49 14 15 98 42 57 80 38 86 83 11 78 22 57 1 51 75 53 72 4 98 31 11 60 22 38 65 36 27 33 76 2 31 39 87 61 13 26 44 37 11 76 24 13 40 71 56 75 15 66 53 68 79 59 58 69 99 12 92 49 40 69 74 68 52 14 67 48 73 76 45 74 83 9 15 18 78 82 53 10 39 13 78 96 96 42 26 47 86 81 30 84 15 20 16 90 89 74 31 90 54 45 31 95 44 48 76 41 46 49 69 20 15 81 79 44 66 87 43 94 71 9 77 97 34 72 45 98 37 88 67 41 55 48 81 21 22 91 48 50 28 44 12 36 2 18 72 91 12 82 74 81 29 89 14 36 14 52 33 93 85 51 19 3 88 78 9 8 78 58 53 36 17 19 91 96 49 64 89 2 99 92 45 85 29 40 41 32 22 33 88 46 77 19 39 69 39 74 90 15 24 0 64 72 45 3 76 6 63 92 42 61 31 
96 50 82 99 78 3 2 56 98 82 99 16 76 36 83 65 84 68 8 63 29 70 23 83 35 9 7 77 33 96 40 87 14 47 52 18 12 62 54 28 43 55 62 62 35 92 9 1 4 19 81 92 21 5 34 12 31 24 46 78 15 25 95 20 47 98 15 94 81 64 44 55 76 75 16 64 71 12 30 49 39 51 71 94 77 23 8 87 24 27 5 11 91 26 37 57 74 21 54 60 49 68 52 29 82 46 45 98 85 48 20 93 40 69 18 46 60 59 68 69 52 53 2 79 44 8 63 99 83 78 63 36 13 49 41 13 24 36 1 27 7 1 65 86 68 79 30 83 94 28 85 25 38 2 58 43 87 29 25 85 43 20 32 65 60 33 28 79 10 46 7 8 31 17 78 56 97 18 50 26 67 64 88 0 7 73 65 55 58 95 23 0 65 3 26 20 74 27 54 9 61 42 25 53 77 66 87 6 45 59 27 59 28 82 57 42 5 36 19 86 91 96 49 31 41 79 76 92 67 87 36 89 72 21 49 33 23 59 75 45 44 68 46 53 84 78 60 42 51 18 16 73 81 6 78 75 39 32 88 66 80 17 25 79 88 84 12 40 83 91 80 56 32 15 61 36 40 32 85 33 10 19 55 67 53 76 40 4 8 50 64 49 48 5 80 80 27 58 50 27 24 44 56 64 63 66 28 30 95 72 35 50 25 67 77 85 58 78 17 93 3 45 81 74 32 19 52 3 91 38 66 70 15 77 12 0 69 55 9 76 41 10 39 42 84 91 86 63 76 63 78 31 65 69 51 29 91 79 10 61 55 54 74 0 15 66 44 37 56 13 66 77 2 70 9 60 51 49 62 28 16 65 78 5 36 2 90 93 77 85 78 14 40 65 80 74 12 39 99 87 
14 35 0 59 27 28 13 65 7 70 49 32 45 35 27 20 14 25 82 39 38 21 32 57 81 62 69 39 90 0 83 69 74 87 15 34 95 77 67 24 71 10 62 52 95 5 51 79 35 48 14 58 15 52 99 63 22 71 25 32 30 9 46 11 45 96 15 79 11 87 78 46 79 30 58 88 26 23 0 31 13 84 11 71 47 24 97 75 52 15 68 85 35 70 65 15 82 22 12 22 9 15 40 47 8 48 58 95 91 86 40 31 78 10 70 17 30 2 92 46 37 50 57 13 74 71 0 54 85 93 49 18 19 66 95 82 81 58 19 90 73 72 59 8 66 68 84 33 25 99 41 72 92 32 17 60 78 84 67 47 98 1 44 44 33 58 76 16 34 42 72 8 80 42 99 98 95 0 56 7 87 73 52 16 6 45 49 59 35 26 97 80 10 2 47 3 65 29 34 16 12 58 16 82 85 8 54 44 27 13 57 86 64 38 53 54 49 78 82 38 65 67 48 53 56 20 15 88 33 62 7 31 6 57 86 96 55 63 70 63 34 78 26 74 69 17 91 35 32 81 23 40 49 57 22 35 81 80 71 82 44 56 21 44 20 55 51 25 82 13 13 14 66 37 72 69 73 17 67 47 47 39 11 42 62 26 16 74 39 32 13 26 67 97 18 16 99 3 23 73 91 52 4 62 89 57 75 88 8 32 69 21 99 1 21 4 40 60 42 85 36 97 35 84 1 48 96 11 69 83 10 30 33 82 82 79 6 10 87 42 7 33 5 26 99 81 66 44 16 21 99 29 84 64 74 11 38 89 71 72 69 78 95 45 84 29 9 12 74 96 23 64 88 40 99 6 43 28 30 45 81 55 41 41 37 15 34 88 31 16 49 12 76 0 28 57 53 60 27 13 
52 51 76 81 74 93 34 80 0 23 97 37 23 25 6 26 69 68 55 82 30 9 84 86 88 97 63 63 75 31 5 79 52 7 71 71 42 76 76 72 85 9 91 81 58 75 19 67 60 38 80 22 46 60 22 91 72 78 89 50 46 10 27 78 90 64 34 43 34 57 43 83 58 97 35 24 99 96 28 85 0 8 91 59 16 45 57 62 80 21 2 96 59 12 65 85 35 19 97 24 85 56 76 53 60 33 26 75 81 66 28 12 95 24 70 34 42 24 37 76 5 35 98 69 96 75 79 49 94 2 98 2 59 38 67 61 70 56 28 97 73 76 9 15 24 33 70 46 15 6 68 53 86 97 8 63 44 78 44 61 87 74 39 91 49 17 27 96 20 10 41 43 70 67 37 70 84 79 15 52 95 77 37 48 40 45 37 59 72 54 61 86 83 0 30 20 42 58 26 53 46 99 73 60 60 57 41 67 78 74 65 32 31 78 19 61 61 88 57 99 90 81 14 28 89 2 13 20 19 10 10 69 1 31 27 17 63 55 29 59 54 94 79 57 70 30 11 33 59 63 44 47 25 88 7 98 61 10 37 5 90 31 88 51 12 78 85 6 24 45 1 49 8 47 26 88 84 35 25 8 82 9 10 59 73 23 96 85 68 14 17 47 93 3 84 52 56 8 57 10 50 99 4 7 13 9 6 44 78 15 33 9 60 93 3 78 23 11 60 12 85 4 43 11 28 16 9 96 48 25 28 6 45 34 80 81 52 52 59 34 79 0 18 97 35 53 42 8 22 94 96 83 4 3 69 21 53 16 61 14 88 97 18 89 38 16 83 60 54 81 93 25 47 12 26 40 58 24 16 10 50 66 52 4 26 99 24 52 94 58 58 11 80 93 50 16 88 63 22 4 
57 2 19 74 35 14 15 81 94 38 49 68 12 97 68 25 62 47 36 9 34 50 69 34 81 43 18 66 47 5 29 84 83 84 19 65 22 54 66 36 86 26 69 89 43 81 64 66 4 33 5 51 50 80 86 4 86 81 84 76 32 24 19 73 60 64 43 65 20 96 79 62 18 22 39 74 3 52 51 60 52 8 66 95 17 55 53 80 39 37 13 42 18 83 30 90 62 8 12 7 33 52 41 91 90 89 97 42 17 36 59 43 23 24 93 17 35 61 65 99 93 41 40 11 9 25 48 60 43 18 18 42 58 86 94 62 79 56 9 10 4 32 2 58 40 97 28 80 68 1 8 69 15 87 75 96 6 80 18 78 99 60 20 83 90 74 28 52 4 85 52 45 76 60 49 25 40 76 48 40 73 96 48 5 13 73 89 60 68 91 0 85 40 32 48 61 18 8 24 16 66 1 34 12 10 20 24 70 69 75 37 78 37 76 10 64 44 22 61 28 83 50 45 61 52 97 36 69 57 64 82 47 76 32 2 27 72 64 98 91 58 75 10 98 41 58 69 77 7 93 40 11 35 97 19 57 34 19 21 58 87 34 53 13 22 71 6 1 29 56 4 96 40 21 93 59 91 42 23 49 78 80 10 18 37 56 12 33 31 26 75 65 44 23 11 21 36 72 0 99 38 44 55 98 65 23 72 14 93 77 18 23 49 38 26 72 28 67 97 95 94 46 73 22 33 53 46 19 67 28 5 44 21 60 85 20 28 26 12 70 11 57 24 88 21 91 46 30 9 51 70 12 59 71 97 48 49 30 71 1 34 92 81 85 93 80 46 91 33 39 9 96 39 28 95 35 5 91 96 0 42 10 11 39 2 93 61 24 80 4 18 92 41 87 24 93 62 68 84 79 
65 5 62 48 31 52 7 33 58 95 41 49 53 97 19 94 80 4 50 49 47 49 71 99 69 64 97 65 37 33 90 95 83 95 45 73 3 39 54 22 82 53 13 34 26 48 52 77 60 60 20 84 29 11 2 0 4 9 6 52 81 69 43 24 95 83 60 8 33 48 18 49 92 50 84 70 76 48 12 25 87 17 95 12 2 28 34 11 53 41 85 99 90 50 12 21 85 8 88 84 59 18 33 71 77 6 94 30 11 59 96 50 51 64 70 74 34 79 12 61 61 76 11 6 53 98 49 87 50 6 5 17 16 43 85 83 75 2 82 9 67 67 16 35 55 51 78 34 58 32 0 81 54 29 28 64 21 23 93 94 97 81 63 53 33 62 15 58 65 52 65 28 8 67 3 77 76 99 51 15 66 31 82 81 35 50 83 90 38 11 74 89 43 69 13 26 65 27 18 3 75 74 91 31 63 38 47 39 40 61 29 62 12 40 61 6 53 18 62 55 13 68 34 24 87 2 13 24 64 10 40 7 42 10 80 85 52 78 50 98 50 52 16 78 78 39 95 78 99 46 83 24 45 45 6 28 69 48 53 32 43 99 79 26 81 74 51 82 89 62 73 1 54 87 60 24 75 52 90 61 81 44 71 49 34 46 10 37 77 71 62 90 44 26 24 59 52 44 66 40 52 18 28 69 76 84 36 83 7 91 47 91 11 57 54 9 69 87 18 58 8 71 72 57 1 43 47 14 59 30 51 96 48 54 46 34 21 22 65 32 75 48 78 11 86 61 27 72 36 68 54 76 73 76 18 90 14 50 8 4 55 75 71 17 10 62 81 63 37 13 31 2 6 95 55 5 77 33 24 31 18 73 97 46 25 51 38 64 74 64 51 85 32 51 30 21 65 14 35 0 
50 36 26 51 25 25 65 98 0 11 79 2 88 98 12 33 94 54 6 16 33 79 75 85 96 34 96 88 37 34 33 98 66 37 74 24 14 40 85 90 20 68 1 60 52 23 83 9 62 15 67 37 7 45 65 38 65 96 44 19 78 26 55 49 0 23 70 59 19 98 76 52 40 45 98 34 73 12 14 53 81 56 69 12 73 88 61 91 2 41 20 10 65 42 29 85 81 38 16 84 16 65 51 33 80 45 82 79 47 10 97 49 85 39 59 44 2 54 87 90 79 73 2 76 41 55 74 77 47 55 78 18 71 31 49 52 37 3 68 76 95 43 75 27 52 19 63 35 26 69 55 96 17 28 7 90 74 79 28 41 48 48 28 38 82 26 89 38 82 57 42 61 32 52 77 52 73 19 99 2 74 11 28 72 11 74 22 19 29 84 45 98 16 22 76 44 9 4 78 58 3 74 58 25 70 66 55 99 81 29 64 27 0 35 91 58 70 80 73 84 29 84 70 8 54 81 33 91 34 28 77 89 65 54 41 20 82 55 13 50 23 0 18 78 23 16 17 68 12 76 82 64 62 13 67 74 82 98 46 27 75 82 34 83 6 61 87 24 67 45 71 61 87 88 97 14 20 76 91 51 3 64 14 64 77 49 51 72 28 71 68 61 7 62 49 27 85 62 91 30 89 39 8 29 45 77 68 20 65 22 28 74 19 38 1 12 81 58 92 88 37 6 83 53 35 80 42 53 95 20 54 65 5 92 86 58 10 83 37 4 93 6 91 67 46 64 79 23 14 83 44 76 24 33 19 22 90 32 20 35 82 64 17 7 98 6 19 91 73 58 14 97 1 64 27 42 50 68 88 73 41 20 20 68 89 86 99 13 32 62 76 51 33 23 50 60 84 36 44 12 
71 50 76 55 11 48 41 12 75 48 67 64 89 76 12 5 8 32 57 61 17 62 90 85 80 89 98 53 35 46 17 51 51 7 39 59 78 27 89 37 75 27 30 49 14 13 35 31 66 30 91 23 62 8 94 66 68 90 40 38 88 88 45 37 73 42 54 77 47 83 47 44 84 33 91 11 64 70 27 65 31 14 38 15 78 24 40 29 20 83 26 22 42 94 57 13 41 1 11 72 96 13 10 74 13 21 34 88 88 40 6 3 9 11 70 44 37 83 35 47 1 26 42 73 22 12 34 25 72 62 32 61 60 34 96 70 51 85 81 72 89 25 17 46 58 49 30 38 8 7 37 4 57 77 45 49 15 38 78 61 25 67 78 20 71 40 3 53 33 12 91 84 4 14 84 34 77 52 32 54 18 33 24 55 78 22 27 27 69 52 9 50 72 62 49 48 90 44 88 83 71 58 55 68 59 11 91 19 43 48 22 36 27 18 29 97 32 83 84 18 60 83 1 96 30 17 9 69 4 75 59 91 21 76 38 23 16 36 37 55 10 61 89 19 52 93 67 1 65 46 47 80 29 5 49 6 94 10 97 64 29 44 12 53 20 84 8 73 91 90 76 73 17 80 85 96 40 77 80 12 35 65 18 33 7 80 0 1 4 80 86 5 10 6 26 18 47 35 1 68 30 23 14 11 37 27 38 51 67 40 90 13 77 55 35 54 22 82 19 4 44 62 52 51 18 39 70 42 27 13 88 78 11 69 12 14 64 91 7 23 34 61 43 33 72 36 7 79 63 69 94 80 43 30 75 59 21 66 96 52 62 67 83 67 70 74 18 33 65 25 58 44 40 40 33 72 79 20 45 31 49 11 96 69 9 87 39 68 79 27 48 21 34 47 28 88 37 72 95 96 
52 47 57 3 45 88 12 1 34 59 63 59 56 34 55 50 60 65 28 15 53 42 50 25 3 99 8 84 6 74 65 69 18 11 77 12 1 71 50 69 85 29 11 2 61 41 81 43 94 36 65 55 90 15 17 83 71 69 75 93 65 7 98 26 98 31 89 74 25 0 5 99 93 46 79 25 63 15 7 77 18 96 43 73 7 34 15 19 88 71 16 36 96 85 23 15 40 25 7 18 28 36 87 52 29 54 21 79 94 62 85 88 52 46 22 73 75 31 30 66 81 48 93 31 9 99 16 25 37 40 9 91 15 53 22 31 74 29 97 45 42 65 87 15 29 16 70 18 98 26 35 32 55 43 64 86 43 93 76 51 23 91 13 6 85 12 63 81 90 15 73 23 64 92 5 11 24 3 87 29 40 51 22 64 93 66 62 96 99 91 57 99 17 56 5 27 66 85 77 17 84 89 48 72 39 55 50 31 58 35 76 17 26 23 70 15 55 92 23 82 71 65 61 10 8 50 5 9 14 97 54 69 69 53 89 77 76 22 87 72 29 77 14 15 43 4 13 48 82 93 83 92 50 71 13 2 38 13 11 32 14 86 36 62 11 85 5 9 78 5 68 42 15 51 45 50 39 7 69 0 25 9 17 25 53 82 93 3 22 25 82 69 45 5 84 42 13 55 36 1 45 1 97 16 72 87 49 39 59 97 7 78 44 44 34 41 26 16 29 9 21 58 49 80 47 95 14 85 95 1 30 40 69 52 98 82 66 39 10 22 6 16 23 35 15 2 18 26 76 78 72 94 73 56 85 52 57 70 94 14 53 25 34 7 7 87 46 2 75 1 15 62 12 26 24 95 23 87 49 85 7 16 96 73 97 23 26 26 70 0 43 22 28 97 33 1 6 83 42 5 
22 96 53 47 6 34 44 21 31 0 83 85 80 35 19 32 86 68 79 2 78 36 39 13 40 52 84 88 46 30 66 70 8 76 53 23 11 99 65 22 79 7 8 79 90 81 22 0 50 25 58 39 34 10 8 94 83 22 8 13 32 70 90 11 80 97 76 91 75 95 60 73 56 41 51 82 21 88 33 12 72 99 77 49 52 1 63 49 35 7 4 54 99 57 70 16 94 10 89 82 79 77 53 99 57 3 41 96 90 35 35 12 80 59 53 73 11 11 4 3 83 71 67 43 7 97 81 50 87 69 27 42 93 85 52 23 94 55 78 17 72 85 66 82 19 7 74 7 12 15 86 52 24 46 64 35 49 13 21 49 69 26 97 79 56 71 20 18 52 27 98 94 71 84 12 48 40 77 64 2 21 77 83 3 1 92 0 43 8 5 36 24 71 95 40 94 29 71 11 56 30 81 5 3 20 59 50 6 39 68 83 3 65 41 85 33 2 5 15 7 64 92 31 27 90 25 36 43 70 73 91 20 72 79 42 11 45 22 76 29 61 43 94 77 1 32 41 97 27 13 21 18 25 12 94 84 12 64 65 69 30 41 17 66 35 48 86 7 5 61 37 64 57 68 98 17 75 92 83 88 53 40 62 28 96 44 0 60 60 60 47 44 25 60 64 28 82 44 21 38 13 88 71 97 27 6 99 71 69 46 30 6 35 15 21 82 72 88 42 66 6 90 69 98 96 28 30 7 93 95 63 9 83 91 64 53 47 85 1 46 55 34 20 94 73 92 20 12 14 60 73 44 67 0 56 12 14 26 61 18 57 88 0 48 86 74 57 2 74 65 48 38 99 77 47 32 80 61 45 41 41 57 55 18 2 68 68 65 12 51 63 43 40 49 23 74 58 29 78 20 
3 6 19 69 31 13 20 46 79 12 25 18 1 89 12 85 15 0 37 87 12 81 54 78 56 98 26 63 96 56 43 55 83 0 95 16 75 96 7 97 38 31 19 14 6 53 18 45 59 6 63 2 72 78 42 56 29 21 7 16 55 44 83 29 1 39 64 82 17 28 92 24 70 72 29 58 61 57 68 77 61 60 81 27 75 84 25 53 94 71 99 57 24 59 20 41 57 79 46 92 35 27 79 68 98 89 89 2 97 30 5 30 93 68 69 30 98 93 82 80 63 0 37 1 45 19 28 61 63 8 1 97 41 60 91 20 58 97 36 57 10 78 66 63 8 1 33 74 80 80 80 30 96 60 31 53 64 22 0 34 44 15 21 71 1 75 73 2 99 80 46 92 21 27 71 41 33 31 86 12 53 1 40 30 94 32 87 77 85 18 48 11 35 86 73 78 81 71 57 14 11 22 63 62 17 47 23 35 44 26 79 87 82 96 38 17 40 98 87 92 2 37 7 20 80 75 90 39 40 62 59 65 33 35 35 83 74 28 20 62 57 22 66 0 54 85 97 70 58 40 13 74 77 93 95 95 40 64 44 70 99 11 82 3 10 35 13 97 33 9 36 6 5 87 65 75 89 40 67 74 21 36 49 60 97 13 18 42 14 7 7 70 41 62 52 47 4 66 50 98 97 42 40 94 63 53 73 27 99 13 14 52 8 0 53 42 47 77 1 9 86 82 58 36 74 43 75 62 18 8 70 74 94 27 84 31 84 20 82 28 61 40 23 6 15 75 15 35 34 8 24 85 81 75 11 83 6 99 16 84 4 5 33 70 16 83 72 24 30 52 92 43 74 5 34 41 79 4 65 12 98 84 18 33 2 65 48 88 2 84 23 87 87 97 71 22 16 12 64 22 
47 46 71 24 3 40 75 71 51 65 33 36 8 28 37 91 97 64 54 83 57 7 0 26 6 97 47 53 9 61 35 16 55 96 22 14 74 93 22 52 91 97 88 64 22 17 15 32 26 84 89 91 27 60 2 91 46 7 67 47 4 95 54 71 52 99 22 18 41 65 74 11 39 8 65 40 98 69 81 78 62 69 8 25 97 80 70 47 33 5 1 14 36 60 37 59 16 48 47 59 52 66 52 17 12 70 10 99 56 89 75 53 20 31 45 88 78 89 69 1 77 25 26 15 73 85 88 23 3 33 45 22 49 94 92 82 73 87 29 33 39 33 65 89 29 42 62 76 78 57 77 66 93 9 53 73 39 50 31 83 43 16 0 79 6 91 54 21 63 63 39 27 55 69 66 92 60 78 28 43 34 34 30 29 78 23 0 34 91 48 77 1 86 52 31 93 87 19 82 26 33 2 88 57 40 82 84 77 29 79 83 63 73 58 50 19 75 73 17 66 12 53 23 42 52 96 32 21 18 53 39 95 79 73 64 18 59 38 73 30 68 17 35 36 55 76 11 3 0 90 93 98 78 58 85 17 75 6 57 6 25 16 79 33 9 6 90 67 3 23 78 48 14 97 95 87 1 23 6 26 18 10 52 46 98 72 67 72 1 1 7 85 55 86 36 87 44 38 92 51 24 31 63 30 54 21 77 95 90 13 51 36 72 97 90 17 3 50 93 63 89 33 45 53 57 14 2 10 15 66 32 71 39 80 7 88 84 26 67 70 98 9 78 24 14 83 3 80 89 95 70 87 40 22 9 91 34 76 55 65 30 52 11 91 23 97 52 40 45 81 18 69 98 59 7 86 76 64 58 54 49 97 96 16 1 52 5 42 90 56 58 50 78 30 29 26 80 61 16 8 
56 85 53 14 52 23 13 32 35 4 60 20 97 59 53 25 64 39 7 3 53 58 58 9 22 26 61 85 42 34 76 24 49 37 2 17 90 45 21 3 78 31 49 49 84 65 10 66 65 99 29 66 48 66 96 91 74 34 13 3 6 59 28 93 65 35 59 78 0 17 11 22 6 5 37 70 47 83 87 1 53 81 15 74 62 16 24 88 23 49 31 33 23 28 19 94 91 78 26 20 65 52 15 47 93 86 68 67 92 97 95 27 19 95 55 0 8 25 54 27 99 63 64 58 14 81 87 49 59 61 5 95 61 68 21 78 97 99 25 83 50 39 95 19 35 22 35 35 61 55 13 81 17 0 96 83 22 42 50 83 45 46 68 8 64 42 32 60 86 34 29 83 78 57 68 23 18 7 13 68 57 55 51 29 98 16 15 67 19 51 17 30 6 60 93 55 7 63 42 73 3 81 37 58 30 47 48 27 59 92 83 38 96 90 70 56 8 35 44 31 41 29 84 2 73 63 58 59 85 33 61 40 72 62 38 57 57 89 23 96 98 55 41 46 39 70 91 90 62 45 44 51 85 78 31 78 59 15 13 97 90 42 22 58 93 99 31 51 0 11 35 30 20 70 89 15 5 25 90 30 49 98 48 94 6 19 57 83 83 5 76 36 7 88 9 98 14 10 47 1 65 58 43 40 16 43 66 27 10 29 95 16 71 82 86 17 25 20 52 13 49 91 36 5 15 25 61 37 92 49 53 95 19 52 94 43 30 49 75 51 66 44 85 65 74 81 30 3 88 30 54 7 65 94 16 19 90 20 67 62 31 99 22 76 54 39 89 98 43 24 61 17 46 9 29 65 86 79 86 89 37 83 24 41 60 2 46 19 1 88 40 98 41 44 94 76 95 73 48 2 
86 39 4 45 50 48 47 47 6 61 64 38 76 29 42 69 97 4 24 37 46 27 10 77 84 0 49 56 25 96 42 62 99 32 20 10 4 68 15 12 50 5 9 71 35 63 39 16 92 82 51 28 52 52 25 42 63 47 67 64 88 62 33 91 34 70 60 81 34 23 25 39 10 29 5 32 8 64 37 85 70 90 63 36 72 59 59 6 91 1 99 39 61 9 99 77 56 21 82 14 91 84 56 13 23 75 4 56 50 62 74 13 98 78 36 67 88 24 66 24 62 6 30 10 10 56 73 79 72 85 44 92 56 71 78 94 39 93 62 0 42 68 75 83 92 96 46 46 79 43 24 25 83 74 20 1 66 39 7 34 3 63 7 87 67 53 73 77 85 26 2 15 95 42 20 85 77 91 40 92 14 92 95 80 99 49 29 19 86 42 73 49 11 81 70 96 95 12 50 7 98 81 53 6 81 60 40 79 56 42 67 79 95 96 28 30 40 7 85 0 24 97 63 9 43 72 3 39 37 81 1 95 28 4 84 4 0 78 21 70 45 99 15 7 48 29 58 62 45 57 23 5 27 56 88 37 16 33 8 59 19 44 37 30 38 34 56 98 49 36 33 2 4 5 40 97 33 48 11 33 62 5 44 50 4 47 45 30 64 22 95 93 28 98 92 39 65 47 12 31 15 58 1 26 38 4 2 33 97 58 25 43 56 93 88 42 25 86 22 60 98 68 6 65 44 21 84 27 28 79 59 40 19 48 5 67 62 40 28 82 20 13 97 63 98 23 31 78 57 1 87 38 38 64 90 26 12 11 50 1 23 70 4 85 4 26 73 56 5 21 51 73 10 51 75 74 40 69 53 13 57 37 64 84 53 1 30 80 3 78 18 14 22 24 32 49 78 29 56 70 
38 87 7 93 36 90 95 63 11 33 2 92 83 88 32 28 86 2 48 28 81 16 95 22 78 9 91 73 77 39 60 85 13 47 68 51 60 64 8 59 86 17 61 87 82 95 20 31 61 57 66 22 43 99 83 92 54 94 1 88 66 94 39 24 58 39 10 78 9 92 60 98 17 56 87 89 34 51 12 40 46 21 77 9 44 21 64 61 59 13 85 83 68 40 38 15 46 32 8 35 68 69 41 19 68 50 72 51 12 30 44 0 86 14 77 58 0 21 43 8 11 99 37 5 71 43 53 96 64 99 80 2 51 49 0 74 48 31 76 12 47 22 40 2 40 24 34 28 23 23 76 22 76 85 19 91 24 17 67 4 72 74 8 82 1 91 37 88 45 63 30 4 3 98 75 76 41 67 83 36 54 95 7 62 62 65 64 33 2 60 50 62 47 59 81 39 91 43 71 25 53 78 68 53 4 45 47 58 72 63 62 25 28 61 67 65 23 73 8 18 41 83 24 23 8 88 55 95 84 1 12 56 86 4 28 37 35 1 70 26 89 60 81 92 74 89 38 71 25 36 54 86 9 78 98 22 51 27 57 23 40 73 50 26 63 69 51 92 76 49 45 65 28 42 85 93 83 31 90 63 80 13 48 71 67 24 0 61 53 6 53 94 83 87 66 90 84 1 45 47 1 93 64 70 74 21 90 75 7 55 80 65 6 66 32 94 70 79 13 88 33 59 73 98 94 51 92 41 26 93 58 54 12 81 66 2 50 13 79 75 94 9 15 75 37 22 55 6 67 50 39 56 91 45 22 51 20 90 47 79 44 3 5 56 8 45 81 72 29 95 42 52 53 94 61 62 20 69 1 9 5 29 64 93 4 28 72 94 66 42 37 79 6 20 7 17 82 33 55 94 
57 13 1 27 87 56 96 73 76 67 25 63 88 21 65 98 90 36 66 55 98 64 88 57 25 5 88 99 52 77 25 20 64 77 53 7 28 92 26 94 72 36 53 57 52 80 2 48 20 93 18 89 14 61 77 70 88 8 4 43 36 53 43 15 54 61 94 93 69 47 69 17 88 64 43 67 26 43 23 58 35 59 42 9 6 51 4 14 31 19 19 60 42 26 84 15 9 43 23 41 65 84 1 43 80 7 92 24 1 62 95 17 25 26 23 82 88 72 53 92 67 93 64 76 77 38 10 95 27 94 14 30 32 78 52 12 85 17 36 89 29 74 72 25 57 82 85 1 10 7 28 17 87 45 9 43 5 15 67 8 79 21 37 0 15 55 69 7 82 10 43 73 91 61 60 17 11 84 84 49 47 55 88 41 27 29 24 74 54 63 20 9 18 30 5 81 17 90 51 84 95 7 21 85 62 57 52 37 76 86 15 67 68 34 74 55 0 60 18 1 49 44 25 99 3 24 94 90 74 6 87 5 61 22 45 52 78 8 64 75 19 41 11 55 4 75 54 27 65 22 3 83 5 60 85 81 78 39 24 38 15 77 17 40 95 36 28 63 4 80 59 52 56 2 73 32 15 26 44 62 26 63 90 1 2 69 30 72 59 11 78 91 94 90 0 33 22 66 86 26 67 20 59 71 76 87 2 11 54 47 12 12 63 95 1 62 12 6 38 24 79 8 46 41 66 17 86 69 12 22 39 12 87 87 34 5 50 14 9 63 3 18 49 28 5 98 54 63 72 26 6 32 45 94 54 37 40 42 5 75 15 18 75 9 81 95 77 5 90 30 69 81 9 67 32 75 87 16 38 23 46 31 22 29 78 37 63 51 62 1 78 48 58 65 85 70 92 3 36 89 
57 18 29 16 73 2 25 20 94 29 17 55 56 4 58 26 41 1 73 46 63 47 45 96 78 7 98 35 24 19 6 21 54 92 6 77 97 83 8 76 84 78 50 95 56 13 38 72 10 83 83 74 43 10 66 66 94 15 46 32 13 35 41 6 29 99 88 63 8 51 53 27 31 37 7 98 93 6 73 58 73 77 35 49 27 39 17 47 30 3 97 15 20 91 79 52 75 15 95 63 30 60 79 96 87 47 22 85 12 47 28 13 31 13 99 4 2 98 65 66 63 42 55 99 68 7 9 46 98 20 55 57 80 51 32 84 10 17 68 27 79 52 23 45 59 49 88 66 49 4 95 92 39 4 27 18 42 91 79 77 13 22 63 16 37 45 70 62 42 49 89 89 96 82 26 97 45 79 50 49 78 47 47 69 25 93 59 97 20 96 17 80 49 97 53 69 41 44 10 10 35 49 29 58 23 47 97 21 58 61 69 61 95 77 77 48 26 81 97 55 44 56 74 60 44 53 91 67 97 2 51 18 51 88 35 83 47 8 11 78 41 53 96 67 63 49 65 85 60 5 90 64 82 24 56 33 81 62 50 55 32 54 19 12 96 65 97 64 52 10 33 4 18 42 24 87 47 42 74 45 58 31 25 26 33 33 17 50 24 64 37 96 38 47 84 60 26 50 65 96 46 75 79 39 89 51 45 0 34 46 90 36 28 60 60 27 53 33 2 39 46 64 34 83 68 83 43 7 35 42 0 95 74 45 21 29 35 2 55 43 72 36 47 69 23 60 21 79 62 90 7 74 66 64 19 64 5 9 8 1 33 9 30 70 31 42 79 1 80 46 22 7 78 0 38 65 6 28 70 87 76 83 47 92 45 34 77 10 57 89 47 65 7 79 50 53 49 40 64 49 
90 3 46 77 55 10 6 84 21 94 73 78 72 75 28 80 25 8 96 18 60 3 80 99 22 52 30 67 84 58 6 9 47 89 34 29 71 54 49 29 89 56 98 69 22 12 36 27 60 88 0 7 15 11 46 41 52 88 40 25 89 99 19 63 10 56 95 94 90 32 81 72 41 77 87 72 20 89 48 0 45 72 48 54 49 25 38 36 88 83 85 31 75 49 40 24 15 85 41 92 37 32 7 66 21 48 46 82 32 82 60 1 25 58 6 94 83 5 72 71 27 65 45 80 19 75 57 54 43 22 20 72 31 54 83 67 50 99 21 92 77 15 19 46 19 77 72 84 67 59 44 72 15 27 31 88 56 61 77 53 53 16 51 38 85 14 17 38 63 21 58 13 40 64 95 52 91 93 83 7 80 44 42 7 7 59 61 68 82 39 66 61 18 11 88 49 41 44 73 84 68 38 78 86 32 85 42 83 54 66 11 4 59 34 69 85 35 18 53 84 25 57 34 57 52 20 21 58 5 93 98 16 57 74 0 71 25 18 33 70 27 23 68 71 74 50 87 54 12 97 64 27 6 12 18 65 81 53 47 72 73 55 61 55 31 17 50 87 55 83 0 90 42 26 97 95 20 97 38 37 29 14 86 78 4 82 38 78 81 52 94 60 71 12 86 92 33 91 54 42 19 84 87 58 79 67 15 21 21 29 23 31 18 59 15 9 32 64 1 68 30 24 98 78 89 22 45 96 24 48 9 74 40 42 61 99 27 68 74 52 62 48 58 7 28 19 82 14 60 98 69 10 94 44 94 5 43 63 34 7 3 8 83 36 2 55 44 41 85 86 62 13 90 37 14 42 82 77 25 48 22 81 88 89 76 86 91 14 75 62 0 40 50 55 12 79 22 77 10 23 
65 45 71 87 13 31 84 55 48 19 78 21 78 51 59 96 97 53 98 0 59 58 12 84 25 74 35 40 39 38 84 89 60 66 96 15 35 80 45 7 74 96 18 98 50 2 34 96 84 17 92 48 62 77 22 2 29 15 98 18 57 56 14 93 1 67 35 97 53 15 27 62 53 56 56 74 92 4 20 60 45 46 60 69 13 90 6 99 77 91 43 31 9 25 99 92 5 1 22 52 94 48 46 95 88 47 74 62 80 47 11 37 65 43 53 64 67 53 24 50 29 51 23 55 86 27 25 21 26 89 62 61 11 43 8 55 60 49 54 1 20 34 17 15 74 43 26 56 44 2 88 40 22 10 54 27 76 57 98 21 70 45 27 59 19 12 67 61 96 42 86 56 50 53 39 85 83 79 72 94 88 25 65 97 3 75 59 39 64 59 43 39 49 19 28 75 30 15 69 78 32 70 24 46 65 4 29 84 41 80 19 18 76 22 8 52 68 96 64 38 57 24 72 65 89 26 14 24 80 28 8 73 20 77 97 16 90 6 59 87 82 14 99 23 43 77 89 78 54 80 31 33 95 98 84 27 28 14 66 51 6 11 33 59 53 8 0 70 44 25 53 79 49 77 80 98 86 91 4 22 12 34 57 19 78 36 33 62 13 94 38 19 67 4 15 19 2 69 67 31 75 12 90 47 62 98 1 18 64 46 60 73 34 4 10 53 3 46 53 82 73 80 86 54 52 64 8 78 51 33 68 83 91 96 3 24 54 3 35 20 97 71 95 58 28 93 62 79 57 85 5 70 43 47 4 65 79 61 22 36 97 77 8 0 65 23 40 14 0 22 94 95 33 15 23 82 79 9 52 64 93 87 65 19 7 7 19 26 62 85 18 96 79 35 63 80 60 58 41 64 
92 77 26 60 49 72 17 52 14 56 93 36 89 9 65 92 93 68 98 65 41 38 44 75 13 49 13 11 37 45 30 58 27 98 79 54 84 20 69 21 42 38 66 80 87 51 88 66 42 39 42 1 82 74 36 92 32 86 5 38 50 77 82 57 52 3 76 11 2 53 90 13 45 92 84 68 23 2 72 85 1 90 91 75 19 91 81 76 7 81 24 96 17 96 30 61 55 86 39 80 31 13 46 91 58 16 38 99 59 24 7 4 35 94 84 55 8 43 53 26 58 4 95 82 82 95 22 14 73 34 62 11 60 59 19 28 18 47 15 62 21 71 2 19 14 91 3 32 35 61 14 55 18 54 72 12 15 15 30 94 48 67 74 40 9 63 82 71 47 86 42 37 97 37 21 32 60 50 94 86 50 93 77 79 26 31 83 93 54 11 10 60 7 37 74 90 52 48 23 41 8 27 16 27 33 8 47 84 69 73 74 22 60 3 42 53 2 31 62 58 59 54 69 6 51 32 0 14 99 20 86 97 77 72 69 24 39 75 50 62 47 62 31 72 38 3 64 10 46 86 75 62 20 34 73 4 62 68 22 88 17 98 2 40 75 47 37 49 87 53 52 19 80 51 89 19 15 21 49 21 67 92 60 54 23 86 68 99 95 61 49 7 3 86 89 82 69 50 24 10 75 68 94 58 68 38 76 76 83 69 55 99 20 9 55 1 47 62 91 75 23 27 29 95 79 37 81 70 99 7 73 38 65 99 40 13 49 22 87 10 66 39 31 95 38 65 4 68 69 30 66 91 92 14 42 65 68 49 67 60 89 12 29 58 44 2 37 0 81 34 23 78 81 7 41 6 95 21 89 71 88 6 64 80 96 35 72 21 47 39 90 17 40 92 8 49 65 53 55 4 
27 36 88 32 71 97 5 64 17 67 93 53 4 90 83 50 39 36 74 90 94 7 48 13 28 71 26 16 2 8 80 53 64 91 54 75 76 82 62 44 4 60 99 15 9 62 37 48 35 94 73 25 44 34 87 92 75 37 71 54 98 7 89 14 47 91 97 71 65 84 69 62 98 57 0 12 24 86 59 26 14 54 97 34 29 14 45 72 51 14 2 17 54 70 42 96 8 32 28 9 33 41 74 7 93 80 20 61 96 42 73 17 80 58 10 16 78 29 8 84 99 58 45 46 32 2 87 14 91 70 32 1 36 39 41 43 21 51 54 97 38 22 50 89 15 48 12 27 10 5 84 90 12 21 98 7 55 21 55 93 21 97 94 14 27 48 54 41 28 89 68 85 84 7 52 85 49 63 74 84 73 52 71 34 56 55 94 28 11 96 72 97 97 37 67 41 53 50 53 78 40 77 64 77 4 87 93 22 22 42 2 55 48 96 80 30 13 48 69 20 13 44 40 93 64 11 78 34 54 15 25 74 93 37 15 48 58 72 6 59 16 27 6 71 6 47 46 67 75 81 98 24 68 63 20 29 12 41 22 64 3 26 83 88 65 84 93 2 68 16 11 93 29 85 31 85 79 60 90 76 8 72 22 35 80 71 28 91 43 80 62 31 95 11 59 84 82 34 78 28 52 29 79 31 0 20 96 4 31 7 20 90 62 3 22 42 82 63 59 4 5 81 99 56 90 86 1 39 83 67 50 10 22 97 40 54 50 68 19 65 19 44 28 24 65 52 80 53 33 86 71 35 52 62 73 19 76 47 81 33 81 31 92 20 84 26 4 14 42 29 54 91 26 75 61 28 83 69 48 3 85 2 98 57 90 73 56 55 34 38 54 21 2 38 93 20 8 67 4 6 
16 71 62 63 33 52 20 26 2 64 48 53 91 22 69 21 67 29 91 93 43 55 97 0 53 68 9 65 57 24 60 31 60 90 39 89 47 11 25 19 82 83 7 82 57 6 96 13 5 13 60 16 40 38 74 37 79 29 68 33 88 81 76 0 39 87 81 64 36 36 80 15 57 1 52 67 26 62 42 97 78 39 45 33 92 47 1 77 78 34 66 92 88 70 44 94 60 56 92 9 0 59 13 25 49 93 80 35 63 14 61 42 65 86 99 76 27 90 46 40 21 53 2 35 37 7 75 36 47 26 7 67 64 65 36 38 49 69 27 43 62 38 23 60 95 66 14 68 33 24 96 81 24 31 14 46 11 24 34 27 65 94 3 7 79 80 12 49 98 36 64 34 14 54 21 66 39 55 13 89 31 87 65 32 84 73 40 96 15 1 41 35 89 86 25 88 29 22 30 95 47 30 65 45 71 34 63 89 77 65 94 44 64 33 43 35 72 49 89 86 80 66 64 7 43 60 82 59 91 49 58 52 24 27 8 36 78 98 17 92 73 4 87 61 40 64 15 35 8 33 72 36 67 32 95 95 60 42 97 28 68 43 92 3 69 28 6 90 42 83 30 84 32 12 29 92 28 2 80 87 53 28 7 57 94 25 45 60 51 22 89 58 92 94 40 72 35 67 43 48 0 39 76 9 5 29 60 79 91 13 28 84 50 33 12 53 15 54 43 70 40 23 45 37 60 80 33 92 85 17 39 41 14 68 9 90 21 96 52 89 21 15 65 97 83 86 40 17 74 80 73 64 60 33 94 11 27 24 57 35 28 74 49 26 10 84 6 87 50 15 84 80 70 39 20 0 48 86 51 69 73 73 39 59 58 39 32 49 41 1 14 80 14 43 3 14 76 21 99 37 
82 91 6 32 87 69 5 77 58 97 5 80 18 59 65 11 58 95 59 78 83 33 97 48 77 50 27 10 90 25 35 16 77 93 32 18 16 33 56 86 96 19 34 19 1 9 90 15 60 52 10 48 91 91 81 67 93 29 54 74 66 26 52 39 77 87 19 34 91 42 25 24 63 16 5 5 80 74 80 75 81 62 58 99 36 31 64 35 80 10 88 89 71 3 4 67 68 43 90 99 46 31 19 29 66 48 87 55 73 96 17 4 44 42 12 32 11 21 60 31 40 87 32 0 74 84 36 96 82 91 7 90 76 37 31 13 61 79 24 36 59 90 2 86 86 70 50 35 10 45 42 37 81 22 64 38 34 76 40 97 25 33 96 42 33 57 74 32 12 69 56 13 83 24 91 12 21 99 52 87 84 40 98 10 25 41 94 92 39 41 67 18 19 28 63 48 70 31 13 77 0 11 31 2 44 82 91 83 44 5 8 92 13 52 4 45 38 71 71 77 74 86 19 44 63 76 6 88 30 83 3 48 44 95 32 78 74 96 68 7 56 37 68 12 74 82 56 15 99 68 79 98 49 67 82 3 34 37 65 69 54 22 47 22 80 46 13 78 33 14 64 63 75 69 58 64 70 11 1 99 97 24 6 82 6 57 65 30 51 39 86 87 40 34 72 47 85 21 28 21 6 32 52 39 60 15 40 91 65 69 76 82 67 27 75 82 13 10 96 66 82 42 79 32 54 92 55 14 82 43 70 24 44 98 16 32 51 49 43 91 88 33 69 23 53 65 84 42 29 63 23 26 71 70 62 13 52 81 96 84 39 63 2 58 24 5 99 78 97 81 34 56 58 0 56 91 79 58 91 61 82 36 13 35 75 15 17 1 84 72 79 28 37 3 22 52 48 63 27 52 
93 81 19 99 59 45 97 94 14 26 1 96 88 30 52 57 93 1 1 53 32 80 75 59 99 81 32 93 18 65 14 39 79 59 36 60 68 27 39 11 5 89 81 30 64 95 14 27 38 48 5 88 72 7 41 28 61 83 69 90 62 88 61 98 39 18 62 98 56 56 51 99 76 28 73 68 49 33 60 25 32 81 91 12 70 4 90 28 4 92 77 79 66 87 20 26 70 62 77 34 59 87 21 21 32 61 51 5 15 54 70 36 78 82 57 89 28 99 84 59 19 56 0 15 52 1 30 62 11 95 97 43 38 60 21 14 52 70 64 30 59 28 7 20 89 41 4 76 69 7 7 28 10 23 18 83 96 20 53 87 83 85 41 62 84 31 79 89 28 1 92 19 40 30 29 44 55 72 4 85 50 58 97 15 25 41 14 86 72 15 99 89 81 0 99 47 13 68 75 63 33 36 55 7 46 23 70 49 46 97 29 51 50 63 8 10 25 22 77 57 82 5 69 95 13 72 29 13 5 59 8 64 14 85 77 18 61 53 59 83 45 94 23 3 81 51 54 74 45 10 63 16 89 92 15 38 67 1 92 64 37 72 99 55 31 26 13 70 94 79 40 33 73 13 33 57 15 96 61 46 38 18 0 74 18 27 9 29 8 83 56 33 8 91 20 76 57 70 61 68 84 9 12 63 4 69 76 23 85 91 46 0 94 20 84 63 56 10 75 85 11 51 52 40 19 48 63 77 7 93 83 11 32 35 61 42 86 74 72 32 86 76 44 88 55 57 14 80 15 57 92 61 96 31 22 60 92 28 7 11 77 66 15 17 65 97 89 50 45 39 77 42 6 43 13 35 5 6 95 41 71 32 25 22 64 52 4 30 49 93 54 73 72 67 63 66 75 83 57 2 
19 42 51 98 98 29 59 73 2 37 64 17 97 83 58 39 58 43 11 9 6 56 18 33 42 67 34 95 10 65 41 91 23 94 21 71 73 20 79 9 56 92 30 73 24 71 95 94 67 26 23 78 37 14 40 67 86 70 3 96 19 64 73 48 22 36 88 57 71 90 53 56 51 5 8 32 76 42 60 68 57 95 55 13 48 9 12 24 41 81 19 52 41 82 68 82 50 74 20 42 97 21 85 33 81 14 45 39 78 21 32 23 6 41 65 9 39 71 77 32 61 34 98 72 45 36 0 5 61 17 89 0 78 51 26 37 24 22 24 98 45 53 72 95 5 51 7 23 36 75 33 18 41 98 28 19 29 95 23 72 83 69 71 31 74 27 54 3 63 96 70 0 22 28 32 91 87 15 74 98 29 76 66 59 57 41 64 50 51 41 82 43 55 2 10 28 38 17 27 72 63 70 7 65 47 88 48 92 31 88 98 39 1 84 77 30 94 64 68 44 99 72 5 55 97 21 53 70 17 68 94 96 99 75 95 99 54 55 44 54 29 54 43 69 33 22 26 56 19 29 34 70 51 3 43 52 37 24 85 31 87 10 55 30 23 43 97 35 74 67 27 8 49 33 44 77 96 26 89 60 4 70 27 23 53 29 66 81 52 17 94 4 52 58 29 75 36 6 19 64 28 79 63 22 72 41 43 66 58 84 29 79 74 13 19 57 8 96 28 3 25 98 36 11 45 72 58 98 12 24 59 95 3 94 98 9 57 30 46 37 15 0 64 88 24 24 13 41 17 99 6 14 88 1 6 96 93 96 0 16 41 93 94 3 11 30 37 89 5 80 34 46 60 90 28 5 98 62 19 13 71 14 28 53 17 89 34 59 85 23 36 80 87 42 0 14 29 90 32 17 
99 8 55 72 12 90 78 83 21 86 47 61 94 65 9 32 33 62 54 59 36 95 30 83 29 93 25 12 56 54 94 62 63 92 92 84 84 85 89 88 56 90 14 33 2 96 87 72 68 79 67 44 90 69 70 60 55 75 16 43 92 90 85 32 37 45 35 45 50 69 27 92 15 65 4 31 8 27 12 33 96 38 81 87 23 53 59 20 97 77 94 36 29 46 83 37 2 12 74 40 85 59 70 38 22 67 37 54 51 66 29 50 7 66 71 88 0 68 58 11 36 21 15 85 88 19 93 36 53 67 38 76 82 52 56 15 10 20 4 84 32 33 30 32 0 55 51 30 52 84 79 56 95 65 71 2 16 19 35 23 94 24 23 54 71 58 71 47 58 44 34 66 46 0 31 26 20 65 35 26 67 23 86 52 74 59 58 59 25 75 80 67 42 21 96 97 71 7 92 1 23 27 55 99 53 52 31 57 89 20 8 47 66 19 63 2 54 61 76 19 52 99 26 11 92 0 95 87 66 41 46 85 8 21 3 75 69 91 20 89 41 45 62 50 96 26 50 51 58 22 24 66 64 84 51 8 84 0 26 93 32 86 15 49 25 79 14 76 43 99 68 57 88 58 85 18 29 7 2 87 54 57 75 81 22 68 56 45 2 92 66 45 78 85 97 46 66 15 28 71 50 10 4 9 53 48 72 60 6 14 32 65 26 52 5 28 80 45 61 59 75 82 95 95 36 94 17 75 68 82 52 95 26 74 40 62 72 72 56 40 53 10 36 21 63 22 22 66 92 53 6 85 79 37 29 54 32 85 79 37 78 61 35 30 4 85 75 76 57 12 38 81 33 77 66 28 36 15 77 44 1 82 82 72 96 61 87 55 60 45 79 11 88 66 93 20 7 25 31 18 
1 22 88 59 99 10 90 34 62 11 52 1 16 35 70 8 92 54 91 90 3 80 60 15 35 43 10 70 59 89 78 29 71 16 46 48 33 89 99 94 64 90 69 2 4 32 34 84 74 48 67 74 42 10 59 73 70 70 10 36 8 21 77 25 15 80 90 37 78 38 70 37 14 96 17 98 61 40 62 5 30 12 76 11 15 69 29 54 17 93 48 1 99 12 72 25 26 61 34 49 75 37 31 66 28 42 24 2 80 45 26 10 25 40 86 66 61 74 39 62 17 55 57 6 3 8 94 25 74 70 27 22 54 43 34 58 3 66 85 50 79 82 82 52 66 29 60 59 41 25 84 12 84 32 65 46 21 32 97 98 74 25 89 88 45 62 79 65 6 13 2 65 41 63 9 86 10 11 76 33 17 70 11 25 49 96 76 10 80 24 51 20 87 1 76 40 4 19 21 10 25 92 9 0 71 89 40 77 87 11 36 25 8 10 83 96 81 90 26 10 36 73 13 42 83 10 16 22 81 19 6 93 53 5 47 26 11 38 91 28 75 91 21 27 94 19 21 94 34 52 22 81 9 49 31 89 13 60 68 73 91 16 24 19 65 94 24 76 56 7 34 88 30 9 43 86 88 99 61 31 35 54 10 83 12 73 33 92 70 63 34 54 71 48 28 4 9 61 20 69 2 40 25 41 50 92 22 10 25 56 63 54 25 66 36 34 16 81 2 60 60 23 48 16 58 65 49 0 18 12 82 54 2 98 43 46 17 59 41 32 5 20 71 55 22 57 17 39 93 94 12 73 34 16 15 36 49 5 77 1 31 46 96 66 39 23 17 72 50 72 93 4 25 98 48 35 24 95 72 32 72 74 17 50 21 47 10 81 4 47 86 46 68 66 84 98 93 40 99 94 
18 82 70 5 4 49 48 30 7 16 59 1 44 7 94 87 27 86 79 76 5 94 37 73 26 6 71 34 1 58 57 25 36 45 36 40 26 47 73 87 86 85 4 58 97 91 7 21 71 70 36 33 38 92 10 34 80 97 85 49 98 32 15 57 24 13 91 32 71 47 80 27 29 32 37 42 80 40 71 60 81 36 98 59 42 72 5 86 50 3 21 8 12 65 49 85 87 38 3 34 12 21 12 77 44 91 56 77 68 17 92 87 2 18 53 82 22 82 78 61 0 24 49 2 0 15 54 45 3 4 43 53 84 57 35 38 20 56 29 16 65 33 88 27 49 50 93 24 45 14 32 62 43 52 39 76 49 49 47 50 67 95 88 54 16 23 63 86 52 25 98 3 4 50 72 80 22 31 42 26 3 12 96 38 30 19 32 34 3 87 96 84 12 59 18 61 67 39 1 36 20 57 69 33 12 11 36 81 30 92 99 59 52 72 83 72 62 50 4 71 39 29 57 74 88 44 13 85 21 5 37 81 12 11 56 67 77 40 31 10 92 31 97 45 41 67 22 25 81 71 34 39 91 59 5 85 22 62 93 31 58 37 15 48 93 49 37 16 51 81 91 56 40 11 72 0 17 55 4 1 13 7 8 47 26 9 2 56 82 30 9 58 91 68 63 10 10 26 33 85 11 54 38 11 18 60 32 65 16 41 32 71 22 51 8 95 65 27 94 72 85 86 22 87 19 44 28 78 84 34 31 2 64 35 45 10 47 6 17 36 75 50 97 20 54 89 27 38 34 9 18 85 26 80 60 25 10 63 15 5 82 29 21 54 11 76 76 62 94 41 74 68 57 84 80 35 31 47 57 61 44 3 94 90 9 82 51 5 89 3 44 18 84 31 65 49 14 82 43 14 
36 25 52 6 83 65 77 80 25 43 58 99 7 1 61 24 51 38 99 19 11 26 91 50 46 28 92 56 0 3 13 59 96 14 3 17 7 59 8 29 10 31 97 81 28 84 17 30 47 86 3 78 92 74 84 9 5 72 70 31 18 44 8 93 74 0 83 94 75 20 76 56 80 30 76 63 74 6 72 93 69 0 40 22 77 41 2 10 40 16 3 89 50 54 34 51 14 4 16 56 30 15 7 13 38 91 65 52 37 13 27 36 70 51 87 13 5 2 82 10 76 10 94 3 3 31 52 81 9 80 97 8 73 23 43 29 97 64 41 16 42 27 70 60 44 43 21 36 40 45 76 68 15 35 25 69 81 93 6 0 26 49 92 82 3 46 49 36 48 32 80 49 4 54 73 68 34 80 93 2 15 77 60 25 39 76 70 6 16 3 31 4 77 64 99 1 80 31 8 73 95 43 29 28 71 16 27 41 89 62 90 45 84 88 58 24 8 11 82 58 69 4 13 88 55 75 91 42 57 38 26 88 55 9 42 64 16 51 81 35 75 25 99 21 66 13 86 82 24 90 45 94 92 30 58 65 95 0 76 76 48 47 58 39 50 78 37 19 6 46 99 41 99 1 45 47 6 40 75 59 37 87 46 74 67 88 91 79 77 53 61 64 68 18 79 51 22 94 39 45 73 69 1 96 50 22 60 95 14 69 14 86 7 84 15 77 40 74 56 21 62 52 64 89 50 27 54 31 19 34 40 87 6 4 59 75 22 20 72 28 25 85 39 71 72 88 42 12 82 60 88 19 53 44 31 28 32 35 99 53 68 40 71 48 59 51 97 95 61 92 85 98 35 54 46 96 82 43 28 42 62 6 37 10 30 5 51 44 5 80 81 69 73 89 66 22 47 26 26 79 
87 0 70 19 5 25 78 78 32 57 41 56 71 20 41 38 89 51 12 30 61 87 58 4 54 54 91 22 11 93 79 24 30 37 0 24 86 63 37 84 95 2 85 29 1 54 57 54 99 90 41 30 49 61 36 90 4 41 23 91 89 32 40 69 72 32 87 72 62 46 5 80 54 86 67 2 36 16 33 83 11 66 68 83 84 88 80 34 98 24 2 58 12 7 13 59 65 43 47 13 42 4 55 42 37 77 64 31 57 58 29 92 54 87 23 82 70 6 70 81 84 37 40 46 8 95 90 82 75 28 60 87 97 47 11 23 20 83 25 99 3 17 64 86 63 61 11 82 12 1 74 86 63 86 20 1 98 22 46 61 48 46 49 91 27 5 52 79 88 36 31 51 42 43 44 13 26 96 68 56 5 7 79 78 38 6 28 23 65 65 46 1 76 85 4 81 25 16 44 9 4 40 37 14 75 38 55 60 35 96 70 7 41 74 95 24 65 64 50 9 53 17 74 5 89 32 83 0 82 42 69 17 8 63 34 45 57 84 10 87 67 66 60 56 41 36 48 1 4 94 79 43 3 84 98 26 69 77 83 53 46 54 64 85 89 70 13 91 8 79 5 67 37 76 55 55 84 8 19 25 68 95 74 64 14 88 10 52 7 39 71 31 98 76 21 99 10 91 3 89 45 37 87 40 77 27 40 71 14 18 8 87 8 99 69 5 14 36 86 46 4 34 17 87 9 80 16 51 80 28 72 31 43 56 30 89 28 24 0 37 67 46 2 84 89 2 30 89 96 47 53 76 7 50 91 61 15 18 80 46 85 7 20 4 6 79 20 7 41 98 26 4 44 88 75 55 22 0 63 29 43 91 28 91 40 67 70 84 12 26 95 23 59 58 55 49 35 2 66 58 
48 16 81 49 4 88 53 13 59 21 38 96 35 55 47 39 75 69 34 80 93 92 31 67 45 76 16 97 21 0 32 13 58 8 92 75 36 38 81 9 68 94 99 51 80 39 98 47 93 5 95 94 41 48 45 2 32 52 84 41 20 67 97 52 58 73 60 39 90 46 59 72 26 9 28 46 83 59 56 16 85 17 41 30 5 10 13 55 51 48 39 92 84 42 67 28 80 7 89 56 76 73 75 69 88 59 76 24 39 15 51 17 23 22 23 83 59 11 62 67 82 19 1 23 58 17 92 1 32 37 51 67 2 21 64 9 54 69 58 50 41 87 29 99 24 29 2 70 9 65 9 81 82 25 22 61 13 97 17 74 39 25 90 36 35 15 87 72 37 61 99 15 44 39 59 50 79 16 38 2 51 69 23 18 81 86 26 59 86 36 34 88 64 98 17 82 71 92 24 17 60 57 59 68 28 51 61 65 96 25 95 76 79 68 58 38 30 58 76 61 3 71 91 58 20 80 82 18 66 38 3 5 23 11 66 12 5 84 42 49 24 30 41 84 15 56 23 40 14 61 33 98 58 22 23 41 62 64 35 11 41 23 12 75 75 45 19 44 12 48 32 41 90 73 43 73 75 11 77 32 39 47 33 31 35 58 84 1 90 36 32 90 38 98 55 4 71 42 19 15 48 68 9 29 2 93 79 80 1 24 6 95 84 69 12 39 48 93 12 9 84 89 35 2 72 62 87 43 79 53 39 71 9 21 6 3 77 94 23 68 35 71 40 21 5 77 9 95 7 97 36 41 33 75 67 56 8 33 21 21 84 96 85 45 52 98 11 61 78 47 88 90 8 75 68 69 75 20 2 94 80 48 68 86 72 15 63 16 12 74 21 2 40 54 37 95 24 34 64 43 
77 22 57 21 85 42 30 12 5 47 69 25 33 80 7 36 81 95 88 37 43 33 71 61 54 39 41 69 73 23 56 62 62 22 16 62 53 27 86 94 23 72 59 64 24 4 75 90 53 33 14 0 22 6 7 47 71 35 15 74 40 0 0 38 30 79 55 72 32 34 83 98 34 9 92 46 9 47 74 89 87 79 81 72 32 37 84 11 21 18 80 7 24 84 64 66 88 62 32 0 34 15 22 16 17 37 55 95 70 91 33 49 67 83 68 82 81 22 15 86 39 69 61 56 57 45 64 14 57 1 9 50 68 6 88 17 0 31 10 29 17 27 96 57 50 92 53 81 9 1 28 7 42 62 15 96 63 34 8 92 99 61 50 85 69 91 55 5 56 37 83 53 89 63 94 9 75 53 54 10 17 2 7 51 56 42 41 63 63 83 52 14 61 38 25 26 34 71 47 27 0 62 71 66 55 23 81 42 54 48 56 1 32 98 52 2 55 17 37 18 68 76 75 72 60 97 4 84 21 92 78 40 28 50 78 86 5 83 59 68 83 88 51 45 43 79 86 19 23 28 41 77 91 77 10 31 98 64 97 60 21 19 78 71 44 5 7 61 34 63 89 38 67 49 62 54 0 50 19 66 86 81 91 79 99 98 73 26 50 65 46 81 43 33 68 89 1 67 32 92 91 35 47 41 53 7 87 33 85 32 13 84 54 82 96 89 92 4 68 6 4 94 31 28 69 28 20 37 26 8 31 39 54 88 97 12 38 6 24 78 70 63 81 53 75 65 3 62 30 5 87 23 97 9 6 76 66 18 90 0 28 64 85 85 66 20 22 24 93 86 42 72 57 61 58 92 47 72 26 11 2 26 41 36 4 32 22 55 2 26 58 34 58 39 42 39 95 20 96 57 
2 88 81 60 44 93 34 98 44 2 83 4 23 48 91 46 49 89 70 86 5 63 87 6 12 1 58 64 38 53 73 98 93 82 81 74 54 10 47 39 17 91 31 36 5 25 57 60 32 67 75 15 64 55 63 53 98 51 89 17 54 69 30 43 7 41 85 5 76 46 94 58 99 2 94 23 53 99 7 95 34 86 69 78 95 41 20 90 5 87 26 77 63 34 31 93 63 2 79 33 89 80 55 35 65 5 32 43 70 92 97 7 78 98 84 2 44 9 19 2 60 74 66 13 46 95 23 92 57 99 9 99 69 12 62 31 99 31 77 89 48 78 39 91 1 91 55 36 17 99 67 16 75 13 9 89 46 79 80 55 30 2 0 31 21 18 71 10 1 8 96 24 48 44 60 51 14 13 56 56 17 31 30 69 71 30 91 52 67 36 88 75 1 9 39 16 43 62 53 75 16 0 94 22 85 57 9 32 77 16 61 93 73 41 90 69 11 23 84 46 42 89 56 84 34 22 56 63 98 20 2 7 95 36 43 23 7 71 22 54 26 48 15 3 7 81 84 99 7 51 27 5 65 18 48 17 6 3 45 7 71 52 32 57 7 74 87 88 54 89 55 72 10 57 1 99 42 19 0 80 80 42 69 50 91 79 43 90 68 86 44 41 80 34 39 54 27 75 74 69 31 91 83 23 20 56 5 17 55 3 82 79 97 87 22 96 37 48 79 88 88 98 51 13 4 91 13 66 11 63 51 41 1 77 68 78 28 91 45 20 92 33 26 65 34 44 6 13 81 49 42 39 75 35 74 62 47 93 57 0 27 99 8 36 57 95 56 18 51 39 15 25 20 90 79 85 83 72 9 97 30 86 41 10 15 25 91 52 78 97 30 4 20 1 31 48 86 42 16 67 
80 45 9 76 39 4 10 24 77 91 86 33 52 15 4 78 11 60 13 4 60 8 45 36 13 95 13 22 36 64 36 84 56 83 56 36 74 53 43 73 95 25 67 65 76 72 11 90 72 32 55 30 49 12 66 57 6 99 17 65 83 22 23 74 93 31 23 29 16 31 50 37 94 58 46 60 93 10 29 3 88 33 2 65 98 79 77 74 80 3 41 3 68 92 39 12 89 60 84 72 77 84 95 20 76 79 60 6 56 31 80 48 58 51 78 34 86 92 17 97 25 22 55 24 22 3 62 50 15 9 41 1 38 3 89 5 56 70 76 57 43 85 70 63 62 11 38 57 89 18 12 10 12 76 96 5 5 93 93 46 56 52 7 11 70 27 69 49 55 84 4 47 64 38 24 57 57 99 48 37 44 75 36 42 86 80 72 46 42 56 52 98 7 92 94 55 73 50 55 11 79 69 50 72 91 72 58 52 78 68 2 74 46 26 54 56 73 52 95 6 84 62 47 78 44 33 86 76 75 43 55 32 75 42 63 89 18 49 3 40 37 39 37 57 91 19 18 30 44 39 45 66 7 69 1 99 83 7 66 43 1 94 61 87 35 81 23 5 7 19 81 20 59 62 89 66 63 82 63 73 80 21 73 33 20 12 95 85 57 18 60 11 2 75 21 29 96 36 18 90 45 9 94 1 15 55 66 68 15 27 47 79 40 78 0 4 90 11 61 59 73 98 58 97 59 70 66 82 41 50 36 69 17 63 71 31 49 33 44 92 54 50 12 40 96 55 50 30 49 1 19 57 52 79 89 41 43 15 85 13 30 34 68 24 30 40 88 96 90 43 38 21 53 91 55 28 96 94 83 60 53 36 73 25 25 94 85 70 26 94 50 62 35 66 44 63 24 50 12 95 
73 3 29 32 79 10 92 86 37 72 95 26 23 47 83 8 32 69 13 73 36 8 53 42 5 21 94 82 0 16 29 30 46 56 73 57 92 15 58 62 54 65 85 55 38 82 92 1 97 37 47 61 2 3 73 41 68 7 86 35 84 14 41 46 38 14 58 51 16 95 43 85 99 14 90 96 43 42 65 30 53 91 25 67 75 12 44 23 30 96 26 69 2 65 41 26 51 21 44 62 36 56 21 87 69 89 51 56 73 37 54 35 7 57 60 18 3 16 48 54 77 96 53 50 38 7 73 63 72 89 26 60 95 52 21 71 35 0 41 68 28 32 31 97 83 29 32 31 99 41 26 81 36 11 46 6 71 93 1 56 90 90 69 74 37 53 59 86 81 13 75 51 32 3 52 0 82 97 92 78 30 33 2 18 48 77 50 55 41 91 76 10 15 0 46 23 95 45 3 19 40 2 32 86 78 79 60 3 47 87 94 90 32 18 19 89 63 66 17 70 16 90 36 40 62 27 22 80 0 94 72 31 15 34 99 41 45 2 52 43 2 54 60 55 66 6 79 28 47 10 67 50 29 20 3 67 59 7 44 16 76 54 44 57 62 77 65 11 45 29 80 91 47 17 51 19 51 88 28 72 8 78 55 48 71 99 54 19 83 81 23 53 11 88 9 42 10 30 86 12 19 69 48 32 95 2 63 83 7 72 7 36 64 68 11 47 94 25 85 99 49 83 70 71 18 12 84 66 1 27 58 85 66 45 76 22 6 92 28 10 78 45 72 37 82 81 93 49 15 12 47 48 21 83 6 11 9 22 69 88 90 31 45 98 14 60 8 88 78 39 17 82 5 13 67 6 67 46 2 14 9 55 10 85 8 83 51 1 50 98 15 72 6 42 46 38 56 4 7 2 
61 27 68 39 24 31 87 9 76 94 42 27 80 1 60 99 29 17 29 28 11 68 0 24 27 52 34 54 75 12 22 9 78 40 23 14 61 67 50 22 74 52 16 96 60 44 42 21 12 15 99 1 83 44 78 53 40 26 49 14 51 36 89 61 33 95 95 31 42 74 26 94 5 50 34 56 78 27 84 60 70 79 95 23 22 50 66 18 77 22 35 13 92 44 96 81 75 2 32 33 54 18 4 49 55 79 42 28 22 42 1 92 54 4 79 51 45 30 96 41 19 1 36 71 3 20 50 6 95 78 17 92 77 16 92 18 94 98 85 59 42 97 95 4 64 54 24 69 63 40 20 58 17 87 71 29 79 28 17 39 66 67 40 38 52 68 21 70 97 1 51 54 16 48 88 57 9 89 34 48 17 21 9 10 8 73 57 55 13 84 7 97 34 50 59 84 18 19 5 20 21 43 60 9 51 67 53 18 44 5 20 84 37 27 24 13 34 45 86 4 59 84 57 68 61 33 35 77 71 67 14 85 1 12 67 43 47 78 86 64 1 26 28 35 57 32 10 90 21 61 50 25 0 40 87 79 87 94 64 15 40 26 1 25 81 32 69 96 69 82 67 10 92 80 72 42 33 18 28 38 37 7 77 89 77 48 4 66 94 8 13 54 44 86 10 75 85 87 30 5 40 33 63 45 6 91 5 44 47 59 1 60 92 5 99 93 64 85 70 43 76 14 88 75 67 61 0 7 50 34 82 94 45 64 96 0 78 47 83 30 17 1 0 1 80 38 51 89 60 9 31 55 8 86 59 50 54 9 21 38 55 87 29 42 30 28 72 80 84 4 30 19 15 50 12 80 68 26 38 20 57 98 88 65 7 63 7 74 76 4 39 24 25 31 11 58 41 55 84 29 
17 87 73 85 79 17 50 90 5 85 68 87 48 38 93 35 68 81 8 0 33 37 75 60 94 51 71 2 78 63 12 98 44 10 46 24 39 70 46 63 14 62 21 49 16 39 54 5 99 76 46 3 54 48 37 83 80 93 54 29 71 47 87 16 78 30 15 61 54 21 16 74 67 75 8 86 5 19 62 88 85 52 41 52 30 57 17 5 7 7 44 15 50 54 99 14 9 96 85 72 81 66 64 4 12 35 15 40 56 20 30 40 24 41 80 39 45 68 30 8 45 3 93 61 34 46 18 69 43 27 27 96 99 17 77 8 42 91 96 73 3 93 59 52 91 11 24 43 11 69 41 55 44 63 89 95 40 2 37 92 91 70 23 26 52 2 68 15 60 17 40 37 13 6 98 28 71 26 1 4 5 92 39 8 64 61 91 64 11 46 68 8 46 43 83 46 12 97 33 60 51 94 43 81 7 11 22 10 30 18 43 19 94 25 94 76 75 11 60 9 19 22 43 45 47 57 25 30 48 26 20 56 74 62 33 37 39 8 22 79 43 83 49 76 11 64 98 6 63 20 96 25 96 54 13 74 6 91 35 13 19 65 65 18 69 66 9 64 56 45 41 30 98 18 61 50 10 94 1 51 87 96 99 37 7 82 51 4 52 27 69 49 81 3 91 40 84 76 8 46 35 54 12 89 96 17 85 78 49 77 97 74 88 79 41 53 7 94 13 54 56 40 53 87 87 78 8 51 84 33 70 57 78 15 87 28 12 74 98 51 44 26 7 12 81 41 61 44 81 62 11 49 66 6 17 62 80 79 74 93 40 46 71 94 20 56 2 96 34 47 48 54 33 6 3 40 98 54 73 2 40 74 9 20 10 69 27 2 36 75 74 46 4 14 55 80 50 58 49 77 
63 62 19 59 58 60 9 75 11 90 87 44 92 99 59 76 29 2 17 29 24 53 7 97 73 76 5 25 94 79 3 30 78 42 98 29 51 47 37 9 5 49 88 46 73 19 96 28 6 79 92 17 39 12 63 7 85 2 75 1 99 28 97 56 35 42 74 53 38 77 50 73 11 67 64 3 48 72 77 33 70 37 27 66 73 38 16 12 31 91 15 65 9 98 80 98 67 20 7 10 9 9 34 40 37 45 70 8 40 72 14 51 59 48 36 33 47 30 59 55 36 43 54 5 65 95 21 37 88 95 29 69 15 14 59 21 36 49 99 37 37 17 3 85 95 85 65 33 40 0 40 16 46 25 84 60 34 77 79 28 89 19 72 89 1 18 82 5 71 45 16 60 88 21 91 44 38 46 31 40 64 47 59 56 12 35 36 63 44 15 61 68 3 12 36 23 74 24 46 51 86 95 83 8 0 82 84 11 30 69 22 79 87 85 4 71 67 36 80 69 19 28 30 29 80 58 96 42 34 52 17 96 2 65 72 95 45 11 36 11 57 20 30 40 10 73 14 0 86 25 18 59 12 22 3 86 43 73 93 15 45 6 41 48 50 81 21 66 23 68 56 7 51 97 47 99 60 92 15 88 25 28 23 36 35 80 80 60 97 73 7 62 32 70 23 22 6 5 4 84 27 96 8 8 86 67 4 56 58 64 21 22 48 74 7 61 62 38 53 42 20 6 18 30 46 13 87 42 27 32 35 74 80 89 72 90 16 93 34 38 87 66 96 63 68 55 49 22 31 12 93 65 42 85 78 56 36 17 41 6 12 18 28 83 99 54 83 8 40 37 41 25 91 22 62 11 40 64 99 58 37 34 66 36 99 88 42 67 76 47 13 83 5 90 0 48 95 15 62 55 
35 62 29 58 78 41 22 73 28 23 75 70 9 20 82 36 5 60 35 48 4 51 54 88 63 70 6 32 40 77 85 98 56 96 10 1 81 41 3 33 49 57 2 49 97 30 46 53 22 46 17 42 84 26 97 71 52 81 4 20 70 26 80 82 67 63 95 73 31 95 50 49 22 87 72 76 19 80 78 50 58 21 20 82 11 50 98 92 87 11 20 88 14 35 27 86 12 91 1 55 16 24 27 46 83 68 45 54 19 31 17 27 91 92 44 23 36 53 33 52 89 49 19 71 63 56 94 35 84 36 44 14 89 63 54 99 13 51 88 48 0 25 93 66 19 69 24 83 46 42 62 27 28 45 69 58 69 90 0 24 82 55 16 75 65 27 66 17 67 90 71 10 62 55 84 44 82 55 70 95 82 44 0 96 83 84 70 32 13 55 86 94 83 70 73 57 16 54 57 87 49 4 64 83 33 98 91 60 62 89 56 25 86 1 80 84 14 18 65 30 2 49 80 21 77 2 10 65 15 91 69 67 72 41 40 67 2 8 34 40 25 77 95 57 22 4 59 50 22 64 96 51 8 22 26 24 2 40 93 67 56 69 99 57 62 16 47 55 88 27 53 24 42 54 38 34 20 89 74 35 22 68 9 12 28 36 91 64 70 66 20 82 2 70 67 98 90 79 96 95 67 10 39 61 34 88 71 57 70 48 88 46 74 80 53 93 21 74 97 72 3 2 32 22 38 89 40 38 69 77 41 26 15 60 73 71 96 47 16 86 91 49 12 72 47 10 80 61 43 27 46 25 39 62 69 93 82 38 76 64 93 55 0 13 65 31 56 13 4 31 30 32 28 80 81 68 92 40 45 41 75 9 67 34 26 96 38 52 41 45 85 41 65 91 98 76 17 58 69 23 
10 4 45 3 55 41 48 36 33 12 10 48 28 79 36 92 22 86 57 54 56 51 96 5 37 30 95 58 25 25 87 79 15 35 57 96 42 84 17 81 11 72 65 23 74 13 53 59 97 14 40 37 93 50 25 62 2 80 54 27 11 0 1 26 26 14 2 31 21 41 84 17 41 59 79 97 13 67 69 38 34 91 8 69 46 47 75 35 31 18 41 12 22 63 90 59 63 42 83 51 83 29 92 0 51 17 84 23 74 49 89 42 26 29 49 39 39 34 68 46 9 82 26 61 67 14 83 40 95 12 77 93 80 78 7 25 13 18 20 48 80 15 5 86 76 72 90 27 54 16 46 28 30 81 82 13 16 65 68 73 97 50 60 81 28 33 15 93 80 34 26 5 16 69 61 31 36 96 29 4 41 47 70 20 68 52 85 69 67 13 81 71 57 82 12 66 72 59 53 48 47 5 80 90 60 32 21 40 98 45 28 99 4 97 56 2 43 34 79 81 16 68 78 54 76 34 53 84 15 98 81 41 87 99 96 86 87 6 37 22 71 91 24 95 77 52 72 96 13 94 47 95 50 91 38 49 33 96 66 4 89 80 42 28 51 88 23 98 66 76 76 88 2 42 89 37 94 46 73 96 56 38 75 50 17 27 90 21 48 23 45 46 23 44 70 43 71 72 16 93 27 75 99 63 56 71 31 24 79 98 33 70 23 65 17 36 29 30 87 81 26 39 48 21 72 49 79 55 87 52 97 60 29 21 46 39 71 80 61 81 82 4 78 95 79 43 30 6 27 78 62 42 78 95 4 98 20 69 74 14 20 94 60 78 24 44 49 51 33 74 28 56 21 79 57 87 31 68 77 99 10 57 6 27 60 13 80 72 11 95 47 4 33 64 34 16 60 59 55 44 
38 90 17 52 3 89 70 69 67 7 88 84 6 41 30 33 8 44 46 92 54 95 74 89 34 92 19 38 50 61 38 33 28 26 14 33 33 13 36 5 51 59 97 80 7 17 61 64 71 72 72 33 16 93 18 0 48 8 15 91 62 96 16 11 21 20 75 53 78 79 97 5 28 49 10 4 98 20 16 31 4 82 3 60 26 89 29 81 70 74 30 19 62 59 66 73 49 35 30 53 62 63 11 74 17 74 65 23 59 72 63 19 48 20 83 97 43 71 77 49 44 84 71 56 12 26 52 60 86 34 41 72 9 94 59 39 51 62 39 66 96 72 26 19 45 35 28 55 51 3 19 92 27 33 51 55 99 57 54 52 22 87 41 64 68 10 73 22 8 37 79 21 15 36 44 0 94 7 54 39 66 38 95 9 49 77 51 67 8 24 7 0 52 85 2 81 18 72 73 91 11 60 3 27 11 64 47 33 28 49 84 8 29 6 36 37 25 43 20 62 50 51 32 33 89 92 28 60 31 84 62 23 25 85 61 84 76 36 17 67 65 71 43 15 11 20 92 87 40 53 49 32 65 78 5 50 52 68 95 33 8 71 33 66 96 6 10 18 67 17 19 90 32 19 92 3 76 81 61 80 32 98 29 34 53 93 54 96 41 73 82 87 12 67 35 43 47 41 10 74 63 85 77 29 33 31 92 69 85 63 68 8 12 98 51 8 11 32 59 50 68 31 75 67 99 62 93 83 46 80 57 59 9 69 30 56 53 53 14 41 25 64 21 38 37 42 80 21 30 48 20 37 22 2 20 8 90 90 98 57 73 41 14 35 75 45 40 81 50 23 93 94 12 26 79 78 41 80 84 66 62 43 24 20 70 42 78 3 96 37 85 78 53 78 50 54 96 74 53 85 
3 15 68 36 91 75 60 77 6 97 67 22 88 67 80 72 57 39 68 3 25 34 77 29 54 42 74 93 65 62 2 63 57 0 52 97 1 86 62 23 24 13 32 30 83 86 80 69 73 82 24 13 50 64 87 71 22 49 88 20 71 35 7 44 46 50 89 26 74 15 6 47 62 9 93 85 83 50 4 98 21 57 8 33 66 61 79 4 51 15 40 26 99 31 76 3 41 65 63 70 74 2 68 50 68 99 60 40 53 53 83 84 46 50 53 18 33 4 69 67 44 20 44 28 61 40 0 86 95 17 25 59 90 34 72 11 70 1 82 7 20 77 7 94 6 11 99 13 71 89 61 9 50 80 50 29 31 97 92 77 39 70 0 53 41 17 33 83 37 57 47 53 36 85 78 69 3 26 86 21 65 60 10 17 60 39 48 94 43 58 85 42 81 60 45 1 40 3 84 22 84 49 74 70 54 85 57 24 20 77 89 71 22 13 61 56 46 77 24 10 60 90 64 78 73 19 22 75 94 26 46 95 39 20 25 8 81 72 24 48 14 78 58 78 83 88 10 93 56 2 6 90 43 11 68 32 80 43 95 70 71 39 57 43 74 13 58 72 57 20 75 69 23 44 7 19 47 14 73 73 55 26 60 34 7 88 56 49 13 97 2 74 3 6 41 13 38 38 74 61 82 56 61 26 63 19 25 25 74 29 86 79 10 90 17 33 36 69 71 24 92 75 13 33 83 43 48 58 26 2 41 29 85 52 23 60 92 51 32 53 88 90 4 72 41 0 12 40 38 55 46 51 82 6 2 12 30 15 72 41 43 13 94 20 57 97 85 90 48 15 56 51 74 38 69 16 77 98 86 26 18 88 33 34 62 51 79 6 60 68 3 31 8 43 11 3 47 29 91 9 
82 57 92 22 43 23 43 82 89 86 83 24 39 33 0 22 84 68 92 97 82 32 43 71 49 28 66 74 33 33 5 48 55 17 73 27 3 19 75 19 29 6 78 89 30 34 75 67 85 83 59 57 67 49 84 46 6 8 8 12 93 49 43 48 5 69 67 85 91 76 64 14 94 24 89 98 77 20 97 60 8 51 35 51 15 49 72 12 0 51 53 61 27 26 44 20 50 54 14 41 34 64 68 96 59 78 34 55 66 97 67 38 9 63 39 35 87 39 37 68 58 26 89 19 65 30 65 89 86 76 54 58 92 98 25 65 40 35 34 87 73 26 2 72 57 41 68 52 38 10 97 87 57 67 72 40 1 47 14 47 84 8 98 29 18 9 65 63 70 27 81 78 36 48 35 15 31 72 18 7 20 4 22 48 47 71 93 72 87 71 23 97 32 20 96 34 26 83 34 9 23 22 71 69 57 18 25 86 87 8 21 59 10 8 69 4 62 7 17 16 37 88 7 16 90 45 98 80 59 15 64 25 22 16 32 60 0 39 15 50 93 69 12 57 47 30 49 82 78 37 76 35 61 57 4 87 3 56 57 28 54 49 45 44 28 41 99 7 51 69 0 43 66 71 65 45 35 54 92 19 13 59 6 47 99 25 0 99 86 15 33 65 45 17 15 37 19 93 77 20 32 43 29 44 97 66 54 86 2 52 48 23 1 31 79 25 13 86 72 19 7 92 49 68 23 27 68 49 50 64 6 74 22 45 38 70 87 34 60 36 41 8 54 9 86 87 2 71 33 15 16 52 38 82 6 4 45 39 50 99 53 18 30 95 62 11 15 48 19 24 94 76 35 22 30 33 54 82 88 73 46 40 48 78 36 85 37 66 25 62 93 16 73 79 61 67 23 57 35 11 
85 14 46 42 0 78 56 61 7 76 85 78 37 1 67 48 33 28 8 69 45 54 51 0 97 8 82 67 65 15 96 98 89 53 35 61 45 9 24 30 88 29 45 59 16 54 30 91 35 41 96 54 9 20 95 26 94 59 47 95 52 1 8 90 48 50 84 86 5 93 85 19 22 28 56 76 58 39 45 74 0 51 40 49 52 17 84 42 74 90 78 74 1 43 76 43 21 15 22 92 81 64 40 14 8 31 41 16 96 76 72 6 59 18 90 9 2 47 95 73 95 55 0 53 63 53 52 52 80 26 13 44 63 96 77 39 58 26 94 87 28 38 59 2 93 34 92 79 83 0 96 47 25 12 76 4 47 63 43 85 10 89 24 2 9 55 72 31 96 67 13 91 9 75 74 87 20 23 99 94 48 10 3 35 42 43 40 85 23 14 79 56 38 46 93 77 99 47 53 30 59 71 31 17 59 88 36 88 42 10 99 15 43 95 55 82 72 2 90 87 61 64 38 10 4 68 58 74 11 34 67 83 58 58 83 16 59 98 86 46 7 81 52 57 11 54 42 8 82 8 67 52 53 91 21 10 24 95 64 56 19 23 15 46 86 80 47 89 16 67 84 73 70 25 17 61 85 38 42 4 89 77 11 13 21 17 80 85 31 30 23 76 22 37 86 85 45 18 61 71 2 45 42 84 99 63 59 91 67 45 52 2 48 57 2 29 51 16 91 42 29 43 19 41 49 50 17 66 17 54 7 12 14 63 95 8 6 45 14 38 80 54 56 79 31 64 52 49 87 74 9 27 4 69 3 56 91 49 71 1 94 70 67 56 11 0 29 12 84 93 86 79 81 29 57 15 54 10 12 12 3 65 51 60 22 44 33 8 96 38 95 43 78 44 93 72 49 18 14 69 
36 53 15 17 49 82 13 97 42 75 3 15 1 8 14 39 54 32 99 82 48 37 20 83 55 90 75 52 9 96 11 26 74 79 77 13 96 5 98 22 98 39 49 45 44 3 83 93 56 66 30 50 52 14 67 54 16 51 3 11 1 58 32 8 59 82 87 18 26 42 77 25 75 10 10 79 57 70 65 36 93 44 58 39 11 22 76 96 66 70 7 90 0 48 41 43 93 77 94 41 8 53 66 19 63 32 50 21 27 41 51 48 40 95 18 6 58 23 39 56 56 57 17 52 3 90 25 34 27 78 86 82 1 11 32 20 4 14 0 94 98 0 52 89 18 84 16 94 47 2 67 55 46 87 2 86 40 24 53 58 18 28 51 60 30 38 1 19 82 62 98 50 50 75 1 54 93 69 90 36 36 24 94 88 77 32 33 36 34 38 85 66 72 7 49 59 9 8 11 48 56 50 50 63 84 82 46 47 7 11 21 27 5 99 6 92 63 32 84 37 69 72 65 51 72 23 75 48 20 7 59 81 34 48 97 95 67 49 95 17 52 71 21 16 96 24 72 11 39 59 33 49 26 78 57 12 79 52 30 23 71 72 93 31 32 30 86 2 92 89 4 80 58 40 73 74 15 12 52 92 6 49 93 57 76 93 13 54 99 34 15 35 28 24 49 53 50 30 99 97 13 28 16 31 39 73 67 3 30 22 58 95 86 38 48 1 24 35 0 24 83 77 99 93 57 30 47 73 93 86 86 83 80 7 28 71 50 96 57 20 31 29 85 85 74 95 18 12 32 70 43 79 24 86 29 33 81 37 62 95 81 97 4 53 5 87 25 7 60 28 72 39 76 91 86 34 46 54 58 79 94 48 54 11 32 99 80 10 21 83 19 60 44 31 77 91 26 74 8 88 
80 57 72 96 49 83 65 21 87 80 98 50 62 35 61 91 22 85 99 72 24 79 2 51 24 20 65 4 45 58 36 37 2 71 93 50 28 93 46 35 96 74 96 60 82 77 79 60 26 49 39 24 66 89 11 62 8 28 36 93 58 78 84 83 27 86 34 86 87 93 5 68 49 98 89 69 0 72 82 69 53 89 20 98 84 61 97 18 61 19 53 13 19 85 47 98 1 54 5 44 25 3 5 55 99 82 9 30 87 31 20 43 86 75 34 77 12 87 2 98 93 89 21 77 82 53 74 57 87 59 12 91 43 59 32 4 45 88 63 51 40 14 6 45 57 38 72 6 9 15 52 75 91 66 16 57 26 65 37 81 82 81 0 47 27 81 20 0 63 46 61 63 22 64 68 16 75 9 0 20 96 1 92 72 88 10 46 12 60 89 88 61 72 4 53 93 99 69 58 31 10 79 13 59 53 43 22 0 94 54 16 44 59 21 90 15 62 49 59 94 19 9 2 98 48 72 86 33 39 39 22 96 85 15 68 50 50 22 99 84 13 68 25 26 73 68 98 4 0 8 70 48 35 89 77 63 46 66 57 94 90 24 43 32 32 46 10 9 59 25 92 29 73 79 99 73 46 12 87 48 38 9 0 38 0 45 91 73 19 28 56 61 88 70 35 50 39 92 27 64 86 61 73 2 32 83 81 81 79 78 50 31 53 10 70 55 67 73 81 48 90 72 76 78 65 74 0 71 11 13 42 34 67 80 70 80 53 4 49 39 67 35 0 40 68 65 73 48 19 53 67 51 67 4 49 8 14 17 59 86 23 93 84 27 29 87 31 10 17 34 21 91 34 37 66 40 19 96 72 20 33 46 56 82 99 34 75 43 22 57 56 64 68 56 50 44 64 70 24 49 
11 33 46 72 65 54 35 34 51 21 66 0 79 62 42 22 81 69 25 96 73 72 50 45 13 86 5 45 56 62 68 28 35 89 16 43 75 69 10 67 23 62 22 44 91 26 39 19 85 12 4 7 12 89 23 44 38 35 56 9 22 13 4 52 1 27 87 20 4 49 50 90 35 2 45 91 97 83 80 33 64 73 24 35 9 47 9 18 35 88 74 77 1 57 24 97 34 97 86 42 89 44 64 64 3 57 11 45 19 87 53 26 12 87 65 69 67 72 61 62 41 59 34 8 65 8 44 18 69 56 15 41 61 85 84 89 52 43 64 96 75 80 30 73 72 22 7 84 79 35 23 13 3 65 17 27 11 32 27 72 18 21 4 74 80 20 62 4 18 76 83 93 77 49 2 20 61 50 6 81 35 92 51 14 45 55 7 74 98 8 63 26 6 78 26 85 98 77 98 58 83 68 90 43 31 97 18 87 9 35 81 51 22 47 28 86 8 71 20 52 14 95 86 57 36 45 88 45 0 68 83 38 73 31 67 75 7 46 43 36 59 45 93 43 85 84 52 85 71 95 80 54 75 7 93 76 88 68 0 47 61 21 62 9 27 45 75 76 68 63 95 0 64 80 70 29 99 7 77 78 62 38 78 59 58 3 60 8 55 65 44 42 54 12 95 70 25 54 6 24 71 68 46 57 86 36 44 4 32 32 76 6 54 75 75 44 71 59 87 81 40 15 2 39 45 33 34 2 64 66 24 55 35 25 22 23 39 78 50 25 48 28 40 48 94 16 71 72 44 99 25 98 91 66 92 70 29 25 47 20 15 90 60 95 76 50 33 22 75 0 26 99 8 73 51 92 78 36 34 96 39 63 79 4 36 94 6 58 95 10 89 17 63 0 51 25 34 43 12 49 
24 64 78 31 95 68 39 36 46 75 68 27 15 39 73 14 80 11 70 83 29 61 38 25 66 38 5 87 50 48 11 44 0 64 87 44 61 58 22 46 15 37 13 38 20 67 19 57 38 93 79 83 74 99 52 83 34 38 62 45 19 98 98 20 91 58 97 55 15 5 74 98 80 62 80 53 3 0 81 64 71 16 64 51 38 26 48 72 18 74 70 23 1 67 33 61 95 72 28 72 28 87 83 45 50 54 50 87 3 72 43 40 86 88 30 42 26 64 61 11 79 49 9 96 21 16 91 62 26 96 99 58 64 98 31 11 8 81 39 85 57 36 8 0 99 81 81 97 97 12 45 29 60 30 30 68 26 90 38 56 40 21 99 33 88 48 80 27 18 12 35 74 27 61 1 65 6 67 56 83 79 53 74 61 45 55 90 0 29 79 56 18 35 98 57 79 19 92 16 98 88 81 25 47 39 93 30 31 80 19 5 90 56 89 10 84 67 55 13 76 32 57 81 97 61 85 34 29 41 74 41 71 39 21 7 47 13 66 27 97 72 39 38 34 13 31 99 14 65 62 95 71 73 46 71 48 73 33 97 46 34 14 80 99 34 97 39 79 63 27 39 76 14 65 8 52 21 47 41 74 27 8 63 50 79 88 1 68 40 94 49 44 71 84 8 9 49 39 22 71 67 71 72 83 79 27 3 76 89 13 26 97 85 57 23 68 75 66 34 61 9 20 61 31 87 4 59 38 5 13 59 6 28 12 12 43 86 63 79 89 80 25 56 86 16 37 41 74 12 19 87 38 40 59 42 8 11 46 79 26 33 78 88 61 79 77 36 19 67 71 64 36 86 27 29 54 39 44 26 3 2 65 60 52 33 95 40 95 34 26 41 24 45 61 52 67 47 74 8 84 
63 49 53 52 99 79 87 88 55 6 22 84 22 39 9 26 5 9 67 7 76 12 65 20 61 92 94 81 20 31 40 86 29 28 15 62 0 89 31 49 74 48 8 37 7 57 77 61 15 47 43 12 49 88 95 79 82 62 63 82 82 20 35 8 29 4 86 82 68 82 80 69 18 28 2 1 53 51 58 96 67 86 87 40 98 50 59 73 20 27 11 11 46 33 14 46 39 72 6 83 76 96 8 91 23 3 54 45 88 69 66 48 78 75 92 8 58 83 40 14 61 47 25 95 51 42 53 70 16 26 83 97 90 56 37 31 63 66 21 92 65 43 70 37 7 20 86 59 61 81 7 84 43 42 31 19 98 67 80 17 91 25 28 78 40 31 48 10 32 67 31 23 99 50 90 58 58 67 33 91 68 90 80 82 9 0 87 27 50 80 7 6 9 98 94 3 18 7 5 60 30 32 44 9 66 84 1 47 84 54 33 96 98 4 3 38 52 77 58 18 63 66 70 59 93 31 97 43 74 22 60 84 67 12 59 47 7 90 97 49 12 91 89 19 35 1 36 60 70 57 12 85 57 27 20 40 43 17 93 87 90 58 84 27 73 58 46 88 53 29 24 80 14 17 75 68 92 72 58 98 13 60 17 7 13 13 34 86 71 76 74 90 5 85 35 9 80 56 7 45 65 39 15 31 75 36 1 2 4 92 75 5 5 35 81 57 6 90 36 77 34 32 68 22 92 50 23 53 34 57 19 50 33 14 26 67 58 52 80 10 7 19 69 48 49 32 79 66 72 8 74 64 99 70 38 83 46 17 45 27 97 41 26 94 7 92 61 96 71 68 27 31 62 92 16 92 25 0 92 19 76 61 47 40 14 76 53 95 27 2 53 72 36 24 75 94 98 95 79 97 
30 54 64 70 27 31 78 52 93 88 68 28 77 99 9 72 4 36 85 67 24 33 14 4 36 86 52 89 83 26 61 22 36 9 77 83 53 8 34 10 90 38 27 92 31 49 30 33 4 64 6 73 83 22 90 74 87 39 75 8 29 73 72 0 60 2 27 17 85 43 15 94 98 0 56 39 18 55 71 6 94 46 27 73 19 29 19 47 96 63 69 39 64 71 98 67 59 95 42 12 33 36 10 1 12 49 49 51 51 8 76 12 35 29 62 83 65 98 66 26 76 66 62 93 49 70 43 30 27 21 54 65 64 39 91 39 1 29 0 33 1 22 45 15 62 93 61 45 91 21 47 88 57 61 81 38 66 5 1 74 11 44 63 64 10 53 50 23 51 15 74 84 69 84 29 50 91 49 9 26 24 38 97 17 42 86 96 67 34 24 14 23 28 93 8 84 96 24 66 38 21 17 39 90 82 70 33 61 14 47 98 48 20 6 6 36 51 50 73 64 26 91 83 72 12 94 98 62 9 49 73 15 52 74 99 31 64 1 81 34 72 94 51 24 64 63 16 13 77 94 53 36 12 55 24 93 74 9 9 89 98 45 53 55 95 90 29 8 99 47 85 26 80 34 34 25 35 31 88 22 27 88 12 12 59 42 9 99 2 28 89 82 5 38 47 2 10 73 7 49 0 97 9 4 31 43 77 79 73 80 38 72 53 70 30 15 27 65 62 10 97 81 90 81 68 74 47 7 5 91 11 37 74 19 37 6 32 29 49 8 47 28 66 22 84 11 18 90 69 53 58 85 69 86 95 17 55 79 29 26 33 81 26 45 25 66 4 48 67 97 22 50 20 9 28 29 27 78 34 41 4 44 31 25 9 69 98 11 56 95 24 24 57 45 71 72 14 36 3 15 
96 53 72 41 84 77 31 32 2 73 28 95 40 67 95 5 82 85 57 74 65 81 17 9 18 16 72 75 36 15 10 39 96 2 74 38 60 27 68 37 5 63 93 0 86 95 86 6 38 54 69 43 29 77 80 92 2 27 87 97 7 65 21 51 82 49 14 89 27 43 55 96 13 48 25 2 41 83 30 51 32 96 33 45 29 70 1 94 7 44 77 11 80 36 19 64 86 92 6 65 29 53 92 67 45 24 51 94 1 70 2 37 33 95 19 29 36 2 60 75 77 96 10 9 94 23 74 93 81 37 39 62 2 5 98 11 34 55 77 71 23 10 97 68 88 3 65 38 86 92 84 37 30 16 22 10 21 37 40 63 22 14 68 34 47 27 47 2 55 5 37 42 58 74 32 87 89 4 81 37 75 76 59 55 0 31 17 22 94 40 62 5 69 93 91 58 23 63 65 20 28 34 4 82 86 14 75 15 72 78 45 14 28 7 51 79 63 0 70 46 40 43 0 92 35 69 2 1 19 73 33 17 21 70 58 81 16 62 14 7 86 73 5 48 64 83 53 66 41 53 63 70 15 2 38 68 39 73 34 89 50 97 15 19 11 6 42 59 82 70 92 0 22 38 47 12 64 89 73 11 0 81 6 42 35 61 7 88 45 3 59 70 96 95 31 29 53 0 42 94 19 70 39 65 52 83 57 65 2 57 6 55 19 8 51 32 45 8 0 12 98 86 81 85 29 72 20 53 47 9 8 83 48 10 65 83 93 21 29 92 16 68 2 41 87 90 88 3 52 15 89 42 84 82 44 30 18 50 75 8 6 90 33 84 27 18 75 77 36 61 89 36 38 16 95 90 3 19 8 41 57 6 2 51 38 87 27 24 90 67 73 17 53 65 73 45 35 10 89 9 
89 45 33 62 26 51 74 93 15 47 70 87 22 50 87 90 37 89 12 16 69 77 80 9 88 88 92 6 16 78 46 80 33 83 31 62 70 63 15 19 79 30 39 44 6 97 44 49 3 16 85 37 76 82 12 55 92 46 53 58 75 67 76 68 31 82 86 15 86 66 9 8 64 52 47 0 94 52 60 56 3 56 99 16 22 32 43 68 56 90 62 57 79 3 25 57 23 45 69 25 16 50 42 75 49 33 66 5 32 32 76 52 49 98 81 36 83 29 63 63 80 38 53 80 88 28 58 38 58 14 93 57 2 57 12 9 94 90 67 65 63 67 52 13 34 64 93 70 95 88 81 37 81 9 3 95 27 96 31 44 35 92 2 95 43 78 40 73 0 37 96 8 55 75 0 58 89 39 65 50 23 73 97 54 82 15 55 57 11 85 16 79 58 15 80 82 0 85 34 4 50 59 63 55 77 51 87 80 62 12 98 31 27 0 95 21 55 8 59 51 52 13 4 58 47 51 46 87 32 98 54 45 69 69 17 49 83 42 67 14 78 97 96 25 25 97 43 18 80 32 97 16 59 86 44 33 67 68 89 66 87 57 79 17 59 46 46 59 0 78 10 65 40 48 35 70 35 8 64 39 50 67 91 13 31 23 1 33 25 66 70 2 82 14 43 44 38 69 37 77 5 2 77 16 60 12 23 23 0 29 35 73 4 25 31 65 0 60 25 26 42 77 47 99 55 69 32 57 65 16 84 86 80 42 12 88 99 4 75 7 92 68 20 27 59 82 9 17 91 13 56 87 49 66 20 23 76 42 87 64 45 98 13 91 60 70 83 13 60 6 72 60 44 17 35 43 5 83 23 69 54 18 20 1 54 95 59 23 77 97 31 47 29 54 89 23 14 14 37 58 
91 97 70 82 51 84 16 73 84 2 40 80 8 87 95 24 45 93 66 81 49 19 46 23 77 30 48 3 69 46 83 99 53 89 25 62 70 94 82 42 80 12 95 35 90 88 78 18 55 57 51 97 12 2 94 27 62 29 94 11 49 54 9 26 16 58 29 48 83 49 47 14 19 54 61 73 74 33 21 58 95 45 56 31 14 27 65 89 2 59 34 14 38 78 63 92 99 48 9 43 4 38 1 96 43 66 46 59 91 18 28 54 85 83 98 98 32 59 61 21 92 56 45 40 49 70 73 0 59 35 66 76 41 66 29 69 4 86 98 80 33 87 23 59 62 97 24 70 5 73 6 8 73 60 43 71 57 35 59 20 38 59 36 98 60 16 99 52 28 17 64 17 57 69 17 0 33 77 92 80 65 96 14 6 95 72 76 16 62 87 88 0 19 60 91 86 27 91 62 42 25 94 29 37 46 38 40 78 58 78 88 16 73 38 48 14 25 26 32 6 97 64 85 29 30 10 71 7 66 41 63 38 15 19 50 37 76 20 42 0 1 24 73 89 15 90 59 36 67 23 99 62 85 80 94 35 80 82 55 18 63 65 63 17 60 59 49 65 88 21 91 83 79 66 11 68 14 91 84 22 10 64 72 99 14 1 11 85 52 78 25 67 0 11 72 31 70 78 54 96 49 99 81 14 48 26 2 48 11 99 47 22 85 47 80 19 65 5 19 24 42 0 31 93 52 42 26 35 96 76 99 63 19 25 87 90 74 55 13 78 80 17 59 64 0 70 87 82 81 26 88 67 27 50 26 56 24 72 47 62 7 81 14 21 59 18 68 51 7 37 86 33 56 1 82 85 76 27 65 41 66 39 72 39 58 30 70 46 15 96 5 47 9 25 40 19 84 52 77 4 
70 88 59 78 4 87 34 24 12 16 18 4 21 40 16 71 31 2 22 4 85 91 30 39 25 68 50 25 42 42 14 70 67 93 49 69 11 91 84 35 84 63 21 70 37 4 80 4 59 68 12 33 54 83 64 57 20 70 17 34 73 24 3 40 47 30 0 53 33 50 56 35 49 62 51 28 70 25 80 14 25 23 74 91 75 13 76 26 72 92 92 98 82 14 83 15 1 80 99 99 82 78 90 26 38 40 60 61 72 78 51 24 29 99 77 26 91 41 17 49 4 92 57 26 32 44 52 66 2 56 68 2 35 8 18 44 63 53 96 38 20 83 14 90 16 88 61 11 42 72 61 35 80 59 98 86 16 62 56 78 64 68 97 79 95 20 19 68 80 25 15 55 21 17 77 86 37 86 1 78 29 60 98 64 49 18 69 33 21 0 96 34 81 93 47 41 26 47 30 19 58 12 40 31 76 30 36 49 28 85 79 46 47 78 41 59 98 23 99 84 27 34 28 36 25 8 82 53 89 31 7 21 40 34 33 74 47 95 3 30 65 45 41 60 20 79 22 53 63 96 47 74 46 61 91 13 46 88 69 7 39 2 90 41 19 15 24 53 92 96 14 19 5 90 40 23 1 65 25 45 57 24 15 0 83 91 47 47 74 72 14 14 24 35 7 87 62 71 46 92 99 38 20 12 47 8 32 28 37 54 53 52 71 90 69 82 37 49 42 86 12 34 87 46 89 57 73 9 81 54 3 6 10 35 30 14 39 91 9 22 68 13 68 22 73 48 82 31 36 12 9 89 81 45 33 33 73 42 90 60 4 17 34 32 71 21 4 37 2 92 30 50 99 26 76 82 43 13 62 11 37 34 36 21 8 9 64 60 8 49 76 38 32 74 16 2 50 42 22 32 
71 97 60 8 25 20 78 32 42 1 53 52 55 25 63 22 33 62 64 6 26 14 8 47 12 75 30 35 13 0 47 60 95 59 4 83 42 13 22 45 5 28 3 31 70 4 13 3 45 40 52 1 48 61 9 31 72 98 22 7 18 38 37 52 28 63 27 24 34 0 79 5 81 38 27 91 23 42 35 20 38 11 18 5 93 26 97 73 81 93 12 87 89 51 94 85 76 60 8 98 86 93 7 63 97 47 50 26 49 61 62 66 55 39 84 99 74 97 34 33 22 70 58 35 4 85 79 6 18 65 22 34 41 84 80 52 89 63 92 24 44 28 44 45 81 60 83 91 98 6 77 44 55 7 14 98 77 99 36 4 15 60 48 47 4 86 95 39 73 34 49 98 64 27 53 96 50 34 11 8 1 73 62 46 85 15 14 17 79 69 65 7 34 92 71 82 74 21 68 69 78 33 49 48 66 26 15 4 1 61 35 70 47 62 85 18 26 2 84 23 11 19 49 86 59 41 43 70 47 30 2 26 43 2 59 33 61 73 8 92 58 70 97 59 29 25 89 17 45 7 29 69 99 89 61 85 51 50 88 68 79 5 87 33 16 50 17 37 94 32 97 25 86 87 67 4 34 91 40 70 75 8 52 34 70 35 25 22 45 33 66 88 87 83 29 58 62 50 93 34 0 83 34 75 96 74 26 68 42 6 24 46 38 76 27 56 37 61 53 54 93 65 36 1 50 86 25 74 84 4 64 53 11 59 55 85 8 21 54 33 30 0 46 57 61 47 32 24 18 88 9 84 55 54 68 4 8 84 55 93 2 54 9 53 87 66 84 44 23 90 66 71 5 83 98 50 85 94 80 24 16 18 9 46 4 9 28 80 66 95 23 3 13 67 42 8 85 33 0 75 
20 68 52 47 63 17 56 85 60 51 23 64 35 36 24 24 23 36 89 6 51 21 49 98 24 46 17 58 20 37 65 83 87 78 66 17 33 9 19 59 21 55 13 7 72 43 79 39 41 72 58 49 23 13 40 81 19 25 87 60 68 36 97 39 61 78 37 24 38 18 72 80 37 70 5 10 54 21 82 19 32 57 81 98 67 35 57 94 31 39 12 2 38 4 96 60 84 87 93 73 94 50 51 91 98 33 29 52 97 36 97 99 14 96 72 5 65 70 48 53 67 52 52 23 29 63 24 69 51 57 2 55 14 64 48 81 99 74 11 2 86 35 7 88 51 87 16 37 60 80 81 83 47 96 71 88 37 19 20 95 95 40 32 55 36 28 39 77 84 23 20 24 96 13 14 37 49 36 1 59 21 80 40 48 3 35 4 20 19 59 47 42 30 88 54 49 31 98 19 48 42 10 88 65 31 16 76 3 62 73 83 58 50 98 32 87 12 65 20 0 26 18 54 21 47 17 45 0 60 42 42 2 36 33 90 70 24 7 66 85 54 0 21 43 38 42 86 77 29 46 27 31 38 18 45 85 51 75 17 96 81 80 74 54 42 82 0 70 1 94 48 88 67 80 49 49 74 9 46 41 51 6 37 42 63 58 40 57 88 78 18 86 81 44 40 29 84 87 64 90 53 1 2 24 55 44 65 1 8 37 80 36 24 6 94 17 6 54 82 6 52 39 67 6 72 87 48 90 95 39 95 41 29 72 31 80 81 90 38 14 86 19 72 66 2 68 81 99 94 74 65 3 15 36 86 51 31 71 93 42 87 30 13 96 7 95 24 16 26 77 76 29 80 95 61 70 21 54 19 21 24 30 71 97 23 15 97 38 61 45 93 96 46 16 38 50 26 10 53 2 
41 1 86 10 56 86 73 65 23 82 65 6 79 86 1 43 38 18 29 10 95 6 14 5 42 85 61 56 22 5 82 43 94 22 50 76 12 30 86 6 34 10 8 3 43 23 75 70 0 23 46 32 23 32 13 96 86 29 75 22 24 16 23 58 61 96 14 72 72 81 33 57 22 24 47 15 24 67 68 14 23 68 16 64 3 85 30 2 70 64 81 83 91 32 12 69 67 83 99 1 86 73 29 56 29 46 45 7 31 95 42 18 37 63 74 49 83 7 60 99 95 46 9 96 72 83 68 72 43 8 93 88 36 60 16 81 85 94 37 30 27 68 75 99 82 47 61 96 73 92 53 66 8 92 95 76 49 22 64 72 38 89 88 85 62 73 16 16 21 18 64 62 40 60 68 16 8 91 21 96 79 15 39 28 66 52 81 28 32 50 60 49 38 15 43 30 2 95 6 54 22 37 98 68 27 29 41 66 77 33 66 38 36 32 43 12 7 75 9 15 89 46 72 86 13 75 60 90 86 92 18 63 43 31 51 10 39 45 34 57 32 76 80 65 73 14 69 91 77 46 92 90 18 9 95 76 79 87 37 19 73 43 68 82 88 16 71 0 20 34 38 0 90 88 83 10 45 51 13 40 4 43 14 33 13 17 87 54 22 1 79 30 52 12 60 59 74 72 9 45 11 31 3 83 14 69 26 64 4 82 86 44 90 80 59 75 61 1 82 61 48 3 26 26 38 11 17 84 91 79 18 10 15 56 23 67 48 55 6 76 62 23 58 31 17 35 15 77 79 36 77 76 5 7 89 0 7 32 16 50 45 81 22 47 92 44 87 56 76 43 51 86 28 79 11 64 81 54 9 54 10 84 80 24 15 95 49 71 99 19 53 96 88 55 81 35 70 81 98 89 
31 63 57 89 5 32 54 51 84 80 2 78 58 20 59 65 52 49 23 80 79 65 44 64 43 11 27 74 34 98 18 83 88 80 28 6 90 15 78 74 44 21 59 83 60 68 65 38 63 80 61 27 42 8 57 38 50 90 23 57 31 47 21 29 3 22 67 80 73 44 97 50 56 84 81 87 74 68 35 51 41 68 55 99 12 41 83 11 61 1 6 36 38 56 8 92 73 18 83 48 44 84 41 46 25 11 39 2 59 9 61 58 25 89 31 12 6 1 96 15 69 14 84 50 90 74 63 76 77 94 20 1 83 13 32 28 2 41 76 65 64 29 55 48 63 87 84 35 3 42 58 21 49 71 65 96 55 95 22 92 35 44 58 88 0 61 72 40 83 78 99 36 71 81 81 56 51 38 81 32 44 2 18 46 85 74 29 97 57 32 45 61 48 90 49 85 33 6 53 99 8 27 57 30 19 69 23 20 62 14 55 86 63 99 76 73 74 29 56 30 53 78 7 10 95 58 44 19 82 74 21 29 30 22 34 56 76 78 16 88 11 23 14 42 58 35 87 99 55 35 65 67 58 75 74 3 64 71 37 14 73 75 39 29 44 32 82 77 43 6 85 13 95 6 97 32 20 93 60 59 48 27 77 99 84 16 60 54 24 17 18 47 64 67 58 71 27 25 92 18 7 39 6 59 52 97 18 47 70 72 56 30 17 39 52 79 36 42 2 73 54 16 84 90 70 89 51 69 61 34 58 90 24 39 11 93 36 1 23 67 55 54 53 28 71 38 50 14 17 8 91 84 10 87 34 66 4 65 38 40 16 57 74 98 43 56 15 24 43 55 97 65 83 2 19 76 29 20 2 68 19 17 37 84 96 16 6 96 73 67 66 15 64 92 73 34 71 85 20 71 
47 25 28 37 27 64 8 39 24 17 10 67 35 95 34 77 25 23 70 52 77 47 97 28 27 1 91 17 48 37 16 23 34 81 72 70 17 32 94 88 99 57 76 89 16 41 99 6 88 54 3 33 13 9 13 19 3 14 67 87 70 42 44 79 36 86 25 73 83 86 71 36 74 68 41 70 74 75 68 91 90 26 17 27 39 5 19 73 3 58 43 82 2 75 68 44 59 39 14 81 77 50 81 70 81 79 49 7 85 65 61 58 77 19 60 16 41 35 71 46 16 60 97 51 64 28 36 30 93 38 76 19 18 69 61 83 33 80 80 84 18 26 21 73 76 49 84 1 67 15 77 69 73 78 10 81 70 9 15 92 69 78 11 71 82 65 94 42 85 32 49 44 4 93 78 40 24 93 76 12 24 46 33 79 54 71 34 74 70 74 62 22 96 55 27 40 9 43 54 24 69 92 77 19 4 11 78 44 71 29 61 1 16 6 22 87 80 63 24 90 67 63 17 90 97 97 32 58 68 28 99 77 98 14 52 67 69 13 22 36 44 35 67 8 75 61 45 82 54 42 70 50 29 32 40 1 36 96 73 14 54 90 74 88 95 56 2 69 15 75 98 49 47 53 58 0 62 53 90 88 52 96 98 98 21 82 15 42 25 44 99 84 23 15 11 90 28 4 55 96 18 61 13 83 65 57 34 33 64 80 1 72 66 45 9 65 66 67 6 99 21 33 95 3 96 73 62 86 10 80 74 78 51 48 29 49 56 21 98 56 29 16 70 42 65 77 99 76 49 88 68 4 91 19 82 0 52 14 30 21 32 67 65 67 81 26 92 96 99 19 60 73 70 23 12 15 96 77 8 14 16 62 42 62 12 90 87 23 31 73 41 46 62 16 62 40 0 73 35 51 
7 22 26 47 25 8 29 11 15 59 8 16 45 55 20 49 42 3 37 79 6 65 5 22 49 13 42 65 33 11 46 79 78 34 77 95 61 58 7 93 95 8 74 13 72 17 50 20 15 8 95 32 72 88 51 81 84 5 17 33 63 14 97 84 51 91 28 28 7 51 55 98 47 41 19 58 59 11 63 32 47 27 98 39 89 57 99 30 71 8 98 93 34 36 47 81 15 61 69 15 53 38 64 6 31 36 95 26 36 48 81 20 24 10 82 12 45 0 84 18 90 34 7 16 23 83 10 22 29 80 18 11 18 91 16 32 52 7 18 23 54 94 74 25 20 75 55 54 89 29 64 32 2 31 94 35 28 6 84 36 37 12 36 65 47 30 77 68 25 0 12 70 98 56 3 26 15 36 60 26 32 4 81 69 78 75 52 1 48 41 22 59 59 25 51 85 47 55 0 83 10 25 0 85 79 30 12 48 67 43 79 11 11 69 64 64 35 11 73 27 40 40 27 98 60 83 95 66 22 87 25 81 80 93 79 8 33 56 33 87 78 11 26 86 92 16 97 62 63 49 20 81 58 3 61 38 47 15 36 61 36 88 44 77 82 80 81 3 60 94 17 10 67 16 22 15 37 86 48 47 40 62 27 22 49 10 34 34 44 83 45 81 14 75 69 92 80 26 38 56 25 48 5 97 91 74 91 21 38 1 40 10 46 27 64 67 22 61 43 51 16 16 31 63 43 13 99 21 79 70 58 14 83 42 85 98 89 25 24 52 10 34 82 15 43 14 36 23 79 36 8 61 38 7 71 30 3 48 19 33 61 54 44 11 19 48 37 38 77 81 51 78 65 6 34 39 5 65 51 87 55 63 65 75 34 82 78 99 7 41 69 39 92 82 78 7 44 18 57 84 
84 50 70 60 79 19 80 58 84 14 25 14 7 54 6 14 37 67 71 10 58 73 73 88 44 24 38 20 66 57 97 74 12 8 18 53 53 27 88 95 6 67 69 17 93 70 6 37 58 17 36 62 56 35 75 72 36 81 41 23 21 79 60 56 83 59 99 62 49 97 78 11 17 91 37 32 28 53 31 76 21 23 63 39 94 70 6 90 96 57 6 51 6 21 3 51 57 43 89 90 94 80 57 42 0 21 51 86 56 61 31 77 59 39 46 59 95 36 83 79 68 52 59 53 80 0 2 87 41 33 99 27 41 74 54 63 52 59 68 95 50 68 7 86 19 20 46 19 43 40 46 86 5 67 90 48 63 79 21 67 19 95 43 53 36 62 49 22 16 68 16 68 77 32 50 91 25 18 99 50 82 38 51 32 70 64 33 70 36 5 43 99 87 2 39 9 58 40 42 12 44 80 26 5 65 56 70 57 77 53 4 66 21 34 74 76 39 9 82 79 74 76 38 1 22 87 8 23 8 88 89 65 37 59 0 61 7 95 29 88 92 41 2 75 59 84 79 55 33 32 73 28 17 3 60 31 75 85 73 14 53 66 25 16 1 1 40 49 85 51 76 59 93 98 70 78 29 88 49 45 51 27 16 25 29 45 18 53 10 59 64 27 53 54 47 14 26 34 55 73 50 79 47 58 17 8 18 63 18 34 21 25 1 57 81 69 71 16 76 4 3 43 7 29 64 76 67 10 44 87 53 28 71 43 98 11 79 20 26 41 14 54 83 88 76 81 18 17 66 39 82 0 75 68 40 13 35 8 85 33 34 82 49 98 54 95 36 47 71 76 16 84 65 64 79 97 71 57 5 48 31 22 71 92 58 61 29 59 77 75 85 15 16 48 25 28 30 67 91 45 
97 25 74 54 44 33 4 56 34 12 27 35 77 21 96 8 26 20 14 42 31 83 74 99 58 74 35 82 24 39 9 15 74 44 26 0 58 71 40 79 85 34 39 6 76 45 33 81 69 72 73 90 63 53 78 33 5 82 0 51 22 43 59 81 29 11 30 1 35 43 57 16 93 79 67 80 64 44 78 23 54 41 16 61 3 90 7 7 80 30 80 84 42 91 61 36 98 0 86 87 4 94 8 27 37 3 1 65 70 91 43 14 58 55 61 28 43 48 26 50 51 4 39 16 60 12 90 20 2 21 60 82 52 86 69 81 74 58 42 30 85 70 96 77 35 71 26 98 65 29 54 69 31 90 72 80 79 80 40 72 32 80 23 67 63 29 35 86 7 32 22 99 93 86 24 8 55 11 32 61 51 52 97 5 11 75 17 60 67 56 25 45 96 84 14 14 46 50 20 21 80 10 77 87 11 53 0 80 30 64 38 1 76 80 9 13 27 42 44 67 84 49 10 30 78 37 78 50 8 52 90 43 85 74 14 31 78 5 84 5 47 18 6 59 9 67 71 51 59 9 62 2 87 49 83 92 75 42 59 64 81 65 2 15 27 73 43 63 98 56 92 34 78 30 66 98 17 76 11 51 0 91 82 20 59 62 84 71 95 5 9 63 30 24 28 6 53 60 10 2 36 72 19 59 99 14 87 76 88 19 49 23 85 36 86 73 80 11 4 46 20 93 79 48 41 53 96 95 87 77 64 24 19 32 55 82 71 24 5 2 15 28 53 12 31 24 88 35 22 31 25 37 16 6 59 79 37 88 85 67 2 42 25 98 99 63 70 77 29 42 28 82 8 79 78 8 29 35 14 32 22 44 77 73 58 12 39 35 27 49 29 14 45 29 12 84 29 11 25 24 
53 54 68 76 82 68 37 39 51 13 50 52 44 85 81 22 98 76 16 56 53 36 46 67 44 20 55 29 16 67 96 12 3 39 36 36 6 3 26 77 13 71 57 76 42 38 72 59 69 28 89 39 18 69 45 34 4 22 12 74 0 43 19 4 48 76 49 0 14 76 25 97 76 15 98 4 6 3 80 69 46 33 92 4 86 81 81 28 39 79 48 50 81 95 41 38 40 15 95 3 1 64 6 83 79 54 75 27 15 96 47 39 50 20 64 62 50 18 72 73 48 99 67 78 88 63 3 55 1 99 30 35 55 53 57 60 38 65 22 29 78 13 70 2 47 15 12 82 61 45 12 61 68 54 5 2 44 35 30 9 5 72 78 9 97 84 53 28 82 18 12 52 65 70 37 30 47 79 45 87 4 79 55 62 49 16 69 25 34 51 63 24 67 78 70 96 2 10 55 26 18 19 89 25 10 28 16 34 6 5 15 30 85 10 7 87 54 93 36 39 68 32 37 0 16 25 71 88 14 69 79 67 30 6 29 71 73 65 67 66 90 52 1 15 46 20 56 86 24 53 23 29 57 44 35 7 90 21 17 43 66 47 61 6 15 17 83 36 41 42 97 56 77 43 93 41 50 99 84 47 77 32 43 3 34 40 92 96 8 7 80 31 57 43 52 36 80 51 68 20 30 36 72 1 58 0 13 29 26 93 54 8 43 98 19 24 97 89 33 85 63 53 68 56 43 8 97 60 77 11 9 52 84 69 42 44 34 46 22 90 97 25 49 34 98 88 6 49 5 37 2 71 29 96 25 7 45 76 89 55 71 63 60 84 44 19 44 67 16 1 16 29 11 3 74 44 93 64 63 58 78 86 27 21 93 77 66 0 78 62 6 37 69 74 49 55 77 4 33 58 
28 17 95 69 49 47 53 55 28 27 87 86 97 47 60 79 15 62 8 38 82 94 84 61 59 8 10 98 11 34 19 14 7 82 26 31 50 96 30 62 75 42 10 93 36 51 0 63 72 53 7 17 97 52 77 27 5 29 41 36 2 60 32 7 31 44 51 86 14 72 68 99 59 35 36 0 38 76 40 95 83 84 87 27 88 0 23 41 52 65 48 82 71 85 53 80 63 87 76 3 73 79 48 42 42 72 69 47 64 17 88 39 44 21 39 73 82 46 52 12 19 12 69 7 98 63 86 17 0 27 82 34 84 99 11 8 3 80 84 1 44 18 72 4 32 94 29 62 68 50 6 63 7 63 16 4 21 93 19 48 28 44 17 62 66 1 42 53 63 50 94 83 65 35 8 33 33 69 23 48 60 88 86 52 58 12 3 61 46 27 59 66 38 86 64 88 68 1 20 40 88 44 79 76 44 12 95 48 14 9 90 15 73 52 11 15 62 16 77 85 36 97 36 18 34 66 13 7 28 31 72 74 57 17 91 49 28 37 58 74 48 42 38 68 44 47 55 93 87 0 93 77 84 15 64 14 33 26 22 72 20 72 81 34 59 61 86 65 21 18 38 13 61 60 74 7 75 27 40 34 43 54 40 92 8 81 12 42 94 12 16 90 8 54 16 73 29 32 51 77 59 7 60 41 16 59 12 15 29 66 15 29 88 32 42 79 26 72 0 67 89 98 63 62 18 23 97 51 43 50 84 61 71 8 75 74 58 95 2 41 94 82 8 7 22 56 30 77 82 50 67 57 3 94 26 44 4 5 68 99 93 3 47 16 48 10 14 66 10 28 93 84 59 45 7 39 59 12 70 47 78 92 43 87 63 39 79 83 18 46 89 93 16 11 73 67 74 11 32 84 
72 14 77 73 67 37 47 2 89 19 28 77 17 59 74 78 41 40 60 83 2 37 7 50 23 91 34 29 98 28 70 30 56 42 10 55 62 96 22 83 15 29 77 42 56 89 93 17 90 35 46 9 94 53 92 90 75 61 33 7 95 98 52 49 87 98 87 39 80 69 6 7 18 57 57 10 89 76 20 73 4 27 49 45 97 84 62 76 70 70 83 32 1 32 62 28 32 71 73 57 86 20 32 42 89 53 16 38 62 58 63 17 26 88 21 34 40 69 26 45 94 35 97 89 49 61 96 91 3 14 37 28 72 97 84 27 32 32 98 78 90 57 45 62 5 50 45 45 10 64 75 77 71 34 21 22 62 99 41 8 93 41 81 0 24 96 29 43 95 74 22 33 46 12 16 28 75 17 47 34 27 5 27 18 3 49 43 34 64 9 70 17 37 74 13 11 60 29 29 13 71 91 41 68 32 7 38 78 75 21 49 16 35 12 44 99 8 91 85 82 36 66 75 34 83 60 11 18 23 88 22 98 31 64 47 3 11 77 32 45 26 26 80 63 79 21 47 50 14 71 6 49 89 32 36 48 24 46 53 76 17 85 73 1 92 99 32 81 76 8 1 72 58 32 8 41 26 48 44 12 55 99 65 76 95 82 49 86 95 14 92 23 43 44 66 67 13 41 28 6 10 35 7 76 49 36 64 35 41 94 59 64 17 18 63 58 54 40 1 22 80 11 12 59 96 73 1 79 34 66 98 3 61 70 92 12 19 64 22 55 15 73 40 95 95 36 68 84 95 46 97 61 3 81 37 41 65 29 1 31 71 47 48 56 73 13 89 13 66 14 56 37 68 82 14 0 94 93 15 33 73 89 94 93 5 68 27 49 0 82 75 52 21 90 48 4 51 77 82 51 
36 76 43 41 16 38 38 16 65 93 82 6 9 75 69 74 33 48 9 54 15 90 51 16 23 69 43 12 90 24 75 69 17 12 31 82 68 99 16 50 36 44 43 31 45 21 21 4 84 65 85 17 50 19 13 3 93 18 76 68 87 99 60 55 39 80 4 32 63 11 72 55 83 46 47 91 91 67 1 21 61 91 53 57 39 23 93 68 64 43 65 50 60 62 12 35 52 2 81 24 33 68 50 23 23 71 10 59 83 62 44 40 16 34 22 51 48 4 47 72 74 47 60 97 95 58 97 42 44 69 87 46 38 12 49 49 19 87 20 34 15 40 75 15 45 66 99 30 1 12 14 83 78 62 50 35 68 9 29 19 13 36 14 9 35 2 86 74 47 95 65 73 49 19 38 43 53 92 62 87 16 78 91 44 37 55 59 13 85 57 81 48 9 89 26 82 76 10 65 9 60 93 72 19 37 93 61 55 27 46 57 70 43 86 90 3 29 92 83 6 16 25 40 17 19 83 23 60 35 59 78 11 21 14 38 45 93 48 96 31 95 2 5 82 57 64 79 21 5 40 18 15 53 16 52 23 16 34 5 92 90 87 33 71 7 55 95 43 27 11 42 53 66 90 26 19 95 92 10 26 66 59 99 59 54 88 43 70 11 62 47 85 40 49 62 58 4 46 79 0 11 93 92 79 59 80 76 71 24 66 58 25 19 81 63 55 5 8 30 1 28 15 22 40 82 81 80 16 78 49 93 88 43 24 86 73 38 70 51 12 4 62 16 63 20 67 50 6 53 28 49 36 39 78 78 77 38 35 24 24 40 59 83 9 17 79 88 76 12 58 78 10 55 8 28 59 1 43 72 5 71 83 88 1 25 61 63 11 99 44 50 42 79 36 91 84 56 50 78 63 
68 43 58 58 62 44 30 74 7 2 73 72 62 91 22 61 45 81 60 79 74 58 34 0 26 3 34 64 77 45 91 92 38 53 63 3 36 62 6 44 25 36 4 82 58 16 49 91 35 14 59 40 9 74 71 99 93 54 28 83 22 88 84 20 30 84 97 86 49 35 95 40 23 38 19 35 83 72 79 5 80 9 82 47 71 77 79 90 5 12 61 69 2 51 30 49 69 27 4 71 38 17 23 46 82 94 72 89 26 24 81 55 7 72 26 75 60 61 56 55 24 33 92 11 14 54 22 23 86 80 95 45 62 82 0 88 21 62 56 90 34 16 79 6 52 81 87 57 37 72 27 22 69 37 47 17 24 70 11 90 26 99 19 85 13 48 27 23 76 60 66 10 20 44 76 62 68 42 33 17 53 36 32 56 25 80 56 54 55 17 28 4 44 42 64 62 44 17 19 62 28 78 68 46 18 53 70 30 82 65 67 2 28 67 66 1 30 47 88 79 91 28 28 32 40 98 82 33 34 7 50 10 0 99 32 49 98 33 39 95 66 89 62 16 71 87 11 4 31 88 78 7 81 56 84 76 26 91 1 49 23 20 10 90 28 43 27 64 20 94 84 48 5 50 63 89 53 6 65 85 84 56 0 11 32 99 24 49 95 42 12 19 52 71 76 60 93 57 29 91 38 26 57 22 30 88 47 6 10 47 85 78 26 0 96 86 16 7 60 2 78 69 17 39 48 56 12 52 53 27 50 89 38 35 66 56 45 70 65 78 70 50 11 85 40 66 79 53 30 43 92 63 91 25 82 64 71 59 70 75 79 64 70 39 32 43 2 95 38 66 4 71 90 3 3 14 82 71 33 24 33 18 39 98 91 31 76 75 9 39 18 77 84 52 72 80 26 88 47 95 
6 12 83 9 53 42 40 86 93 96 42 30 13 98 74 12 81 1 43 39 79 10 47 45 62 67 45 77 90 57 31 83 56 38 31 9 8 55 24 92 52 84 30 99 87 90 21 92 73 53 90 53 56 0 66 8 52 90 13 49 87 50 7 60 9 45 76 43 62 42 73 66 19 78 52 13 97 90 28 88 96 66 67 32 13 51 40 38 2 63 68 9 74 19 46 1 27 29 82 6 15 55 92 45 35 92 74 45 50 6 59 64 85 56 88 53 49 20 14 41 73 95 74 57 70 64 42 59 25 22 85 86 67 26 76 47 15 65 58 26 79 62 33 25 88 2 74 47 92 83 63 72 4 62 30 20 23 1 37 53 52 85 88 61 43 72 3 24 87 73 72 10 78 30 19 15 65 82 49 71 66 97 38 21 12 73 73 47 77 26 33 84 42 12 0 64 62 23 39 71 23 88 22 9 6 2 46 49 89 75 36 73 88 64 50 21 91 98 76 45 1 55 44 56 6 33 65 90 8 24 70 25 8 18 83 24 12 14 87 88 75 21 1 88 69 9 92 43 83 11 80 79 26 16 42 80 32 2 31 21 22 40 98 30 5 67 62 51 74 54 9 63 52 32 74 45 85 1 48 67 72 82 32 4 49 21 53 76 21 49 14 29 43 81 84 1 87 39 8 37 70 91 63 15 91 48 92 31 5 59 86 51 20 81 47 65 20 63 51 6 15 28 69 79 3 73 71 62 5 2 73 58 0 43 84 24 76 74 59 87 56 82 25 85 1 11 76 98 25 52 70 35 9 97 18 59 63 27 25 15 23 92 9 80 94 43 97 77 3 84 83 80 66 56 75 73 2 40 8 98 76 46 24 38 64 43 23 48 46 99 96 61 17 10 71 89 78 8 78 2 
45 15 75 67 88 12 62 92 20 31 35 13 43 51 18 96 98 54 77 83 36 96 21 82 4 54 21 33 40 37 91 37 53 4 52 64 0 34 67 58 30 22 17 89 28 25 39 68 34 82 15 87 78 8 92 98 51 57 53 81 58 9 52 87 59 53 30 42 49 49 57 26 84 40 85 19 95 39 33 48 5 47 75 81 10 74 85 37 66 84 68 28 78 22 64 75 36 32 97 98 68 39 86 28 82 17 9 98 30 80 94 40 94 33 91 5 3 14 95 34 70 98 34 92 3 87 48 86 3 39 77 83 27 31 61 38 1 17 55 67 55 86 39 90 25 88 76 90 18 96 75 29 94 58 90 14 66 31 80 55 24 40 98 42 49 69 73 33 28 33 0 69 81 8 36 47 66 96 74 24 81 8 26 39 82 62 46 28 94 32 24 52 76 2 87 42 59 14 71 68 28 91 20 94 85 46 41 74 2 37 33 24 43 14 37 88 91 69 44 22 75 49 28 57 78 20 13 76 71 40 19 1 80 20 95 30 34 52 61 32 56 60 5 90 52 67 87 7 84 2 1 11 62 54 91 23 62 92 80 91 31 4 36 32 4 76 8 19 60 90 94 32 0 7 77 17 85 97 35 33 9 23 69 0 61 39 70 46 73 13 92 96 47 46 96 6 68 20 44 58 55 76 50 88 83 91 42 26 9 85 64 77 18 87 0 17 19 77 42 25 29 75 61 19 49 91 89 71 53 70 95 41 8 38 34 52 0 57 60 88 93 96 11 28 16 82 53 13 97 54 96 69 1 6 62 83 3 5 28 82 78 52 85 80 66 24 66 89 87 79 27 40 59 40 28 42 14 32 89 32 97 75 51 93 62 98 49 97 33 46 13 36 47 85 10 83 6 95 53 35 
97 99 47 70 97 79 59 22 1 21 4 76 38 24 38 54 70 43 4 64 21 80 92 36 5 88 2 9 98 61 89 97 89 92 87 25 58 24 32 40 47 38 66 66 76 6 12 84 92 61 15 77 49 93 4 63 10 15 28 78 44 47 88 96 71 29 89 78 51 98 26 81 99 33 11 53 24 35 46 18 72 45 44 20 61 52 75 0 33 85 61 67 72 30 83 55 60 48 95 56 15 79 79 65 46 23 79 74 21 45 0 36 3 13 50 0 23 5 15 40 51 78 77 80 36 64 94 39 51 56 18 80 18 90 41 55 94 93 13 92 7 18 22 24 52 86 64 13 1 83 53 83 58 77 52 4 54 59 61 87 20 53 41 57 89 35 21 88 22 21 26 29 47 84 76 39 31 85 87 16 54 68 41 36 57 0 33 56 6 2 43 80 51 75 18 92 83 70 78 75 90 93 66 25 64 90 49 84 33 92 91 89 71 23 82 48 97 90 74 43 30 96 86 38 9 90 3 72 52 99 94 1 35 83 21 53 82 63 14 64 25 25 16 67 99 92 34 6 37 96 25 94 64 95 24 56 33 98 90 14 76 42 67 26 72 41 79 1 81 49 63 62 23 67 5 11 82 3 71 39 81 28 79 28 35 2 6 67 80 63 4 58 64 67 86 13 29 9 63 20 74 7 8 0 52 33 40 72 92 65 90 18 45 63 96 94 36 1 7 82 45 18 80 99 83 90 87 71 10 65 70 83 33 81 49 6 83 69 3 59 30 36 75 52 58 77 3 56 54 56 17 50 72 25 53 58 98 47 66 79 32 84 32 21 56 59 1 85 96 90 47 36 55 25 94 92 91 47 38 9 1 19 82 62 81 81 26 78 67 50 67 94 91 74 49 87 73 49 37 81 
20 40 96 94 59 20 2 31 60 43 67 70 53 54 0 47 73 79 9 96 44 0 21 75 89 75 93 61 7 75 18 77 25 95 41 13 91 62 8 33 62 42 63 10 15 73 21 45 23 13 44 35 13 7 81 27 48 59 71 78 74 73 17 98 94 67 12 30 98 37 76 5 36 49 2 62 86 41 17 67 19 77 79 48 80 37 19 57 27 98 61 30 23 64 1 11 88 64 75 73 20 83 18 60 66 99 64 13 59 0 46 33 98 61 64 39 51 96 27 86 3 96 9 2 93 50 53 89 81 26 99 29 94 50 38 85 17 31 96 76 20 11 82 37 35 55 22 39 94 82 49 2 90 89 0 2 53 84 44 12 20 61 56 39 15 8 56 77 28 79 52 54 55 19 27 44 54 18 40 68 67 70 16 4 22 77 85 93 33 31 31 35 37 74 86 71 7 8 79 67 51 78 18 8 40 46 27 33 55 34 79 75 28 15 45 97 39 97 90 32 27 9 22 50 37 35 68 48 59 46 68 36 19 28 87 54 49 34 87 13 19 26 35 28 92 27 8 96 27 47 73 99 87 48 17 31 7 49 84 18 50 5 71 64 38 28 87 35 48 5 30 79 70 48 8 86 40 61 61 86 84 25 32 29 27 31 96 83 7 53 84 86 56 51 88 74 63 76 13 48 0 33 98 25 42 51 1 34 43 89 16 94 54 61 29 82 57 85 30 93 82 45 89 84 49 27 39 67 91 3 35 16 62 37 21 55 17 19 51 12 37 31 69 57 55 21 36 11 48 24 40 14 47 27 90 27 62 29 31 46 0 6 23 20 85 52 48 47 18 69 71 19 18 23 35 83 53 31 59 60 33 75 70 49 70 65 81 96 54 1 57 24 77 43 50 64 49 0 15 18 
49 15 35 43 43 17 51 87 60 21 4 24 7 14 48 0 92 25 24 90 46 3 97 20 54 43 28 7 63 48 10 62 59 6 59 66 67 81 41 25 62 50 85 28 22 33 22 47 32 70 89 2 57 44 83 95 76 66 0 69 62 44 8 79 39 54 65 89 35 64 13 31 61 42 16 87 30 8 95 11 22 96 42 80 95 46 67 17 98 37 20 27 78 20 71 41 62 8 3 42 90 32 30 6 0 24 82 70 44 27 20 52 75 31 91 31 36 50 56 93 21 78 38 13 35 60 13 31 42 42 67 9 36 98 74 65 4 18 2 9 3 30 74 5 42 3 78 51 13 13 8 39 55 82 79 50 22 92 3 33 73 1 51 98 69 27 47 58 4 47 70 51 8 5 82 11 91 4 18 29 21 37 1 12 58 2 99 87 86 97 29 80 95 62 84 44 86 29 70 45 80 99 44 76 54 56 27 85 98 62 22 41 52 44 68 8 66 61 30 27 39 1 62 8 22 0 1 35 38 34 19 27 56 95 57 17 33 68 76 52 56 65 79 58 91 68 24 98 89 42 67 35 18 49 0 24 52 86 72 52 77 84 21 80 1 53 73 98 97 43 48 76 28 5 77 5 17 95 11 27 53 67 84 63 22 34 53 49 56 62 71 35 11 5 58 83 62 26 32 34 27 98 52 92 62 70 7 66 6 24 51 79 93 87 47 86 48 62 90 70 19 99 75 43 49 40 64 92 96 98 5 98 30 34 12 12 47 49 31 80 95 70 21 81 58 50 33 40 82 59 63 56 4 1 28 65 23 77 92 5 73 18 2 18 10 30 44 58 18 60 79 79 46 35 53 33 3 40 54 83 10 63 80 78 51 4 50 8 95 55 18 23 7 0 69 80 0 85 80 87 
56 57 20 52 22 62 31 8 68 4 57 28 43 32 32 49 45 76 56 9 55 32 34 61 26 94 55 31 23 45 71 34 83 90 58 79 40 15 91 54 33 57 92 86 90 1 1 57 16 53 4 55 22 43 19 33 96 10 80 69 3 5 58 36 37 45 1 95 18 74 88 94 59 44 81 14 18 58 49 29 43 99 20 99 41 40 43 99 71 98 99 23 20 76 33 80 65 36 57 29 99 31 68 89 49 10 13 39 23 2 65 34 7 82 65 45 54 28 56 92 43 64 70 72 55 84 76 84 60 13 41 96 88 62 93 42 88 99 16 67 98 87 84 47 42 66 3 88 64 21 31 20 14 54 55 57 43 40 83 12 25 55 70 5 51 28 11 98 66 19 85 2 94 80 68 85 91 80 5 17 32 20 28 94 70 43 19 77 85 0 73 1 40 42 64 92 18 67 92 41 26 15 22 38 59 61 27 71 42 86 73 75 88 41 26 71 6 7 98 17 12 4 51 27 2 17 79 8 77 36 59 94 49 25 61 56 69 62 59 2 92 45 17 31 15 81 90 78 59 50 60 24 76 41 10 9 46 62 7 69 79 44 87 57 65 22 43 62 61 64 82 86 20 54 46 76 29 86 41 84 16 48 48 99 65 17 59 72 56 16 43 81 4 73 37 72 13 47 76 24 2 29 0 30 46 35 76 95 43 86 13 69 37 69 39 70 24 17 29 15 92 92 88 1 24 97 25 80 77 35 72 62 16 34 71 90 39 82 22 60 24 91 35 12 62 85 14 20 92 77 39 43 63 60 10 52 75 34 51 8 21 57 14 19 92 7 5 27 42 50 6 34 72 95 82 73 12 32 23 22 41 18 24 40 16 61 81 75 22 18 38 14 86 15 88 67 81 57 0 5 
79 62 18 73 84 40 88 49 50 79 50 43 0 70 9 89 48 35 9 37 57 68 60 66 92 44 12 67 27 10 38 36 19 76 83 91 47 52 67 16 48 92 89 36 28 19 70 54 65 18 38 28 30 79 43 41 33 44 15 35 35 40 24 98 4 75 33 53 45 70 60 49 95 4 98 16 77 95 71 73 53 83 51 96 91 69 68 90 87 79 88 46 40 34 45 50 29 83 32 90 22 18 55 37 22 48 38 52 64 12 28 51 8 64 65 14 15 69 70 3 73 49 65 33 70 99 47 86 59 48 83 16 55 0 96 8 69 54 45 4 96 1 8 7 4 63 0 10 7 23 35 9 24 18 12 83 50 57 56 78 44 90 60 39 75 36 14 97 61 52 19 59 45 37 36 98 27 78 48 39 66 27 38 82 15 46 99 45 63 43 57 4 75 57 37 92 47 62 58 76 25 4 32 90 44 86 88 23 77 79 0 42 84 57 2 34 34 97 68 22 57 9 86 81 21 33 27 99 62 98 65 98 41 4 59 64 88 87 92 20 24 29 90 22 17 41 76 85 13 63 59 75 73 54 63 3 96 98 78 3 4 76 25 87 98 79 81 70 29 36 96 1 94 24 16 36 50 56 92 94 97 72 90 24 13 32 63 2 94 33 73 8 89 48 78 70 59 89 10 23 19 37 35 87 50 27 15 36 58 88 1 29 41 49 76 76 76 6 16 18 87 16 70 12 58 11 22 20 72 89 98 60 71 82 98 6 69 36 59 57 50 46 77 99 13 48 0 32 87 93 68 66 89 93 91 96 82 47 71 16 58 5 1 76 24 75 94 57 38 42 91 99 92 19 78 20 58 31 87 15 0 19 56 66 94 38 65 71 93 86 62 11 51 60 75 24 79 40 80 49 
57 73 25 84 46 77 49 47 31 48 97 74 30 33 32 15 74 29 88 35 84 38 83 96 66 6 47 80 30 14 75 33 70 53 7 53 72 42 90 77 0 89 26 12 21 63 71 49 79 40 95 12 74 1 42 72 56 0 14 11 72 79 10 30 34 42 58 77 84 80 17 13 14 40 69 94 10 18 67 11 71 13 56 83 15 81 99 83 59 92 12 74 54 40 72 72 16 61 66 50 0 13 69 36 28 55 63 3 32 92 34 18 90 87 45 20 52 8 69 40 86 35 9 52 90 14 70 62 61 0 23 52 59 3 36 61 46 17 49 52 79 59 5 29 18 65 3 18 88 21 22 68 65 45 44 82 23 31 96 44 91 80 56 60 66 4 64 17 13 42 65 73 76 9 0 41 53 53 46 62 91 75 76 62 97 75 63 27 89 77 30 40 44 54 99 69 84 11 14 36 23 46 23 25 6 16 91 61 70 54 22 63 90 80 72 59 29 35 8 76 21 79 72 7 64 8 82 5 5 4 6 57 79 45 5 25 13 2 5 2 86 68 51 54 7 23 37 70 89 11 32 37 9 84 73 80 77 28 46 77 18 15 75 64 62 51 61 76 6 37 56 52 32 31 20 95 97 40 85 80 46 45 19 13 76 90 74 64 17 28 30 23 37 88 79 11 98 44 44 43 20 8 42 38 48 43 90 97 1 19 82 81 15 19 24 28 3 4 99 78 68 94 12 3 9 83 92 92 94 36 47 14 51 51 80 61 22 69 89 36 65 92 13 72 92 76 41 0 36 22 96 40 52 73 70 69 67 76 47 79 62 3 27 64 56 82 77 64 87 39 49 73 56 48 54 26 46 91 28 66 46 52 29 14 75 76 58 27 49 59 24 81 99 89 83 97 89 1 27 96 
50 50 37 64 38 81 29 58 28 10 54 93 34 18 49 37 52 21 26 80 82 41 27 17 44 3 13 6 65 92 4 48 99 66 27 84 36 76 18 88 66 72 51 99 27 60 61 21 76 51 98 46 54 44 43 76 46 83 23 7 57 51 10 17 67 80 89 70 5 97 84 46 32 17 90 64 81 34 90 13 18 42 0 10 50 73 49 94 99 39 15 39 39 26 59 43 97 86 72 13 94 93 80 34 11 85 81 57 16 44 13 10 94 38 26 39 17 17 73 6 13 5 66 35 74 13 91 69 77 10 88 62 9 54 46 60 98 80 98 38 9 46 29 39 32 15 46 29 27 10 31 29 4 23 55 82 22 56 96 15 44 11 53 93 24 30 6 45 2 6 90 90 3 73 21 45 5 13 90 34 49 42 23 82 34 27 32 93 72 16 52 42 5 44 22 1 38 44 72 77 38 99 41 54 66 11 92 72 96 40 67 28 82 44 5 94 45 87 47 4 7 35 89 18 52 67 52 75 80 7 39 87 6 28 71 61 95 61 67 7 2 33 84 11 14 67 16 32 88 38 89 74 71 39 57 82 86 35 3 26 37 9 28 84 78 27 36 68 81 72 22 14 93 98 19 8 2 45 85 41 64 12 18 55 37 34 93 51 86 0 71 91 93 93 7 43 43 93 27 86 12 43 21 94 91 4 54 67 57 57 92 69 44 41 58 89 72 10 84 13 76 50 88 97 61 79 36 89 96 95 77 52 69 53 12 23 92 56 6 59 91 3 5 7 84 57 77 73 72 6 44 99 56 37 58 93 80 39 23 13 81 95 82 62 95 0 66 84 2 84 63 80 72 27 76 20 80 92 6 98 94 41 99 45 11 45 84 54 18 93 32 84 19 23 14 99 94 95 36 70 
75 26 49 84 1 57 12 79 45 6 18 10 89 21 66 96 28 90 79 13 39 13 46 78 9 41 77 39 99 65 2 45 75 81 24 80 5 5 6 97 30 95 85 45 37 29 81 4 48 20 51 58 0 15 2 10 59 43 78 48 37 88 56 12 76 44 83 71 5 63 6 93 4 19 19 0 15 1 64 28 81 51 52 36 20 67 88 4 94 24 98 47 64 55 82 19 0 81 63 47 51 7 76 28 41 6 64 58 21 85 59 33 89 63 98 16 80 85 16 57 76 8 17 19 28 42 79 19 46 23 32 24 22 62 36 70 68 13 39 97 89 49 93 95 76 1 76 61 22 70 45 41 88 87 87 34 42 37 72 72 23 62 30 75 23 98 57 26 14 30 62 82 79 5 47 93 25 43 79 88 84 0 93 68 15 16 96 88 81 49 34 13 18 62 65 32 88 40 1 12 93 47 23 4 10 85 57 83 28 67 35 72 30 40 94 20 95 21 67 66 10 28 90 19 99 47 84 46 48 25 42 17 60 54 47 8 98 1 11 58 25 79 8 46 18 35 69 96 3 54 62 44 59 47 59 69 10 9 36 98 91 71 49 73 19 37 29 37 51 14 81 58 33 25 30 70 6 79 62 26 0 37 43 89 54 58 40 88 40 40 73 55 38 84 37 15 46 50 71 17 10 34 94 90 78 75 72 19 10 82 0 18 52 87 79 93 79 98 84 40 88 96 83 10 68 47 12 56 2 79 71 0 6 22 31 39 3 3 76 69 4 39 97 90 5 92 5 70 48 13 68 28 3 1 58 14 89 91 32 80 55 7 2 99 35 19 28 96 21 16 48 13 30 21 19 27 87 0 63 26 35 41 16 64 71 8 93 40 37 2 74 82 51 86 72 46 18 47 1 94 
34 82 5 39 87 54 23 60 33 96 27 57 80 92 44 1 62 3 86 20 45 11 34 58 84 96 61 0 74 16 26 4 77 5 94 23 4 9 81 26 55 94 11 48 77 0 84 99 24 40 71 41 72 30 32 85 21 21 13 10 47 77 94 7 7 53 69 63 72 10 21 4 81 76 96 46 88 44 19 89 79 1 85 83 71 23 4 11 47 73 15 15 46 37 87 23 51 62 52 86 7 25 22 76 48 52 37 16 1 51 26 48 65 8 4 52 57 34 37 55 20 64 52 44 38 14 67 47 17 96 68 74 57 42 18 2 39 72 21 54 30 67 61 56 30 39 35 37 42 59 77 82 11 6 48 52 51 11 87 80 93 55 13 31 31 61 95 15 78 43 7 71 21 19 4 68 96 44 28 93 30 38 86 27 37 11 99 16 13 80 54 97 12 3 19 55 28 34 26 55 73 44 57 44 45 15 55 80 69 38 65 26 22 99 80 67 24 87 33 40 41 85 26 83 13 5 86 31 49 62 3 69 5 49 1 68 35 11 29 97 64 65 99 68 45 15 29 22 11 43 49 15 18 78 81 93 20 55 53 73 48 91 5 46 37 1 76 32 86 83 0 27 42 5 54 44 56 8 88 79 50 53 85 90 53 87 85 92 30 14 61 13 52 86 66 13 42 40 17 48 22 19 90 57 74 2 53 66 5 19 64 74 34 91 79 72 81 28 52 51 54 11 54 79 2 28 68 39 35 70 34 83 27 91 80 44 8 64 30 5 38 1 54 13 38 59 39 94 2 29 90 84 48 36 48 86 80 11 20 36 48 31 37 65 82 52 65 87 72 35 47 58 63 24 74 73 78 31 47 43 76 35 21 8 45 15 91 6 89 81 10 19 85 91 39 44 58 4 31 59 
39 23 73 40 82 74 24 77 87 9 18 64 24 40 91 85 24 39 38 72 93 96 17 12 67 22 24 61 59 32 80 76 60 32 48 64 57 86 91 86 68 63 67 28 97 86 62 47 5 64 79 4 88 2 7 48 89 93 80 47 50 37 37 89 64 70 80 93 47 43 17 3 77 92 51 29 71 31 84 37 93 9 72 49 31 54 62 99 28 34 94 91 54 69 78 62 58 74 12 88 73 43 64 70 42 32 30 48 87 85 62 4 31 32 50 8 38 60 87 12 66 14 28 8 91 58 99 28 58 14 93 29 82 37 77 35 8 47 96 95 44 66 15 36 11 84 76 40 19 76 74 72 73 66 44 64 78 87 84 67 28 59 76 19 82 53 24 91 27 1 81 70 6 84 25 28 1 17 88 66 84 5 31 75 21 84 75 55 22 83 68 26 77 78 47 91 46 71 92 34 61 94 52 60 62 90 50 20 82 83 24 89 32 37 89 87 64 34 89 66 63 28 8 98 24 38 94 28 4 87 55 71 24 18 46 46 31 55 7 89 13 62 93 78 60 8 65 87 36 42 25 73 98 13 44 79 33 2 15 43 19 77 71 47 35 37 71 0 25 97 0 19 63 6 7 21 58 68 28 21 81 6 93 7 89 82 8 76 12 40 4 35 76 1 21 14 94 79 3 81 20 19 49 37 79 96 50 97 49 86 68 46 17 17 3 25 59 95 80 33 82 11 30 65 29 67 5 66 78 0 22 41 85 69 30 8 89 10 70 11 42 10 25 61 14 35 4 74 21 92 95 71 43 14 93 12 85 67 6 38 42 29 11 25 51 79 70 8 29 61 90 22 83 40 65 3 15 16 48 27 57 29 75 86 69 43 69 85 20 42 98 4 55 88 91 97 11 65 18 47 
16 94 67 83 7 57 2 83 77 52 55 44 6 14 94 9 50 93 66 80 35 10 7 49 59 67 82 80 52 55 42 84 77 19 97 69 78 23 5 22 67 31 48 76 69 67 81 85 85 24 63 84 57 13 78 24 80 20 12 91 54 66 30 45 48 14 76 13 93 84 95 79 29 9 56 35 8 24 47 93 51 60 10 42 10 1 75 30 85 5 9 33 29 20 22 35 50 17 4 71 35 2 13 87 23 38 43 86 81 74 98 26 70 94 57 57 15 12 50 70 87 4 73 3 82 98 45 29 74 70 20 26 24 87 90 54 82 6 9 89 40 15 16 80 12 12 61 54 51 96 6 21 9 71 3 21 12 93 12 44 96 80 62 46 69 98 36 63 21 97 58 91 99 32 10 58 21 7 13 16 26 87 5 2 55 93 72 94 47 43 59 7 64 51 8 97 77 42 89 67 96 96 62 97 0 58 40 72 52 31 75 52 77 68 53 6 6 82 56 58 76 42 70 15 11 18 71 28 80 77 35 65 12 17 64 71 47 76 54 43 9 73 77 94 67 3 83 1 85 58 99 7 50 28 53 39 40 23 99 86 6 42 47 26 16 9 77 32 70 13 16 95 36 83 88 93 56 72 11 58 64 33 80 18 13 91 67 96 8 29 11 1 16 25 52 93 1 89 49 56 63 87 45 63 26 15 44 66 32 39 8 93 23 55 85 34 42 34 58 70 42 8 32 65 57 30 0 87 37 67 36 48 45 89 82 20 82 83 21 80 44 48 64 28 91 36 68 85 36 77 92 24 50 57 87 63 10 77 85 32 38 89 90 64 1 98 51 14 84 5 62 96 35 59 89 24 3 88 18 55 59 87 86 91 20 42 70 31 18 34 32 59 67 34 70 87 74 76 0 68 
24 96 13 65 10 84 44 20 76 55 63 93 35 18 47 82 17 28 45 32 81 85 45 76 61 77 5 58 36 62 25 10 39 35 24 64 4 47 81 90 4 46 67 31 17 1 1 78 16 43 82 86 63 62 16 65 3 96 95 72 88 48 45 77 13 4 16 56 9 88 0 54 61 3 93 96 88 52 58 38 38 20 19 7 57 50 25 11 21 30 4 18 56 42 66 81 36 46 45 98 49 64 92 1 95 67 14 36 21 71 84 59 49 49 98 61 50 11 3 13 88 19 40 8 99 64 78 5 14 73 3 6 77 81 30 67 1 11 34 29 55 3 29 44 59 28 29 40 58 59 3 69 54 3 42 45 66 23 26 74 98 61 85 47 36 93 79 87 86 73 65 0 54 42 29 75 92 79 24 29 22 88 97 59 50 54 56 53 39 33 73 55 81 18 92 18 66 70 84 78 37 91 83 44 78 69 46 69 78 96 69 31 81 44 9 32 13 76 92 17 57 35 37 21 33 52 92 38 40 98 16 91 79 68 3 35 16 76 54 52 63 1 19 47 35 53 19 80 65 69 3 13 88 46 56 52 77 4 89 16 17 43 62 91 58 7 79 9 19 8 51 28 6 52 61 97 77 93 54 66 1 6 77 36 65 64 19 35 70 12 27 51 57 59 61 9 90 74 65 63 95 87 19 36 72 36 56 92 98 19 35 30 29 49 33 43 11 75 38 98 22 13 81 68 12 41 10 58 5 72 18 13 85 23 63 25 40 41 68 37 78 38 99 54 70 67 0 13 14 9 73 10 16 12 69 15 99 41 21 54 13 97 34 34 56 71 38 51 2 87 29 55 34 76 67 88 87 93 75 51 55 48 44 83 48 43 73 63 26 19 62 52 1 81 44 23 4 34 22 9 
27 58 42 67 0 68 86 60 88 21 56 17 77 87 50 64 95 44 82 9 95 91 53 53 34 56 14 71 86 2 9 71 93 38 13 13 51 2 19 7 30 85 11 94 16 37 16 14 8 77 52 72 8 17 33 92 86 50 50 23 53 78 16 82 95 79 16 24 44 82 81 36 44 44 46 27 40 28 82 61 83 80 10 97 24 73 95 50 48 91 57 18 85 14 11 94 34 61 64 56 73 92 9 97 38 93 71 11 10 35 80 44 33 47 53 83 31 55 55 78 17 7 47 85 90 9 50 30 92 32 4 22 57 33 27 79 37 26 64 7 14 18 90 11 40 12 50 91 14 3 9 73 71 23 63 40 73 49 9 59 28 41 58 26 8 55 75 80 72 34 39 58 34 17 47 79 75 2 67 0 16 41 45 34 33 65 27 26 61 65 47 52 46 30 76 95 39 55 16 72 55 77 13 5 16 56 73 80 75 13 13 20 10 10 66 70 3 90 21 76 83 6 13 26 63 12 20 82 17 50 68 98 74 43 9 75 67 39 42 77 66 73 63 44 30 64 34 29 26 23 2 81 58 66 43 69 38 0 16 94 6 34 65 47 66 56 17 21 87 90 15 47 79 74 63 30 74 8 91 34 25 82 30 22 34 94 57 40 43 64 93 32 3 20 60 43 74 36 99 19 41 46 7 73 27 8 95 86 98 31 70 82 0 57 33 70 55 82 63 12 31 18 86 20 59 5 97 21 91 39 16 36 84 89 84 44 28 67 44 51 52 32 22 76 68 35 42 22 94 43 20 60 93 33 33 69 26 96 35 21 16 81 4 29 37 24 68 92 21 7 34 14 18 62 21 97 48 67 95 30 82 67 9 1 69 80 40 88 13 52 92 93 97 50 99 81 78 68 32 52 
15 17 20 95 72 91 53 61 80 71 94 37 15 32 98 26 80 1 16 68 27 83 98 90 26 63 40 29 17 19 36 36 0 51 0 33 48 66 0 27 8 98 16 11 14 92 39 36 84 99 9 98 68 12 10 10 72 2 5 4 26 27 92 65 79 30 4 92 12 19 24 63 93 96 37 9 98 57 72 34 60 42 35 53 97 11 68 57 82 48 72 91 31 54 68 31 32 7 65 29 23 29 41 42 38 81 72 83 11 77 88 69 89 66 77 34 73 36 32 75 16 50 58 70 30 14 83 33 16 64 23 88 2 94 57 12 24 97 7 68 94 62 5 93 5 39 29 32 44 55 49 15 79 54 47 40 42 70 42 80 66 55 50 40 64 25 26 28 10 60 60 97 49 27 49 1 47 93 45 64 26 24 85 1 18 6 30 94 16 66 37 52 98 27 58 46 53 51 94 87 36 46 88 90 39 44 9 62 36 96 90 66 92 43 26 34 93 49 97 47 31 26 16 72 37 27 26 89 73 46 87 24 82 67 19 58 21 61 56 51 2 77 96 37 45 96 45 54 45 27 10 40 55 62 75 36 54 73 3 10 93 35 57 16 77 32 16 69 17 14 84 17 23 66 94 30 82 51 2 8 21 15 2 68 92 62 33 13 61 40 45 45 40 94 6 15 60 83 13 48 38 51 35 51 87 92 94 20 61 89 8 17 17 23 73 56 3 2 96 15 22 44 72 13 2 12 89 44 47 25 44 15 97 36 75 18 56 52 34 80 4 72 65 44 37 22 27 79 11 38 86 25 6 25 80 62 32 59 49 3 67 35 50 73 60 49 22 21 44 36 91 65 59 17 87 90 2 52 39 74 33 38 16 36 64 63 60 97 41 60 79 65 27 47 7 55 62 86 44 41 
39 6 49 92 68 85 15 99 71 85 87 1 16 58 17 79 89 98 49 46 69 16 31 10 43 71 27 16 28 59 71 30 7 84 87 69 37 18 41 54 21 25 17 43 32 35 39 63 88 70 48 28 21 46 37 25 48 38 89 1 48 29 41 47 26 64 31 27 98 14 8 79 34 41 46 41 53 19 52 0 77 55 26 84 92 17 84 39 13 87 83 14 5 70 56 93 20 33 67 18 45 12 50 75 9 67 61 26 8 43 81 77 52 57 94 50 6 83 82 20 26 84 95 14 7 76 62 43 55 46 88 23 0 4 81 78 19 4 52 55 88 24 34 22 54 81 63 81 52 39 25 43 16 64 82 86 31 17 64 46 13 25 94 78 14 29 6 3 18 53 77 39 81 29 43 72 66 97 48 93 41 68 58 92 26 91 39 69 8 55 85 58 81 21 81 43 0 13 17 35 37 76 69 83 68 1 24 71 20 7 98 23 85 68 85 92 8 97 32 31 34 56 35 74 32 22 52 32 97 59 90 37 52 74 24 15 92 6 44 66 89 13 37 3 52 50 89 39 62 46 27 62 34 78 76 66 77 44 49 24 73 55 88 42 16 76 46 50 89 23 60 18 92 81 53 84 11 78 12 72 97 34 30 40 90 24 57 11 40 3 10 49 56 1 28 26 96 9 39 64 27 11 16 23 61 45 73 43 21 60 48 72 0 89 11 69 53 10 46 61 93 48 84 27 7 53 47 4 0 36 46 59 67 48 40 52 5 3 63 15 3 25 74 54 72 3 83 78 60 40 35 75 17 61 83 76 77 75 67 69 84 15 13 88 96 93 80 85 43 18 21 25 8 79 58 83 55 73 57 19 17 94 28 86 71 87 94 29 47 20 96 48 49 41 86 2 99 18 3 43 
7 86 84 89 80 47 51 59 39 21 51 99 19 8 56 33 59 74 71 48 91 82 0 82 39 2 49 3 19 83 67 86 41 71 92 46 91 1 27 89 60 4 19 86 95 94 0 65 98 99 72 85 48 46 57 46 76 58 60 51 64 24 10 49 34 65 52 92 78 34 44 22 24 47 14 38 95 48 28 38 47 4 90 84 15 41 5 97 94 29 42 35 34 66 29 73 17 28 14 84 68 12 79 81 93 4 64 0 37 86 60 79 78 67 25 40 86 77 98 90 40 71 54 31 94 75 3 41 3 52 24 98 17 93 0 62 99 97 97 47 97 1 4 57 8 95 9 13 48 52 76 62 71 4 93 38 99 40 34 42 79 29 67 69 14 7 23 71 88 77 12 5 46 35 87 83 32 95 45 84 17 40 37 21 53 80 95 13 69 62 8 8 81 15 67 58 70 44 20 18 86 31 78 62 84 81 22 73 90 41 74 57 37 35 27 14 68 19 28 39 85 23 66 42 85 98 48 49 93 35 46 55 29 45 0 27 39 84 45 89 67 4 40 59 49 12 80 62 8 38 99 21 54 57 68 88 16 35 37 13 88 96 82 75 27 66 84 36 68 98 40 25 90 20 55 79 53 59 18 64 75 19 86 22 80 46 26 67 77 44 68 50 17 58 92 78 10 46 42 12 86 97 15 21 67 61 35 24 75 84 46 89 83 43 31 95 96 88 8 71 12 10 39 81 75 3 24 71 45 97 24 4 73 4 93 26 18 27 68 63 41 75 59 80 60 27 55 52 25 62 33 67 14 54 55 86 47 58 81 34 49 35 12 51 69 86 92 92 40 54 73 87 2 68 71 90 40 82 6 92 91 95 38 28 18 22 91 68 51 71 57 25 12 4 60 50 43 1 6 46 
40 6 11 77 71 83 80 11 41 87 75 7 75 33 19 38 72 36 57 88 62 34 58 69 9 16 26 56 59 80 24 24 7 51 10 41 86 56 7 42 23 20 20 82 88 3 52 16 1 39 99 61 21 24 81 73 53 83 34 46 39 11 49 4 35 85 2 38 22 3 92 55 56 24 3 89 2 45 37 58 76 47 3 32 58 99 10 11 74 46 18 88 5 58 75 32 70 72 22 93 72 92 27 68 58 42 89 60 17 19 57 37 45 39 19 33 3 32 81 3 75 47 9 9 4 37 44 32 32 41 8 13 62 71 24 30 56 48 46 45 62 97 54 29 0 61 3 51 80 15 13 38 40 27 42 58 45 80 90 37 20 54 34 35 47 5 14 8 91 81 77 27 92 35 14 17 50 56 17 2 3 21 51 52 66 27 26 74 30 67 31 50 78 37 45 50 7 4 50 68 78 49 24 40 60 5 86 94 6 68 55 56 54 68 24 80 24 17 1 58 93 26 67 84 26 16 21 43 19 2 72 86 81 56 65 77 44 28 65 91 33 73 51 74 41 94 45 71 66 35 78 29 94 38 28 59 1 49 14 86 22 5 36 15 72 6 13 21 19 70 69 17 2 44 39 43 62 17 49 12 57 52 11 0 20 61 20 34 77 27 75 10 48 11 22 79 72 68 84 12 86 52 68 52 29 87 24 36 51 75 59 32 68 35 46 75 55 37 77 42 81 5 29 35 26 59 25 41 44 76 34 20 11 7 87 15 78 75 81 24 32 15 46 66 87 54 9 45 11 60 13 94 78 73 37 75 75 8 98 41 29 99 51 94 17 17 2 2 54 12 56 61 23 68 7 55 42 8 21 30 25 68 33 3 82 18 92 31 15 32 46 93 77 2 94 17 92 48 9 82 
44 71 95 95 74 20 22 51 46 29 45 3 32 19 24 25 16 24 65 66 22 54 22 82 90 83 60 59 49 14 24 31 76 50 51 67 60 66 59 77 14 49 80 64 28 19 32 91 17 79 55 26 73 46 41 71 76 76 81 80 66 45 50 32 59 87 44 5 86 18 2 30 15 64 25 68 69 19 51 69 64 67 1 55 99 60 30 26 21 7 61 97 14 52 76 10 44 80 66 28 83 72 94 49 24 70 17 96 76 58 30 40 49 36 12 18 33 0 40 23 91 6 4 22 58 63 46 97 31 31 41 13 11 72 92 47 61 63 64 84 93 54 73 88 8 70 36 71 30 18 8 11 98 35 85 50 60 22 20 64 61 71 68 95 58 10 44 43 26 3 10 95 94 74 68 36 90 81 85 25 78 46 22 82 60 20 49 74 39 53 14 23 53 27 80 67 77 95 82 98 64 51 67 45 17 70 23 21 54 86 79 52 89 5 58 31 47 20 12 5 16 64 63 95 7 33 13 77 11 85 94 11 62 29 18 11 25 38 33 14 36 27 5 14 40 89 79 31 2 27 58 84 66 79 89 40 67 16 7 96 64 85 15 27 56 62 17 61 79 62 11 64 89 17 88 61 34 47 35 93 14 29 75 71 29 70 66 93 86 36 38 25 41 20 7 58 23 75 18 50 97 70 61 59 36 1 56 1 35 76 92 2 18 50 54 85 41 25 55 63 32 53 85 47 69 24 12 63 86 86 50 27 29 43 3 26 17 86 5 35 72 22 7 86 26 78 89 2 99 48 3 97 47 59 97 42 5 87 99 71 13 21 4 96 19 7 45 70 17 47 71 86 64 79 88 12 94 33 42 92 58 92 12 88 89 46 26 80 67 75 15 17 85 63 50 19 38 7 78 66 
95 58 21 35 27 89 95 52 27 35 82 40 70 91 68 64 57 3 28 19 37 42 2 50 57 99 54 51 18 36 19 98 91 94 33 54 74 14 11 91 68 36 44 33 52 62 12 96 31 52 27 43 22 87 82 85 1 79 21 66 87 0 0 60 26 22 13 38 76 93 1 49 77 53 38 40 43 38 36 96 0 14 19 93 27 25 1 51 62 54 27 1 2 61 41 82 91 84 42 72 33 18 89 57 91 0 2 60 79 2 56 49 67 78 67 32 47 22 53 12 67 40 16 11 13 53 82 68 30 47 35 99 42 60 79 84 89 63 54 43 29 81 36 83 44 26 72 50 42 25 90 43 52 17 68 81 67 2 82 67 27 47 14 88 57 41 67 42 99 52 72 1 48 93 95 97 56 79 6 92 1 30 50 93 97 33 34 14 1 43 87 67 47 84 65 63 65 32 32 82 90 17 44 3 92 29 6 32 38 54 9 96 38 49 55 81 31 0 3 43 53 64 31 59 65 26 49 71 11 53 8 28 77 0 92 41 78 68 29 36 38 66 92 54 31 74 83 4 57 30 63 19 18 64 63 47 66 5 94 52 37 73 13 81 56 15 6 62 49 72 76 63 49 62 1 18 84 17 28 33 24 67 42 23 89 65 59 41 49 18 0 35 78 6 88 81 96 37 84 75 9 80 11 12 42 92 54 62 32 3 75 9 94 20 4 55 17 98 6 23 22 95 99 76 98 21 25 75 16 42 56 43 26 52 53 17 29 35 36 21 35 70 23 20 5 31 12 42 18 79 53 81 41 65 62 18 58 66 35 84 8 37 23 87 97 60 40 23 7 67 3 81 49 11 98 21 41 41 8 64 64 72 97 48 39 57 34 62 9 74 20 3 13 64 56 19 9 60 30 13 
10 68 82 59 59 31 74 44 96 55 26 99 64 58 56 63 23 29 55 99 99 87 62 69 81 62 65 74 47 25 68 48 93 46 3 22 44 16 12 30 12 47 11 8 13 99 98 3 85 43 77 82 41 39 2 89 43 67 56 44 25 73 17 59 45 45 64 34 44 72 28 27 5 87 74 82 40 72 85 56 58 21 80 15 70 4 64 84 36 52 14 82 49 73 95 19 8 37 66 49 96 81 90 86 73 78 65 63 31 73 92 13 85 57 51 97 86 44 91 10 82 19 87 96 55 78 72 43 65 30 49 73 95 81 17 4 22 87 2 91 4 43 82 43 90 70 16 49 18 1 49 98 8 1 95 13 41 22 73 17 12 97 21 6 33 87 55 49 71 52 6 91 3 8 72 53 73 84 33 14 53 33 56 53 90 66 61 26 97 87 6 70 22 40 93 41 63 98 26 96 53 72 69 47 66 74 66 60 83 18 99 65 43 47 49 90 49 83 47 47 79 3 35 4 14 64 46 58 68 64 47 29 7 11 19 34 63 31 87 52 7 94 13 93 33 99 84 62 48 14 47 79 33 88 44 95 16 6 33 28 20 48 86 5 21 69 88 85 54 85 45 24 50 95 13 83 94 61 73 28 95 25 26 14 69 69 68 94 5 32 72 15 27 94 26 56 60 42 7 55 29 23 34 16 91 73 1 74 98 53 11 25 47 78 56 73 59 25 96 58 32 44 55 73 86 66 77 53 66 26 81 25 42 49 71 37 22 45 23 67 5 43 16 61 67 35 72 64 33 50 4 19 61 73 44 75 24 8 97 9 29 49 86 30 72 79 92 7 79 25 20 18 40 19 58 51 99 58 52 86 21 55 20 47 1 50 33 28 98 12 67 75 13 39 30 99 92 48 85 17 
43 94 11 70 90 13 58 20 32 73 74 28 10 64 28 57 7 9 23 86 54 86 19 80 97 89 61 52 41 42 26 0 41 0 47 64 36 9 91 31 65 7 19 37 85 85 27 35 43 77 86 65 74 23 4 92 1 89 94 64 79 92 42 63 78 56 47 59 84 40 91 88 10 16 39 86 57 10 7 74 86 82 58 6 30 93 96 18 93 65 14 68 2 11 14 55 68 4 5 72 40 84 68 5 55 24 54 34 98 75 42 9 90 20 51 5 89 22 53 74 54 71 82 19 31 97 78 64 5 90 79 14 68 6 28 0 69 87 55 71 76 36 93 49 22 83 76 17 79 44 88 82 3 65 51 2 45 63 22 49 29 88 1 18 62 19 57 97 31 93 3 2 56 66 39 9 59 63 83 87 92 80 65 39 76 65 88 84 57 69 18 50 22 8 73 72 76 50 63 1 98 62 63 29 93 79 86 46 59 84 22 82 81 35 36 52 22 61 56 98 69 60 61 9 46 88 98 59 26 42 8 84 37 14 32 12 7 80 48 23 53 70 18 63 88 24 5 26 28 36 90 96 15 94 64 7 40 70 47 15 90 21 74 93 96 2 17 62 79 86 70 45 21 9 26 13 28 46 95 20 98 41 95 53 91 49 63 75 89 25 33 37 6 62 95 53 67 8 57 20 16 95 76 24 20 90 44 5 66 55 19 56 12 94 47 37 51 11 74 39 24 89 68 77 9 88 25 91 19 81 59 81 90 57 14 79 17 99 2 39 68 78 41 66 31 78 90 41 81 90 41 7 49 34 68 79 28 73 69 80 99 38 72 66 30 34 84 67 61 90 33 2 93 31 9 96 90 73 71 13 25 4 19 60 85 92 84 41 18 4 22 95 99 93 44 87 31 8 69 91 
6 77 9 6 30 10 62 87 70 59 8 93 89 95 58 18 94 67 73 58 31 85 66 89 92 24 95 43 13 6 78 24 26 82 38 57 26 59 90 65 98 16 55 7 11 14 20 40 87 23 96 76 47 36 99 86 25 45 13 59 25 40 35 81 64 51 64 12 25 6 35 26 78 88 1 82 18 97 94 30 81 28 79 67 7 25 74 21 26 66 89 86 77 2 20 83 49 34 98 58 31 27 26 38 94 88 42 24 3 60 84 30 42 10 54 29 14 37 63 30 32 98 20 97 44 68 97 94 16 10 25 1 81 14 15 12 39 22 6 37 53 3 13 21 13 70 23 47 65 70 94 98 93 49 2 55 55 62 85 17 81 27 97 9 66 8 2 64 84 35 60 46 12 10 62 30 14 98 24 36 50 73 79 45 72 26 71 81 76 92 22 97 5 60 6 3 11 31 42 55 81 32 73 3 92 45 96 19 46 27 99 25 59 78 81 99 6 71 99 54 94 46 66 49 91 91 76 31 98 24 80 49 27 87 85 79 30 88 97 60 16 82 58 45 40 66 21 94 81 55 26 43 62 28 62 66 55 95 70 64 41 40 77 85 57 38 72 39 57 67 37 98 16 21 14 42 68 63 3 9 24 18 95 8 58 94 5 15 25 13 53 63 16 81 79 44 59 23 78 7 2 62 42 53 11 70 86 24 14 15 87 94 12 97 87 64 56 45 49 1 74 19 29 47 53 69 22 13 30 80 55 57 83 34 87 84 80 88 60 88 13 49 49 73 27 26 86 88 60 31 96 39 53 54 2 25 54 3 96 53 41 76 50 64 18 89 3 28 11 94 26 90 90 72 20 12 99 74 12 11 32 21 3 82 90 90 80 96 42 34 39 67 80 78 88 18 19 21 39 56 
41 78 45 41 3 46 86 80 40 41 20 86 98 32 14 26 58 63 74 53 2 28 12 64 44 88 61 72 56 36 67 85 80 95 13 10 68 74 17 28 33 96 40 28 78 27 25 6 44 14 34 44 85 32 99 60 8 5 61 65 67 92 74 71 87 65 62 24 63 48 1 5 42 1 98 74 86 21 52 99 9 41 74 72 63 78 96 46 92 93 19 30 12 91 74 9 63 4 27 68 62 72 52 10 43 90 27 84 32 44 98 20 27 82 19 34 77 78 27 86 28 48 73 90 13 59 25 71 90 64 18 13 0 98 65 73 93 89 31 9 87 7 52 62 20 35 25 17 57 60 95 86 25 34 21 26 24 27 44 34 91 29 5 28 6 66 23 38 87 96 13 26 52 5 90 20 84 34 83 30 98 36 29 23 38 79 8 73 24 51 35 18 39 47 37 1 38 24 63 22 37 38 51 98 18 80 8 3 93 78 27 76 53 30 41 20 0 12 10 28 22 63 18 14 44 67 94 11 82 8 73 81 63 42 87 49 41 59 86 23 37 95 55 44 8 18 63 67 53 55 38 75 53 47 37 55 68 67 95 63 86 2 65 78 2 66 6 29 74 50 27 31 79 16 4 53 6 93 83 68 55 1 78 89 49 35 83 80 83 60 62 48 25 3 66 86 61 69 24 72 23 41 53 56 64 3 46 40 87 93 4 96 6 11 48 39 34 75 41 6 3 59 85 55 35 25 58 16 33 75 28 42 35 40 38 97 79 51 24 37 20 39 20 67 16 3 37 12 29 63 11 53 22 38 25 23 80 65 11 53 49 4 44 24 71 0 43 99 56 84 20 63 64 4 41 4 43 3 5 57 17 47 81 16 80 75 46 21 57 4 78 25 57 80 30 62 65 91 47 9 
7 62 12 31 79 74 68 4 23 61 80 13 75 88 91 31 91 44 83 37 85 0 3 31 45 55 87 87 40 34 88 52 21 9 21 8 18 51 17 38 98 35 61 9 73 60 68 44 85 19 38 86 80 31 78 79 50 17 79 60 80 30 16 23 33 50 35 23 24 54 91 15 30 8 18 96 45 92 93 68 70 7 53 72 19 24 86 18 19 83 78 60 34 61 40 27 20 71 46 23 41 14 51 90 18 63 53 87 19 93 34 98 92 11 69 25 9 50 28 4 9 3 88 60 9 29 20 76 72 29 81 85 6 17 74 88 79 54 43 14 49 17 75 64 53 37 34 62 50 71 24 32 90 26 20 23 77 48 68 21 27 9 73 5 82 26 22 41 4 60 32 36 21 6 24 6 56 20 64 30 2 90 14 7 76 37 87 2 35 48 52 23 61 97 23 38 29 53 79 24 61 97 99 2 15 15 40 37 22 96 10 59 58 95 26 5 95 14 5 41 74 76 55 49 0 47 32 97 67 98 51 86 67 45 66 51 1 79 69 45 46 65 98 41 69 58 39 44 13 39 26 75 18 27 86 72 14 5 79 85 13 69 92 46 80 84 83 12 17 88 77 89 72 95 82 93 80 31 55 51 84 54 6 96 15 79 69 39 51 57 71 63 10 62 80 1 74 90 75 41 58 41 49 5 84 51 95 87 66 82 24 24 32 41 36 54 42 91 84 75 33 50 55 14 63 53 77 54 29 44 34 81 49 26 25 3 83 95 65 18 63 95 87 4 95 7 77 86 39 39 95 8 34 31 48 15 70 34 32 82 8 52 59 0 77 39 28 64 76 60 63 6 67 39 4 38 91 28 29 59 36 15 21 41 69 14 70 29 98 78 48 36 47 23 16 91 22 64 71 15 
51 6 27 65 39 60 86 47 47 80 92 27 99 91 0 51 63 10 45 49 96 43 15 9 98 34 39 6 60 65 19 50 41 98 95 61 98 55 99 58 36 35 6 66 83 91 90 89 87 63 97 87 54 66 39 97 22 87 37 16 28 90 22 41 57 58 48 18 92 73 61 44 9 65 42 81 4 83 68 48 93 49 89 14 15 4 17 75 94 24 50 86 25 67 84 69 19 16 66 89 98 40 45 44 94 10 46 64 43 92 65 59 5 44 23 23 19 91 65 88 30 79 26 71 12 9 31 18 96 95 32 77 87 38 43 11 31 6 64 98 75 84 67 31 0 56 29 69 71 81 83 59 95 26 76 16 7 74 74 83 31 18 0 83 59 89 30 69 9 89 81 91 1 76 8 7 25 57 15 93 98 8 58 81 60 32 58 93 96 40 40 97 80 43 60 95 75 39 40 49 87 95 48 9 83 73 13 12 77 88 91 62 60 22 0 90 81 64 22 93 91 97 14 67 80 57 5 88 90 11 55 24 10 56 59 74 83 21 26 38 62 51 0 33 9 90 35 61 18 24 61 0 62 87 0 10 42 48 99 35 88 13 48 73 60 41 36 62 21 86 43 56 66 51 89 22 94 24 44 78 84 43 3 92 11 32 21 81 22 36 74 27 81 32 75 49 71 12 44 14 75 14 48 7 85 57 11 32 90 92 27 98 62 85 11 30 33 38 19 77 24 37 34 81 42 10 12 47 87 35 15 89 23 3 8 42 93 3 18 28 2 70 3 85 21 82 55 41 53 92 24 2 61 39 82 41 7 30 58 36 90 40 17 73 36 32 12 86 76 91 70 61 61 86 82 46 0 62 37 66 54 29 17 67 92 22 95 70 70 32 95 24 18 21 58 71 15 61 72 70 
66 52 58 76 95 20 54 58 55 21 98 16 84 3 2 89 86 70 85 56 57 33 25 26 10 41 77 53 51 34 16 31 37 17 48 40 92 64 0 8 18 52 82 13 84 81 35 95 57 63 68 48 87 99 5 66 91 91 56 7 0 75 24 17 43 52 38 78 69 26 52 57 34 81 68 45 57 47 88 18 67 49 59 82 8 47 10 42 60 33 73 81 46 92 99 15 83 52 65 73 37 62 29 5 58 33 6 54 99 65 92 65 52 73 84 17 61 77 38 91 93 22 12 77 2 9 63 50 34 13 69 99 37 49 73 27 58 1 82 73 38 51 60 49 27 45 97 42 49 70 3 92 15 50 99 26 39 98 22 57 51 27 93 17 67 73 70 71 11 71 85 92 59 1 28 26 20 11 95 29 72 20 75 31 24 37 21 46 94 47 5 13 98 90 15 17 25 72 37 62 8 1 75 59 13 96 16 91 35 45 6 44 23 9 40 0 3 75 5 81 94 28 59 65 55 58 85 75 35 0 38 96 17 77 48 14 8 94 64 80 25 89 34 14 89 95 6 68 5 48 84 97 63 58 86 38 43 23 88 94 79 59 89 77 83 21 67 16 17 8 67 71 80 18 78 17 86 24 3 75 68 76 90 51 21 39 4 27 97 9 12 67 75 99 30 15 65 16 38 53 39 63 6 45 79 35 15 58 27 54 46 36 71 12 59 26 49 88 22 37 62 5 17 10 31 90 84 97 31 13 95 2 3 1 13 97 67 82 21 32 15 27 34 71 38 70 66 59 22 6 0 48 60 97 62 98 45 79 96 49 62 66 47 31 95 12 8 56 78 94 8 60 18 66 88 82 74 3 53 49 8 39 18 11 29 6 81 95 87 30 30 35 17 86 73 63 69 70 99 97 
51 75 60 17 65 43 16 67 26 60 66 14 8 21 40 51 13 53 40 22 80 59 2 32 32 57 87 15 68 29 77 98 39 93 29 4 79 82 77 38 18 51 22 30 45 95 21 3 70 20 76 27 13 26 83 20 55 59 7 58 69 60 56 79 37 16 70 12 12 51 85 16 23 26 5 34 43 57 98 40 38 25 64 45 1 79 63 86 47 4 19 57 71 50 66 38 21 76 76 90 8 38 74 56 88 64 70 18 82 18 99 45 29 18 14 37 88 10 52 95 11 4 81 31 70 1 96 72 43 73 75 10 12 43 97 27 41 72 11 97 75 40 36 39 69 13 72 86 10 95 11 14 64 36 85 93 27 64 82 60 4 71 67 3 23 50 58 1 87 64 90 12 93 62 73 18 96 25 92 69 4 94 92 56 0 42 97 11 25 71 51 83 11 35 52 54 41 27 53 25 9 15 36 58 37 44 61 85 57 98 88 18 29 47 63 5 57 99 48 76 80 6 12 32 84 91 69 74 23 91 58 88 67 65 85 24 66 26 74 85 13 80 20 88 41 79 79 16 55 80 41 73 0 33 66 5 92 68 91 32 56 68 72 17 1 54 9 22 40 28 34 1 35 79 46 27 93 92 50 58 84 23 81 9 90 65 63 6 10 95 30 87 57 8 16 49 64 90 79 55 7 91 86 94 7 7 29 72 96 76 2 2 54 70 80 13 49 32 39 48 94 95 34 56 32 5 26 28 15 41 76 47 48 33 61 59 21 72 68 51 90 1 20 28 17 55 82 8 1 43 88 51 77 27 19 79 23 73 94 69 31 47 12 83 70 91 45 73 18 14 32 83 12 85 3 58 99 84 34 7 71 62 85 6 70 17 72 51 62 34 0 96 95 76 39 71 9 50 40 47 
81 73 25 45 25 62 73 54 78 92 57 77 6 30 93 50 29 52 51 28 39 34 39 11 3 64 41 10 30 76 35 38 7 89 22 69 53 18 4 48 37 78 72 15 86 37 97 54 91 19 82 23 16 64 97 15 31 12 10 53 88 19 42 38 34 35 37 46 49 84 25 85 9 12 37 37 48 93 33 3 99 76 94 4 72 63 44 58 0 50 5 48 39 45 57 18 49 9 48 24 96 8 48 49 1 57 44 50 95 52 24 52 45 6 86 67 20 21 37 24 5 79 87 98 32 0 64 87 13 52 8 76 34 54 41 95 33 13 95 87 87 88 48 98 97 29 96 58 35 77 87 77 90 96 24 63 74 14 62 96 68 29 37 62 35 1 24 87 69 76 88 71 49 88 31 77 4 29 94 56 17 51 24 16 76 31 52 96 37 1 44 66 1 43 27 5 32 12 36 35 22 42 29 47 32 20 90 0 89 90 25 23 30 11 62 49 62 46 75 37 54 52 50 32 8 89 70 46 52 64 6 12 11 40 56 55 16 4 61 20 89 60 65 15 63 45 42 29 56 68 36 53 52 79 44 31 97 37 97 20 16 14 10 9 69 96 13 54 10 39 0 28 19 20 30 14 71 18 16 76 15 56 12 33 19 6 74 43 25 14 41 88 7 74 84 16 39 35 14 96 48 11 15 25 39 16 40 21 67 80 96 21 38 72 19 92 39 9 7 87 56 52 38 62 37 32 12 69 45 85 41 58 65 19 33 50 17 61 46 67 93 64 10 37 69 39 41 67 25 44 33 24 32 10 96 17 78 97 33 77 19 35 16 40 14 76 3 84 6 0 9 65 19 51 5 67 32 81 66 54 48 15 26 89 75 50 23 81 99 23 41 88 6 75 25 97 21 80 93 51 
97 43 21 30 77 3 86 0 60 86 85 4 77 46 79 23 84 67 98 79 27 15 78 25 65 95 97 78 65 8 91 42 30 32 82 56 93 33 73 91 0 42 60 61 74 74 7 9 72 17 70 19 22 26 77 17 28 45 91 54 90 56 37 97 54 9 56 3 89 2 74 46 9 37 85 58 98 49 12 36 25 93 92 4 1 91 90 3 76 83 9 22 1 37 58 58 32 16 50 52 49 21 85 2 21 92 97 87 98 8 80 3 13 49 85 27 11 29 20 60 99 60 49 34 65 73 67 74 68 56 2 39 47 13 53 9 51 89 96 27 92 68 84 79 80 10 8 72 28 6 60 7 0 92 52 33 42 73 0 40 82 37 22 27 25 56 11 55 88 45 57 87 19 59 52 76 17 28 56 78 52 73 55 37 60 30 94 19 89 30 41 17 35 27 23 37 83 73 15 3 70 12 57 95 83 67 96 13 92 60 92 77 84 26 99 50 37 24 83 54 89 15 98 48 2 29 20 8 15 68 5 58 44 39 41 2 49 86 16 51 17 20 17 58 16 12 76 85 34 53 35 15 54 83 30 43 36 81 3 45 11 97 9 63 70 36 59 56 43 98 31 21 85 98 71 33 34 29 92 91 0 1 33 13 93 72 83 58 32 82 90 3 58 64 70 3 85 21 95 22 20 98 82 32 63 8 94 5 56 20 69 23 62 44 98 73 73 69 23 55 66 33 42 99 1 89 26 70 4 37 39 60 61 94 25 31 67 0 93 3 89 82 17 10 56 95 22 86 22 42 67 99 90 64 55 5 78 40 59 63 87 27 17 85 12 50 8 7 89 89 86 42 42 21 98 87 98 64 29 62 69 75 23 1 5 40 25 16 63 1 78 23 6 37 23 6 76 38 95 92 
66 23 87 99 77 30 97 67 17 60 19 69 28 68 14 10 50 93 56 21 20 4 7 29 46 42 55 50 22 18 5 85 14 45 17 6 60 17 13 33 52 59 55 1 86 5 54 85 50 84 51 95 4 34 93 38 99 82 82 74 45 62 76 67 23 37 64 18 79 38 4 10 51 70 75 71 80 14 5 88 99 7 51 75 71 85 2 9 71 97 7 21 65 26 98 85 35 42 23 83 16 34 44 30 11 95 85 58 84 79 20 23 11 56 68 52 1 38 84 47 48 95 72 96 70 82 84 36 97 36 88 39 85 55 30 64 39 76 26 87 29 92 3 71 42 57 50 11 39 90 80 27 57 12 87 23 5 50 29 47 38 95 25 11 62 43 10 29 51 83 45 85 7 33 77 52 22 36 13 24 56 51 78 66 75 20 33 21 77 67 87 95 96 59 3 90 13 12 84 44 12 86 92 62 75 31 20 57 65 15 76 54 84 15 25 24 16 87 94 63 54 15 92 59 89 37 94 13 68 0 39 70 29 20 49 86 48 92 30 87 26 84 33 57 84 25 87 96 46 49 22 12 69 63 69 60 13 31 74 51 55 22 53 42 86 21 5 86 38 42 88 85 74 66 6 79 78 36 78 23 41 7 8 61 45 28 62 94 75 14 18 26 56 78 84 37 16 52 20 46 50 55 66 32 88 13 28 21 85 26 71 84 52 91 78 53 70 72 67 28 91 23 44 18 21 15 13 39 57 51 54 73 51 21 19 15 24 45 31 10 14 14 22 0 43 70 94 25 25 13 0 7 25 60 34 36 61 99 8 35 36 45 39 0 5 78 25 35 19 14 82 32 7 40 43 30 90 73 89 73 53 78 96 78 86 27 77 72 45 41 88 94 78 98 6 50 1 48 46 60 
19 72 90 91 99 24 61 11 82 62 67 80 90 47 12 2 93 90 28 49 4 37 27 51 29 42 28 68 58 66 95 1 51 35 96 88 19 2 62 83 49 35 63 55 5 11 24 74 42 83 85 8 34 63 51 87 76 70 13 25 88 84 12 43 48 83 78 79 58 94 48 97 70 51 23 29 89 84 60 3 78 37 6 52 55 80 41 53 19 8 69 18 68 70 49 45 28 0 84 43 36 32 76 41 98 38 89 95 66 57 36 65 51 47 97 38 52 62 61 78 35 17 44 63 64 8 50 8 82 67 68 48 97 33 53 17 67 19 78 32 84 70 19 47 96 79 56 50 68 34 31 30 79 89 53 35 11 62 74 3 14 58 48 60 22 63 77 90 56 56 74 77 24 47 67 46 22 28 91 59 43 36 22 48 20 81 18 71 98 48 38 79 73 22 86 61 10 35 62 75 86 36 97 25 25 60 50 25 83 54 80 30 46 89 95 48 0 15 25 90 47 62 42 60 22 0 72 59 61 14 78 25 92 15 6 97 20 98 33 97 46 49 33 50 72 31 94 55 77 81 2 77 73 84 74 37 29 70 38 55 68 78 79 99 86 17 95 1 39 63 59 41 56 5 0 63 77 84 51 65 55 33 11 67 20 75 42 14 47 6 54 72 54 21 73 31 92 26 26 72 8 76 34 82 99 82 99 39 14 14 50 81 8 57 83 25 25 45 5 36 71 15 87 91 31 53 22 62 11 31 0 99 11 38 76 83 14 68 19 4 30 7 63 16 66 40 21 2 23 87 12 87 5 68 44 16 48 68 41 7 58 14 20 65 94 31 58 49 74 52 51 74 33 98 81 54 60 98 62 43 6 10 95 91 2 7 70 10 8 73 29 86 90 60 96 75 35 57 40 92 
41 56 93 90 60 67 81 54 7 14 50 48 31 36 74 78 56 67 77 58 43 24 75 33 77 54 66 24 2 62 70 63 46 33 71 83 74 45 59 16 98 38 93 8 49 7 89 91 10 84 81 71 85 29 19 49 33 74 79 1 93 80 80 55 5 36 90 43 35 82 35 81 69 53 7 40 72 10 99 40 81 62 1 82 23 7 20 45 50 37 51 82 2 53 21 35 7 47 86 47 31 73 45 97 36 3 43 15 41 48 86 13 67 33 27 83 8 64 28 39 66 56 66 2 49 47 2 44 23 88 67 33 43 62 44 19 92 36 86 30 23 43 44 40 75 97 17 89 21 20 73 23 31 42 48 53 84 37 79 97 65 70 9 61 50 77 9 76 40 97 96 73 14 62 30 18 94 54 0 36 1 41 76 30 37 38 20 17 17 51 68 15 94 44 27 83 89 95 4 71 65 28 33 87 74 25 80 93 86 1 7 25 84 12 77 68 22 58 11 67 19 97 97 62 13 24 2 38 95 6 77 81 26 6 25 76 56 96 53 81 29 68 8 8 2 1 68 48 36 41 22 70 27 67 85 41 38 89 90 94 92 19 32 90 95 39 71 97 39 91 95 38 11 84 73 28 80 88 61 27 42 63 50 76 0 65 6 61 93 83 79 40 40 22 88 57 56 4 76 2 0 10 36 63 94 46 44 22 5 38 87 32 77 64 70 65 94 51 50 41 19 18 61 56 56 24 59 46 6 3 80 62 10 97 61 24 92 76 31 14 57 97 67 68 60 16 53 74 61 25 26 74 63 70 99 13 51 43 35 31 48 10 23 10 65 84 74 70 61 4 15 54 49 63 5 75 87 91 78 95 14 12 33 91 90 15 26 40 33 17 1 25 70 63 53 1 61 80 66 53 
63 20 47 49 84 10 93 72 62 25 26 11 60 10 57 65 35 93 78 20 39 64 56 83 33 32 50 80 19 47 15 32 48 14 13 29 26 68 75 15 74 54 13 63 35 40 64 43 50 44 59 66 96 86 58 99 11 52 33 51 54 27 83 76 4 77 71 83 40 44 14 5 18 82 59 18 36 3 15 46 63 8 77 41 64 34 77 41 91 23 91 5 46 10 87 24 29 29 46 22 45 97 32 46 2 42 19 29 22 13 86 38 15 90 11 38 96 71 10 18 70 12 48 94 32 74 99 93 73 57 2 83 93 33 95 17 47 64 23 43 45 36 5 18 25 24 75 5 6 47 5 81 90 21 32 28 15 37 6 38 91 83 39 25 29 43 64 39 16 18 97 29 54 18 56 63 89 48 87 13 5 61 26 56 70 45 6 36 55 41 86 24 88 90 92 33 60 31 78 8 17 30 42 51 92 25 74 24 80 28 68 90 94 89 29 68 43 48 8 9 77 73 1 19 7 30 67 46 86 85 39 55 7 34 94 24 63 68 84 26 53 34 42 26 75 95 85 95 84 95 72 61 32 0 68 2 76 87 6 33 71 5 93 56 49 56 24 56 0 39 26 64 36 96 68 62 7 55 23 13 81 44 39 28 68 44 87 58 95 42 22 46 40 47 77 64 87 58 74 17 61 50 96 79 74 48 12 33 79 29 87 10 2 56 85 71 57 72 14 46 49 41 95 0 44 75 83 99 78 99 22 92 73 93 10 51 86 85 72 97 5 26 45 77 88 27 26 10 4 0 93 99 29 33 44 64 99 74 83 60 85 6 85 64 49 8 3 63 4 71 85 70 99 36 49 50 30 46 41 52 72 60 15 24 7 31 59 33 46 74 77 16 56 37 79 71 35 19 29 80 
4 2 91 93 69 32 71 70 28 71 19 65 22 0 97 34 96 77 94 60 88 24 76 82 44 47 91 41 70 98 62 1 43 70 65 94 78 39 2 21 27 91 16 7 5 84 7 53 27 16 46 84 58 21 85 75 51 60 47 59 91 33 31 67 84 35 21 28 58 23 87 90 82 63 24 23 5 25 33 40 68 25 79 74 14 43 24 54 92 64 41 69 92 28 83 29 40 57 73 40 65 42 94 42 97 74 39 20 98 49 15 99 72 11 24 54 46 52 37 56 20 47 2 38 63 4 52 8 34 60 42 33 19 62 71 80 49 75 24 60 89 1 12 75 98 13 55 35 70 90 16 53 5 26 66 54 60 59 92 3 98 0 80 64 65 69 57 17 65 56 85 95 45 42 73 84 22 41 10 89 60 51 76 60 94 55 1 71 25 78 76 51 12 33 15 52 47 30 77 36 45 64 56 2 58 10 98 17 93 62 34 13 26 10 18 34 79 15 47 23 4 30 32 64 33 80 74 70 99 92 76 98 38 51 14 17 21 99 39 7 74 84 71 27 67 55 98 70 29 59 47 74 65 25 72 93 28 95 54 82 87 89 48 3 66 64 71 95 49 79 72 94 5 7 5 39 44 93 88 5 91 33 14 77 6 65 96 99 77 95 24 79 70 68 13 90 4 21 38 21 54 8 52 21 6 35 55 15 16 46 48 50 25 19 64 11 21 61 23 13 73 69 22 69 69 25 73 7 29 33 37 66 45 21 29 44 6 0 11 50 31 85 26 90 36 63 17 10 97 41 26 12 83 64 52 94 99 36 86 12 71 81 18 59 21 5 33 24 16 38 31 22 37 94 53 17 3 11 93 31 83 16 29 43 55 95 28 43 4 97 62 30 33 43 6 23 46 30 17 97 
53 45 76 39 43 45 18 30 22 73 19 92 90 80 80 27 50 80 28 71 88 84 27 0 63 28 61 35 80 79 21 70 15 21 14 31 16 19 25 69 66 27 88 33 90 8 11 96 3 98 37 84 52 90 34 32 90 12 46 63 40 20 0 60 80 94 76 83 89 18 34 16 14 48 68 49 84 92 37 17 30 28 7 14 91 53 18 42 53 40 63 34 41 1 36 59 36 29 4 42 52 87 24 24 30 44 91 29 98 4 0 2 55 16 62 86 62 98 1 23 69 82 46 29 60 86 91 30 46 84 36 73 27 95 29 56 86 87 29 53 91 68 22 69 87 73 26 12 79 98 57 7 64 79 68 91 0 56 18 9 22 89 17 71 94 52 31 46 67 85 89 20 12 21 48 75 73 75 30 95 24 39 83 33 80 72 5 49 25 73 53 45 52 34 95 18 63 88 3 38 68 42 49 58 75 49 41 55 42 98 40 0 73 91 27 50 37 64 69 58 63 82 87 22 36 13 22 86 40 13 5 17 30 94 23 53 87 89 55 47 65 15 90 42 56 40 57 41 93 22 75 31 3 43 66 67 87 81 81 40 25 57 12 7 4 45 28 74 84 26 24 31 26 0 85 34 7 56 28 71 26 52 77 3 92 33 52 49 61 61 65 4 76 58 58 39 86 63 15 24 63 26 41 96 21 58 0 39 49 85 46 7 87 53 93 72 10 42 94 39 56 75 34 85 83 10 25 18 52 17 10 56 83 75 46 70 91 61 81 18 3 97 73 26 41 93 84 15 30 80 64 90 22 78 16 24 97 20 50 91 55 69 39 85 96 67 39 88 19 46 42 83 84 71 90 12 95 35 10 46 51 33 17 21 14 22 47 44 31 76 93 79 26 89 64 45 51 52 0 59 
69 47 68 73 32 39 97 52 37 81 34 61 69 75 31 97 69 59 59 30 24 18 30 41 73 3 51 64 91 24 32 34 50 2 79 85 88 45 13 47 31 58 94 83 9 61 32 22 66 41 59 57 76 98 88 14 53 45 68 27 20 65 60 38 13 41 99 70 14 85 80 68 54 99 24 93 22 91 73 39 97 48 24 22 20 88 21 38 61 41 89 78 70 2 24 66 90 66 87 41 73 71 56 60 61 94 65 27 52 20 86 1 98 32 98 17 42 36 63 64 9 21 20 80 70 75 20 27 22 40 77 97 18 27 54 10 17 40 93 48 11 14 63 99 18 73 29 53 0 46 71 80 86 76 11 58 8 12 64 33 64 94 99 31 35 97 42 79 33 97 23 4 32 56 44 34 16 52 36 67 38 66 52 51 22 34 4 91 98 21 23 35 80 26 58 58 99 70 4 98 97 22 5 8 82 14 56 45 96 79 41 86 67 97 72 17 0 82 88 84 22 58 19 61 46 95 26 51 18 20 79 81 77 37 89 92 18 1 48 81 75 0 34 63 55 17 45 54 5 82 82 33 19 95 94 81 87 65 79 42 93 36 92 5 86 3 68 79 95 79 56 30 12 25 44 5 34 23 73 48 7 21 44 57 89 20 9 0 98 92 28 82 19 23 23 28 11 5 98 18 93 29 32 19 11 64 99 81 65 96 10 26 17 19 68 96 29 38 43 5 60 4 58 84 20 31 4 46 88 66 43 12 24 79 20 52 93 91 3 47 35 94 64 22 60 33 19 55 30 67 66 82 28 25 53 51 49 34 51 98 97 5 34 26 93 6 43 74 49 80 23 82 60 31 65 44 2 45 29 22 77 40 96 95 34 12 37 8 85 47 36 29 63 40 41 44 31 68 50 33 
19 38 0 58 53 30 60 6 26 44 2 44 16 46 74 49 58 19 98 38 36 69 50 23 54 58 34 9 2 74 9 88 56 68 47 5 16 67 48 97 89 10 77 30 25 79 28 24 25 67 99 82 7 18 38 71 16 39 22 58 59 17 72 4 55 8 73 40 20 29 86 48 93 96 32 8 72 25 70 3 2 45 74 72 61 25 96 9 43 35 48 14 89 0 11 89 56 29 29 42 90 94 46 60 53 16 45 97 55 10 0 47 1 3 53 63 90 38 76 42 70 25 62 57 68 78 21 86 11 99 34 77 52 13 56 80 29 16 33 9 68 52 37 55 47 95 9 68 82 17 46 54 14 92 14 97 5 25 48 51 85 18 11 37 57 58 95 58 58 78 48 77 98 10 86 68 11 35 82 54 54 10 65 64 34 45 90 96 66 24 22 77 85 86 85 35 50 49 96 18 55 80 77 29 94 96 75 69 73 41 15 86 81 9 6 37 66 33 16 6 18 47 96 68 0 3 52 47 74 86 48 29 12 33 14 12 67 2 48 79 58 27 58 11 36 58 69 40 94 96 49 40 82 42 10 31 25 66 76 32 29 22 52 63 37 12 53 99 89 72 37 94 69 75 25 6 85 81 2 18 47 46 20 66 80 77 55 83 4 37 93 46 47 55 39 99 11 95 27 89 92 62 25 49 22 64 37 2 91 87 73 55 28 92 31 43 59 0 9 48 57 81 6 67 21 66 20 62 98 89 36 35 41 12 22 24 78 38 82 24 7 98 5 10 21 4 16 87 60 43 70 56 85 91 92 29 70 55 26 43 0 34 84 17 23 78 14 69 7 9 87 84 87 87 8 79 23 60 48 8 21 54 91 46 31 93 59 24 10 35 42 15 3 2 46 2 23 0 14 41 
60 85 14 53 74 75 76 40 5 62 71 99 41 93 40 96 15 49 91 1 50 0 8 18 70 33 99 50 56 62 53 43 62 10 97 60 44 64 90 34 19 16 61 87 13 72 76 59 6 13 36 35 61 96 80 71 41 95 92 78 26 69 17 77 55 24 69 56 66 8 85 20 62 56 69 46 59 88 9 62 15 47 81 23 43 82 6 30 1 92 38 30 69 71 72 59 22 67 38 18 35 74 83 55 41 88 12 80 62 79 37 6 98 70 84 53 25 1 81 96 81 61 60 33 18 69 11 10 23 80 76 13 43 45 58 78 8 43 47 18 98 7 9 98 23 6 71 36 26 11 91 5 22 32 49 12 64 12 78 58 35 97 30 30 10 23 3 31 28 57 96 76 76 42 29 87 35 75 39 77 66 51 38 72 74 6 60 79 59 98 1 38 73 23 13 85 85 19 34 94 75 94 55 29 95 10 20 96 93 28 19 99 21 13 47 50 39 16 26 36 52 77 64 27 69 95 9 49 43 65 51 28 4 54 22 10 83 49 24 54 98 87 49 23 68 33 61 98 25 24 79 46 18 76 2 8 64 79 42 19 89 9 74 29 44 97 63 6 65 13 71 33 65 67 67 21 38 99 78 21 50 96 55 59 97 7 72 38 9 45 0 14 86 75 74 68 41 55 52 98 91 5 78 76 50 53 82 60 64 47 80 59 84 58 58 52 53 65 50 16 36 56 11 11 30 11 80 26 82 56 91 25 44 9 77 68 57 91 6 92 1 29 4 95 67 40 31 88 47 60 64 47 22 11 70 45 41 9 73 23 31 28 60 12 29 61 28 68 35 98 87 34 69 13 6 18 21 1 19 92 2 51 62 79 18 8 46 73 72 9 14 49 1 27 73 47 84 45 35 77 
75 86 45 90 48 47 62 27 80 33 70 11 67 78 47 95 24 10 75 46 98 4 26 43 79 50 77 37 72 57 29 34 18 36 31 83 83 31 0 59 55 27 68 50 21 65 73 23 49 45 29 2 60 32 48 43 34 83 27 83 54 81 23 20 42 90 74 70 41 46 3 25 3 73 69 68 36 52 14 33 15 73 52 6 24 50 3 66 76 84 44 8 80 13 53 90 77 26 98 23 22 54 40 46 23 62 28 22 48 92 99 98 57 22 55 44 88 63 4 35 63 75 56 61 37 97 7 42 95 86 3 76 19 1 99 13 63 14 43 52 86 23 7 69 48 16 88 28 76 21 83 46 63 78 23 45 98 98 57 73 10 80 21 52 19 49 56 95 43 50 40 57 73 30 8 68 14 79 69 93 38 30 92 37 86 11 44 89 69 90 98 97 20 14 55 33 6 8 3 0 36 88 56 98 29 50 20 91 54 3 86 0 88 73 34 86 94 28 56 49 17 66 11 66 64 26 15 56 57 37 23 75 85 81 59 22 35 97 84 11 48 8 33 33 1 49 35 77 86 12 96 64 34 3 28 67 91 91 75 16 11 43 49 9 51 45 88 66 98 73 28 72 53 83 37 95 14 44 37 71 11 47 37 38 13 23 37 69 0 9 48 34 68 84 37 65 68 65 57 61 22 24 64 93 68 82 61 54 58 85 5 68 60 49 94 28 1 0 10 76 95 20 17 17 25 99 27 48 18 55 40 60 40 16 92 67 10 23 42 31 93 56 90 7 37 98 46 50 46 89 7 35 97 56 36 2 36 76 11 33 61 29 90 75 75 95 63 93 65 24 48 6 72 85 62 4 22 10 76 43 88 25 7 66 36 53 59 44 88 19 37 73 99 33 58 73 83 23 18 80 
7 3 55 82 9 16 43 13 44 29 5 36 28 98 43 98 86 11 48 28 26 48 4 60 50 13 66 79 81 43 49 75 15 42 6 52 51 45 79 63 6 67 25 85 30 75 99 99 3 62 92 90 24 31 33 93 5 80 73 8 12 51 68 35 82 55 15 99 35 80 64 25 25 68 28 33 84 8 83 76 82 2 62 29 53 52 96 12 37 77 74 69 80 19 75 88 11 25 32 68 27 81 47 41 27 8 78 48 44 29 50 82 99 32 25 30 9 12 85 99 29 14 66 89 53 7 85 37 50 96 10 23 90 20 63 63 19 96 74 91 57 54 82 4 10 42 16 4 85 57 79 39 9 66 53 93 28 87 72 58 60 48 37 87 44 90 38 48 82 38 54 78 0 47 41 75 80 97 81 88 68 20 12 31 82 37 2 24 24 15 94 73 12 56 8 40 10 93 10 64 14 76 88 48 7 56 80 99 20 90 26 5 39 14 34 41 67 35 59 51 30 31 60 71 22 67 17 19 31 19 44 82 86 12 53 66 80 9 35 55 50 79 35 72 40 33 18 13 60 64 30 2 20 20 69 51 50 86 98 20 83 70 52 15 18 20 28 87 11 87 97 64 7 90 90 65 77 23 88 64 65 28 32 24 41 84 39 87 5 22 52 62 67 0 6 18 38 2 63 24 23 12 44 49 98 14 14 11 50 10 55 86 71 63 13 62 90 76 40 91 34 15 19 86 46 75 89 52 87 60 40 13 96 97 6 47 83 38 94 66 85 72 85 10 5 6 61 11 1 29 61 20 1 5 71 28 12 81 47 52 53 29 16 81 42 67 32 65 95 20 23 75 40 64 28 8 43 87 0 60 97 93 46 34 79 61 55 43 18 81 70 95 30 41 83 77 70 61 94 52 
12 79 1 42 62 62 21 94 6 7 53 24 98 66 59 68 87 21 53 79 47 91 7 97 96 64 1 44 11 2 48 63 61 35 24 27 0 53 88 54 57 67 53 4 21 62 16 99 54 54 47 9 71 75 26 81 2 94 34 46 93 96 1 95 7 40 63 12 25 43 73 48 4 61 64 64 72 11 52 78 86 29 26 29 98 13 78 80 49 63 17 9 76 30 18 20 68 10 23 40 5 87 39 45 36 55 22 51 26 92 56 94 73 44 13 58 25 65 5 97 44 99 87 11 9 39 15 13 99 97 81 41 36 85 4 88 52 75 66 9 12 97 72 46 42 33 70 73 79 43 33 13 43 30 84 20 76 45 60 95 37 49 47 39 79 26 34 58 60 51 38 72 60 6 28 7 6 95 91 9 49 39 75 79 78 84 20 1 79 47 9 89 64 15 69 80 49 8 22 47 85 42 16 61 57 75 40 21 48 94 14 23 18 29 31 24 26 53 39 38 92 29 2 64 74 5 1 33 31 48 76 50 58 40 49 91 88 12 7 43 68 57 5 67 98 37 85 47 78 30 92 6 78 55 2 91 35 0 29 61 95 10 59 40 23 37 21 0 96 9 55 65 11 14 36 44 93 36 76 25 98 5 65 5 30 9 90 19 65 13 79 81 15 79 84 28 4 89 20 48 89 2 54 57 96 60 21 86 40 48 97 6 67 68 80 61 66 51 34 3 90 18 77 36 91 13 24 67 34 20 69 56 67 15 1 92 23 55 35 15 34 11 60 45 40 73 98 51 4 30 22 72 50 93 88 92 77 94 97 49 60 50 30 0 27 84 75 89 4 55 29 72 31 11 97 7 85 42 78 50 20 72 62 62 59 44 79 37 67 16 12 77 39 99 33 79 60 30 78 34 
60 21 20 96 52 18 92 95 83 61 22 52 85 54 45 48 15 81 88 88 41 89 64 55 6 87 79 86 18 51 64 59 26 7 32 44 8 82 17 54 57 84 64 9 99 5 20 83 22 75 53 49 41 39 35 68 73 66 35 0 14 32 6 69 15 2 88 35 75 5 27 36 43 94 41 66 90 95 55 22 66 30 51 15 77 40 91 36 0 20 79 62 91 42 32 76 81 62 18 7 89 2 3 68 21 7 97 59 47 86 34 34 41 85 30 39 80 83 21 90 88 66 85 67 17 91 86 63 94 8 52 60 15 37 73 14 84 7 8 75 21 48 33 23 90 42 6 96 47 8 97 67 20 50 98 68 93 81 4 59 2 22 59 83 13 90 57 83 36 74 22 67 56 71 76 36 30 4 62 55 33 35 15 11 88 22 34 77 10 23 1 95 27 26 7 20 1 93 55 23 55 56 22 70 28 58 42 25 60 39 24 39 22 68 18 5 29 60 81 61 56 13 54 80 39 34 40 42 65 22 26 89 39 65 97 85 70 28 64 87 52 11 82 65 31 27 43 9 90 78 27 12 80 26 19 29 86 64 34 42 80 5 11 10 55 45 3 63 13 19 94 22 94 21 33 5 30 80 75 56 67 19 95 47 93 92 44 63 58 63 0 71 50 86 42 21 55 8 68 49 50 14 72 73 51 99 73 54 57 79 19 54 65 58 15 38 67 18 25 46 29 46 91 6 44 21 67 67 32 30 20 47 64 45 21 89 66 42 5 1 76 88 2 14 67 41 53 17 34 28 81 45 46 91 27 11 89 86 22 32 57 52 94 80 3 96 55 61 59 79 35 21 46 60 3 25 65 7 73 2 59 30 86 40 2 45 96 41 74 38 62 75 83 16 91 33 11 99 4 86 
31 4 1 51 87 21 21 50 35 64 85 76 61 12 94 17 68 84 90 12 17 15 65 92 36 60 20 45 25 99 85 4 89 78 16 82 79 21 41 90 26 16 60 37 29 47 18 97 60 52 40 94 64 71 89 60 58 90 86 81 76 58 38 58 25 94 28 31 35 86 67 56 1 35 41 14 5 53 89 15 74 57 11 48 55 76 19 23 32 44 72 96 25 21 18 69 4 43 52 6 90 30 59 66 1 93 77 22 99 67 25 77 47 7 71 93 92 84 86 68 55 24 57 35 58 84 3 96 37 48 78 2 44 43 61 41 9 58 84 37 47 74 28 95 98 43 60 38 73 93 48 92 34 68 60 2 93 88 91 40 48 67 92 7 26 39 4 15 57 99 50 57 44 8 55 26 56 35 86 18 90 57 11 63 89 75 38 24 10 91 63 8 38 19 91 35 90 5 6 60 53 82 30 36 81 51 18 98 91 88 93 55 93 39 4 88 49 45 79 17 11 67 59 85 54 60 3 87 23 16 37 23 82 40 18 22 81 1 13 78 93 75 28 65 32 55 39 19 25 78 47 22 98 6 67 90 84 10 28 58 98 30 54 89 43 74 76 84 57 8 88 11 22 94 44 85 82 0 84 13 1 38 5 7 35 14 94 88 64 85 1 30 93 82 0 53 12 78 37 49 87 98 46 44 52 82 61 47 16 24 59 34 77 89 55 27 44 10 73 83 43 5 28 79 75 28 41 84 42 86 69 2 7 85 44 38 37 40 71 34 97 86 71 21 62 27 67 27 43 98 52 86 12 86 19 2 73 36 91 90 32 89 79 87 83 64 90 56 9 99 97 59 53 99 46 19 11 80 46 47 79 29 67 13 40 76 51 23 46 26 87 54 26 50 9 67 9 43 80 3 
74 58 41 90 40 53 98 47 57 8 72 46 61 73 6 94 41 23 8 53 10 99 53 33 45 63 69 99 40 82 30 27 22 83 33 49 39 57 23 2 42 39 57 76 24 77 77 59 77 7 5 64 49 69 97 90 55 87 8 98 61 89 39 79 48 33 78 55 97 3 11 48 24 30 16 14 32 9 75 16 84 9 0 18 4 69 15 62 3 78 78 69 83 52 65 87 65 40 80 78 18 64 65 28 3 71 70 92 45 18 81 78 77 3 15 97 46 47 22 64 42 28 67 72 78 79 14 53 60 28 50 51 39 94 44 90 90 20 7 1 16 30 31 0 84 3 79 45 71 68 87 45 74 25 30 26 14 90 15 50 33 93 34 93 87 66 61 92 41 31 23 22 28 26 13 79 77 83 88 27 8 74 98 68 46 57 96 75 88 90 79 97 60 59 14 48 54 33 80 95 24 26 10 27 90 2 99 51 4 85 77 34 44 95 99 30 47 12 97 53 91 97 12 48 66 50 7 22 57 30 53 6 87 23 68 10 40 67 16 91 98 16 84 15 95 74 14 43 79 10 97 49 75 12 96 99 50 90 5 37 11 8 51 67 19 44 64 26 80 15 13 84 95 47 47 6 6 70 94 18 56 67 68 14 21 88 8 91 57 36 64 45 56 1 32 98 24 4 71 17 2 19 90 21 45 20 43 2 48 25 4 80 2 36 50 17 68 87 72 68 77 38 11 87 97 92 38 24 48 87 65 52 96 4 99 67 14 70 52 56 21 62 0 56 88 99 18 57 56 95 4 13 80 21 80 58 97 45 70 13 49 9 22 54 12 77 80 30 73 1 58 79 89 53 22 19 26 69 85 52 82 6 36 55 46 2 37 52 16 7 7 4 66 86 89 72 98 25 93 21 
43 13 13 4 41 54 98 44 76 31 35 14 5 2 19 93 97 31 87 42 74 8 91 45 80 62 52 13 24 86 17 60 87 42 4 23 28 69 72 52 11 95 52 76 13 78 26 36 71 62 69 2 20 27 9 94 81 53 97 6 28 47 17 76 13 20 24 83 31 50 79 99 9 75 92 66 55 78 85 95 48 73 97 24 33 56 4 8 12 35 81 38 5 44 13 5 41 47 37 24 57 65 72 52 1 14 46 31 41 94 72 63 86 50 13 28 50 40 73 62 50 84 32 22 80 25 77 86 68 87 7 43 74 34 23 51 88 55 11 12 46 2 87 0 91 4 38 53 70 69 32 30 61 81 45 26 40 94 0 40 5 37 1 92 14 53 92 78 24 8 51 4 67 94 81 77 42 83 89 31 89 52 16 96 80 96 22 41 65 63 28 86 72 91 25 50 70 7 58 18 0 48 34 64 66 42 28 2 36 31 23 87 95 77 15 53 59 38 97 51 63 64 91 25 70 79 53 18 93 26 87 2 57 47 64 4 34 70 82 65 8 92 67 1 41 53 71 33 59 48 11 98 7 13 74 93 6 59 30 56 99 55 29 31 14 45 80 91 56 14 56 19 42 10 15 76 38 30 77 75 55 28 4 76 28 2 49 37 4 93 36 78 33 59 57 16 63 14 64 85 42 62 13 67 98 93 69 9 94 82 85 92 95 20 24 77 19 79 71 42 97 71 55 59 98 80 95 7 80 22 94 71 2 19 39 47 49 81 27 15 78 23 27 39 80 59 18 10 34 37 54 35 64 83 6 97 26 80 22 61 50 42 19 57 72 99 36 71 14 50 98 7 85 27 58 45 13 12 40 14 91 50 92 16 93 20 82 45 46 34 4 77 4 40 27 38 46 71 29 64 
86 36 53 16 75 73 20 9 82 81 76 14 34 80 2 95 21 1 7 82 13 33 55 27 15 17 41 39 18 52 94 18 39 80 74 67 1 29 7 8 83 1 19 30 1 97 56 18 91 16 45 45 11 51 48 25 37 5 86 72 76 4 95 36 60 48 7 76 9 42 64 94 93 36 29 33 94 59 10 9 95 16 96 93 85 43 7 56 0 5 95 40 98 13 80 27 42 46 69 46 78 42 95 90 31 18 69 24 9 4 71 65 1 89 96 11 41 17 8 83 48 11 98 71 62 70 52 42 95 40 84 73 9 44 83 25 62 43 77 26 68 54 36 22 90 83 48 38 50 89 14 40 67 57 63 82 8 23 68 38 37 32 72 79 36 8 38 6 97 75 55 52 25 44 89 59 21 82 65 75 5 99 43 67 23 2 64 17 30 99 36 46 35 20 29 37 86 78 18 78 88 42 8 37 23 94 66 92 31 3 55 10 32 63 29 49 60 41 75 39 26 8 52 39 94 2 18 54 48 15 4 28 35 36 16 46 7 4 19 51 99 24 70 90 50 17 65 42 32 0 10 73 83 41 32 97 4 77 72 16 68 93 60 49 83 86 90 63 12 58 60 98 53 94 26 84 39 10 23 77 73 74 47 34 86 42 75 71 97 73 95 75 96 1 6 76 55 82 48 95 34 20 80 41 29 25 78 19 8 40 34 59 26 51 7 23 45 31 71 89 79 85 59 36 36 15 13 82 15 81 76 11 33 6 64 29 44 62 83 16 28 20 48 31 16 23 9 72 35 48 62 52 76 75 8 31 22 24 42 19 12 8 95 66 98 80 12 81 57 47 37 82 32 51 99 14 10 78 79 32 21 50 41 4 19 2 53 79 16 30 5 42 65 17 65 9 8 86 44 62 
76 90 4 50 42 7 8 68 52 72 43 11 69 71 55 93 53 59 43 93 10 55 98 12 46 62 50 11 76 21 36 8 82 33 84 12 16 86 83 60 66 25 66 78 34 32 74 74 64 68 30 40 54 33 41 36 32 30 45 1 36 27 79 26 70 50 12 79 38 62 87 62 89 89 80 57 68 34 48 11 90 54 38 81 30 50 38 91 14 72 56 67 26 97 90 69 80 80 65 91 82 29 34 59 68 16 57 63 88 59 54 77 75 5 91 31 14 5 12 28 96 74 85 16 38 40 33 28 96 95 84 9 22 30 58 71 91 91 0 1 65 77 84 48 10 77 48 99 4 82 8 8 23 19 41 84 26 78 96 68 83 31 83 53 25 85 12 29 31 96 23 66 39 66 18 11 27 23 43 49 70 44 58 31 22 23 36 29 44 53 19 29 12 91 42 67 20 2 72 70 67 12 36 79 7 92 88 90 42 93 10 36 35 41 78 36 97 66 49 0 4 52 94 90 4 45 19 49 30 36 30 70 60 88 56 20 28 33 81 55 44 9 86 72 88 32 4 72 60 64 66 36 44 46 68 3 54 29 64 26 39 57 65 48 12 71 35 52 22 87 2 12 72 85 11 63 44 65 27 58 40 93 73 66 66 89 38 33 38 5 6 80 95 85 46 96 73 36 28 72 42 29 79 9 70 71 96 98 79 32 56 27 8 1 27 45 69 48 24 80 76 74 73 47 71 22 26 79 70 65 29 91 94 55 88 67 98 50 55 0 65 77 55 14 45 64 56 51 42 43 66 51 33 0 97 61 70 17 43 73 40 33 96 86 53 37 29 18 61 2 70 7 3 25 40 28 13 91 23 52 40 38 87 99 84 47 46 71 57 38 21 89 34 15 30 52 52 35 85 29 
75 70 62 19 88 50 79 21 50 24 94 42 7 17 1 79 50 12 23 92 22 33 10 84 80 53 31 46 85 21 98 12 30 4 55 25 8 9 27 52 8 4 71 2 55 44 70 88 97 53 37 89 87 67 40 85 51 54 39 43 43 19 22 84 32 79 72 73 48 7 62 17 13 4 27 6 21 99 79 34 3 0 0 25 0 86 96 29 29 22 25 80 10 33 38 5 32 71 11 34 55 98 10 25 75 62 6 86 36 78 68 24 56 75 92 46 35 52 50 23 45 65 34 85 99 16 73 75 23 56 70 69 33 20 88 56 42 16 20 30 61 94 92 82 22 8 97 92 34 43 62 88 72 51 15 73 49 38 49 97 11 42 86 29 87 23 27 29 44 37 48 17 50 37 29 66 47 17 34 28 29 53 40 80 96 17 50 53 33 16 32 19 46 70 95 91 80 77 21 41 23 24 12 15 85 52 9 77 86 64 29 78 78 25 51 30 80 97 91 88 77 19 15 98 92 42 41 22 36 65 72 92 99 15 66 53 14 32 49 90 8 0 72 49 39 14 45 11 64 92 64 35 75 29 74 26 88 99 67 47 76 18 77 25 34 9 67 15 39 15 53 19 92 81 96 82 95 30 92 2 37 3 27 73 47 44 73 6 18 10 22 78 79 54 16 56 70 38 42 8 30 59 77 88 94 59 64 32 59 28 17 24 94 92 77 39 7 10 60 14 46 77 23 22 89 68 57 10 94 66 93 65 15 67 96 26 19 18 14 20 70 12 63 36 79 60 46 61 65 93 38 36 13 70 91 8 11 72 52 19 39 25 50 73 16 62 7 5 77 78 84 85 96 38 60 43 13 68 70 22 92 4 96 26 38 87 85 55 75 30 40 18 79 75 19 49 87 46 26 0 
62 87 83 28 34 74 58 17 59 47 53 31 21 3 78 16 53 62 96 8 11 50 51 56 5 80 38 60 7 6 89 31 78 29 91 69 6 4 94 77 97 20 38 55 79 66 12 47 99 26 23 34 71 60 95 52 46 0 19 3 85 74 16 24 4 16 88 55 2 64 56 75 48 53 38 83 54 53 46 62 30 42 31 58 74 69 72 99 16 28 76 30 56 34 51 44 0 65 94 23 34 70 88 81 43 1 66 62 31 72 47 51 45 76 24 95 96 99 68 65 34 54 24 16 84 86 53 34 38 50 28 0 77 55 86 28 62 56 7 97 52 79 73 71 53 19 74 86 45 59 90 25 36 3 82 26 29 10 71 72 99 52 83 7 67 97 97 31 93 74 16 83 27 46 30 92 76 35 93 95 54 2 93 27 67 0 75 19 44 2 9 14 78 16 19 15 4 62 90 8 5 47 84 5 56 61 79 22 81 16 24 41 54 34 26 61 82 63 59 76 12 11 51 21 79 48 68 61 81 60 21 51 77 27 70 75 34 96 35 45 45 54 17 69 33 9 85 24 17 50 66 68 41 63 73 65 55 58 30 1 53 21 98 61 98 2 7 56 53 36 64 47 22 73 58 82 44 93 22 87 17 80 59 56 72 67 34 21 97 53 40 14 68 87 49 14 3 92 59 9 97 15 88 95 83 97 0 73 34 8 8 27 9 36 7 95 36 52 15 6 13 4 40 4 70 84 21 57 40 13 66 81 15 50 80 59 37 47 70 25 79 17 69 63 25 72 83 94 30 24 85 11 88 85 40 37 0 55 83 79 33 86 31 77 14 42 32 84 42 45 30 11 80 71 47 89 81 71 61 89 72 41 93 37 16 99 85 62 58 19 88 43 87 25 0 60 66 5 60 21 
65 44 10 31 36 36 7 69 2 81 17 3 16 9 50 88 8 50 27 58 38 54 9 86 13 12 51 51 0 69 28 98 54 65 43 4 39 23 33 13 59 50 1 17 41 18 79 43 45 38 49 91 30 79 41 19 71 61 33 94 11 49 23 81 34 90 37 79 77 64 60 66 65 26 63 6 20 3 59 90 93 99 40 17 53 98 31 59 34 86 66 56 51 73 50 44 72 5 96 23 67 35 14 18 15 53 25 99 20 19 91 58 27 97 97 21 88 31 78 33 49 97 37 61 4 16 1 35 84 57 31 65 16 32 69 65 45 79 41 84 73 0 27 47 67 0 10 75 73 46 35 7 76 8 40 63 15 8 24 11 95 29 56 56 65 31 90 11 39 12 39 4 36 65 71 68 10 73 11 74 79 96 42 18 20 26 69 63 87 56 15 31 75 35 21 69 12 89 25 62 90 29 17 27 96 46 82 2 67 10 38 38 3 43 91 84 32 62 89 28 89 52 93 37 7 22 47 39 87 48 9 41 37 72 73 82 65 27 6 72 91 8 61 13 71 4 93 57 72 90 68 12 48 36 64 34 16 66 54 87 14 97 0 70 32 14 45 17 87 4 73 11 80 28 54 33 2 12 18 1 80 17 9 59 20 28 18 76 8 79 37 29 40 77 4 14 68 96 3 71 67 58 68 91 80 64 95 90 12 45 12 50 73 15 90 6 25 37 32 55 66 5 26 0 13 6 18 80 52 88 92 77 68 51 95 55 47 42 64 33 10 32 52 15 14 56 17 45 40 45 5 71 83 84 83 29 73 90 90 49 36 64 23 22 18 96 45 23 43 52 47 37 35 18 26 78 76 44 7 27 40 25 87 26 66 92 13 67 57 79 56 40 17 59 78 87 38 17 96 57 
18 20 95 99 19 30 13 31 77 48 76 93 61 94 16 39 99 69 20 59 59 43 67 50 34 40 43 40 79 27 10 22 60 1 99 39 91 43 79 40 84 2 44 74 68 86 14 28 42 20 80 4 6 96 1 78 7 77 71 40 18 48 72 61 35 51 52 4 38 15 6 42 66 7 35 59 16 83 58 22 4 83 4 59 83 8 84 1 33 37 90 39 25 22 50 88 57 21 86 63 44 21 99 20 81 64 40 27 61 83 79 24 36 27 6 72 40 90 29 71 87 84 92 47 38 39 4 59 17 33 97 75 21 49 82 55 24 3 56 83 52 36 60 74 34 89 4 82 84 42 4 43 57 18 9 93 84 69 5 71 16 6 56 25 10 71 99 14 71 90 83 87 28 68 36 26 7 71 87 18 88 8 96 81 39 67 40 68 20 35 86 96 68 56 69 21 46 7 45 63 11 87 89 22 97 61 96 2 74 39 43 99 83 16 79 27 46 95 90 17 65 5 64 9 0 35 10 94 58 93 6 42 75 56 14 64 24 74 17 66 31 91 99 70 61 46 11 54 29 30 35 47 31 98 36 62 13 24 60 64 37 49 48 68 39 91 65 14 68 83 92 59 55 61 88 98 46 22 5 89 57 32 15 84 95 16 29 49 89 69 98 16 67 7 64 33 91 86 55 60 53 16 72 92 33 80 43 8 87 52 29 86 4 30 78 12 23 74 82 35 19 51 78 50 32 19 94 0 0 0 64 18 27 45 23 87 29 8 98 84 63 97 67 49 28 78 7 9 50 40 58 95 43 51 86 61 73 82 1 6 10 25 12 22 71 94 71 33 19 9 93 29 47 59 58 19 97 69 24 40 97 27 70 75 10 11 16 34 25 78 35 62 75 49 19 71 56 35 86 36 
28 43 6 75 37 63 95 12 53 60 47 95 22 65 54 63 79 76 26 45 56 68 30 57 97 64 76 15 51 24 97 4 19 2 48 11 99 14 23 83 54 37 37 90 72 99 98 24 22 23 49 60 91 1 75 83 55 22 77 31 19 98 51 85 5 14 2 13 89 62 39 97 36 58 57 97 23 93 42 58 92 91 16 2 17 35 78 71 73 11 52 86 16 7 18 1 41 67 53 84 25 45 30 57 77 74 73 43 48 56 13 8 12 55 33 85 18 16 34 65 20 51 2 4 94 88 48 51 27 53 57 49 21 82 99 8 35 36 51 48 46 46 24 27 26 21 6 82 39 35 57 78 75 26 62 35 70 26 51 5 75 60 69 28 52 36 69 1 46 98 32 89 77 72 44 70 51 60 44 52 51 0 81 2 63 89 42 80 83 83 52 8 42 77 23 24 55 93 21 29 88 75 88 34 66 59 90 6 14 44 95 84 54 34 27 64 86 86 48 74 69 45 98 79 63 22 45 37 93 84 83 28 23 15 67 74 28 14 37 38 91 9 75 53 77 11 3 1 94 35 62 67 29 74 56 10 86 16 72 88 26 89 39 1 54 2 13 58 43 56 12 79 66 23 35 60 10 18 69 24 79 14 98 3 53 16 77 3 0 44 40 25 43 36 61 65 62 48 45 25 52 91 26 53 4 86 33 96 40 27 36 86 75 73 8 19 32 2 34 32 8 21 25 83 22 73 36 7 5 33 84 72 22 38 44 83 80 66 59 42 76 58 73 11 36 22 50 71 11 72 88 9 58 98 3 23 46 24 41 24 89 1 54 86 17 33 86 42 47 95 10 6 96 43 1 98 86 39 14 10 4 90 48 59 43 89 53 60 48 33 8 19 98 96 47 44 94 28 92 1 
35 37 50 83 67 2 22 88 95 67 30 41 82 96 81 77 66 41 92 7 98 60 85 1 91 95 95 50 7 87 85 13 22 88 46 26 53 68 32 28 49 50 28 63 78 14 5 33 75 2 8 60 55 46 8 89 8 72 61 95 71 26 11 33 96 13 40 46 15 55 41 39 75 59 9 29 55 52 26 36 62 15 57 42 43 77 32 40 97 69 19 96 59 45 0 94 20 70 70 12 4 60 83 16 46 4 44 19 1 98 66 40 36 58 31 1 15 62 99 22 55 24 71 92 77 56 5 0 6 21 13 83 37 0 43 96 45 56 43 0 0 92 6 69 76 42 93 74 46 90 71 70 89 11 62 16 56 55 30 62 42 92 85 8 88 33 26 86 36 87 48 64 1 18 73 55 11 7 40 89 80 59 97 69 15 32 35 55 56 54 98 32 96 73 69 95 31 5 21 7 91 2 72 33 43 81 21 36 80 30 77 97 50 27 76 70 98 25 76 22 34 46 87 8 45 23 87 7 97 10 43 15 63 35 67 76 94 31 52 31 67 49 73 11 55 25 66 2 77 24 99 20 37 73 27 51 13 97 93 64 15 58 54 73 15 55 53 28 19 69 92 22 68 69 39 27 51 36 73 33 72 67 29 74 9 29 35 8 66 17 48 47 72 4 8 90 56 62 85 42 77 80 46 73 88 62 86 72 59 30 59 74 47 17 90 4 59 52 47 25 86 70 16 24 20 24 39 77 4 57 57 1 88 58 49 54 14 65 93 58 94 18 1 5 79 42 42 17 86 0 87 90 60 76 61 91 4 74 72 87 57 38 99 71 65 53 48 6 74 80 13 58 64 32 70 87 51 38 17 78 18 43 30 68 61 87 54 26 31 58 82 15 59 35 76 80 19 28 78 80 
45 77 66 68 73 84 85 48 64 37 14 10 48 71 73 62 0 19 1 76 1 96 71 30 96 78 56 81 54 95 32 33 10 86 44 75 22 70 17 95 61 67 6 94 91 19 33 18 1 24 76 71 78 92 17 40 34 97 46 50 3 13 83 64 1 9 6 56 2 66 64 73 94 24 65 66 95 39 75 85 36 50 60 31 19 30 25 60 16 19 88 50 93 60 92 11 95 77 82 78 38 32 68 69 99 69 3 53 69 31 58 58 54 45 65 6 79 46 51 14 31 35 60 74 44 63 10 18 11 21 6 66 76 44 61 76 17 92 32 75 47 47 89 34 78 90 10 97 3 88 71 68 78 7 43 33 76 94 71 42 13 3 15 4 31 27 33 62 39 54 35 41 96 51 63 24 80 27 53 67 65 88 81 23 69 26 89 32 66 77 97 43 45 18 81 95 72 51 87 34 65 80 97 51 5 91 61 38 77 38 80 33 39 95 96 94 93 48 86 35 53 84 94 20 64 94 47 39 37 41 82 8 40 56 10 28 32 99 51 64 60 97 56 70 21 71 17 99 17 29 57 93 74 72 59 82 1 59 59 90 21 34 63 9 19 40 98 21 88 51 21 35 37 82 77 12 37 62 68 62 21 57 63 14 55 75 71 12 1 1 31 89 12 48 62 65 38 18 25 65 85 12 11 51 25 99 43 15 45 62 89 88 61 52 69 67 22 14 32 35 51 48 84 11 99 89 31 80 78 12 87 93 96 24 16 55 51 58 57 28 25 81 8 81 74 66 40 76 95 90 28 11 55 89 74 9 93 71 73 32 94 73 55 57 52 44 49 32 19 30 28 87 19 46 40 92 71 88 15 56 85 53 1 47 21 78 89 38 2 64 14 8 22 84 98 64 81 85 11 73 
18 18 64 55 37 64 18 73 12 64 65 12 36 69 8 19 10 4 60 36 30 15 96 66 11 31 92 18 40 33 87 43 75 64 45 85 78 93 99 58 98 11 1 40 84 88 64 17 21 88 17 35 42 24 52 38 52 61 17 77 80 98 84 81 62 35 55 52 71 4 52 49 80 14 68 27 93 72 36 94 34 48 62 56 97 71 98 33 49 58 84 54 77 67 29 68 67 99 46 93 71 53 76 22 46 83 50 49 24 35 75 89 42 2 64 47 16 84 37 99 82 98 79 92 8 75 33 24 87 24 73 95 30 44 14 62 5 68 99 43 65 39 22 7 12 0 98 43 46 75 59 23 12 65 88 85 72 80 97 44 97 10 29 43 28 29 1 96 68 79 35 33 30 63 2 63 92 60 10 5 67 40 42 2 42 67 36 53 33 13 5 61 82 90 42 41 6 76 22 89 31 94 53 2 97 63 92 79 43 61 10 16 47 19 47 71 57 17 15 9 83 94 29 86 41 94 44 20 35 5 17 81 99 24 46 23 5 19 59 51 32 18 84 53 23 40 58 75 83 89 57 21 43 23 28 68 18 19 70 33 76 13 46 87 87 77 46 59 87 51 22 84 43 45 50 80 22 75 42 66 26 92 93 48 24 48 48 62 97 93 58 91 56 50 20 60 23 92 21 99 6 3 16 86 69 85 96 88 33 49 25 99 2 35 60 6 71 33 19 69 47 13 50 63 95 13 5 63 16 47 43 54 82 27 70 76 48 18 52 89 6 32 45 7 73 88 98 37 19 26 26 93 11 37 55 72 41 83 87 65 12 45 51 61 3 31 24 79 63 84 12 57 55 14 99 65 81 93 15 70 68 23 73 77 77 59 21 71 39 54 71 42 77 27 91 12 14 68 46 94 
7 27 42 49 20 29 3 17 42 52 91 28 10 1 83 9 46 70 0 32 24 4 81 45 51 59 9 90 22 72 51 94 54 55 44 20 35 99 25 53 18 35 74 89 2 54 70 51 61 93 11 18 64 27 28 30 85 46 54 4 95 28 76 27 55 40 55 11 34 22 84 67 19 13 15 89 59 59 60 32 14 18 43 17 19 1 78 98 43 24 50 17 66 73 14 80 70 55 18 25 5 84 22 59 28 17 71 57 93 73 6 31 37 68 93 11 78 13 81 53 65 57 48 54 58 53 39 13 40 38 79 84 34 84 1 6 46 49 98 9 9 70 76 61 11 95 86 65 61 39 74 74 72 82 45 58 91 34 79 32 52 90 16 68 39 70 34 60 44 76 92 52 74 8 62 13 27 18 25 42 42 34 49 50 95 29 38 34 14 30 56 42 66 52 50 51 59 38 21 76 78 94 16 87 52 58 39 49 86 59 77 24 63 72 14 41 42 28 89 10 70 39 0 98 91 86 33 94 35 68 49 18 13 67 72 1 64 71 68 5 35 66 49 19 59 4 0 14 2 9 2 69 63 4 5 53 14 30 57 19 62 56 92 60 91 59 30 43 65 21 2 95 66 57 50 60 95 34 93 45 6 70 83 20 26 21 45 74 31 15 82 34 36 78 76 11 34 62 31 48 99 59 6 68 83 13 24 3 57 15 91 51 30 2 75 30 85 98 80 67 19 72 3 43 45 26 14 94 74 73 51 45 74 85 71 19 99 82 55 59 36 13 87 20 99 32 21 56 31 95 60 76 65 67 57 0 74 44 38 35 22 50 69 86 27 15 4 77 41 44 59 32 9 77 89 51 76 54 2 9 77 20 56 22 65 95 44 24 30 56 36 34 66 50 71 14 89 17 0 53 
14 12 91 52 54 39 24 49 73 59 38 62 5 29 19 65 32 16 72 21 57 35 43 68 74 34 7 94 53 3 8 25 64 64 76 69 74 16 46 57 46 3 48 10 86 94 58 8 52 94 49 20 20 35 20 17 59 88 34 17 6 5 96 17 89 10 42 91 65 34 53 96 32 42 26 6 57 71 1 24 60 53 22 76 50 62 48 4 8 70 44 32 28 68 84 22 93 24 53 19 24 43 34 25 6 64 30 58 44 96 96 96 97 53 72 33 35 34 20 94 57 98 1 74 63 54 48 12 90 84 9 8 2 33 97 77 61 57 57 1 73 22 10 49 89 18 19 61 96 89 59 90 19 62 68 76 52 72 11 94 10 28 13 75 51 18 37 96 64 73 43 60 64 83 96 11 67 4 51 86 80 77 0 69 85 45 83 53 58 83 90 21 60 30 7 56 80 20 4 61 63 97 88 46 27 64 63 53 11 67 28 56 59 32 34 18 91 98 48 55 9 61 86 84 25 61 33 46 64 49 28 61 14 79 36 36 8 98 69 87 46 28 42 48 6 37 6 62 17 7 72 75 30 64 16 48 32 93 4 98 67 64 66 27 90 36 26 89 43 31 94 67 39 41 92 58 84 88 48 69 88 19 67 43 4 30 55 84 89 94 35 23 85 1 58 28 2 17 39 62 94 29 72 50 34 92 79 41 85 69 8 78 75 82 80 7 75 49 62 41 17 0 48 54 43 16 32 75 10 68 91 63 23 39 53 39 60 31 7 77 97 72 90 38 59 76 29 6 52 92 16 39 42 79 29 15 24 13 31 53 87 3 2 27 18 89 15 71 84 76 84 3 69 45 17 68 67 49 0 69 70 10 82 5 10 63 39 89 9 12 24 22 12 68 91 47 25 54 44 97 
86 9 53 79 12 80 34 1 3 77 18 84 57 41 80 40 73 52 6 48 5 13 32 45 81 73 88 70 58 64 56 39 59 12 96 89 31 21 69 36 15 73 75 30 5 0 50 55 94 42 30 21 48 36 93 99 31 29 83 4 20 26 49 57 74 0 27 8 25 60 38 54 0 43 2 39 35 23 47 31 17 66 43 96 2 45 31 95 44 44 77 15 48 32 74 56 79 85 67 68 90 37 45 2 93 64 33 40 26 58 53 59 62 50 84 16 60 57 96 90 83 26 38 21 32 54 2 48 35 11 72 26 46 77 77 9 82 77 70 81 55 1 30 4 30 23 62 50 73 2 50 43 21 15 38 2 67 16 26 16 45 90 1 62 14 50 44 71 92 88 18 37 25 68 63 70 96 46 53 58 25 93 47 91 8 51 80 59 66 23 22 85 25 98 52 47 5 77 72 95 98 3 53 5 68 88 24 36 16 9 5 54 93 95 57 45 39 38 14 20 79 93 22 22 71 11 55 42 27 31 46 94 84 24 55 72 12 71 36 54 59 74 70 81 12 15 4 22 23 48 50 0 45 63 9 32 88 69 79 34 81 95 65 55 47 57 39 19 10 10 77 85 32 64 99 33 50 16 70 78 10 81 5 76 32 86 88 95 59 12 64 64 30 36 87 75 26 69 91 82 13 50 9 97 95 98 18 67 36 72 49 80 30 73 66 43 5 60 16 34 48 80 50 31 66 40 14 53 9 95 97 88 65 81 85 98 81 2 85 62 57 42 27 65 27 60 59 58 23 3 67 9 60 10 16 96 77 6 80 34 93 1 82 85 39 45 73 66 68 27 97 51 29 65 42 80 52 39 6 68 38 45 73 90 82 72 75 71 76 46 27 34 85 22 9 19 2 64 29 96 
83 29 53 97 1 67 83 14 1 76 72 42 99 68 84 18 43 35 48 27 39 27 23 8 5 86 76 51 82 76 96 14 91 56 23 17 75 83 93 90 86 37 57 8 49 2 34 12 81 68 53 96 4 27 58 57 53 25 81 40 72 36 71 24 10 96 13 50 90 1 38 13 60 48 29 17 92 57 49 61 86 38 14 96 69 41 2 84 38 3 30 64 87 80 71 40 95 97 96 29 7 57 32 59 22 7 60 9 61 96 35 32 21 8 93 4 29 14 17 2 47 44 97 95 75 59 61 43 50 7 88 78 16 3 12 7 48 9 57 54 14 95 88 95 95 48 52 23 4 36 13 98 49 81 91 94 44 43 32 95 92 43 1 40 72 8 2 49 94 77 2 5 10 46 90 62 95 85 92 75 79 52 59 97 50 68 91 13 31 47 27 28 76 83 55 56 87 86 10 51 25 41 41 45 30 89 44 22 85 82 17 44 97 18 38 3 8 66 15 59 99 71 5 50 11 72 37 17 6 2 0 14 88 24 90 44 88 48 69 35 78 69 31 3 67 43 92 55 91 32 49 68 41 95 15 40 75 91 5 76 28 40 51 53 4 82 75 62 55 63 74 68 25 5 46 84 87 45 11 69 9 56 50 62 44 84 25 86 98 46 53 8 22 61 68 17 8 71 83 88 99 54 55 30 26 18 37 70 87 97 8 2 20 60 42 90 24 48 23 85 52 51 45 46 46 43 71 37 44 79 9 30 85 94 24 68 61 0 58 10 59 20 47 18 24 30 21 23 89 84 49 73 51 76 83 14 54 16 36 43 4 94 18 87 68 65 16 43 51 76 91 71 53 81 80 52 67 88 18 55 80 69 98 93 25 99 2 59 97 23 91 44 57 68 74 51 1 36 84 15 
31 32 25 78 83 99 78 17 75 53 70 42 60 61 16 62 82 23 77 53 20 55 15 55 82 54 17 40 98 28 37 23 46 61 19 50 93 8 99 65 83 40 82 25 93 1 69 71 36 88 49 57 26 22 77 64 4 34 18 88 33 35 33 43 50 15 35 60 81 91 53 55 72 35 28 72 68 82 45 53 53 97 34 91 83 47 66 37 57 25 55 59 78 43 84 65 49 83 35 72 49 43 37 19 65 53 52 42 68 43 50 47 72 88 80 31 88 34 19 39 59 76 6 42 63 46 60 78 87 15 24 9 56 14 3 66 34 42 36 84 5 71 11 98 46 60 38 11 28 7 67 53 2 33 20 44 82 94 11 85 22 65 70 15 87 67 86 44 28 82 62 1 88 4 39 30 69 17 33 90 23 2 21 61 88 78 85 71 54 46 43 23 56 47 81 64 61 46 12 40 5 53 88 94 16 97 67 66 88 92 90 14 53 7 80 87 67 22 20 44 64 14 50 11 73 47 1 77 18 43 87 51 3 31 68 46 53 50 15 79 52 15 3 91 91 54 65 0 67 8 19 49 55 58 8 3 95 44 9 77 98 39 44 12 6 97 94 38 91 47 87 8 27 83 4 51 8 95 16 40 90 82 76 90 31 86 51 59 60 53 90 70 2 88 31 0 73 25 0 38 83 56 74 70 88 96 63 11 33 98 25 18 54 51 56 99 61 90 98 52 83 20 96 88 57 99 15 35 44 88 17 5 76 25 90 56 91 15 50 54 92 44 3 91 54 23 95 62 71 42 84 58 93 24 83 88 19 96 90 40 35 31 80 88 79 18 65 31 1 66 7 9 39 95 84 54 31 38 29 26 19 66 70 96 25 41 79 50 73 84 26 79 43 24 30 94 62 51 16 99 
29 78 76 39 22 0 86 8 32 4 65 25 57 66 32 23 63 83 11 45 98 17 88 62 39 73 75 88 60 84 83 71 95 12 6 26 83 56 14 65 21 57 16 87 96 62 2 38 35 90 12 2 66 33 24 98 43 16 63 57 62 29 21 67 68 55 80 42 96 37 92 40 6 1 62 62 44 91 63 82 14 70 18 72 50 14 34 78 16 23 5 82 58 47 8 80 59 34 88 20 93 73 0 25 72 72 51 23 37 3 20 3 15 64 1 64 9 66 74 96 1 61 90 99 99 80 42 46 56 71 16 12 32 39 1 85 14 38 39 37 72 99 62 52 3 42 1 45 3 4 51 52 14 34 39 99 61 54 72 72 28 53 93 33 71 90 12 92 76 36 82 89 8 96 67 25 48 77 97 40 53 92 26 91 55 73 9 2 85 75 2 39 22 36 15 84 61 4 73 93 75 28 71 30 29 24 95 28 72 74 71 97 38 13 79 60 65 12 27 49 70 1 20 71 26 72 14 24 79 36 72 41 78 47 71 94 20 65 0 98 3 31 73 87 2 65 78 53 63 14 60 4 12 34 37 63 44 13 93 38 0 22 53 64 26 26 14 41 88 50 48 90 47 54 92 39 81 59 42 99 50 11 7 58 68 64 82 19 57 11 58 1 24 50 79 29 5 59 68 24 5 55 97 25 26 73 16 72 76 59 13 4 1 99 5 24 56 94 40 52 88 46 51 10 15 24 36 44 49 44 73 51 71 7 21 70 72 90 8 99 46 73 49 80 36 39 62 74 91 8 41 78 42 70 85 57 30 96 90 62 69 72 4 21 79 52 16 95 23 35 30 19 80 62 63 47 55 57 22 99 46 42 77 24 65 63 40 17 88 98 66 3 18 39 38 91 16 13 32 80 
69 6 16 25 93 68 55 64 35 46 29 19 91 12 58 23 51 6 67 99 38 15 40 66 63 68 91 8 3 34 36 78 73 66 35 64 33 80 77 99 67 66 2 43 89 82 42 15 72 9 24 26 87 45 39 88 16 53 15 9 15 3 15 85 16 43 95 45 36 74 68 29 15 42 27 39 69 36 78 47 75 17 65 19 39 1 81 80 66 17 98 58 60 92 78 0 81 97 3 64 71 71 53 34 60 92 58 30 81 2 70 39 88 43 87 53 58 16 32 63 79 48 95 38 70 90 21 32 36 56 73 40 1 73 13 37 57 10 56 29 76 92 2 24 83 93 54 61 73 32 49 96 70 34 36 93 78 67 56 96 93 44 87 86 50 38 10 3 74 14 48 43 63 71 18 2 76 45 97 99 71 79 40 80 60 63 83 24 7 76 18 17 41 53 30 5 35 64 28 35 24 26 68 33 48 13 41 84 96 70 90 14 0 99 32 23 87 56 37 55 41 18 60 91 79 39 26 54 39 37 41 10 66 29 50 19 62 43 57 87 83 7 3 46 72 86 7 72 30 27 33 33 61 75 23 89 88 59 63 52 34 92 39 15 0 43 67 44 1 6 60 34 87 98 49 89 60 15 99 16 45 29 49 99 10 17 1 55 22 31 72 72 25 76 99 75 75 15 59 9 54 24 74 26 38 10 72 28 64 42 29 86 5 46 55 81 24 90 38 42 51 44 82 78 74 23 53 90 49 31 70 5 72 3 37 2 43 15 56 10 10 39 37 51 89 59 37 98 68 24 36 78 23 51 30 93 44 44 49 67 93 38 84 48 67 66 44 7 55 81 20 65 92 93 51 54 89 14 5 62 1 33 13 94 92 2 85 30 52 71 27 54 20 48 48 12 12 48 38 29 
37 40 54 17 93 78 82 16 10 93 47 42 11 47 43 31 64 15 54 56 84 80 74 41 92 9 51 91 9 39 52 63 29 28 48 19 26 45 0 61 35 7 53 62 47 9 84 73 19 73 16 68 47 99 67 21 44 98 17 41 89 38 74 10 19 77 99 39 65 31 55 56 56 67 13 5 20 11 80 71 47 55 50 49 82 72 70 33 28 25 6 71 9 97 40 45 40 84 71 76 81 50 20 5 78 83 57 44 2 97 65 57 22 11 5 40 87 24 99 19 37 67 14 53 87 84 9 53 99 11 99 82 35 71 22 58 52 98 15 42 25 23 58 68 23 20 69 8 24 61 22 95 10 32 8 10 74 79 27 89 84 55 57 3 21 74 7 68 38 52 56 88 86 97 94 48 11 26 98 42 17 40 62 22 64 29 90 58 43 82 24 18 28 77 83 73 26 92 73 98 76 85 83 94 8 75 34 80 57 73 84 22 49 2 61 0 93 96 34 39 32 37 53 44 42 71 22 16 98 3 74 50 83 5 38 27 8 93 54 57 45 73 90 19 32 65 81 64 71 71 81 50 39 76 50 14 46 31 54 17 14 5 44 0 90 48 99 15 33 8 86 10 35 66 82 62 74 67 3 31 18 60 78 14 60 44 6 80 9 11 98 83 77 72 11 65 2 86 79 75 55 86 13 80 0 92 94 2 11 26 62 20 92 65 39 9 46 31 99 35 74 5 8 43 55 2 53 5 70 19 62 15 78 80 72 15 23 27 98 48 72 80 80 60 39 89 50 3 49 82 91 47 97 68 38 53 41 33 0 15 94 19 68 98 67 23 88 66 33 75 4 36 49 8 63 86 42 0 32 25 13 90 67 23 15 55 49 92 58 27 38 36 78 51 84 49 77 65 3 65 
4 9 91 52 28 45 41 7 66 29 77 91 11 61 63 80 39 20 73 61 22 55 69 47 79 81 8 44 64 72 13 45 54 63 70 83 59 5 92 7 86 46 13 44 10 17 3 6 25 50 6 87 13 41 18 1 92 42 66 22 9 22 36 50 47 75 26 63 81 87 84 9 22 78 72 81 6 65 94 64 77 29 20 55 4 89 60 93 93 31 59 43 54 81 6 31 90 11 83 89 35 67 71 78 38 25 17 93 87 56 1 90 8 41 86 73 62 87 29 92 71 79 55 92 38 60 49 77 34 73 29 16 84 9 59 85 79 15 57 25 74 64 41 65 77 38 45 72 20 71 71 5 57 45 25 45 26 19 3 20 14 59 91 85 88 57 42 11 64 9 96 16 47 4 12 5 21 1 45 72 65 25 23 82 27 59 47 33 12 2 32 99 35 3 35 99 71 3 66 39 94 69 46 59 12 12 6 37 19 76 34 58 17 17 77 80 38 48 63 13 51 1 86 26 51 0 91 83 50 24 96 98 12 20 19 6 7 72 97 26 31 44 27 30 24 31 41 29 21 35 90 32 28 56 64 22 97 14 64 85 0 42 51 23 74 86 98 68 95 48 79 80 97 53 50 15 63 32 43 1 88 82 12 95 86 59 89 15 46 5 94 12 30 30 5 56 80 28 4 10 69 56 1 45 30 12 57 34 69 66 98 39 63 76 17 97 33 14 70 36 89 68 88 60 38 13 48 42 43 32 58 87 15 92 31 44 25 31 45 95 74 99 43 0 79 73 28 91 69 77 99 30 90 98 28 18 90 25 93 75 18 56 53 84 51 69 57 39 86 88 10 96 71 73 98 40 15 29 74 85 91 84 92 12 94 52 28 30 74 88 72 83 73 18 52 4 85 13 19 99 
66 22 52 96 15 86 7 26 28 64 20 14 90 88 48 71 23 87 73 63 76 4 37 69 89 8 86 8 88 37 44 35 56 40 42 73 90 12 30 34 20 99 28 3 50 91 56 39 79 27 87 14 10 59 23 14 88 9 90 52 28 66 14 96 32 52 53 68 37 13 14 14 6 48 6 31 20 42 89 19 6 28 26 63 83 84 24 34 41 73 69 11 65 74 59 73 10 25 29 8 99 28 61 83 75 32 92 71 7 42 73 55 63 11 53 17 0 62 82 56 61 15 99 17 56 87 35 67 87 99 50 46 72 80 57 76 97 0 28 54 15 37 20 68 82 62 66 76 24 27 62 80 74 21 24 99 16 43 16 49 70 10 64 25 89 79 10 26 87 98 63 65 9 61 32 50 43 34 31 61 15 90 16 79 83 70 23 37 93 32 93 32 12 26 59 46 36 8 82 80 37 43 77 16 48 93 27 0 7 12 53 84 94 15 43 69 37 42 50 2 59 57 77 72 8 47 22 0 68 75 84 88 20 48 90 74 20 93 47 27 73 46 39 16 7 14 5 69 95 17 23 27 51 69 37 60 34 41 78 68 62 64 83 42 47 24 90 32 74 4 46 47 57 86 35 50 69 79 40 12 61 8 35 32 65 74 57 1 10 40 59 58 60 11 32 75 82 82 4 5 21 24 72 79 51 79 51 37 49 22 49 97 51 89 10 28 91 87 9 34 33 8 93 97 65 1 39 27 61 32 25 66 33 92 59 87 92 73 41 86 81 67 44 5 26 37 12 47 15 76 52 44 82 41 52 74 41 64 60 45 69 85 85 46 10 0 22 40 64 47 87 29 92 55 96 84 25 96 8 86 20 57 64 54 42 4 3 32 13 17 42 18 34 45 20 66 13 20 0 18 
89 47 81 21 6 76 95 93 32 71 35 93 46 26 43 97 11 55 23 40 0 25 19 73 26 56 34 37 33 76 86 36 41 84 49 10 8 67 47 64 8 36 97 75 66 63 6 40 35 56 24 89 86 34 41 47 31 54 67 64 87 73 88 87 3 66 22 1 41 53 17 71 28 97 38 29 43 1 25 1 70 65 18 96 80 5 13 84 12 47 62 71 21 97 74 70 36 37 27 22 81 0 17 91 40 56 2 11 6 46 23 61 46 76 57 37 53 19 95 31 42 35 68 41 9 49 91 58 78 70 5 56 97 30 51 83 77 19 41 99 73 95 46 82 77 43 92 71 5 67 63 48 39 58 69 51 55 50 44 99 15 39 24 16 52 42 71 36 78 21 2 64 31 25 56 64 86 24 16 90 29 24 48 68 33 80 17 96 22 98 26 12 7 81 27 66 70 19 20 57 95 94 10 32 89 58 70 50 74 74 22 71 48 84 35 27 68 6 35 1 66 79 43 25 29 36 28 65 72 31 91 20 61 74 89 20 53 36 92 21 20 13 72 18 46 18 28 40 26 66 17 77 43 87 59 43 65 41 37 93 5 89 64 73 14 24 67 71 57 81 10 33 80 61 30 23 68 50 19 60 41 94 25 61 33 40 92 74 11 30 7 55 45 57 75 9 13 78 7 82 64 67 35 49 91 70 70 68 21 52 16 14 89 52 92 81 81 32 44 69 76 73 94 15 96 83 43 60 51 99 79 8 63 13 96 37 99 56 62 32 73 44 82 71 88 70 54 88 23 9 37 17 11 68 86 92 91 27 74 61 6 84 17 66 40 23 42 46 30 71 47 77 20 62 3 39 40 78 82 90 25 66 13 18 16 17 79 63 89 33 62 93 33 91 98 23 42 80 75 92 
88 63 5 27 19 58 81 1 21 70 86 21 81 79 68 43 32 51 0 63 47 61 52 44 32 17 30 76 10 22 83 34 52 80 84 60 25 32 37 14 17 5 76 2 46 72 84 4 77 97 86 49 47 87 12 36 12 54 92 9 47 96 76 5 50 35 4 81 83 0 15 41 98 42 1 16 5 21 64 22 22 89 37 5 68 36 26 76 64 27 70 65 49 70 48 13 18 6 16 17 35 31 10 55 39 75 13 33 1 50 27 25 4 54 29 70 15 78 1 2 53 26 82 76 76 24 48 4 73 6 81 53 87 35 72 99 97 91 99 81 42 63 82 12 81 20 2 40 90 70 95 63 57 8 17 68 49 55 8 33 74 12 59 32 3 9 35 94 7 14 17 45 28 48 89 60 52 11 35 5 20 17 18 50 2 62 35 87 83 41 52 30 61 98 14 20 73 2 88 31 13 64 61 5 56 78 32 16 62 55 13 6 65 37 71 23 88 75 64 37 55 43 20 64 51 74 46 5 23 4 39 79 7 97 60 56 49 35 74 73 65 8 52 82 42 36 5 92 93 34 3 15 35 42 71 78 71 79 26 36 1 29 83 46 58 98 50 27 27 24 72 59 64 95 76 22 98 29 90 63 43 57 54 8 25 60 87 89 61 21 28 53 49 68 2 79 77 17 99 29 71 26 99 45 68 2 9 81 9 83 84 56 73 63 55 57 85 6 34 88 6 3 26 15 41 60 94 67 57 7 15 71 88 75 81 43 3 86 47 29 43 48 32 32 64 36 15 66 37 73 64 76 0 63 69 43 44 99 16 73 0 17 73 12 82 21 30 6 4 68 85 98 33 23 98 23 7 55 78 58 99 32 19 56 86 4 72 12 87 56 40 2 88 61 86 9 18 58 16 26 
15 30 92 45 70 52 66 36 74 70 23 14 51 70 58 9 49 62 21 91 93 19 94 29 81 89 38 38 55 68 21 70 97 93 40 14 43 35 4 51 45 96 4 9 31 61 92 23 51 37 38 3 46 92 25 75 81 43 13 66 81 46 87 79 17 74 37 76 99 48 3 94 13 46 39 4 9 56 54 25 35 29 16 98 26 95 31 64 70 73 67 53 45 36 4 1 23 88 90 24 50 51 40 22 17 94 53 22 80 91 32 84 21 70 51 13 42 96 34 27 12 21 91 81 58 98 52 59 8 82 49 9 0 88 11 42 38 21 6 72 5 50 62 7 74 25 7 14 29 11 71 40 73 97 82 23 92 39 97 45 6 6 28 40 50 51 32 28 39 35 61 58 67 0 3 79 69 24 52 85 52 77 37 17 7 12 4 10 79 54 90 68 4 39 16 49 27 49 7 0 56 45 52 3 14 24 33 55 95 28 57 73 33 72 10 75 73 38 57 96 16 80 2 68 59 25 1 59 88 36 87 15 9 25 13 60 90 51 18 68 82 34 63 43 63 61 20 49 12 83 81 93 26 6 58 64 9 8 10 82 83 17 86 73 91 80 53 0 64 62 75 89 8 32 50 90 55 93 57 37 7 19 15 70 26 4 2 81 37 32 5 92 26 49 30 13 41 51 12 56 3 21 8 95 97 52 30 63 19 94 23 83 54 18 5 87 62 94 66 18 72 5 52 14 89 66 0 80 47 73 70 47 0 72 8 42 47 16 55 2 26 78 74 4 93 84 29 59 8 80 65 16 17 35 52 71 42 90 32 97 2 17 42 22 73 8 53 21 36 82 76 70 76 35 60 60 77 85 72 62 68 79 4 87 92 62 77 0 15 20 13 25 48 53 14 49 44 71 5 33 
56 73 19 56 29 43 76 46 69 57 53 30 36 25 76 86 57 91 71 72 99 39 52 31 40 48 72 87 21 23 81 53 5 77 42 39 42 93 5 34 9 69 98 81 74 68 87 41 21 60 9 77 15 49 10 60 71 2 77 88 42 66 53 30 97 81 10 87 67 93 20 42 86 83 29 95 66 70 1 21 67 6 41 27 42 29 65 60 51 46 21 61 77 94 9 20 23 39 55 94 10 63 9 52 95 69 79 77 94 17 36 70 91 66 17 32 24 11 85 22 35 14 3 70 54 9 92 18 52 2 44 78 17 11 51 60 80 53 80 86 36 68 26 71 70 6 58 49 66 39 92 11 20 2 57 39 63 33 31 28 62 22 86 79 87 20 76 99 94 69 32 44 28 3 29 13 55 28 55 68 98 77 24 66 17 4 21 78 22 37 43 95 48 48 22 30 17 65 66 80 4 75 11 20 68 81 19 96 10 62 2 33 83 33 43 64 78 17 0 62 78 5 62 71 11 94 98 19 29 27 26 52 18 37 88 52 86 48 92 59 12 10 61 76 6 3 59 92 3 1 6 49 40 5 44 83 33 77 26 25 46 75 76 39 93 78 77 28 69 95 30 78 80 67 34 23 21 59 73 79 37 48 50 59 43 53 31 28 41 9 28 21 45 57 60 36 28 58 60 27 34 30 68 10 46 29 23 25 3 61 36 56 3 19 18 1 51 49 85 13 3 3 90 98 72 41 42 16 35 0 86 22 59 9 93 15 54 92 32 20 92 50 90 68 65 68 28 75 56 73 19 55 72 69 38 77 94 40 1 90 35 30 78 41 87 4 14 92 25 84 43 37 57 44 25 95 72 52 69 4 47 89 69 74 39 85 98 65 43 16 74 11 30 3 94 3 47 72 59 86 
58 29 62 99 25 17 86 60 11 96 1 69 71 77 23 97 76 93 34 63 48 51 49 39 99 39 60 16 73 15 8 76 98 55 43 82 88 87 5 60 18 51 20 10 73 97 21 97 68 35 48 26 28 3 2 73 99 95 73 50 20 18 96 87 0 50 68 24 99 92 66 66 38 4 89 54 55 94 22 13 42 85 43 71 99 50 93 21 64 21 1 94 8 50 76 51 32 74 94 83 37 82 8 23 30 9 78 53 87 26 44 34 70 49 58 66 6 51 69 0 9 2 48 31 50 29 89 35 6 47 12 7 42 23 89 83 62 49 93 20 29 3 49 47 73 98 38 42 88 81 68 98 26 22 17 30 89 53 61 87 79 58 84 41 87 66 19 36 15 40 7 55 67 15 26 85 10 36 95 84 45 30 72 78 16 34 22 90 61 72 4 24 86 93 40 13 67 75 95 85 47 66 31 81 23 0 46 55 57 67 45 35 73 37 26 9 94 48 73 97 63 48 20 74 71 6 49 46 42 98 1 36 97 75 15 15 73 49 39 70 66 91 7 64 61 58 21 3 52 14 87 95 90 63 27 36 63 79 47 52 0 95 40 38 10 79 73 96 91 97 47 18 34 44 71 27 28 29 71 11 63 78 48 85 94 43 31 19 61 98 10 69 90 14 38 78 48 26 63 21 47 98 39 58 68 26 95 39 55 38 10 25 6 54 47 27 60 35 58 3 81 77 14 22 55 47 1 85 14 92 39 9 36 55 31 59 57 1 76 40 13 17 23 78 77 17 42 68 30 31 52 43 80 66 6 98 68 70 94 62 92 89 61 73 83 52 31 64 95 1 9 59 74 86 18 10 13 10 27 49 11 39 15 35 65 12 35 3 28 11 65 54 75 93 27 49 7 21 94 22 
96 23 0 52 66 10 19 68 97 79 35 1 68 83 62 16 80 27 89 69 95 74 17 45 70 13 4 60 24 46 70 56 12 61 83 26 50 39 74 41 25 95 66 77 31 39 32 98 89 90 24 21 61 20 8 26 26 55 59 91 6 23 85 99 42 12 36 18 13 2 78 56 1 66 92 25 55 27 50 64 61 11 32 71 43 83 76 61 37 93 1 81 62 0 60 54 30 1 1 56 35 48 20 82 10 32 20 44 92 19 60 39 47 1 8 58 52 53 86 91 45 65 70 63 87 73 99 34 64 22 59 51 61 3 4 30 15 97 27 62 55 4 94 22 8 37 53 75 64 32 18 64 2 9 46 24 42 87 25 59 12 65 93 47 94 81 54 17 57 97 93 28 51 80 67 54 15 21 35 9 80 42 40 31 34 27 44 9 81 0 16 20 51 89 25 73 34 40 82 35 19 36 38 86 49 36 52 15 20 98 58 1 63 81 76 57 19 89 49 89 22 57 2 86 5 13 45 85 10 58 51 79 33 83 46 31 79 37 38 92 83 72 66 86 37 67 29 42 40 30 18 89 9 51 0 32 8 63 78 26 9 90 14 58 39 4 41 20 67 33 35 45 13 47 2 21 58 67 96 61 30 50 73 97 80 52 14 7 38 58 56 69 15 80 7 83 90 32 14 65 33 90 39 47 61 60 48 22 71 61 57 66 96 81 42 16 37 86 32 99 22 18 43 37 41 79 22 75 85 0 98 37 91 86 0 38 23 81 54 24 88 13 80 46 58 19 91 15 76 56 97 71 93 95 42 83 93 97 35 61 32 70 89 28 51 87 88 69 8 44 9 91 11 3 85 65 80 64 86 49 51 17 75 27 98 5 27 46 6 85 10 10 20 40 59 59 16 4 93 97 
67 15 69 45 6 59 43 30 75 44 33 31 84 7 44 44 29 32 4 27 9 79 94 30 12 72 44 70 55 65 21 54 32 96 61 27 68 25 15 86 94 87 70 65 86 9 41 10 90 92 54 14 60 0 60 4 20 60 87 28 59 78 68 79 12 50 83 40 49 93 49 52 6 21 73 46 34 59 21 48 62 66 25 86 46 46 64 21 65 31 33 22 52 2 20 16 26 41 1 74 2 39 9 89 53 70 92 58 95 5 94 59 36 0 68 80 79 34 14 80 45 45 30 31 83 48 8 86 6 64 84 45 70 55 83 65 58 63 41 78 33 15 54 82 52 39 5 91 36 64 37 18 75 90 30 96 62 37 87 85 64 17 8 94 62 46 6 87 54 54 42 38 76 1 82 66 59 64 26 4 20 49 87 46 76 25 21 45 99 6 66 44 53 27 44 17 8 34 8 71 19 1 81 97 9 95 46 31 16 49 60 94 63 19 62 85 14 40 58 61 94 47 73 8 72 18 10 1 6 25 31 7 12 90 51 68 83 78 2 40 95 72 3 94 58 20 51 94 4 55 39 56 42 60 56 24 2 50 84 59 80 69 40 24 97 79 83 22 38 40 54 30 81 71 90 28 60 46 30 6 35 24 58 95 35 1 46 49 94 47 19 58 48 40 54 61 90 18 75 56 83 94 65 76 1 24 91 43 17 7 58 97 41 0 16 6 57 3 0 47 52 34 39 91 92 84 79 28 16 29 61 22 81 33 49 94 27 2 12 75 42 29 53 14 4 35 17 32 57 16 91 89 20 97 68 9 52 39 37 77 75 95 46 31 61 31 72 14 12 76 98 58 6 54 13 46 48 45 0 50 42 74 77 19 23 93 65 85 30 84 73 69 49 32 74 15 13 46 19 62 
51 84 93 5 9 73 59 24 76 15 42 20 16 91 6 90 60 75 31 19 92 19 51 67 28 56 53 36 19 16 65 14 84 29 49 31 48 22 67 49 36 23 56 28 44 65 44 62 79 93 67 30 97 92 55 17 51 15 99 71 26 99 36 83 63 79 49 33 78 93 29 0 52 55 24 21 85 43 77 34 5 69 75 98 66 62 21 60 99 89 95 31 75 30 78 21 21 2 19 38 83 54 24 62 65 53 30 65 27 84 79 47 73 17 95 29 82 12 40 91 99 26 62 9 1 96 56 91 97 98 81 60 11 25 54 95 54 99 0 85 18 2 8 85 31 55 41 13 53 67 21 67 19 2 24 28 64 99 22 93 12 0 32 71 71 42 37 62 79 36 88 32 71 56 40 99 72 62 91 2 19 36 60 63 11 61 9 98 93 58 16 5 65 70 4 69 30 21 46 71 80 39 28 11 57 22 77 21 31 21 62 73 13 11 73 17 4 79 45 87 71 5 61 41 96 5 64 71 85 30 8 3 74 86 46 53 9 56 38 20 24 10 74 89 30 0 64 17 33 1 31 89 14 56 39 25 93 37 18 92 30 18 1 46 20 84 47 79 22 66 58 8 12 76 83 7 26 28 20 20 50 97 73 85 30 75 44 90 57 91 40 97 83 79 91 96 27 41 98 0 20 8 30 68 65 95 81 43 86 97 19 26 84 41 41 85 24 10 29 71 31 29 75 49 96 30 32 19 42 93 45 53 19 87 98 93 34 43 31 64 21 64 19 6 74 39 12 17 59 22 98 81 3 9 35 26 7 32 58 62 97 48 62 98 0 21 26 14 12 96 67 35 71 98 5 9 72 29 97 73 31 57 42 76 74 90 72 4 58 64 29 39 64 42 98 18 38 47 65 72 
73 62 55 71 41 18 9 86 75 13 14 28 61 40 39 11 55 27 73 12 49 49 91 43 64 11 1 86 66 86 52 46 32 81 68 85 26 91 54 2 22 61 45 18 64 84 83 91 2 46 27 42 2 1 75 5 24 24 27 1 82 0 12 94 85 58 81 76 50 3 81 88 33 40 47 40 53 43 27 87 83 34 62 1 79 75 96 29 21 47 63 20 80 42 87 5 41 63 40 33 2 85 51 57 5 50 44 78 66 27 75 84 11 79 74 30 27 10 27 33 73 45 71 86 43 9 5 85 15 1 91 40 93 17 78 25 80 91 64 3 37 58 47 70 9 65 63 84 59 32 92 30 78 55 13 40 56 84 52 78 39 9 51 0 35 98 26 47 13 27 71 84 61 42 54 8 14 12 97 84 14 12 67 87 80 35 54 6 26 26 62 31 22 53 44 42 64 74 53 23 65 54 32 8 63 66 26 2 5 4 15 2 28 2 15 70 97 19 98 35 25 17 93 37 47 67 26 21 81 40 29 91 50 4 20 56 62 66 77 29 74 25 26 5 97 6 53 19 31 33 48 72 86 16 51 60 46 18 56 14 77 73 16 29 87 1 39 99 2 61 44 41 57 23 10 13 78 76 17 19 58 7 82 80 68 67 0 70 28 69 32 20 9 99 92 25 8 9 1 30 60 85 14 65 3 46 47 75 58 13 99 94 96 68 10 84 95 62 22 50 80 86 20 32 60 27 90 4 26 20 18 37 70 21 65 66 71 74 56 27 18 99 71 39 83 72 81 63 15 9 52 18 34 64 25 65 6 13 29 1 28 27 41 27 31 37 23 51 66 20 59 96 64 99 65 27 94 79 79 90 9 32 77 35 67 31 51 60 55 33 83 25 15 84 56 33 36 77 69 69 
2 26 46 35 2 61 28 1 54 45 60 92 48 67 6 68 65 83 42 13 76 40 42 92 65 17 17 46 71 42 39 40 41 6 78 51 64 50 29 50 94 26 79 22 1 6 67 94 31 12 9 79 96 72 51 57 68 12 53 47 51 42 21 59 55 34 87 45 41 8 24 66 62 78 98 56 31 17 40 60 6 42 69 35 71 51 10 17 59 27 23 7 20 70 55 30 58 84 73 41 57 1 53 48 82 85 47 61 94 53 92 91 48 33 74 16 90 11 3 75 51 44 29 23 83 75 0 63 48 31 71 18 92 68 80 4 55 3 95 94 42 48 44 82 24 73 12 83 64 70 1 44 35 85 69 46 39 11 6 7 64 14 90 49 58 4 16 51 60 16 41 38 24 88 37 39 10 19 75 19 69 95 62 75 79 1 52 21 84 55 3 57 23 71 7 93 28 15 31 9 90 40 63 30 47 71 97 39 67 25 58 97 74 2 96 61 32 8 50 16 39 32 80 7 88 41 99 6 70 60 11 9 47 60 67 1 15 79 36 68 94 76 59 17 9 54 68 70 17 22 75 54 55 13 76 33 99 92 85 30 42 11 97 20 13 90 2 4 61 74 56 54 71 29 12 98 37 1 94 73 6 23 75 84 12 21 17 12 9 92 16 99 38 56 16 22 48 44 48 83 7 6 7 60 91 30 54 21 7 38 45 87 79 27 33 13 83 94 49 68 80 77 15 37 41 99 82 30 86 68 93 5 12 2 31 31 53 33 93 89 73 77 11 31 97 78 38 38 35 83 5 92 90 79 39 93 32 92 61 4 45 76 57 62 21 38 86 78 41 52 4 95 42 10 34 70 31 88 78 11 0 92 37 88 91 30 20 7 49 71 38 77 52 11 99 40 48 10 48 26 
80 5 4 90 87 50 79 39 30 1 49 79 35 5 17 98 46 62 54 6 99 52 21 89 44 16 48 40 64 57 19 71 41 35 42 51 74 19 26 83 88 93 79 74 58 21 36 3 99 72 77 47 75 71 70 87 72 33 37 65 2 5 18 80 36 58 36 41 65 26 47 18 11 41 35 57 20 23 8 62 38 54 60 37 39 8 61 92 96 5 31 65 25 30 12 66 62 18 11 53 84 27 61 3 15 15 54 12 26 76 27 73 28 37 76 49 10 60 61 67 89 4 69 20 53 50 30 12 54 91 58 31 45 95 45 70 63 93 40 78 50 93 14 4 80 82 5 38 68 9 23 13 69 70 26 99 6 38 48 11 64 89 75 46 30 16 95 24 27 9 5 88 23 2 5 72 14 80 27 21 26 49 51 73 99 7 45 62 65 82 30 62 84 20 24 27 47 96 59 81 59 37 25 93 69 15 91 93 67 22 58 73 19 90 69 0 52 19 39 92 1 50 59 70 23 92 10 93 62 85 5 60 55 11 52 42 81 61 18 62 14 2 85 23 15 62 57 50 46 42 28 30 18 95 41 18 28 77 5 53 73 85 53 90 56 69 33 71 6 14 80 12 79 39 34 95 75 72 78 86 44 13 96 7 13 47 66 91 63 47 49 7 72 79 78 39 82 78 61 39 20 0 30 18 31 88 63 64 54 11 17 17 22 62 66 80 77 28 75 53 69 43 21 45 45 35 41 82 95 70 92 30 0 25 68 29 80 39 1 3 36 21 10 22 1 58 32 28 98 64 67 71 29 99 2 50 6 64 90 3 5 13 54 54 9 79 86 69 53 11 15 35 97 89 17 86 8 66 24 20 57 73 24 22 8 16 44 92 66 0 25 27 99 3 10 8 79 68 59 97 
15 88 75 13 82 23 78 36 55 48 7 52 29 50 48 89 12 67 67 68 94 54 66 18 74 72 30 15 99 78 85 53 84 54 51 45 22 7 93 77 63 38 17 39 86 38 97 97 27 15 27 97 57 54 84 79 40 48 16 21 20 48 10 14 15 93 88 94 82 45 9 49 63 27 25 25 61 35 77 77 52 27 88 24 79 12 76 91 20 27 9 98 90 94 71 32 12 21 30 16 85 57 31 35 31 78 41 43 13 16 85 34 96 1 9 16 52 20 86 41 43 1 53 39 50 84 91 66 92 19 93 60 51 7 15 23 24 85 43 81 66 73 4 48 78 36 59 98 25 55 14 54 23 98 28 63 2 70 44 17 78 33 93 62 60 16 69 47 41 39 12 23 68 14 0 38 30 60 42 86 41 39 12 66 15 43 49 16 77 48 24 56 43 8 53 81 21 78 56 76 58 32 0 35 0 95 63 33 29 32 30 19 8 77 19 52 51 58 69 91 68 2 48 32 33 57 98 70 5 10 26 57 67 20 94 84 33 88 34 64 30 18 99 93 27 62 29 24 44 69 12 51 29 60 16 33 46 22 20 73 76 9 45 40 69 27 20 84 36 18 73 44 65 9 60 65 93 96 84 44 17 62 70 73 75 70 16 54 18 13 19 85 95 85 70 53 7 73 36 16 71 83 28 52 46 97 98 11 30 33 17 37 38 59 39 32 82 24 88 31 99 4 95 34 81 68 77 29 74 78 75 11 28 40 66 13 62 39 98 34 23 7 79 10 20 15 83 54 23 35 59 10 51 5 83 97 86 32 57 44 5 30 1 25 63 22 77 22 12 25 13 59 87 4 76 72 54 77 37 27 29 61 11 4 82 19 93 82 87 39 28 45 44 45 54 44 19 79 63 52 
45 44 70 38 94 59 30 10 8 35 74 60 96 44 42 76 6 18 31 16 55 96 88 89 19 44 6 38 72 44 21 15 47 52 96 10 17 83 54 50 30 4 2 89 81 6 73 20 89 73 46 52 58 27 26 3 31 5 64 67 26 34 62 94 88 34 22 39 19 14 44 92 13 32 65 37 99 57 11 76 2 54 53 33 92 35 50 92 63 13 45 56 45 44 88 18 16 76 17 82 92 27 52 42 93 35 10 21 62 16 14 93 34 64 6 60 78 46 52 67 71 49 61 12 90 21 49 18 85 96 85 51 25 22 46 49 84 25 23 44 79 54 96 23 79 35 59 56 4 95 79 13 28 91 68 4 49 95 87 3 69 12 66 81 64 7 17 67 80 82 22 39 85 25 22 61 48 36 5 38 48 2 33 21 49 85 86 92 68 9 92 20 12 6 3 1 23 46 74 92 84 18 0 25 8 32 44 75 58 97 40 78 16 36 96 25 94 10 6 91 61 55 77 26 8 93 46 62 38 79 82 96 48 77 81 47 40 23 2 7 75 15 28 39 47 79 45 30 36 74 25 6 99 77 73 17 59 20 41 5 44 35 54 85 97 36 64 9 34 34 19 74 42 22 5 74 69 32 3 86 22 20 7 36 15 99 34 28 16 1 77 62 1 84 29 14 38 33 15 66 5 13 9 67 79 15 74 62 43 43 84 45 16 58 20 2 4 61 62 36 4 79 42 24 65 51 94 5 87 45 68 71 62 56 2 48 87 84 44 36 56 45 86 70 22 91 36 16 22 51 50 60 94 66 63 35 89 9 24 91 41 13 32 95 8 47 15 57 41 27 60 55 20 16 63 30 25 95 94 13 89 9 42 93 70 6 70 36 16 44 16 79 71 39 15 39 75 78 20 71 
97 34 67 4 48 86 17 69 88 6 40 85 82 19 70 98 24 39 93 87 22 94 82 50 61 29 29 54 23 98 8 46 56 31 84 55 43 97 40 2 84 28 20 18 76 54 81 16 33 41 69 39 8 9 94 55 44 86 89 57 41 29 89 5 61 8 98 39 37 79 46 21 63 98 51 17 39 96 17 94 76 85 70 37 37 95 3 91 91 45 81 47 44 84 61 85 36 55 64 44 27 38 30 60 60 50 52 49 4 15 64 53 86 9 36 13 69 31 18 25 22 76 59 86 12 20 73 25 50 27 11 48 0 36 11 20 12 17 81 67 94 89 35 89 33 18 14 90 89 84 68 34 2 42 48 91 82 11 61 42 46 76 35 88 72 76 58 52 73 35 64 54 97 88 57 37 3 17 18 84 11 36 31 2 6 79 44 36 89 47 17 91 84 58 0 91 92 50 31 5 42 1 99 44 26 22 16 6 60 4 98 0 14 18 75 52 86 83 42 21 61 99 48 69 64 89 77 38 63 62 38 78 27 77 48 65 92 57 46 79 78 53 75 2 31 74 54 80 74 18 12 69 91 54 52 80 35 89 71 8 21 32 10 1 49 29 15 2 99 4 37 81 43 58 40 73 64 68 74 96 47 12 56 25 94 18 43 99 20 38 59 95 62 96 96 86 39 52 6 31 80 91 99 75 87 25 55 26 40 44 97 73 60 29 15 61 18 6 58 15 92 88 51 91 79 74 1 14 9 5 63 83 94 26 25 70 48 81 14 28 12 26 33 2 78 29 33 4 71 22 16 19 61 51 95 42 55 98 78 77 79 50 64 15 97 68 30 10 52 57 19 72 98 91 15 9 11 37 21 6 90 14 31 76 57 76 45 17 7 20 6 70 50 46 23 74 73 27 52 14 
26 83 72 6 76 29 30 26 49 11 33 76 38 82 93 93 16 5 55 79 73 37 12 66 34 17 93 33 35 27 77 43 51 22 45 1 54 81 16 30 28 44 51 82 8 6 52 87 21 87 15 9 95 63 79 76 85 19 93 52 54 70 14 32 78 34 84 89 63 68 99 69 54 57 0 11 87 18 10 10 32 63 87 22 1 64 8 53 5 76 17 50 31 13 91 90 43 79 99 60 67 60 24 66 89 72 40 48 23 63 51 25 21 43 68 12 85 82 55 89 73 8 55 3 64 92 20 32 86 81 40 87 22 47 23 18 65 79 63 96 92 67 21 68 36 1 57 71 69 47 96 19 46 3 40 12 75 27 4 47 68 0 57 77 49 27 48 96 28 61 4 16 3 43 42 17 10 12 28 48 69 33 23 83 58 13 40 1 52 87 29 34 20 56 75 51 58 22 34 45 4 5 65 64 51 84 32 53 79 15 51 79 95 70 19 30 23 90 55 53 73 54 69 62 87 42 49 64 96 62 75 48 61 97 48 15 32 96 89 71 61 48 3 27 53 97 18 16 1 19 60 5 80 62 49 79 27 76 77 54 60 33 81 66 45 52 30 1 3 5 66 33 86 14 32 77 10 37 74 36 26 82 33 53 13 57 84 0 74 11 89 53 20 98 81 67 50 54 23 52 15 81 70 47 61 85 54 40 63 32 60 95 81 92 84 52 66 73 8 86 44 36 18 82 31 37 95 22 11 15 38 45 44 50 95 58 7 29 20 49 99 33 35 68 23 2 30 10 1 89 71 72 23 33 36 21 82 46 90 48 45 51 96 23 99 47 83 22 83 78 20 64 38 80 17 44 89 87 23 32 38 32 47 63 85 88 51 73 56 5 92 64 10 6 82 80 15 23 71 98 
1 68 12 64 92 93 68 11 64 26 86 74 59 80 62 42 42 48 7 99 29 6 75 35 45 60 22 4 56 52 43 54 13 95 93 21 70 4 77 4 8 65 77 19 10 60 93 98 52 28 15 50 73 93 4 96 99 89 73 40 10 81 3 68 84 60 27 68 75 34 48 64 55 15 90 8 94 48 7 27 21 10 92 67 89 58 27 24 98 38 66 24 34 10 10 21 57 57 81 57 36 13 77 34 59 15 58 36 80 68 22 64 96 41 94 82 36 42 48 70 49 45 3 47 7 23 10 72 52 83 97 31 11 58 72 39 47 75 49 60 26 60 8 54 38 97 9 18 7 99 54 59 68 19 18 25 38 84 1 83 2 99 45 27 22 34 68 6 24 2 67 24 27 12 58 80 18 22 29 23 48 38 54 91 52 69 84 68 98 73 32 26 50 31 38 36 85 51 82 72 9 68 51 95 64 97 16 71 84 28 17 35 9 12 12 37 72 29 9 37 51 87 43 14 52 73 56 75 75 74 22 12 30 77 82 69 51 1 14 22 32 23 6 79 98 23 40 78 80 41 9 55 57 68 57 99 9 15 50 16 95 48 76 11 59 1 5 95 27 93 99 74 35 47 96 78 45 93 42 1 73 72 27 68 41 77 52 8 64 83 74 58 80 32 24 93 85 9 69 81 64 26 13 42 76 40 95 38 52 53 38 35 58 25 20 12 82 59 58 42 41 64 18 22 91 1 29 89 3 35 97 58 23 98 42 79 84 42 43 59 74 22 35 48 87 34 41 80 92 4 24 8 41 81 75 19 82 13 76 40 54 80 44 15 31 94 31 81 97 90 52 2 0 66 94 15 24 34 48 24 12 86 54 23 43 88 41 53 73 11 37 89 24 45 69 31 40 79 43 83 
69 54 69 10 9 32 63 20 46 89 1 83 41 95 72 74 71 4 16 50 6 15 68 25 11 92 69 11 99 32 96 94 64 72 79 93 45 52 10 20 4 31 66 58 75 69 53 26 93 49 35 60 55 29 45 75 59 54 76 15 83 16 56 97 20 42 70 44 45 70 87 15 31 24 9 4 39 95 27 15 58 39 72 91 23 77 0 40 86 28 94 26 64 45 49 85 59 66 98 49 39 82 33 40 70 96 4 2 16 45 8 20 89 90 1 76 39 59 48 64 26 9 59 89 43 46 49 21 45 42 58 20 26 32 77 76 41 43 53 55 86 66 1 58 91 87 35 3 93 95 26 94 23 56 14 67 42 95 17 78 52 72 80 93 23 80 63 42 44 25 36 24 25 32 25 88 11 8 22 19 39 17 90 54 63 31 72 17 56 16 36 68 2 83 30 54 48 34 59 31 24 3 99 29 34 22 26 11 9 34 13 61 57 77 16 10 48 93 13 54 98 53 8 10 58 71 45 58 80 87 49 47 68 99 93 77 80 4 94 66 21 45 30 88 90 8 31 63 21 34 89 83 14 26 87 1 65 0 65 75 23 41 40 61 44 6 1 37 20 58 47 2 64 18 31 21 6 20 21 28 39 42 88 63 43 11 82 72 78 30 97 70 14 21 90 57 65 81 48 96 41 81 19 39 65 63 77 67 5 46 52 23 37 73 34 83 53 60 21 0 29 21 91 62 48 32 77 92 86 10 26 71 27 19 62 72 28 90 64 59 48 99 81 40 91 83 54 83 9 45 16 0 62 97 25 63 13 92 66 94 7 83 31 33 18 65 86 5 6 74 27 88 54 37 80 48 61 92 45 66 66 51 2 97 34 82 20 43 98 39 76 2 45 19 26 11 55 99 17 16 
58 86 4 35 39 6 12 87 48 52 7 21 77 12 69 18 44 68 64 28 82 56 45 61 87 69 16 25 37 78 37 86 24 4 33 72 16 97 59 72 31 83 12 63 88 14 19 36 73 43 17 66 5 42 63 23 37 87 6 50 24 12 44 42 88 95 91 58 55 85 87 91 70 2 63 33 9 55 81 31 76 96 70 66 72 15 75 11 76 20 33 54 41 91 59 13 15 99 26 82 59 28 17 10 66 23 74 90 44 17 2 86 89 45 24 92 46 6 77 61 27 52 80 30 3 54 21 10 76 84 86 51 53 97 57 63 2 64 87 91 23 62 48 94 56 43 80 67 87 95 89 46 30 31 58 26 90 56 24 7 92 18 91 2 31 16 67 62 2 3 87 12 72 8 37 22 38 43 8 67 83 78 11 82 97 37 86 81 43 35 46 28 26 5 28 91 76 53 26 24 39 22 26 20 46 78 11 79 70 60 48 34 15 35 34 56 57 82 85 60 61 78 20 35 86 9 26 1 1 28 36 76 92 31 91 8 94 88 60 44 64 77 78 89 94 90 35 29 13 46 43 15 44 53 98 93 24 62 77 68 13 77 47 83 89 44 44 91 27 26 29 42 48 76 44 55 93 55 11 40 82 37 56 89 80 43 20 81 41 96 81 93 16 16 0 53 3 36 43 78 49 71 85 33 59 72 63 70 42 22 43 98 22 0 20 54 58 18 9 44 44 75 73 60 38 82 23 97 17 82 89 96 97 13 46 88 13 76 23 2 40 32 34 55 75 9 66 67 57 58 11 45 22 60 91 80 8 85 91 40 23 24 82 2 61 28 82 84 0 34 12 72 72 39 75 34 57 5 68 12 54 61 24 10 5 13 9 22 45 58 5 41 30 69 93 7 67 34 54 40 
26 57 90 28 60 84 37 36 94 61 60 96 52 40 33 47 7 60 72 46 29 82 18 37 20 89 64 12 67 4 70 45 42 21 84 41 79 88 85 32 96 15 55 84 83 91 74 65 80 95 60 67 5 51 0 72 92 56 37 13 72 58 62 34 9 34 64 72 73 53 67 2 15 5 96 95 7 94 6 20 26 8 57 57 44 79 76 61 15 6 61 25 90 0 13 80 97 73 28 40 75 33 51 68 9 2 1 10 13 74 39 71 23 58 50 81 78 88 57 96 11 44 52 89 57 15 29 62 60 8 49 22 16 95 24 92 24 73 52 33 84 41 71 51 26 32 28 63 68 24 9 10 75 36 30 36 2 1 32 1 90 80 2 81 88 22 28 6 76 88 6 55 96 53 83 67 4 20 87 78 37 78 82 7 83 15 87 23 52 76 99 61 30 25 1 46 43 48 57 23 63 78 55 29 90 84 47 72 36 77 55 63 69 90 81 66 20 18 78 29 59 38 25 9 96 48 56 29 98 20 24 59 27 43 59 94 33 24 19 17 46 19 64 13 40 16 94 76 85 7 36 23 40 1 96 54 52 51 88 69 92 2 96 1 55 15 82 50 21 11 74 67 3 2 18 77 27 59 1 97 86 80 61 33 34 28 46 47 7 36 17 94 98 6 63 17 12 90 59 55 43 99 10 94 53 74 88 62 29 41 29 96 12 67 85 78 49 30 65 45 12 69 67 26 15 28 28 13 40 32 27 19 85 59 41 41 22 19 51 69 11 34 63 49 26 30 84 98 81 37 27 47 31 16 98 6 3 12 18 30 30 1 26 14 94 75 36 93 14 53 19 86 96 52 40 5 40 63 29 27 27 56 97 90 40 76 41 5 82 18 14 59 43 57 0 1 43 15 18 9 
8 24 72 92 36 32 82 56 43 28 69 54 74 15 54 90 28 12 61 13 5 86 80 58 61 29 61 0 2 63 29 22 32 45 30 24 79 22 97 65 66 48 84 94 7 86 68 30 91 22 30 78 15 76 3 95 35 7 60 18 70 83 95 39 22 26 12 9 34 22 83 69 53 15 58 85 69 61 93 39 7 65 52 41 53 93 57 79 69 80 51 55 72 91 34 9 95 49 79 68 72 81 86 79 96 53 47 19 68 12 38 16 62 5 39 66 49 59 64 58 8 41 88 37 94 83 44 84 78 88 23 40 89 25 11 84 96 18 6 85 36 60 63 74 59 98 34 72 37 12 5 55 7 76 96 41 87 39 13 95 75 21 76 94 14 36 10 7 96 98 33 59 6 7 16 24 39 40 54 40 73 38 44 99 66 7 6 10 92 19 19 10 71 54 38 86 66 72 95 17 89 13 54 72 33 42 64 59 92 19 19 69 7 75 65 29 2 21 16 70 15 36 84 6 61 29 12 95 97 47 58 90 42 15 38 85 38 98 61 74 21 60 49 20 21 37 7 90 2 69 28 73 55 12 58 3 49 85 39 93 16 52 46 37 35 24 88 77 31 25 81 74 35 17 36 8 91 62 28 33 38 37 79 32 40 93 7 89 88 25 96 78 62 26 29 51 92 57 46 21 90 24 17 39 92 79 7 10 83 97 38 83 54 40 13 47 27 33 52 62 40 23 60 31 3 63 93 91 86 96 18 80 87 76 48 52 27 99 64 22 31 6 2 76 79 62 38 41 99 6 64 65 80 14 50 67 0 34 79 30 28 23 85 7 48 12 8 74 20 63 37 67 26 37 68 83 80 83 38 31 68 35 37 8 25 66 85 83 44 59 78 11 78 52 31 14 3 11 15 4 
28 89 99 90 25 86 75 21 74 51 28 56 75 55 17 79 41 47 52 6 19 78 8 87 41 97 40 68 39 35 11 83 54 27 22 26 75 97 13 9 20 78 29 13 54 20 69 40 67 57 12 50 5 75 99 82 64 36 68 93 73 95 86 94 46 27 85 72 84 66 56 12 22 76 33 21 4 1 13 24 91 28 93 87 43 86 72 95 75 47 6 6 80 51 53 90 97 3 2 43 28 1 37 97 96 21 32 61 14 46 53 9 78 25 27 47 68 95 99 67 47 73 52 15 32 79 75 3 73 37 55 16 4 94 36 77 71 58 58 65 70 23 16 11 3 10 14 83 12 2 40 77 26 90 0 16 65 3 74 68 29 8 97 54 75 21 57 67 50 25 6 28 87 80 12 86 55 12 61 42 68 56 7 82 79 5 86 95 72 63 52 62 54 60 52 50 29 3 87 28 85 68 17 31 42 17 39 97 64 28 73 89 87 87 31 9 39 60 16 67 76 47 2 4 86 5 11 16 19 46 71 24 37 89 96 81 37 78 50 84 76 48 30 51 86 9 33 27 28 26 97 66 30 95 68 51 44 19 72 23 56 72 1 62 13 62 16 11 70 27 81 60 47 34 80 78 7 16 49 47 73 75 72 85 13 59 46 2 53 10 65 32 48 15 29 87 97 89 60 8 5 9 55 9 7 76 71 42 88 54 39 18 15 44 22 7 97 76 55 66 19 54 95 94 96 65 87 54 54 44 7 85 25 50 18 58 70 0 90 8 97 49 47 0 72 35 31 40 18 96 33 54 29 55 30 22 31 52 63 92 55 58 76 78 50 27 0 76 92 93 31 32 24 11 4 88 42 85 19 50 9 89 34 87 40 22 82 79 77 62 32 68 88 2 56 46 56 65 50 2 
39 43 16 57 63 31 27 23 65 58 41 58 93 1 3 97 30 57 26 90 55 62 87 59 50 74 39 73 84 70 72 21 61 74 10 20 93 80 20 52 28 91 59 11 90 66 35 15 82 29 79 39 12 64 44 49 16 9 85 36 33 0 90 52 77 1 44 80 31 52 43 60 95 78 67 11 49 30 16 86 92 11 26 61 24 68 35 93 6 35 58 67 31 26 11 60 60 46 24 90 80 50 36 42 42 53 66 86 13 23 80 93 69 1 84 53 95 50 16 24 84 52 93 53 70 67 1 49 20 92 20 22 8 94 31 99 58 78 24 89 86 92 17 93 64 69 80 2 58 74 90 13 95 20 59 75 3 29 6 30 20 24 41 75 47 20 43 75 38 83 12 60 32 29 69 85 9 78 41 85 72 84 18 5 58 3 0 5 74 63 63 88 25 88 67 73 86 80 77 17 62 95 8 98 48 46 97 42 81 27 62 1 94 72 48 87 42 94 56 2 25 37 59 14 85 65 78 93 12 75 21 81 82 5 22 60 21 98 84 8 31 14 12 79 39 46 44 88 53 51 75 18 94 99 72 77 27 71 94 75 6 55 19 68 35 75 35 61 36 63 32 70 59 2 59 98 19 98 94 72 85 99 72 30 76 17 28 48 87 51 2 10 42 17 30 46 65 96 99 70 36 65 27 89 73 19 43 99 6 69 33 50 2 99 68 38 64 71 45 8 82 47 59 87 58 78 8 63 58 56 2 19 61 6 14 0 98 93 8 46 69 45 91 2 82 37 19 65 12 57 85 81 71 73 93 77 86 32 51 1 84 79 67 23 47 43 17 44 97 16 97 58 3 99 10 53 51 3 17 60 70 23 40 94 94 35 36 17 84 93 48 23 22 53 23 26 23 80 20 36 
51 80 96 48 32 84 23 31 41 51 58 58 46 62 84 83 0 11 88 27 42 87 75 95 60 66 34 30 12 1 54 1 79 77 87 19 41 35 81 75 66 35 74 92 47 52 75 57 52 71 52 58 76 60 91 26 71 2 32 24 66 43 9 34 49 63 95 28 45 3 22 30 16 6 32 46 37 19 63 4 54 57 2 11 28 34 14 27 98 82 21 58 34 88 23 8 73 94 7 26 84 90 36 80 62 15 5 63 12 37 46 11 27 40 48 17 72 55 10 58 2 20 41 36 91 38 57 35 44 91 57 54 94 11 36 84 17 80 1 12 61 64 77 79 30 24 35 60 76 10 32 13 81 33 35 22 5 71 22 98 93 8 71 44 40 30 18 10 72 16 64 16 67 6 31 80 39 13 46 54 66 7 88 29 89 6 48 35 9 21 56 58 68 63 54 83 50 26 66 31 31 71 9 92 10 85 66 93 6 7 3 61 68 66 38 53 14 17 64 19 62 99 73 14 62 74 42 52 42 65 16 95 43 93 54 11 30 72 28 38 60 42 92 9 65 91 29 99 62 12 35 75 52 68 83 43 74 59 75 18 66 58 59 57 98 26 17 6 96 86 50 12 12 50 7 79 38 34 95 27 47 5 17 31 96 38 8 56 88 32 96 78 33 66 37 46 38 50 91 28 72 29 52 15 47 63 42 43 93 99 54 38 65 6 33 66 1 36 97 78 61 11 55 47 79 63 48 65 11 74 68 22 12 20 70 90 95 45 61 64 0 70 47 4 18 58 80 89 43 38 45 37 32 75 98 2 41 74 72 91 44 76 12 92 6 91 31 86 34 29 70 63 59 11 98 72 24 37 22 63 86 68 6 36 13 4 82 74 78 43 47 76 41 61 22 61 33 58 13 27 
52 41 3 83 57 7 54 63 78 19 95 9 27 66 18 20 0 42 27 20 47 91 28 43 54 74 35 13 38 53 46 44 12 42 70 93 18 52 81 8 85 7 3 39 21 20 38 72 98 32 60 20 30 24 90 24 12 85 23 90 87 88 83 73 94 29 13 52 22 95 97 40 64 11 85 88 21 71 78 53 54 88 79 45 9 95 62 29 54 68 30 53 82 60 28 63 18 24 80 77 14 33 39 71 75 67 87 16 37 69 2 26 65 82 78 24 24 77 92 67 64 25 0 61 83 47 36 66 84 21 25 7 29 40 35 16 26 13 55 40 79 19 93 32 2 56 30 40 9 21 16 61 39 62 48 24 45 74 89 73 5 43 31 8 35 46 92 67 38 50 74 36 15 38 57 50 49 83 39 38 62 26 53 4 54 46 60 10 48 54 45 53 37 77 21 97 61 58 80 89 70 82 96 99 76 60 48 37 34 35 81 18 75 78 45 67 93 76 58 16 40 41 25 13 14 49 92 56 25 36 45 22 35 41 44 54 86 34 11 53 98 17 31 3 66 76 54 24 20 90 99 58 58 13 65 38 82 78 4 21 82 51 92 77 47 28 11 45 65 61 41 1 60 99 7 73 85 68 25 59 12 51 11 43 36 24 53 79 64 16 57 51 41 61 81 75 8 73 62 11 61 52 24 90 16 50 23 69 39 49 26 30 88 91 25 72 73 12 32 37 97 83 54 31 44 37 20 44 94 42 27 76 51 70 94 35 7 39 4 87 33 1 44 66 81 74 11 32 54 0 0 80 60 95 1 1 90 99 72 19 55 97 42 61 75 29 41 97 52 64 37 10 34 51 21 41 98 28 35 4 69 56 71 87 13 36 40 60 12 51 54 40 93 68 13 6 27 56 39 71 
47 27 52 87 34 11 79 99 95 49 74 91 61 99 14 75 24 54 48 96 65 45 71 92 51 82 82 46 5 27 85 98 5 91 11 81 21 74 35 28 72 98 4 90 7 63 84 71 42 66 76 90 1 13 9 31 18 98 95 2 28 34 26 90 77 88 16 53 80 46 53 87 38 65 4 85 74 99 91 40 94 82 74 46 4 40 12 88 93 42 98 21 17 17 32 66 27 45 33 51 54 20 84 44 84 79 92 83 62 39 29 89 48 83 64 91 79 56 10 0 20 41 44 76 47 68 57 86 67 60 70 82 51 36 38 40 42 61 86 21 95 31 80 35 57 14 4 42 33 78 17 78 56 15 20 94 58 59 10 88 18 60 37 42 4 15 69 59 57 1 43 18 62 4 10 62 44 49 88 11 62 67 70 43 99 88 84 28 18 78 51 77 79 37 81 52 76 27 58 88 20 57 55 59 10 72 75 69 17 34 13 61 27 69 89 54 0 16 62 54 24 61 60 4 63 83 81 24 91 62 37 92 31 47 86 47 16 28 81 56 93 75 46 16 15 14 18 80 12 51 19 39 67 29 40 23 57 91 58 93 34 86 90 42 71 25 31 79 18 16 90 68 99 14 25 57 42 9 49 93 5 45 23 8 31 48 77 34 61 47 0 20 84 85 88 15 31 78 28 7 50 97 16 89 7 22 88 24 21 13 97 8 58 19 42 8 65 4 9 6 55 44 66 53 85 26 89 30 11 53 15 74 40 45 25 10 70 39 48 44 55 4 64 14 63 55 83 12 76 27 33 19 96 66 50 67 6 57 3 80 28 72 65 48 42 18 2 96 83 0 49 2 12 37 36 42 57 70 56 15 68 35 60 24 51 38 82 58 10 77 95 97 5 14 58 54 42 87 22 87 
86 11 75 77 88 84 54 29 87 13 7 38 6 22 24 14 68 74 99 51 57 0 49 24 46 95 73 8 84 75 11 62 99 39 77 34 72 33 45 50 45 62 85 25 49 6 43 56 4 96 37 90 67 21 0 5 67 95 96 82 10 20 15 41 19 52 13 32 83 56 91 26 4 35 10 11 17 78 91 23 62 18 4 78 25 20 74 66 93 26 13 70 86 41 99 85 21 50 41 52 34 73 54 81 43 6 69 21 95 50 26 98 22 26 44 76 6 89 45 0 63 68 49 31 11 6 15 66 58 98 22 2 32 16 91 14 90 21 56 70 26 82 61 70 45 99 68 35 83 73 10 78 58 30 96 7 42 66 3 55 93 26 88 9 13 5 74 97 18 59 65 99 14 49 59 67 98 16 61 64 87 62 85 42 40 54 17 98 98 91 55 37 38 31 74 94 41 40 95 16 42 92 93 3 27 77 42 60 33 95 11 27 82 65 6 44 47 17 14 33 27 92 46 36 45 78 86 36 9 1 66 52 90 96 76 7 26 38 12 57 75 43 6 83 88 70 28 9 31 92 21 60 5 38 77 82 15 25 98 68 36 21 86 40 34 79 86 86 2 22 62 80 26 40 38 8 58 18 28 37 18 85 11 86 69 71 32 14 91 1 19 49 38 46 40 78 27 45 62 45 72 98 68 50 9 62 38 43 71 95 67 31 50 70 60 44 50 24 83 10 61 31 65 64 24 70 68 10 96 66 81 8 82 90 62 70 45 17 3 16 67 39 58 8 79 81 48 86 77 73 18 23 26 74 19 85 65 39 26 21 50 46 60 94 6 30 27 78 76 13 70 78 15 0 4 19 31 24 22 26 36 79 16 12 97 85 35 43 29 47 94 67 40 89 13 8 48 7 1 86 
53 23 76 38 78 16 28 61 16 2 36 67 77 52 74 14 30 22 3 58 9 1 35 15 94 27 60 17 70 83 74 83 36 53 32 32 48 34 69 1 53 46 76 35 80 82 8 0 93 40 16 44 60 60 34 70 56 96 59 10 30 80 23 33 34 8 13 47 78 21 20 16 39 58 67 83 47 11 90 55 99 59 38 2 66 66 96 43 79 97 68 98 16 24 44 67 98 56 2 99 82 27 65 90 49 5 4 82 48 29 40 66 39 99 1 95 40 6 74 23 58 24 52 86 42 1 20 98 24 2 16 61 71 47 68 78 71 83 53 1 79 38 69 98 14 12 40 68 20 52 83 37 5 79 75 34 18 70 21 9 21 80 43 61 46 93 85 13 2 24 44 59 62 96 7 87 39 82 97 68 77 92 86 54 41 56 73 93 16 10 1 89 40 56 7 86 9 29 19 98 84 88 19 73 83 38 36 44 70 25 10 57 72 62 30 13 29 85 86 71 66 51 5 37 45 97 67 13 19 31 67 14 39 39 16 78 21 16 57 22 79 89 28 92 63 46 52 68 13 93 21 38 30 68 93 26 81 34 89 77 33 59 5 80 35 38 44 3 53 30 25 44 47 58 31 84 69 80 76 4 50 39 23 11 63 53 80 36 31 65 71 35 29 22 37 89 15 75 18 32 78 32 18 79 33 76 70 5 38 13 46 55 71 17 9 9 50 14 4 50 63 85 18 71 57 42 11 76 99 43 88 76 64 18 62 66 42 24 35 17 79 75 53 25 20 18 60 34 33 7 83 64 54 90 34 56 89 60 34 51 23 67 72 99 67 72 7 86 20 12 48 69 95 15 51 25 89 98 35 14 23 40 26 48 90 40 62 54 23 33 0 59 64 69 27 27 76 90 51 94 
65 18 6 72 51 98 38 76 11 13 21 70 17 98 29 7 6 63 16 55 26 31 51 26 13 39 45 74 6 84 50 20 81 16 37 24 5 34 39 2 65 51 13 10 45 87 72 92 43 83 78 0 51 40 20 48 38 95 22 76 34 82 46 97 50 16 77 49 15 85 26 38 8 0 76 69 66 24 54 93 27 24 65 28 51 62 26 60 52 27 89 98 30 29 97 71 34 57 29 28 97 61 94 92 75 12 10 36 32 45 65 38 57 10 1 28 75 83 39 11 78 18 83 91 28 15 53 26 40 78 98 33 25 88 61 46 46 40 51 94 56 3 75 68 45 98 10 87 63 70 17 17 52 19 41 0 92 18 12 85 85 21 64 91 41 73 89 53 45 98 38 48 81 92 13 59 16 6 87 11 17 70 6 37 54 16 5 93 72 60 27 81 0 53 3 23 44 8 3 12 45 71 49 61 75 66 27 30 69 55 30 96 3 17 99 71 45 24 51 25 90 15 5 54 89 78 35 4 31 96 43 92 89 76 30 86 71 52 12 42 52 34 73 67 80 90 83 60 28 55 97 81 90 38 40 15 41 32 76 3 89 95 1 72 73 91 62 67 96 29 26 94 90 89 53 68 69 85 29 20 16 25 89 32 78 64 42 52 50 47 17 44 6 8 56 2 66 30 65 7 34 63 3 27 18 42 45 70 85 14 56 70 4 46 53 43 24 83 80 94 26 59 15 74 26 55 46 74 51 72 94 62 6 29 40 88 16 39 59 66 72 5 46 7 28 30 75 66 91 62 70 41 57 32 34 65 58 37 85 21 20 60 43 50 18 87 13 34 45 98 9 39 2 66 57 34 4 22 15 79 4 53 52 4 38 30 70 50 37 4 50 83 46 40 70 76 45 45 53 61 
8 30 45 66 8 58 41 96 61 28 7 53 14 88 18 64 13 18 94 81 96 89 65 75 11 19 44 71 52 95 82 72 53 83 85 47 17 19 0 41 70 57 13 78 37 83 79 13 70 90 76 1 57 76 41 50 46 5 29 57 69 45 2 75 41 33 53 69 21 74 89 64 15 54 7 39 13 2 0 13 74 8 90 47 42 94 80 3 20 6 32 78 51 15 38 60 74 28 43 13 69 28 51 93 25 21 91 7 83 93 65 71 36 66 81 42 99 57 32 39 19 26 27 71 50 77 2 12 71 40 49 50 40 35 79 38 39 32 42 15 42 84 46 65 76 22 97 71 38 95 70 98 38 5 56 28 79 19 58 70 25 81 5 8 43 33 25 44 9 89 39 18 19 56 99 48 31 34 54 42 65 50 50 67 18 79 36 32 45 10 89 4 10 91 45 41 44 72 21 66 64 98 32 61 68 31 3 79 44 28 71 82 44 52 51 66 77 84 47 91 17 68 33 26 41 42 42 23 9 22 22 29 79 94 3 80 71 22 19 59 3 59 41 16 69 39 39 64 45 88 13 71 25 59 12 93 82 42 35 54 29 66 70 40 38 77 77 70 76 86 67 63 12 14 57 19 98 73 64 33 98 60 54 26 27 33 39 33 38 28 6 91 89 67 91 5 74 46 78 79 17 97 47 8 48 15 80 63 46 93 95 16 55 30 97 36 79 24 74 81 96 2 33 17 72 79 66 40 93 3 66 85 0 13 19 13 3 49 77 74 26 55 92 70 12 99 39 38 59 42 68 46 85 34 69 70 86 61 63 70 86 11 5 17 17 37 22 43 79 32 51 70 77 63 63 54 13 32 12 59 45 53 59 11 11 26 34 11 36 61 33 27 46 34 30 34 26 56 22 70 
22 84 41 23 35 5 71 37 79 55 84 85 8 68 65 69 96 12 20 62 52 7 54 82 19 68 46 13 45 76 33 69 91 21 88 34 29 85 1 27 8 66 63 89 81 15 99 83 35 22 19 99 65 75 48 80 92 42 57 29 21 80 24 61 90 91 72 91 49 19 90 75 11 60 88 5 91 69 21 26 73 90 94 90 60 61 96 77 97 14 43 4 63 36 82 69 32 43 41 73 17 75 60 2 41 29 40 57 58 24 46 78 29 47 14 25 55 38 98 27 47 45 16 94 6 60 53 94 44 55 15 53 45 37 51 39 0 64 31 57 35 87 12 90 35 21 47 23 61 96 5 5 29 27 59 41 46 52 95 43 31 8 45 22 76 38 61 59 99 59 49 43 32 15 37 90 0 7 33 22 18 76 59 81 44 85 58 10 11 60 58 97 7 79 24 33 78 24 72 73 27 37 46 78 23 14 30 80 47 67 48 51 27 35 14 72 70 73 3 59 22 48 76 11 66 78 80 29 19 24 54 66 51 18 13 80 8 37 87 1 40 60 71 65 83 75 19 1 97 81 19 68 26 60 1 46 16 15 77 75 24 19 93 65 83 26 12 25 86 88 20 4 91 79 19 76 10 50 38 64 93 63 1 45 0 25 43 6 3 64 15 62 80 36 97 3 15 81 5 83 77 55 64 43 57 46 8 86 61 62 55 67 4 5 15 81 82 21 96 66 25 67 97 4 39 50 64 24 48 36 61 7 69 71 73 82 5 54 30 21 15 97 9 52 56 94 31 32 6 6 6 79 53 95 33 38 10 23 4 7 61 41 47 48 75 86 53 26 79 55 41 97 48 53 90 39 48 14 18 75 32 54 7 36 40 20 29 26 31 62 55 41 15 81 73 43 38 2 65 87 
4 73 69 55 29 16 76 21 97 80 20 10 50 59 52 34 13 14 66 56 73 90 3 89 76 4 13 91 26 65 21 84 79 29 13 27 89 13 96 98 94 10 13 60 78 23 80 13 48 44 27 3 93 13 21 56 94 63 49 10 40 73 88 42 21 5 74 68 88 28 70 9 75 51 45 10 59 72 85 52 62 48 98 0 85 54 36 17 61 0 59 44 3 73 20 28 52 55 88 22 78 89 33 70 56 83 67 31 70 41 45 39 53 25 1 75 32 81 30 93 47 65 99 62 71 92 19 51 74 29 31 63 12 8 75 35 62 86 0 20 78 49 93 3 64 44 29 39 15 50 33 8 2 69 91 56 60 76 82 58 71 9 78 80 29 45 6 1 32 5 0 32 11 66 49 44 12 67 10 0 73 93 34 61 86 23 25 73 47 84 85 70 65 78 79 28 6 76 23 3 83 82 95 76 30 11 85 37 63 27 44 87 42 63 5 92 69 37 31 22 3 92 59 19 94 48 80 45 37 93 74 19 6 94 81 56 86 48 57 67 60 88 63 88 54 58 6 83 69 54 7 66 97 24 26 72 41 66 70 99 88 73 63 33 9 85 89 63 27 61 12 57 91 11 6 78 34 95 81 19 13 14 54 26 56 52 88 73 99 78 5 47 47 2 9 70 8 60 93 82 61 14 47 4 21 58 82 62 69 70 97 67 10 57 75 14 4 68 70 44 39 27 76 1 97 53 25 62 64 25 63 84 61 87 14 80 93 23 67 32 7 64 71 57 7 23 80 65 89 9 16 38 77 89 81 32 86 83 4 48 52 54 8 34 90 77 17 96 31 96 77 67 25 39 43 69 0 84 11 39 28 93 58 26 41 8 18 69 86 58 27 41 56 49 39 55 8 26 80 73 
0 39 28 11 94 73 37 52 65 76 17 21 60 25 79 10 4 56 56 95 34 68 97 64 5 16 42 60 72 63 46 70 79 38 7 93 46 93 65 98 19 35 46 51 54 89 85 38 81 42 67 23 25 44 1 10 73 22 31 48 97 65 80 56 24 87 4 1 10 6 90 38 93 97 54 92 40 86 30 99 37 36 59 84 19 69 46 14 15 67 63 84 28 54 66 2 36 5 13 14 41 6 65 44 27 95 28 69 44 30 59 89 10 43 43 35 68 13 61 53 24 86 98 16 3 8 72 61 94 80 95 69 23 32 27 30 42 63 98 94 18 23 0 7 86 36 68 60 53 55 26 43 46 45 60 51 24 45 22 52 90 32 85 25 32 40 97 50 1 98 90 2 44 44 4 98 29 45 51 62 17 91 41 75 32 75 17 58 86 7 59 40 24 13 85 99 13 2 22 96 49 65 37 21 0 88 9 45 45 44 14 69 33 69 94 46 15 72 0 56 46 81 45 29 45 39 33 98 97 38 97 37 4 95 43 4 21 69 33 5 20 95 77 71 96 17 56 95 70 0 14 62 55 3 30 62 76 94 6 55 49 52 5 48 32 47 11 59 8 46 89 77 86 68 6 9 2 11 88 35 85 20 67 44 61 24 83 92 90 94 48 94 24 28 51 46 44 51 87 85 20 31 37 98 85 26 27 86 71 11 38 17 92 26 35 29 5 46 23 78 97 19 43 58 78 66 55 55 29 66 45 71 81 48 92 84 3 0 41 92 88 61 2 70 4 43 66 5 22 52 96 85 27 18 7 20 55 50 29 38 18 19 2 32 39 37 24 18 7 52 20 43 64 50 36 93 76 63 39 45 44 42 28 88 84 33 95 39 0 81 0 0 23 0 42 5 7 58 87 28 
6 45 68 12 40 84 75 63 72 79 11 85 63 96 1 68 82 45 64 68 48 69 18 84 1 32 21 86 92 47 22 84 87 7 61 63 46 52 49 96 9 45 71 80 32 79 49 44 15 31 79 82 99 79 17 79 18 39 26 26 95 92 57 91 50 62 46 51 48 27 32 11 38 51 8 79 2 1 92 49 23 97 65 14 78 24 86 77 89 9 22 69 11 33 40 36 7 70 5 85 70 59 25 9 31 83 89 85 13 91 8 15 20 89 93 88 40 30 1 77 67 94 38 48 64 87 2 5 47 23 88 36 62 54 11 25 33 95 9 95 6 93 19 21 4 78 66 83 1 43 22 87 58 83 7 55 74 88 69 30 37 9 20 29 6 27 64 4 67 74 71 29 80 68 43 52 15 35 23 71 6 22 64 24 73 58 32 37 54 90 43 48 90 85 24 47 41 13 38 65 37 36 80 30 63 54 10 95 99 70 9 50 94 38 60 44 36 36 88 67 47 87 53 71 92 5 62 99 40 94 15 33 56 96 44 98 76 45 9 87 90 50 68 1 97 85 66 6 20 70 82 41 21 33 11 50 17 22 32 49 66 69 21 44 50 8 75 27 38 79 79 64 95 11 52 39 12 34 54 51 36 6 63 45 9 54 84 14 41 89 35 52 11 50 8 69 22 15 52 62 61 78 46 41 31 57 44 61 93 41 20 87 44 25 11 58 38 0 26 94 90 24 43 53 64 1 14 57 53 1 29 78 86 13 56 70 29 88 69 94 63 42 7 1 49 8 14 78 60 98 39 31 66 45 28 55 71 34 61 95 5 10 24 4 12 4 74 12 97 4 52 84 31 57 53 49 66 66 92 2 91 92 20 40 17 67 33 87 79 9 95 48 13 55 94 95 71 19 20 39 
55 69 87 72 7 54 40 0 87 42 4 41 44 41 77 78 1 69 8 32 25 2 74 83 93 78 99 29 88 41 66 22 36 84 6 53 58 17 9 58 21 82 47 4 22 23 77 73 56 37 67 99 75 5 50 13 42 56 71 6 13 40 4 14 47 43 47 15 16 15 88 6 47 61 49 54 94 61 74 60 97 46 99 19 92 27 93 54 63 98 41 88 65 95 45 2 76 7 76 36 74 26 52 65 93 19 82 80 87 96 2 19 85 44 24 17 96 22 90 97 41 10 14 88 49 7 86 87 24 9 39 49 83 83 3 94 35 64 14 93 57 82 54 0 55 7 70 5 8 63 84 74 2 65 26 48 3 54 79 73 66 71 78 49 28 67 91 66 54 68 20 62 56 24 42 28 59 11 32 54 39 39 4 26 56 4 89 68 94 65 96 71 90 55 74 50 15 4 57 88 81 3 46 79 97 42 30 2 57 32 43 61 29 52 98 33 19 30 15 0 46 52 61 34 33 83 10 92 18 8 89 45 57 5 2 63 87 40 33 96 90 78 71 41 47 88 66 82 53 78 52 23 84 44 49 89 70 49 8 40 37 37 34 61 97 10 9 87 94 3 25 22 73 21 88 39 24 81 31 34 68 18 51 41 55 47 25 68 57 8 90 50 30 1 90 35 1 54 83 50 83 97 60 69 35 2 2 22 84 49 67 25 15 85 1 47 3 55 73 17 99 48 17 97 55 59 39 72 9 38 83 73 45 72 15 33 50 23 92 47 80 91 68 30 91 79 94 25 37 6 29 14 71 20 17 54 27 83 54 51 42 60 3 35 68 58 22 81 36 89 72 94 27 55 47 33 39 31 90 50 88 26 17 83 97 82 26 12 95 29 59 61 95 54 37 41 33 5 28 22 
25 37 60 70 1 5 72 23 11 7 20 55 20 17 44 21 49 17 75 56 62 36 62 93 80 14 50 19 15 76 71 75 87 65 77 4 38 85 30 68 7 38 54 27 22 69 44 64 72 9 42 94 64 58 62 84 82 6 13 84 86 46 5 29 12 43 47 47 39 59 27 35 68 85 26 15 81 85 27 23 25 74 65 57 97 30 41 10 36 92 32 81 11 13 7 83 96 69 29 12 63 71 57 41 17 10 45 22 41 49 66 82 77 97 25 1 86 73 1 86 82 98 14 41 53 52 73 42 81 41 21 98 67 45 65 69 87 74 87 9 79 97 81 71 10 88 2 39 50 85 67 1 45 19 38 21 64 55 50 86 21 58 57 66 98 25 51 48 53 1 31 96 61 77 47 20 51 96 15 75 38 83 46 54 88 46 85 0 96 30 40 34 47 48 6 95 36 35 34 78 71 20 63 90 90 21 93 1 1 2 86 36 88 67 36 14 59 5 7 19 94 1 65 46 4 39 40 94 53 16 20 34 9 85 33 92 87 13 36 31 46 80 5 7 6 50 51 96 78 51 91 69 97 72 34 60 79 59 2 59 50 86 67 64 80 53 98 57 74 81 6 29 45 75 33 31 92 62 61 17 14 8 95 7 42 68 39 13 4 36 74 77 90 87 20 26 71 49 50 70 34 5 59 60 2 32 2 73 4 49 20 36 46 64 13 5 55 55 96 24 91 26 34 61 97 69 79 81 18 56 53 98 75 45 37 60 2 90 11 25 96 5 68 90 99 40 10 66 94 54 4 15 97 21 71 10 56 70 28 36 2 29 2 74 38 14 67 36 40 88 66 66 52 40 35 51 71 86 50 47 15 33 85 50 21 45 37 21 14 40 71 1 77 22 3 49 54 2 28 41 
88 36 37 1 82 81 3 34 45 55 73 63 61 77 45 66 76 86 60 73 11 13 31 60 50 18 26 0 83 19 21 98 98 37 37 93 92 67 38 96 78 99 83 51 8 16 45 43 16 33 67 43 19 72 21 42 30 33 12 27 18 55 66 8 99 95 10 26 49 92 26 32 8 67 91 42 60 68 97 64 48 4 87 63 35 81 5 10 47 82 5 57 6 16 2 43 30 46 40 46 50 59 44 79 14 73 42 57 81 96 68 58 13 20 92 84 19 88 99 74 68 83 20 3 95 24 23 14 80 26 46 51 82 56 83 80 56 99 52 72 32 79 44 88 5 66 50 23 57 21 6 79 42 47 75 72 90 17 7 9 76 35 18 33 65 55 25 56 71 23 9 22 1 47 63 99 59 57 1 47 99 60 84 83 96 55 56 61 94 14 87 57 94 73 14 41 12 8 36 31 42 27 64 99 34 43 86 70 23 44 25 85 20 97 75 14 66 17 88 58 71 51 83 26 54 40 95 15 29 51 1 4 61 85 47 85 77 27 57 58 89 9 33 52 28 44 76 8 4 10 31 38 10 44 31 91 21 32 61 82 54 68 60 15 0 43 84 21 69 7 75 91 62 31 42 93 88 57 3 76 35 78 12 5 65 29 59 69 38 13 79 31 51 91 41 45 76 76 40 70 11 43 58 4 22 90 72 71 95 12 92 34 66 30 69 84 51 86 10 15 26 80 55 5 43 69 88 82 85 24 83 54 62 7 44 77 63 97 47 12 6 98 98 75 13 4 68 27 9 47 49 30 15 59 95 41 86 0 64 22 97 95 17 49 14 87 26 27 23 98 59 93 3 21 62 99 73 9 50 5 45 92 28 50 51 12 12 62 60 98 26 31 98 29 17 60 83 23 80 14 
85 36 3 52 68 3 49 9 17 82 23 83 54 85 83 54 90 29 18 53 10 57 42 56 83 62 61 47 18 35 38 34 10 51 45 53 73 10 36 54 97 62 67 16 32 3 74 94 62 72 32 85 7 55 72 79 92 98 27 57 90 92 15 62 36 20 55 11 20 32 62 21 42 84 29 17 68 4 8 32 49 28 40 60 15 86 60 57 78 9 0 35 35 44 85 78 49 13 69 39 7 35 14 71 95 18 63 22 77 1 86 33 38 20 32 27 63 92 69 57 4 27 67 76 86 61 34 3 9 71 65 69 58 37 31 39 40 31 55 90 35 51 88 8 66 6 69 68 73 32 20 15 11 21 18 37 66 89 43 33 59 98 86 92 59 69 42 2 74 91 98 73 19 60 86 3 44 37 47 51 96 45 14 13 85 89 79 29 95 62 72 67 47 99 79 20 92 47 27 76 39 62 20 13 92 86 36 74 28 33 30 71 77 21 76 4 24 65 79 25 90 26 4 17 5 40 97 62 0 67 54 84 90 43 84 7 18 0 13 86 54 14 57 77 90 99 17 15 72 11 18 85 90 47 45 1 74 59 28 78 20 9 43 58 24 65 91 46 22 21 83 75 39 64 98 45 34 31 32 16 47 25 64 92 3 0 81 9 73 86 60 23 83 1 33 72 51 89 14 76 87 23 24 84 70 31 31 38 42 89 72 79 83 1 57 54 26 81 21 69 66 91 88 6 17 55 17 68 58 44 23 33 93 21 73 33 20 99 65 12 36 89 6 89 56 69 4 41 54 65 29 58 61 37 10 94 78 95 43 66 13 90 31 46 16 19 54 16 4 48 84 48 3 0 58 70 88 20 19 38 7 14 52 52 47 87 24 48 15 65 75 63 57 87 81 35 25 97 6 62 
78 27 71 50 56 4 4 17 45 82 48 96 5 99 60 6 56 39 35 48 39 21 1 22 49 28 95 7 83 23 58 14 82 78 84 77 5 66 3 3 6 42 43 85 57 13 39 12 62 20 47 69 90 72 24 56 54 35 55 62 51 77 27 86 65 15 77 50 53 35 9 39 92 94 58 65 38 26 66 39 55 58 71 71 37 36 38 77 82 66 50 58 48 23 79 66 54 12 79 9 32 41 52 78 6 93 52 57 49 27 33 63 34 13 53 79 39 86 53 76 27 7 76 8 22 73 34 15 53 83 22 21 67 93 25 80 92 27 84 69 84 52 56 0 44 9 75 69 24 11 70 50 21 48 25 19 85 56 34 5 47 98 38 42 49 24 0 44 74 49 19 4 37 21 66 4 39 6 22 44 41 10 36 34 10 75 64 85 42 14 6 43 31 67 98 53 90 41 73 46 21 13 57 82 92 71 89 42 90 93 50 29 5 2 61 9 20 6 95 58 24 77 97 14 77 29 75 94 71 35 23 67 12 36 34 89 27 48 27 48 38 92 83 8 56 21 99 26 86 28 56 51 27 47 8 77 1 87 13 24 63 84 87 63 8 2 57 95 88 22 41 3 9 56 48 88 99 82 64 10 21 21 88 96 40 54 23 97 36 15 92 64 66 11 85 97 7 28 36 96 43 39 79 58 70 74 47 1 97 85 82 29 84 69 34 52 14 0 17 46 22 80 28 57 76 20 89 38 95 96 17 13 22 97 72 5 69 64 10 68 10 41 73 90 79 20 12 68 93 43 84 71 9 18 73 36 50 67 95 98 96 20 81 89 55 43 74 14 95 12 10 69 58 48 7 6 54 22 4 15 18 18 34 24 95 97 82 60 71 56 82 28 12 78 16 26 94 72 91 23 
87 32 54 39 58 17 74 0 2 19 32 58 92 12 0 2 55 17 16 78 88 39 84 20 61 52 9 49 53 94 48 80 89 78 52 7 53 77 84 1 94 23 50 16 43 63 70 73 41 43 35 94 40 20 51 7 2 85 54 40 46 4 57 42 30 61 18 56 48 2 31 44 47 46 86 2 63 86 80 44 54 5 71 39 63 47 60 29 8 84 9 7 76 42 17 4 76 28 70 63 10 17 0 42 19 28 38 52 73 81 22 0 1 68 60 34 21 88 35 33 94 63 43 45 12 0 14 4 14 29 58 24 67 30 26 10 53 14 73 21 52 32 75 96 71 60 5 54 75 92 19 8 88 93 88 11 80 86 50 83 1 39 6 98 7 34 99 42 62 10 90 30 77 35 4 65 94 78 83 36 76 21 50 81 63 50 16 49 39 20 18 27 75 38 8 29 83 63 25 67 76 22 66 50 51 70 25 79 84 44 2 71 72 56 42 89 38 70 34 94 38 43 30 96 19 66 27 58 6 6 69 27 2 88 41 46 38 2 78 13 93 56 78 76 76 62 0 39 5 61 87 6 91 5 50 22 62 67 58 45 16 36 11 2 24 14 27 5 34 73 87 23 23 68 95 59 23 13 52 52 8 91 55 71 37 11 93 75 74 49 74 73 18 67 19 11 38 34 7 76 92 12 27 35 84 6 72 15 13 71 73 52 64 64 54 58 80 45 65 6 10 84 79 23 7 5 80 51 53 54 66 58 63 28 63 82 67 93 66 0 75 79 97 34 36 81 40 70 17 8 88 33 27 13 80 91 7 65 72 22 89 5 61 49 91 11 11 75 73 49 38 60 96 92 6 7 0 44 33 60 39 82 7 21 67 70 23 36 39 79 85 35 72 55 45 62 49 3 43 92 
13 62 49 28 60 20 5 82 41 50 28 43 34 33 18 1 17 96 22 38 49 62 68 38 48 4 17 7 36 26 47 57 47 51 34 35 48 18 50 80 58 0 86 53 15 8 36 85 69 24 62 70 16 44 89 56 68 48 40 16 16 54 66 35 8 70 96 27 30 58 53 28 59 24 75 18 93 2 99 59 36 56 63 28 9 40 99 53 65 19 13 12 78 38 30 94 10 3 70 48 77 92 9 95 65 84 95 91 72 97 61 9 1 94 17 31 26 42 8 68 50 45 9 8 9 50 53 13 80 64 69 63 82 92 36 89 43 10 54 80 17 84 31 3 28 69 84 24 30 62 6 14 7 22 68 8 53 41 40 76 19 70 37 28 7 42 36 25 33 64 59 84 22 7 73 78 26 12 59 6 74 61 74 74 72 10 66 7 86 13 43 77 77 1 90 54 35 42 98 95 60 37 55 92 78 58 34 81 18 21 11 38 40 45 44 13 54 1 83 21 77 81 73 81 77 73 44 13 46 77 33 29 23 89 90 19 66 13 84 66 32 27 8 68 10 7 35 63 76 56 2 63 25 13 23 63 59 63 54 67 85 77 35 64 98 12 84 2 32 60 9 90 12 22 58 67 88 51 21 99 38 29 77 97 55 21 78 1 72 49 13 97 87 23 54 15 10 93 89 37 15 39 18 59 83 70 69 67 40 2 60 1 85 46 62 14 86 70 68 19 43 9 81 50 17 48 92 64 25 26 64 75 83 70 39 45 40 95 20 90 64 62 29 63 8 93 18 95 34 6 49 46 76 17 22 88 69 26 3 71 89 63 35 60 33 93 20 32 64 57 60 45 84 85 60 78 39 92 40 11 11 22 63 50 56 83 4 71 29 55 95 5 94 58 68 25 56 25 92 74 
42 80 9 3 18 41 73 53 95 97 26 59 86 62 37 42 10 45 62 44 16 77 98 74 75 96 60 62 37 68 13 38 42 88 23 53 12 80 72 29 63 26 78 91 94 55 50 39 78 13 38 47 39 86 59 25 76 97 50 18 22 72 53 26 76 1 90 18 42 37 12 61 47 98 69 50 27 39 35 32 45 22 74 75 5 21 77 47 89 45 12 66 53 3 41 19 69 76 42 32 78 60 74 7 28 61 39 5 78 8 80 54 6 44 83 13 78 74 41 3 87 89 20 2 70 11 89 32 52 31 74 31 50 12 86 67 96 99 32 79 94 64 24 8 69 15 48 4 91 85 91 30 13 43 88 13 99 58 96 25 9 88 55 68 17 11 0 50 90 60 64 88 55 33 61 11 18 71 23 17 31 6 54 39 63 57 66 7 38 58 84 36 29 61 89 23 36 84 19 68 91 56 18 6 70 50 69 83 86 12 62 76 82 77 12 15 74 41 70 89 38 74 23 35 15 4 84 31 86 75 33 44 25 35 15 27 38 35 13 15 12 70 58 28 60 82 95 49 93 77 58 51 84 82 6 70 47 31 15 21 79 80 84 39 63 73 11 7 55 24 81 12 53 13 39 45 38 25 24 43 48 8 88 72 51 41 45 66 86 92 32 44 19 76 37 25 21 50 2 91 49 0 77 81 35 37 5 92 51 54 39 34 44 9 90 61 11 61 71 82 35 98 49 73 7 85 40 44 28 6 48 79 37 97 93 7 4 7 56 57 32 5 0 4 64 58 26 49 33 1 6 24 74 65 87 44 70 16 29 47 87 18 84 98 34 66 40 45 48 17 63 15 3 58 83 41 36 62 65 89 43 34 84 1 31 69 2 76 32 25 59 60 51 92 80 64 17 36 83 60 
97 96 35 35 86 78 23 72 32 61 78 93 99 14 98 99 11 90 85 18 78 53 39 48 78 70 74 51 21 21 6 24 97 37 16 76 65 11 37 2 37 27 7 64 53 46 92 42 97 68 2 73 51 18 34 82 78 54 43 56 78 50 81 48 36 98 86 55 46 55 65 39 46 0 62 94 16 50 98 98 50 47 83 37 27 26 54 79 34 18 30 2 16 67 0 52 80 73 97 44 35 84 63 34 68 48 56 68 28 98 99 69 41 67 97 28 7 95 35 22 43 96 53 67 56 1 70 98 7 85 68 42 0 60 11 11 86 75 73 26 93 39 65 38 22 36 16 56 22 59 67 44 12 58 30 19 49 26 56 83 9 89 89 70 99 26 72 4 64 18 1 67 8 7 54 27 53 58 48 21 64 1 56 76 61 39 82 55 3 35 42 18 84 75 54 71 22 5 32 14 42 39 27 12 32 52 75 97 11 6 72 80 18 88 63 95 19 39 1 23 27 1 0 49 14 62 60 18 20 7 93 92 9 43 81 40 49 72 92 15 79 14 2 80 99 2 36 53 97 90 15 66 20 15 82 0 54 70 70 34 6 51 79 87 28 59 89 24 44 49 20 25 85 87 56 95 15 6 75 73 79 88 88 49 78 80 67 68 41 19 90 40 83 45 36 98 75 17 52 56 24 78 97 13 74 26 87 86 7 12 0 83 97 1 19 27 58 18 85 57 22 25 58 7 23 73 91 23 71 83 6 19 93 70 77 65 29 98 86 39 37 16 50 93 96 21 81 81 10 0 82 10 53 4 16 68 86 7 63 38 47 83 22 58 19 87 37 49 82 66 15 34 67 62 86 12 63 44 14 14 85 42 63 79 6 40 42 47 65 99 53 60 47 15 10 4 95 40 5 70 
10 0 36 3 85 42 88 95 63 98 94 55 20 80 16 90 30 14 52 55 79 81 85 45 28 2 12 14 76 53 28 7 96 27 51 37 42 1 88 68 74 75 1 56 53 98 48 76 16 4 64 97 9 38 35 24 52 4 13 35 79 2 12 14 8 10 94 20 14 25 6 31 18 36 86 92 15 92 88 12 68 23 32 0 62 0 30 2 2 45 97 72 83 7 7 16 90 79 37 57 9 55 45 93 31 67 66 64 31 46 53 76 35 84 50 49 42 16 56 22 63 17 84 52 60 44 58 83 95 61 26 80 28 84 67 38 88 62 34 27 55 56 41 24 80 29 8 19 49 83 79 5 73 8 97 28 78 34 57 23 22 16 39 8 98 78 82 53 13 39 11 30 70 2 40 53 71 68 38 43 8 79 20 79 75 38 65 44 2 11 20 51 52 68 58 54 11 59 55 35 74 56 64 76 17 76 60 31 61 75 10 12 74 66 55 7 94 31 21 99 19 96 46 24 4 10 1 85 20 29 70 23 51 63 56 98 70 59 92 1 45 92 91 8 63 18 80 33 64 3 27 18 18 25 57 74 46 96 57 62 4 74 66 94 37 82 22 12 28 73 51 48 27 22 56 64 87 65 74 38 99 74 55 16 77 47 59 36 58 83 85 68 71 93 68 99 32 96 67 97 51 96 70 63 60 41 14 14 83 46 38 78 59 60 47 98 38 28 77 54 29 59 79 76 58 1 53 99 82 21 99 85 96 50 69 11 39 48 13 42 87 17 60 16 43 14 9 59 41 18 95 86 94 77 5 86 27 32 51 94 81 41 98 69 14 77 55 31 4 17 1 23 25 85 48 21 35 46 22 88 12 80 8 85 33 23 28 85 9 97 78 55 0 68 76 97 49 95 54 4 
75 15 97 94 23 40 62 4 27 74 70 29 49 25 38 22 39 83 88 85 21 60 8 67 52 18 16 76 10 78 44 50 49 42 91 11 64 17 13 18 56 76 37 81 3 19 91 34 11 39 25 24 13 33 59 49 63 3 75 35 63 45 26 96 1 98 9 89 29 36 71 87 36 66 79 5 91 69 92 40 65 73 83 27 28 76 13 66 40 35 41 30 75 64 84 11 84 84 44 0 56 66 54 10 98 87 87 48 24 71 53 94 62 36 73 49 7 65 96 17 96 90 42 68 99 87 58 70 28 62 63 41 52 57 67 96 75 14 58 51 6 33 5 56 69 39 48 60 12 93 57 83 61 44 42 21 25 46 72 90 12 29 68 68 78 42 38 56 21 25 89 45 5 79 2 99 2 96 60 96 41 66 67 79 38 74 72 46 32 57 37 94 21 50 61 88 60 37 78 47 95 27 13 51 50 49 14 67 21 54 33 78 18 9 48 98 79 86 69 63 97 52 86 47 89 15 88 38 53 39 53 96 38 28 37 80 96 99 98 43 99 53 91 22 90 27 6 72 13 54 41 7 22 43 3 21 91 53 55 78 69 62 81 40 33 32 68 1 28 33 34 52 51 73 97 95 73 38 74 40 11 48 60 47 42 94 60 27 51 25 11 87 21 0 35 54 8 79 49 42 93 39 18 61 38 22 52 62 71 84 64 83 93 74 42 70 14 50 45 17 2 22 7 9 12 99 39 23 39 37 61 18 63 54 1 75 99 72 88 74 89 79 12 20 88 34 67 53 60 37 37 53 87 31 97 73 74 53 4 71 43 10 88 38 42 92 21 10 18 0 13 40 89 61 37 80 3 66 86 36 31 64 65 0 98 78 3 67 4 68 28 29 51 35 50 65 27 91 32 85 
23 8 35 59 30 45 17 99 58 1 56 42 71 24 49 37 35 18 86 70 21 6 29 38 4 42 2 24 9 65 47 60 23 69 65 24 97 98 10 52 49 75 33 24 53 55 89 73 11 71 10 19 77 38 12 41 88 0 6 58 76 80 62 9 33 88 17 15 72 34 97 55 85 52 81 89 76 83 9 3 17 89 39 5 84 88 65 95 1 74 56 72 41 82 92 37 53 63 9 3 98 84 46 33 22 32 27 69 4 79 52 53 22 92 76 81 83 60 0 91 19 26 85 94 15 37 75 63 56 0 62 52 80 60 76 18 54 43 9 22 93 62 48 95 37 64 95 86 73 74 12 66 28 22 97 7 34 20 97 76 93 29 0 16 81 90 29 13 59 49 29 26 28 38 11 7 90 21 2 53 19 34 55 96 30 57 95 87 98 27 71 43 64 20 50 36 97 86 95 31 60 78 60 85 57 90 78 74 49 11 46 38 12 92 27 28 65 22 57 36 36 33 89 2 10 67 42 15 48 8 23 59 53 90 14 28 86 86 5 55 31 50 39 52 36 48 53 86 23 47 25 71 35 0 34 97 18 36 10 11 51 96 77 58 19 46 71 39 85 10 31 47 59 18 0 36 7 18 76 68 70 91 16 79 12 67 76 17 20 90 23 72 85 75 44 60 77 68 78 61 53 94 54 61 74 60 51 13 66 35 58 11 17 10 14 94 78 90 1 22 93 25 21 39 23 51 30 76 63 49 24 94 15 18 52 43 54 86 50 4 84 45 13 62 21 96 6 44 41 10 18 79 91 33 79 76 31 81 93 18 54 14 29 96 89 82 30 13 97 10 90 84 93 13 47 39 49 37 86 50 1 81 55 97 49 74 11 2 7 2 10 11 41 13 89 44 93 62 40 36 
39 70 71 86 18 52 10 34 13 21 76 56 55 4 92 59 40 8 99 62 39 32 49 87 24 72 64 49 39 87 21 12 98 44 56 34 14 21 46 16 37 36 45 25 26 35 96 22 58 59 28 27 81 77 26 13 84 42 85 1 94 35 39 52 68 71 19 7 65 63 17 25 90 66 89 86 34 75 89 14 2 15 86 54 79 52 81 2 44 74 90 56 26 32 36 41 56 90 98 77 48 72 70 44 19 99 48 82 92 6 9 74 16 69 33 94 40 24 1 74 40 22 49 91 31 84 13 70 79 75 70 74 34 23 40 25 80 84 94 90 43 30 85 14 25 71 28 20 37 43 67 52 53 33 3 6 30 17 26 36 68 29 83 15 91 71 12 70 78 3 70 69 55 93 29 20 96 10 4 0 65 8 75 72 42 59 64 24 74 69 10 46 95 20 85 47 16 58 62 77 60 73 21 8 61 93 40 49 77 7 30 85 84 99 9 39 75 12 11 30 75 98 63 81 12 84 27 0 95 3 49 26 19 75 31 19 20 77 72 4 25 76 7 56 83 44 73 69 36 8 98 63 73 39 95 93 84 57 35 34 51 78 55 70 57 19 84 33 52 40 63 90 75 3 10 16 40 23 22 49 18 91 43 84 5 11 71 77 86 3 31 62 93 35 78 64 92 87 72 10 42 92 74 58 43 71 18 26 38 28 1 44 56 73 39 48 67 52 11 2 71 22 80 60 63 10 71 77 83 22 50 99 33 28 81 94 54 59 42 69 10 71 38 21 3 98 10 68 81 45 55 43 70 78 78 87 32 88 42 81 35 68 15 76 29 56 51 94 79 85 67 22 26 76 17 25 17 11 19 44 69 90 59 49 59 36 28 99 96 99 15 91 99 0 31 69 30 0 2 31 
98 92 45 48 13 84 6 40 4 50 36 35 78 3 2 11 58 90 68 74 80 28 70 28 67 92 66 32 1 32 72 13 72 60 0 40 27 17 28 57 16 24 27 26 17 48 49 94 68 34 4 45 39 3 38 19 80 19 60 44 61 44 86 91 71 65 24 42 53 48 25 9 79 74 33 88 56 5 84 2 32 30 49 7 54 73 72 1 56 53 16 75 31 40 20 26 82 51 12 93 2 66 59 35 35 2 30 54 61 71 79 14 70 36 83 74 99 0 44 18 90 98 16 18 89 5 42 13 94 94 66 54 82 73 11 15 68 50 30 11 92 88 90 82 19 10 58 86 16 94 78 53 55 58 38 88 9 77 31 29 49 66 84 44 62 55 48 3 40 85 80 40 4 53 96 67 22 78 57 8 36 82 86 62 5 70 99 93 27 5 29 86 98 43 7 72 73 79 60 29 93 42 34 9 13 75 58 69 67 27 73 28 20 7 99 46 35 68 86 67 6 94 90 39 69 29 42 5 71 96 21 25 79 91 46 77 63 76 96 64 58 12 34 57 23 27 67 9 53 85 89 96 6 54 23 80 35 97 3 68 77 40 24 68 28 63 41 64 27 66 78 66 40 55 0 0 29 49 28 98 12 89 34 60 79 23 28 83 15 81 68 73 6 90 85 10 50 26 47 43 40 99 28 98 69 75 71 80 51 29 7 34 11 13 19 64 73 44 84 53 6 87 90 95 66 10 36 6 96 44 27 14 62 17 53 22 15 24 19 18 28 71 11 9 58 51 74 67 65 80 65 77 46 45 57 27 61 48 97 88 67 13 83 64 85 71 19 10 92 54 79 86 28 63 74 26 74 1 67 22 27 13 89 76 25 25 25 24 92 64 75 94 5 29 85 10 94 64 40 40 
91 45 96 83 15 41 10 93 58 94 40 69 89 34 33 17 38 93 53 63 18 2 63 69 97 88 42 20 68 18 85 61 48 50 14 65 46 89 56 27 18 53 67 43 13 55 61 38 62 47 75 11 28 22 41 36 44 50 94 89 16 64 10 35 12 47 49 45 72 43 68 84 47 76 26 65 54 32 20 83 16 18 21 93 36 32 9 85 88 8 56 69 41 86 22 94 42 17 84 27 78 19 90 27 40 86 99 82 97 9 12 9 0 34 96 24 57 25 19 84 52 20 46 69 39 84 51 46 43 4 77 38 34 81 82 29 45 75 71 67 85 42 91 8 23 91 72 13 96 39 74 10 4 43 82 89 70 38 43 2 61 57 50 63 14 78 27 1 82 99 61 80 58 3 66 47 40 16 93 88 19 95 4 11 21 2 85 20 55 13 35 86 94 14 64 45 50 40 94 96 20 14 95 8 84 12 65 3 83 3 2 36 57 34 83 42 94 15 51 75 41 87 79 27 46 89 51 49 32 45 39 5 38 44 67 27 28 41 0 23 64 12 84 38 34 38 80 0 91 8 40 94 41 53 50 61 31 89 43 67 50 87 2 65 93 5 74 71 77 43 74 32 72 97 23 93 67 81 43 24 57 64 83 35 57 91 10 63 47 17 79 10 88 44 11 16 88 53 16 61 19 52 41 26 74 83 43 62 71 78 79 23 51 2 18 57 23 94 37 86 65 19 64 19 20 75 81 5 67 72 97 84 35 18 39 44 82 26 32 60 86 96 77 84 73 8 15 34 67 68 64 53 38 62 43 21 88 87 13 89 22 47 88 41 32 75 29 94 21 47 21 64 16 85 50 0 39 65 15 99 11 71 15 29 61 18 93 37 91 38 27 63 58 92 35 31 46 37 59 34 
90 0 8 38 26 76 60 3 42 21 29 11 73 9 57 21 74 23 33 74 26 67 31 32 22 56 16 72 78 34 92 85 38 2 59 1 75 17 91 68 17 92 7 87 65 4 56 42 30 12 82 69 80 94 85 39 38 56 12 76 51 80 18 50 87 74 79 34 52 36 81 8 45 58 63 30 61 95 86 12 59 56 27 77 41 59 69 69 79 35 79 44 21 38 7 34 7 30 8 8 36 45 52 78 21 31 55 5 95 34 16 26 36 16 61 15 85 14 50 82 92 40 68 68 5 84 84 88 82 88 57 48 71 72 50 43 81 23 37 99 30 21 30 53 14 61 80 23 57 59 13 9 5 49 9 63 78 45 97 66 66 63 39 73 97 93 33 70 9 10 2 25 27 43 68 0 91 87 16 28 24 14 98 91 23 37 60 70 12 63 9 96 65 35 39 24 15 0 54 4 98 37 81 15 69 98 54 84 10 26 37 19 19 44 33 75 29 47 54 52 75 29 6 51 94 83 75 0 84 33 80 28 87 78 76 64 4 37 99 96 59 39 46 39 97 63 93 82 83 89 91 98 28 51 26 39 14 53 3 59 29 49 37 35 60 6 53 20 76 25 68 33 3 20 20 25 46 4 80 7 93 34 79 52 62 50 26 79 96 88 85 46 32 54 95 57 46 30 53 25 54 72 81 35 53 31 67 32 50 80 12 87 8 54 21 17 62 64 86 96 88 32 48 99 39 2 19 65 84 52 84 9 37 43 6 77 29 30 71 81 50 53 94 97 91 57 30 85 70 14 2 21 18 61 23 46 94 95 25 76 58 78 94 60 86 82 35 15 68 43 48 75 85 33 50 22 51 43 87 41 32 68 57 63 27 16 15 6 27 55 45 73 33 79 62 91 87 18 79 74 
45 24 49 48 19 82 91 86 70 85 73 25 80 47 25 34 30 67 28 88 72 80 34 21 16 54 41 37 58 57 67 22 84 67 36 17 48 74 83 20 47 49 11 68 12 81 92 89 92 23 69 28 21 56 2 87 91 41 88 27 11 92 51 35 54 23 63 32 29 68 44 97 55 68 24 27 54 88 3 56 15 20 52 45 56 14 75 80 23 71 25 77 48 32 67 59 65 48 31 93 78 72 75 64 16 11 3 82 26 66 22 5 89 31 55 91 63 70 66 84 87 44 12 62 75 64 3 85 44 62 3 59 5 5 4 6 25 8 77 0 74 97 64 9 42 54 99 3 49 20 11 90 71 92 19 47 52 27 70 75 56 49 85 51 52 9 71 50 26 57 82 77 44 44 67 55 80 95 4 77 19 44 93 95 71 43 40 23 33 43 98 33 19 61 79 73 54 3 7 1 72 20 18 30 72 82 17 64 57 84 26 32 4 2 90 70 0 29 85 35 8 15 69 72 88 46 62 92 40 91 30 99 30 95 57 3 56 9 59 71 73 55 61 81 32 74 92 28 9 10 56 86 20 27 16 8 36 88 14 64 0 90 42 59 76 8 74 27 58 68 21 46 98 7 36 23 23 52 12 56 99 46 65 73 46 15 31 68 73 35 15 34 89 34 32 5 98 85 14 59 1 15 50 33 58 3 52 83 30 44 18 15 80 66 94 48 53 27 21 17 29 32 85 6 52 40 75 34 97 53 61 46 34 94 84 89 48 73 81 77 96 74 94 37 42 24 90 18 73 31 48 31 8 25 43 43 99 40 37 86 17 36 31 93 67 61 9 74 45 12 27 12 93 83 79 65 85 81 40 16 66 39 26 21 24 59 14 94 33 15 96 73 12 58 44 59 43 88 34 87 
72 80 34 16 90 25 66 47 87 58 1 1 85 83 56 11 71 79 94 3 86 95 58 9 20 7 59 2 95 95 19 5 61 5 13 46 50 6 99 40 38 45 97 86 13 75 94 62 57 59 79 1 51 58 41 93 16 39 38 59 53 55 80 75 56 11 81 46 61 44 78 8 6 96 23 10 59 75 11 78 28 41 37 12 83 66 21 23 61 74 75 0 72 86 48 22 46 22 23 51 44 77 19 86 37 30 49 2 93 96 5 34 14 32 3 85 98 29 60 39 53 64 39 49 8 21 13 78 66 62 60 86 46 87 62 55 89 66 37 14 17 96 54 15 23 71 87 24 73 5 73 91 42 61 66 21 6 81 81 10 61 88 19 71 39 76 30 99 98 22 64 57 59 17 91 44 69 64 63 56 47 4 59 68 84 50 95 21 41 28 45 30 85 18 59 9 64 27 0 9 42 49 2 31 73 81 36 90 18 82 12 2 88 49 7 65 49 45 71 44 49 48 85 28 44 9 47 0 48 36 4 21 51 95 63 29 45 30 96 88 9 93 81 5 24 12 57 19 19 64 7 79 31 68 32 25 50 10 48 33 51 51 26 40 24 8 95 31 87 18 65 87 95 33 60 66 44 81 69 77 86 53 49 70 10 35 76 92 25 75 2 88 29 36 34 82 46 36 13 45 37 83 53 75 39 70 67 8 35 28 22 53 20 58 85 16 42 79 87 66 7 54 49 32 63 35 19 34 7 23 74 65 33 44 61 43 49 4 31 80 42 37 85 7 71 25 37 78 44 43 90 66 12 94 64 62 64 8 58 61 14 49 34 82 2 37 41 96 45 99 80 90 40 12 42 40 31 32 64 3 90 55 33 10 94 46 97 93 69 31 79 62 48 58 53 38 5 46 65 41 
60 56 78 97 97 69 1 92 6 54 93 0 55 23 11 62 27 56 30 2 13 32 34 18 3 59 27 33 93 39 57 95 1 33 61 58 45 8 54 74 46 2 89 64 4 3 14 59 26 71 48 53 56 15 91 77 86 58 23 64 46 96 96 81 56 63 32 16 9 78 81 43 78 50 88 84 67 71 8 45 16 35 43 37 22 73 37 66 45 32 79 79 8 49 79 32 26 75 0 40 8 9 77 94 75 5 93 3 99 15 22 71 4 92 6 66 28 76 50 49 45 54 97 17 84 78 26 84 54 91 10 21 58 83 31 96 88 71 46 94 52 7 64 62 70 86 67 13 53 46 24 0 57 94 22 43 69 47 41 16 60 9 7 8 4 26 47 93 13 56 57 81 71 99 34 17 10 25 92 38 5 17 8 64 65 26 65 13 60 33 80 48 13 83 78 77 81 52 17 0 90 29 39 47 99 96 79 77 97 85 82 61 85 79 1 64 34 17 44 6 43 62 54 73 56 39 74 91 89 51 85 41 72 24 44 1 69 12 41 22 14 70 9 88 56 98 61 25 71 2 41 22 68 11 60 27 81 32 86 2 25 37 82 85 86 78 92 74 79 53 6 71 90 21 49 90 78 56 26 86 60 19 45 58 15 73 14 81 21 18 75 60 8 97 26 0 77 91 70 87 55 97 87 20 31 8 45 89 3 88 93 21 33 31 16 30 86 86 88 20 87 84 69 98 22 38 55 1 95 64 76 87 17 46 12 38 23 0 47 33 12 74 74 78 99 74 14 45 51 8 38 32 39 16 68 43 48 86 90 9 74 59 0 79 11 10 64 69 30 70 37 27 17 46 37 19 77 76 3 4 6 10 71 80 45 65 7 13 56 44 78 16 22 78 79 55 83 23 81 28 
90 16 72 35 84 79 34 37 0 69 50 62 5 79 53 0 18 51 27 48 85 32 81 24 57 79 81 66 68 28 49 8 25 72 39 8 15 8 40 6 43 81 92 32 70 53 30 5 49 23 37 81 28 54 81 44 81 96 77 57 67 53 13 5 99 72 36 91 69 38 80 6 62 76 5 17 44 83 39 47 11 95 47 0 43 94 83 22 38 19 77 23 7 73 1 58 86 46 57 51 2 98 35 89 53 78 97 14 72 37 36 17 82 48 5 52 17 53 75 51 46 10 59 57 8 50 60 47 8 93 4 81 31 96 70 14 65 84 16 7 21 99 28 16 57 98 33 73 30 81 69 26 7 28 4 38 23 23 60 25 96 9 11 29 67 56 4 17 49 48 9 39 23 33 45 84 5 22 81 93 59 11 57 52 0 97 96 71 94 48 23 20 27 54 18 2 83 19 44 39 41 95 66 75 2 87 33 0 76 30 11 61 71 56 22 8 14 41 91 83 31 34 22 31 56 24 3 28 45 71 81 96 86 18 41 6 15 25 61 20 97 36 49 88 34 78 1 15 48 48 12 63 66 31 53 3 15 11 76 65 83 53 92 43 39 36 27 13 73 27 49 73 40 46 24 72 41 58 82 28 82 42 21 51 30 12 96 15 48 7 23 54 57 50 45 77 36 36 51 67 57 54 40 95 22 2 71 37 11 57 5 20 40 7 48 82 11 29 18 60 12 36 58 34 81 97 24 37 58 40 47 33 69 48 92 29 38 46 28 96 28 18 66 95 23 31 58 81 65 19 73 66 74 22 6 94 37 45 64 32 60 98 17 94 11 70 87 28 60 16 33 57 5 32 12 68 46 98 90 27 69 28 35 72 47 21 90 21 69 64 26 49 78 64 98 95 75 29 58 79 
72 51 99 11 77 9 44 96 33 93 50 61 34 94 97 22 85 54 8 53 43 33 87 13 61 85 66 4 51 80 25 51 39 55 2 47 80 40 50 74 53 30 80 10 96 27 39 69 59 39 22 22 93 20 9 92 0 13 65 44 25 98 59 47 32 64 62 40 43 61 70 39 21 95 93 31 52 61 92 5 46 66 33 49 10 68 44 25 31 60 75 32 41 37 90 84 40 46 94 59 89 64 32 70 29 98 73 32 97 75 46 97 8 49 45 50 83 43 62 60 2 42 15 7 37 68 28 46 90 37 24 60 2 17 48 84 82 21 72 16 83 96 71 54 75 74 34 24 59 88 53 87 42 35 70 66 19 10 6 28 26 1 10 26 94 40 85 73 95 74 78 39 26 38 92 56 2 55 76 68 82 0 27 31 86 87 0 29 14 33 76 99 32 6 13 61 10 1 96 4 60 71 82 87 39 92 89 58 74 42 50 98 24 53 78 67 19 75 97 7 47 88 10 66 9 48 65 30 49 52 53 49 18 87 14 97 25 66 61 24 33 82 73 20 86 72 59 69 31 41 25 68 73 75 68 82 64 92 33 53 76 93 84 90 16 98 72 68 53 20 58 55 59 55 33 5 95 97 69 21 32 58 15 5 36 42 25 2 85 64 59 73 49 5 32 12 50 43 56 54 50 26 86 31 78 4 86 39 7 20 66 16 38 71 4 2 48 53 82 23 5 61 13 59 90 18 31 14 61 32 72 99 72 40 70 35 96 75 56 71 7 46 24 86 75 82 1 66 78 56 23 84 35 44 76 70 47 13 99 30 63 4 27 40 3 34 54 60 96 43 74 36 42 29 72 70 53 33 43 26 25 48 84 99 64 3 60 23 62 87 9 36 55 95 64 37 92 61 2 69 
71 53 5 62 16 39 58 81 88 26 13 73 49 71 25 49 22 32 48 58 73 14 17 17 42 78 64 5 10 23 97 71 27 43 85 39 66 94 18 6 42 99 26 84 39 54 53 32 91 54 30 38 48 92 2 97 10 19 79 21 94 5 45 46 14 86 18 5 23 64 39 74 57 87 33 63 10 6 1 48 58 56 28 84 45 60 62 7 22 55 61 80 74 76 0 81 64 22 80 28 11 32 95 20 20 57 55 37 75 17 53 4 60 96 67 43 22 77 15 20 86 54 65 7 76 50 75 72 48 23 83 33 51 62 80 21 60 11 84 54 4 97 77 81 40 61 79 16 62 85 30 47 55 81 53 13 52 93 98 52 50 26 6 67 22 69 43 93 52 80 16 60 67 32 97 71 90 3 64 98 10 71 99 45 28 2 87 35 84 52 84 1 2 97 2 36 0 19 48 59 84 96 78 16 91 32 88 1 46 74 21 38 73 7 66 5 45 47 32 68 50 22 7 66 77 42 91 1 57 91 18 84 53 55 76 49 33 80 48 43 89 26 92 43 19 81 26 64 95 46 92 30 85 17 85 40 94 23 65 16 26 45 59 39 69 53 76 68 80 47 91 74 74 7 51 14 44 61 97 29 77 61 70 94 22 32 95 19 85 10 15 25 66 93 29 5 54 86 87 80 76 87 86 46 42 1 11 7 73 35 81 86 67 87 44 94 24 7 1 10 58 66 7 64 66 28 9 65 8 47 21 11 98 99 57 86 72 21 20 65 25 67 35 20 22 83 24 22 43 70 14 57 2 23 7 88 9 56 99 84 6 62 54 81 13 67 43 91 56 81 97 29 81 10 66 65 5 43 59 22 63 61 8 49 81 40 84 81 39 38 51 25 4 24 5 32 53 23 74 37 
98 26 96 22 47 26 40 57 96 90 33 0 65 4 33 46 69 51 46 16 64 78 36 65 70 22 59 29 78 15 64 70 83 69 7 1 66 32 3 43 83 80 2 51 20 71 98 15 24 79 0 25 17 1 79 88 17 46 40 98 41 40 82 13 70 84 59 37 63 57 93 76 3 5 53 93 65 50 99 65 45 20 60 91 93 41 28 81 32 54 40 19 57 44 80 92 63 17 16 31 36 11 96 48 99 17 51 71 59 45 16 11 9 98 8 63 84 20 47 41 51 96 87 64 70 20 33 80 47 6 45 74 36 60 53 58 64 72 24 84 94 9 16 78 38 37 29 8 43 40 20 39 87 94 81 28 85 80 71 52 49 61 16 80 15 42 27 82 97 54 40 88 90 8 21 94 34 62 79 19 81 87 19 20 31 35 89 63 69 17 4 25 77 53 3 86 49 87 32 2 46 84 35 1 28 28 1 98 9 59 50 79 6 60 99 36 51 66 16 14 15 5 33 90 47 21 83 54 11 34 70 71 35 76 17 60 47 67 53 2 86 17 1 97 91 7 41 46 95 41 38 49 77 2 46 80 56 3 0 4 69 75 26 56 69 47 93 28 19 75 89 23 65 25 33 69 30 27 41 82 56 75 67 91 77 46 15 34 12 34 6 79 17 82 8 58 59 82 44 59 77 14 40 57 94 33 79 50 86 34 15 53 69 48 14 57 58 27 31 97 65 18 52 48 45 74 44 88 1 91 54 29 44 66 96 67 98 27 9 20 44 91 35 7 51 8 33 18 93 84 43 93 81 19 96 99 72 25 13 32 64 56 39 7 8 58 59 30 12 89 31 17 86 10 56 99 93 67 42 39 53 33 83 13 99 73 60 83 43 87 48 46 63 55 23 53 53 34 90 94 
84 37 23 98 91 83 55 90 67 69 34 39 98 77 35 94 7 13 9 36 0 94 38 99 26 34 97 14 24 21 33 46 7 18 63 18 96 22 28 83 21 95 33 31 89 70 39 43 38 33 7 91 14 31 52 63 58 68 90 63 24 61 55 82 15 79 36 15 67 52 59 23 52 83 38 15 8 75 87 45 31 66 21 0 78 98 85 53 73 65 66 99 54 13 74 7 27 34 62 57 66 79 16 94 63 10 15 18 74 76 22 23 11 40 25 74 54 43 48 22 2 69 29 43 77 49 60 65 0 62 97 33 85 92 54 87 38 85 98 57 60 6 9 74 40 16 25 50 61 63 40 65 50 83 47 39 13 26 6 71 40 71 1 91 70 0 83 34 6 78 96 71 4 75 68 69 64 88 98 84 15 40 14 87 67 17 27 22 82 14 56 86 30 73 33 66 72 21 97 76 74 31 49 25 37 80 35 89 39 50 60 27 25 68 74 96 16 75 51 20 97 66 74 9 99 76 63 55 28 93 45 25 26 78 5 6 87 65 2 18 95 57 27 51 30 57 80 75 6 59 61 83 65 86 43 45 49 88 25 9 7 34 62 69 91 25 43 95 75 27 44 51 46 68 86 89 94 69 8 16 51 38 10 84 54 59 69 10 35 81 56 5 74 14 2 34 44 7 17 27 84 72 26 21 15 73 26 61 14 47 89 52 85 48 49 89 29 51 6 23 82 96 31 74 21 48 39 59 37 23 49 63 58 25 32 35 71 59 43 46 77 46 9 87 48 57 72 86 81 12 99 12 32 3 32 77 30 67 2 18 35 43 28 19 38 95 98 78 89 82 97 13 99 76 70 0 27 98 1 23 98 40 12 14 36 71 69 26 55 89 3 59 13 98 18 38 23 5 80 70 
97 58 24 89 28 92 65 80 18 33 70 35 93 85 92 5 58 5 95 60 67 77 78 43 23 84 14 53 41 58 22 74 96 43 92 91 69 98 1 18 97 64 73 50 77 6 45 0 39 71 30 75 7 43 79 66 97 1 86 83 85 44 51 94 32 85 4 26 25 50 44 19 21 85 14 85 86 50 25 60 98 71 34 25 38 83 45 99 12 77 36 77 38 98 84 43 64 68 5 27 25 48 76 23 85 58 35 84 89 11 41 13 31 36 31 19 88 5 37 55 55 40 5 7 80 72 25 5 29 8 7 50 92 80 34 13 69 78 74 10 9 0 21 66 83 65 52 92 13 5 36 53 95 51 37 32 20 34 94 71 41 85 58 74 46 10 6 14 25 4 45 56 38 41 48 31 73 88 30 70 94 24 71 22 70 36 43 36 60 0 66 42 59 47 10 36 35 58 4 53 54 30 62 33 24 10 92 29 65 36 69 33 78 52 97 62 42 52 9 32 99 70 3 25 55 39 82 31 0 21 88 71 35 47 42 82 80 95 71 52 3 69 9 90 37 30 21 80 75 92 53 84 94 24 87 33 78 39 67 76 80 45 41 79 25 43 8 95 13 36 94 3 44 83 58 37 4 79 98 93 79 78 32 15 99 94 19 90 55 25 93 14 3 64 32 62 55 10 50 59 24 21 57 91 51 2 63 93 78 37 9 56 48 32 38 74 65 24 19 55 90 3 24 10 34 52 81 47 5 0 94 50 39 55 40 95 5 86 5 39 80 58 18 65 14 8 99 0 32 42 94 33 68 19 60 24 56 7 32 3 99 69 73 69 21 56 10 8 25 27 36 74 96 76 77 62 55 60 14 54 41 93 74 99 16 75 4 67 21 71 45 2 6 1 19 40 19 57 21 94 
47 13 80 27 72 45 57 53 33 39 53 56 91 3 37 6 42 49 97 43 6 38 67 59 73 17 36 10 79 79 47 88 15 69 61 13 19 96 16 58 47 96 18 49 42 46 16 77 95 76 16 18 50 47 99 31 57 99 63 20 12 84 13 70 54 45 6 73 38 12 64 38 46 17 54 33 19 12 67 77 5 28 38 41 53 90 97 13 28 96 78 98 54 90 67 25 31 98 81 39 60 59 66 93 21 81 69 70 69 43 94 45 47 73 50 91 12 70 1 42 0 25 59 31 69 28 8 13 26 81 52 66 45 16 37 94 8 72 46 37 40 57 56 62 38 15 35 66 13 13 3 97 1 32 55 95 50 41 90 33 32 76 92 99 14 47 83 25 24 2 35 77 73 96 34 16 76 54 16 26 47 54 51 27 65 99 86 27 53 95 83 62 16 69 73 41 81 64 27 40 59 83 90 52 35 11 60 66 36 22 18 52 87 13 44 60 10 68 39 19 92 65 16 12 26 6 6 21 93 59 44 0 87 63 68 82 22 70 86 81 39 19 5 16 79 90 35 27 28 53 76 18 77 11 65 38 55 73 5 54 51 76 63 44 24 83 29 12 27 57 52 4 47 77 73 49 90 6 32 68 25 97 55 33 83 9 61 4 74 81 20 85 57 8 36 14 97 53 36 77 68 40 14 84 38 25 26 35 84 23 59 33 83 40 9 91 75 83 26 47 95 78 4 9 6 93 30 94 42 82 23 39 60 35 51 44 0 57 99 24 54 26 27 71 65 58 6 17 80 41 30 11 14 40 13 19 54 56 35 77 79 11 60 75 12 38 28 17 63 38 1 77 19 80 6 17 76 59 18 54 90 71 30 79 36 47 6 27 18 70 93 95 69 78 84 32 62 97 97 38 
73 25 44 93 95 27 78 69 99 47 84 71 21 77 70 44 8 7 13 72 77 21 65 19 19 57 39 3 73 8 62 56 86 12 76 50 59 1 48 71 98 94 17 96 54 47 50 37 95 96 32 47 39 47 99 98 13 50 37 79 73 16 79 55 32 57 45 24 14 44 8 40 13 4 62 44 96 50 17 67 32 22 0 71 73 66 99 51 48 63 93 70 51 47 59 62 25 51 6 44 28 50 69 36 29 13 36 24 83 4 13 46 71 57 21 21 42 80 16 7 31 63 61 80 22 10 67 78 21 82 49 34 94 61 65 22 77 89 94 99 44 11 24 61 76 41 3 28 70 71 28 33 46 17 59 70 98 98 19 10 54 5 0 37 67 35 42 70 29 0 59 94 6 17 95 8 84 79 25 53 78 73 93 42 93 95 48 24 52 17 51 75 70 42 24 22 31 79 41 94 42 79 22 52 21 24 22 56 82 73 0 76 81 1 92 14 13 92 87 49 51 25 55 61 92 80 84 84 67 17 18 80 43 56 48 78 70 10 20 81 66 92 49 68 19 51 93 40 93 76 42 78 23 25 71 31 25 35 18 40 46 53 17 56 45 97 1 0 32 41 63 66 77 73 89 58 64 3 15 85 98 75 79 66 93 72 62 89 48 59 32 30 36 39 1 23 98 64 85 69 7 92 69 68 2 15 47 33 17 53 0 20 3 53 4 94 44 4 45 80 17 36 67 21 33 47 20 24 4 87 4 26 32 27 47 55 69 49 82 70 69 9 6 26 64 38 23 97 24 4 88 56 4 14 35 65 30 61 76 40 38 93 33 70 98 85 29 62 91 77 57 4 77 67 46 54 13 91 44 40 41 40 47 40 58 42 52 79 46 49 94 63 57 41 53 26 93 64 94 69 
19 26 5 60 55 99 20 65 27 70 17 7 64 64 97 69 2 98 70 99 94 27 82 56 92 25 76 73 37 67 12 97 17 28 98 85 17 66 80 26 29 0 57 5 92 72 32 14 76 95 8 52 48 28 67 24 55 36 22 16 7 86 37 6 97 74 8 88 35 6 65 46 19 74 15 35 82 48 2 56 29 78 27 23 14 30 34 78 35 30 11 82 74 62 78 31 48 30 11 65 44 40 0 41 42 78 84 88 89 20 72 51 88 57 51 87 24 98 52 71 34 63 67 60 43 45 95 13 1 87 18 3 4 41 65 66 21 38 20 77 61 0 98 94 57 42 80 45 36 13 7 31 63 23 85 58 40 8 68 35 1 37 47 47 75 27 56 86 92 72 87 9 42 53 55 54 53 39 82 53 72 33 76 89 47 30 94 7 91 3 32 86 71 5 48 32 42 36 61 36 0 2 48 77 37 53 69 74 39 58 56 58 16 4 18 53 20 72 62 36 16 67 9 66 43 45 9 51 15 51 48 97 68 79 8 36 45 93 86 38 87 70 48 65 42 17 83 40 29 66 93 56 25 14 37 42 97 82 92 55 41 39 76 84 68 54 72 64 94 50 75 72 14 15 64 69 60 12 37 38 66 62 58 8 96 78 77 26 90 68 88 17 85 50 22 26 45 77 78 58 41 79 20 74 51 60 85 91 33 48 1 42 0 9 35 19 33 41 41 39 57 60 64 69 81 15 50 23 25 31 6 12 1 19 97 16 70 11 26 38 94 31 83 25 46 92 70 46 30 1 96 41 10 8 53 98 88 82 12 46 79 64 70 74 22 60 97 79 91 3 41 47 30 48 43 63 28 89 12 97 85 69 64 63 42 30 27 53 59 11 76 12 20 56 20 83 9 41 33 15 
11 4 84 73 25 3 28 39 87 82 13 75 50 8 79 14 88 76 58 33 77 50 33 8 42 87 45 36 65 77 37 87 37 79 17 33 27 84 3 81 2 14 28 36 7 96 70 10 28 64 25 35 86 91 92 31 16 34 70 89 86 74 29 95 26 94 66 67 45 91 57 54 33 96 51 66 34 60 49 70 23 9 74 74 22 78 17 16 27 7 16 17 96 83 13 49 4 46 63 34 46 8 60 98 21 74 8 2 2 40 47 90 8 54 55 95 22 3 56 8 97 51 18 88 84 36 49 99 18 67 10 59 95 36 4 60 81 55 64 11 80 96 50 43 31 17 89 62 45 7 81 23 36 6 74 63 61 81 80 1 53 18 45 17 50 89 39 29 73 47 23 11 94 0 28 37 88 73 64 30 48 44 43 88 28 81 22 26 4 18 71 20 43 93 10 77 66 64 27 32 37 90 52 14 3 8 6 59 48 2 39 15 81 55 56 99 31 46 64 16 84 59 42 59 31 54 15 30 56 78 21 6 26 24 97 57 88 92 64 98 62 12 44 18 58 29 10 65 55 43 13 30 65 69 29 99 5 59 40 61 98 89 25 94 99 53 96 0 31 5 30 21 91 11 45 71 19 0 90 98 16 74 12 23 7 22 56 60 66 66 3 9 63 43 99 13 33 49 34 26 39 49 55 1 74 43 11 57 98 54 95 53 44 45 79 76 67 47 66 33 25 33 59 72 83 35 87 87 11 12 27 8 48 77 45 86 27 45 14 53 93 94 83 23 81 55 96 57 92 21 24 19 6 82 95 35 86 4 20 15 97 78 95 13 87 22 54 63 78 91 94 59 95 35 92 12 78 40 20 93 62 34 14 61 9 36 40 48 61 44 16 2 31 84 26 62 83 66 27 92 
4 50 62 98 93 11 51 27 0 31 43 68 82 28 72 40 47 47 22 11 60 62 77 27 70 24 15 66 88 75 60 10 88 95 36 18 98 37 40 20 22 98 57 24 19 25 54 12 43 35 9 51 93 46 96 79 73 67 23 66 51 64 36 61 58 60 98 92 86 41 59 80 64 4 62 58 69 31 36 40 2 20 36 85 66 68 48 49 20 78 18 54 47 60 25 60 59 47 1 16 98 71 64 7 22 77 25 29 57 65 81 60 35 86 9 21 50 16 31 42 64 83 68 13 80 77 49 32 74 54 4 41 28 23 90 36 77 49 15 15 98 98 38 85 66 81 2 58 6 58 27 98 36 48 45 19 19 42 17 9 35 19 69 80 75 5 35 16 12 49 40 20 8 16 43 99 35 89 96 84 24 46 41 0 80 64 24 74 54 99 25 62 83 68 90 32 56 77 9 98 64 67 44 73 27 86 84 61 87 90 38 80 59 16 61 5 85 27 50 63 44 72 52 3 41 35 69 58 25 83 12 43 8 64 7 58 92 24 36 72 17 33 46 82 56 16 63 76 82 60 71 5 2 69 4 53 37 47 40 38 57 80 98 19 32 0 12 50 66 30 61 71 61 60 42 85 93 78 11 86 19 57 7 2 10 14 67 40 52 36 43 79 92 6 38 33 4 32 45 17 10 84 73 71 36 16 52 6 5 51 84 78 16 73 78 14 71 79 82 63 36 26 24 77 99 50 55 1 37 82 60 17 11 19 9 64 1 82 34 57 24 97 19 73 42 64 39 30 89 52 77 99 60 45 26 53 73 85 98 81 86 72 86 27 81 9 53 41 29 96 53 33 11 62 4 62 8 18 88 58 93 37 0 63 65 85 32 55 70 97 31 34 19 56 82 90 0 87 48 75 
2 36 76 94 85 72 83 14 39 23 19 65 6 87 18 44 9 70 27 14 11 20 38 99 17 56 18 0 73 61 88 73 50 41 9 85 30 73 80 5 69 0 1 7 81 36 85 41 23 56 67 59 75 41 90 86 2 23 24 41 31 24 51 55 12 50 22 14 59 24 78 46 13 63 69 70 64 2 7 92 55 0 75 6 70 91 13 47 13 73 41 26 2 18 74 11 5 69 60 8 7 64 78 62 28 65 65 56 33 15 45 38 94 56 81 94 33 56 49 43 27 57 77 55 11 33 41 39 60 69 3 52 10 19 68 80 84 22 95 93 88 61 11 1 75 9 83 23 95 63 63 5 38 93 76 19 73 43 60 47 81 18 67 57 64 28 88 41 28 83 76 38 95 66 72 41 78 48 82 14 48 96 71 43 81 60 86 67 0 2 54 12 24 52 3 56 90 11 98 52 52 94 88 34 80 48 82 57 28 55 14 47 12 83 12 2 41 38 58 38 1 81 72 90 50 71 69 8 75 40 78 66 29 37 51 15 98 66 79 90 28 48 55 57 72 36 8 4 41 75 45 29 11 0 14 8 2 11 23 94 64 67 27 43 6 23 21 6 66 64 88 88 22 78 81 73 3 15 1 81 53 16 71 59 90 94 96 34 1 68 26 54 0 28 66 46 43 63 21 57 59 69 21 5 7 56 71 78 78 64 56 33 93 35 96 9 98 81 58 46 42 75 10 83 15 39 67 51 12 99 49 8 49 23 77 40 18 32 10 81 96 7 21 71 90 9 52 47 56 28 92 89 69 26 78 70 77 69 58 3 30 10 67 23 5 85 10 27 3 53 18 14 85 52 99 79 15 82 34 96 43 83 41 58 70 86 0 90 43 96 14 26 93 0 43 88 85 27 54 11 
55 95 83 0 1 56 12 50 16 95 83 41 36 79 6 15 10 16 18 80 32 21 5 48 3 45 51 18 83 6 70 43 12 70 33 51 29 57 2 16 26 50 4 89 70 94 3 64 0 42 9 31 28 57 13 35 14 17 30 11 15 92 2 16 93 22 95 41 48 77 98 48 48 57 70 5 13 25 4 18 96 90 53 60 40 30 43 34 21 20 23 63 60 6 46 93 23 91 70 63 98 18 48 27 2 18 64 8 89 16 65 65 63 50 1 7 7 54 23 27 65 58 79 92 26 16 21 83 8 85 27 36 48 34 20 8 17 3 65 47 55 96 97 96 48 16 43 35 25 55 28 70 28 67 14 35 81 43 97 65 99 12 67 69 29 91 1 52 32 15 24 90 94 71 65 12 71 75 97 0 59 75 24 33 44 83 16 27 58 85 96 60 24 44 37 97 97 75 1 26 35 22 66 64 82 34 17 88 36 82 60 48 28 73 61 49 21 7 72 89 12 92 63 64 92 18 12 74 40 49 46 7 91 55 47 85 60 94 25 5 88 59 28 12 84 89 76 69 41 69 12 0 99 62 94 12 86 4 7 84 39 97 49 47 38 48 95 30 95 6 45 55 51 25 33 55 39 10 61 10 7 70 62 30 32 77 72 81 2 40 7 32 38 47 78 33 67 0 42 63 15 41 85 65 59 64 10 27 34 78 60 35 24 7 23 7 22 32 67 86 17 24 32 14 39 47 20 97 39 7 87 7 77 21 8 39 94 28 1 0 69 44 0 78 81 43 31 16 73 6 1 52 14 58 74 49 8 25 49 81 0 97 35 43 68 49 31 90 47 1 44 75 6 12 67 79 11 73 57 65 49 93 15 10 25 8 92 14 72 57 91 58 69 35 26 7 32 9 22 2 
54 64 88 8 39 35 63 91 90 59 43 53 47 4 73 33 27 72 84 44 87 71 23 87 14 11 4 94 77 37 37 66 32 31 13 10 51 79 77 70 72 60 35 37 87 63 22 1 39 81 16 64 2 7 49 58 12 54 49 56 76 49 83 51 4 83 38 53 90 25 53 11 59 35 14 64 19 46 0 97 93 99 25 90 96 25 17 39 50 20 76 34 56 77 90 28 11 32 17 31 33 41 18 87 94 42 64 39 57 9 25 86 98 18 83 93 74 30 2 39 65 2 6 64 46 69 4 46 31 23 8 61 15 76 22 41 66 72 41 90 4 56 6 67 77 34 65 5 38 44 61 74 31 54 95 1 96 89 94 61 94 98 72 54 36 56 35 30 78 13 0 36 64 11 39 81 62 7 21 80 82 5 43 99 74 34 35 26 25 81 16 32 40 3 73 8 21 63 42 10 6 21 70 85 98 11 36 79 97 29 29 63 66 99 73 11 30 60 22 78 6 9 41 63 15 9 78 47 93 23 55 48 42 16 15 6 65 38 64 82 39 24 42 89 40 96 42 13 9 54 20 86 81 50 31 0 17 91 25 84 0 46 65 20 23 83 35 91 50 65 81 89 55 80 84 83 18 46 85 86 69 35 32 2 81 26 0 56 17 23 20 59 87 26 90 75 92 8 34 51 99 73 89 37 89 89 79 64 76 51 25 13 81 19 95 37 34 51 81 26 68 8 72 67 25 37 28 33 10 8 52 63 54 28 49 38 66 72 86 38 48 26 43 87 58 58 53 92 29 11 94 72 65 86 29 25 50 2 0 25 11 0 96 19 55 80 77 43 53 47 7 69 0 3 67 8 91 31 14 90 85 48 79 70 16 57 7 12 55 61 82 88 45 30 47 42 28 60 68 13 
99 67 72 14 91 94 49 51 84 24 61 15 78 48 95 97 38 25 90 61 31 70 66 66 4 16 21 40 3 11 80 47 58 85 22 17 42 63 25 29 85 48 12 73 17 85 87 9 29 90 69 64 30 97 99 9 90 0 38 82 67 99 15 86 68 16 96 49 36 22 50 97 55 84 53 26 36 78 24 65 32 52 1 68 64 62 14 44 53 32 86 28 69 99 34 45 44 11 72 3 81 63 69 84 29 74 73 62 34 95 87 33 64 43 50 45 74 1 32 37 89 86 56 93 52 71 81 13 43 84 96 99 17 98 46 61 60 31 36 26 32 52 19 59 59 95 48 28 63 66 23 61 32 40 77 50 56 59 88 86 4 82 86 7 45 19 61 37 7 63 2 86 52 85 43 56 92 36 26 1 64 21 15 63 68 37 81 62 81 51 74 99 75 84 92 66 24 98 86 31 74 79 38 1 73 42 70 83 83 31 94 75 31 83 54 32 56 85 36 86 88 23 44 65 81 4 6 26 78 60 40 33 13 53 13 87 40 87 65 2 33 38 90 19 54 14 70 95 73 56 78 98 0 31 22 99 29 85 22 72 60 75 1 76 53 58 35 86 55 68 48 53 17 55 59 60 81 63 84 21 98 90 50 1 70 43 20 30 67 35 66 39 45 0 63 66 33 99 12 27 17 13 87 13 59 36 81 11 54 91 0 89 63 59 30 55 9 83 34 53 55 66 40 87 9 4 75 51 37 15 24 33 19 67 42 38 92 11 8 16 79 77 10 80 40 99 96 9 57 20 16 77 2 83 10 6 89 6 4 82 62 73 50 50 51 24 20 51 59 67 59 70 56 80 58 54 50 46 65 7 18 68 69 49 23 60 49 2 80 5 72 24 82 79 12 78 60 93 22 21 
84 27 23 94 43 42 7 74 88 36 93 44 89 33 50 22 15 70 32 75 6 55 53 77 84 32 96 14 58 99 97 23 36 13 96 67 98 90 79 13 62 70 99 77 61 93 3 92 48 49 5 18 88 87 8 16 29 64 27 42 86 16 78 6 25 48 74 26 72 27 40 50 93 78 80 86 54 50 24 94 44 70 14 10 41 81 17 25 95 42 1 33 43 34 60 57 46 48 21 30 42 79 51 74 76 30 65 5 17 82 28 5 31 99 44 57 73 68 48 29 1 32 13 24 57 92 50 41 96 1 9 96 15 17 51 76 23 52 84 97 25 55 21 8 51 6 83 88 88 30 89 60 80 97 33 34 20 41 11 62 25 55 41 99 59 61 42 61 87 10 73 80 50 44 89 60 22 57 55 57 87 26 43 53 39 66 31 44 17 55 24 63 24 30 26 4 70 47 70 69 99 30 74 63 24 13 9 92 44 86 52 40 61 1 40 89 34 33 80 25 28 49 93 97 30 6 12 35 73 27 72 83 71 10 25 77 8 69 9 77 23 56 73 73 35 81 90 87 97 59 56 38 27 27 6 23 89 31 79 3 55 2 40 91 56 9 8 47 57 74 73 95 81 66 83 79 56 7 61 76 41 36 74 3 16 5 38 6 63 86 79 45 29 22 46 95 89 51 69 84 56 67 32 97 49 78 54 74 36 3 71 88 85 93 84 59 94 79 51 53 56 81 31 56 69 84 90 28 14 27 93 29 48 72 11 80 4 87 90 99 15 46 95 66 65 48 4 43 54 1 59 81 14 29 96 21 13 36 83 5 88 95 99 41 5 94 18 75 69 89 35 50 94 86 20 90 58 62 23 42 46 31 31 42 35 75 34 15 61 11 30 44 41 78 49 9 31 23 45 27 
40 40 68 82 68 64 95 86 55 56 69 73 56 17 87 99 55 26 9 71 72 51 51 5 92 64 33 73 55 92 8 83 97 68 70 72 29 1 84 15 56 49 70 39 28 88 66 20 24 89 89 12 97 18 90 89 58 6 84 68 68 25 75 68 97 97 61 55 62 96 39 16 42 96 89 37 97 18 66 51 72 42 41 88 91 23 39 36 13 90 34 51 86 87 97 9 71 52 29 24 78 68 63 98 36 83 32 19 63 68 65 41 71 88 75 68 95 57 81 61 0 69 55 37 26 96 15 47 0 51 34 98 89 19 50 48 74 93 1 96 22 47 96 49 71 98 1 46 15 30 81 21 11 91 50 31 95 86 25 94 6 51 35 14 96 96 6 60 5 10 37 0 63 77 47 73 2 78 96 78 19 97 64 11 51 41 33 64 97 35 71 65 91 73 98 8 29 98 0 98 51 81 20 92 69 32 90 85 71 63 11 39 33 66 99 68 67 1 14 21 97 45 52 57 3 67 57 63 51 7 12 3 19 24 29 20 20 35 84 66 99 57 0 62 51 57 49 3 83 17 42 14 86 27 90 1 96 87 49 95 79 50 13 91 54 86 18 23 88 21 10 36 81 92 17 7 88 74 61 1 72 3 5 10 20 8 55 38 44 47 82 74 31 39 29 49 18 44 69 30 10 12 33 22 57 68 87 53 93 69 66 53 81 5 22 70 16 2 8 83 59 33 99 25 82 2 66 74 14 44 11 29 50 75 70 92 83 85 74 8 36 46 53 61 70 65 87 73 49 0 93 93 31 23 82 35 73 16 89 34 26 63 68 99 30 62 96 24 24 8 42 1 91 21 26 62 80 29 94 60 91 78 10 28 34 35 13 10 2 71 46 39 47 9 35 72 4 73 2 99 
87 63 59 52 54 94 13 38 58 72 76 30 10 60 42 27 15 80 77 50 63 76 8 44 16 27 50 45 19 56 31 76 60 83 96 72 48 14 57 77 0 2 33 68 67 54 62 99 67 2 66 12 16 87 29 35 18 55 11 98 52 43 16 49 44 29 94 30 97 11 60 74 78 91 37 89 53 48 94 95 29 45 71 8 7 77 19 49 79 34 27 38 5 46 41 26 82 59 33 86 45 98 4 98 9 79 27 26 85 46 82 8 49 21 90 77 18 64 71 89 41 69 6 30 44 98 78 84 94 35 25 19 73 40 30 93 24 38 49 39 41 5 26 69 23 38 53 80 89 22 37 35 88 31 60 30 65 73 51 11 49 79 54 5 16 79 62 42 96 72 17 47 32 23 74 19 56 68 97 68 22 33 81 77 82 55 4 48 19 32 35 66 58 17 39 41 74 9 43 1 76 81 12 55 23 53 29 5 99 87 26 18 47 35 26 41 97 11 92 23 58 88 95 82 77 4 74 83 8 5 7 72 60 37 89 30 80 32 84 48 13 0 48 29 24 43 82 63 88 2 10 13 58 27 16 2 7 28 49 74 41 58 36 24 24 73 6 25 94 38 47 8 72 77 10 94 3 57 39 52 84 92 83 71 60 27 31 7 95 44 61 51 89 78 35 39 89 87 53 55 53 5 82 56 94 55 57 61 34 56 46 92 60 49 6 36 31 10 67 52 29 38 9 41 64 52 28 69 50 45 95 57 69 48 72 1 11 71 10 65 24 74 71 38 36 68 77 41 31 14 99 2 13 61 31 61 7 52 59 10 83 77 64 23 55 62 87 26 61 59 87 70 14 54 33 90 76 16 30 41 20 26 54 61 28 65 29 86 85 98 55 61 45 49 96 72 47 25 81 56 
98 53 12 66 67 60 6 86 93 86 3 85 83 49 49 4 65 35 16 13 63 94 38 98 99 19 63 12 43 0 31 86 54 52 15 58 43 68 48 71 38 75 34 8 32 37 88 52 93 49 68 66 64 56 6 38 21 85 72 45 5 95 33 93 35 19 22 85 66 39 8 0 80 75 68 39 73 89 91 96 94 56 1 24 40 88 84 5 36 38 36 24 56 70 67 53 31 56 70 69 17 47 50 31 93 14 84 30 80 57 1 37 95 4 67 24 71 71 48 94 6 38 4 32 77 65 36 53 73 22 27 26 75 49 62 64 36 17 0 24 80 37 12 46 65 6 53 93 2 71 25 78 46 76 25 71 15 4 61 54 70 13 1 97 80 85 79 44 6 6 2 85 1 13 38 40 22 36 84 84 0 69 1 0 77 42 22 5 10 59 50 23 77 89 32 46 33 12 30 51 17 7 11 39 28 14 16 7 57 76 21 4 65 94 74 49 1 91 86 51 94 18 31 37 94 78 67 24 29 32 60 76 92 38 87 99 12 18 98 74 10 32 93 54 58 92 1 17 29 47 76 21 32 85 52 43 65 72 56 12 24 35 30 80 31 25 94 72 30 22 59 77 66 46 71 58 98 93 58 71 86 95 57 14 47 13 13 66 47 27 17 45 7 19 63 2 14 82 27 52 84 34 93 30 83 92 22 63 69 3 36 83 38 21 97 55 59 36 33 1 39 35 71 48 89 6 62 55 34 67 91 91 9 83 46 78 4 76 21 37 16 84 53 38 35 10 64 23 81 72 21 21 54 16 9 72 10 95 82 86 59 27 23 2 66 7 87 16 78 5 9 82 42 43 75 24 33 14 97 27 56 51 37 38 46 27 29 58 11 65 4 60 67 14 65 17 76 0 0 41 
35 79 2 43 83 4 23 36 3 82 10 94 84 59 93 67 22 18 93 70 19 86 24 73 20 76 93 27 92 32 93 60 50 38 16 3 99 7 5 79 25 28 77 45 34 58 56 73 91 79 2 95 94 69 26 68 85 29 57 49 26 93 57 19 40 82 34 60 83 71 13 64 91 34 51 24 97 94 12 51 79 92 28 82 92 78 46 58 47 85 39 54 16 54 41 38 36 11 13 70 18 70 94 8 74 46 84 66 93 62 67 78 20 75 79 66 94 57 75 30 97 24 29 7 0 35 42 79 14 61 14 18 17 88 49 3 53 10 63 95 7 74 78 1 65 42 30 40 43 66 54 17 7 58 49 27 5 3 45 43 58 28 63 76 87 27 31 16 56 69 82 29 14 21 61 77 3 11 63 55 12 49 15 18 25 31 91 27 92 44 57 73 69 44 92 71 32 4 78 20 55 34 67 5 86 49 44 34 40 61 92 88 68 99 74 46 12 51 21 75 12 57 69 18 54 42 71 91 48 87 82 62 35 47 51 90 91 45 14 43 24 4 74 2 71 54 99 84 75 95 70 62 45 58 92 69 1 12 70 50 28 56 93 63 87 83 2 70 58 85 8 13 13 20 61 22 77 39 77 57 62 69 9 73 35 12 91 56 11 19 99 45 59 12 37 86 20 82 23 57 74 26 86 95 81 52 17 28 71 27 22 65 38 47 43 47 19 65 18 83 59 24 64 39 89 97 72 32 17 16 92 52 60 2 24 82 75 78 33 23 0 36 24 47 74 99 16 49 28 46 77 99 1 49 17 46 95 9 32 12 6 57 15 51 94 2 54 73 92 6 78 4 36 72 0 48 54 31 71 66 91 35 60 20 38 24 40 6 80 58 77 43 95 9 41 69 82 94 92 41 
2 42 52 54 48 53 85 91 75 13 58 47 26 57 74 73 13 68 20 84 12 74 85 49 69 40 22 14 64 99 9 33 91 27 63 50 67 81 1 37 80 47 63 92 19 54 84 95 50 72 48 68 84 96 86 61 59 55 42 84 98 15 62 70 55 1 83 59 17 39 86 54 17 0 7 28 14 19 43 57 18 26 49 1 87 15 66 52 6 16 93 1 46 60 95 80 65 1 91 38 19 58 38 16 55 40 14 39 81 61 84 76 60 17 87 56 1 41 95 69 28 60 66 45 96 96 36 66 73 29 37 35 51 56 35 10 64 31 12 34 90 67 66 7 68 29 62 24 75 29 62 65 59 84 58 85 58 41 36 69 75 90 3 89 60 28 77 58 3 73 1 13 37 8 96 47 78 82 9 90 80 15 46 99 39 18 1 16 46 22 65 8 48 17 10 29 47 86 54 25 65 94 44 96 44 74 5 68 3 60 34 94 52 55 9 76 22 28 99 24 96 50 77 40 43 44 82 74 46 94 36 14 64 26 82 97 29 0 42 13 2 47 79 35 19 85 69 68 42 40 56 82 6 55 49 28 24 5 46 1 16 28 85 74 51 61 87 55 7 6 75 99 12 91 57 1 74 89 27 94 75 16 15 56 38 80 77 13 67 63 67 13 14 80 79 56 94 95 71 96 19 92 60 21 80 41 47 41 36 3 75 74 75 83 85 70 15 49 41 7 25 50 78 67 54 95 50 21 70 52 78 72 0 74 72 44 98 7 71 23 85 7 53 42 76 33 18 71 18 38 76 29 66 93 13 78 82 59 52 37 34 61 59 60 14 52 73 7 38 38 16 42 30 70 93 67 89 58 30 64 93 3 39 8 96 58 81 87 38 49 92 43 55 8 0 92 21 6 9 27 
49 11 37 51 74 38 6 96 39 45 41 45 15 48 2 43 5 36 57 90 89 54 25 91 75 87 91 59 42 68 85 24 58 36 31 89 50 73 65 79 89 20 10 29 17 97 29 43 92 87 87 42 31 8 32 2 52 16 57 42 92 82 85 93 37 23 94 25 16 21 22 44 87 71 99 96 61 87 32 91 2 71 53 20 88 69 45 40 22 85 25 13 80 44 84 70 3 78 61 83 94 12 21 92 57 16 2 12 38 68 47 44 57 44 40 27 45 35 48 76 63 80 65 98 12 31 44 33 83 11 2 74 36 20 22 63 68 8 88 34 68 77 57 65 91 31 72 56 48 60 44 55 65 19 75 88 86 69 11 31 17 25 23 71 48 39 40 40 99 35 60 45 64 31 7 59 16 86 5 22 8 11 27 29 99 89 28 89 34 32 18 59 57 28 1 69 40 44 8 75 43 77 24 82 1 28 53 70 23 98 66 34 58 35 39 89 46 70 0 38 6 10 85 10 32 55 16 89 43 22 15 70 66 87 90 76 83 18 79 17 12 20 56 24 32 98 77 35 29 14 99 26 56 45 20 27 50 12 84 38 54 51 66 91 86 79 4 45 75 64 80 93 31 70 75 11 21 15 93 76 52 1 9 66 64 91 46 56 61 30 24 53 96 82 24 82 95 99 16 69 68 45 46 65 37 2 27 44 14 14 22 92 31 11 13 33 68 18 12 17 31 81 26 21 85 87 68 64 95 29 42 81 18 91 15 74 65 30 20 90 90 7 90 6 59 56 64 24 38 13 51 72 67 61 80 95 37 18 97 60 36 79 76 73 42 13 44 67 31 40 30 78 29 54 71 79 39 16 86 90 69 12 44 86 21 71 51 79 25 11 64 3 45 96 72 28 14 71 81 1 
60 11 4 91 35 99 62 46 56 67 7 12 86 99 66 73 94 41 35 36 52 83 9 1 27 19 60 19 9 5 90 4 22 90 59 6 9 66 79 88 68 53 23 58 44 6 44 13 93 36 67 19 15 68 92 1 65 62 6 77 24 75 90 47 0 91 47 55 10 32 57 53 81 15 33 19 87 17 53 30 7 17 53 39 4 79 24 56 87 64 43 23 25 53 18 7 51 93 60 25 31 83 54 0 15 59 75 11 59 96 58 55 34 78 67 65 77 49 39 29 66 97 74 1 31 63 66 67 17 40 22 64 86 93 76 93 29 27 19 12 65 55 79 92 84 12 86 56 46 56 87 89 84 69 77 82 62 41 78 20 77 40 28 45 89 16 52 42 31 89 10 48 36 26 52 22 49 16 58 61 21 97 73 80 8 84 94 90 31 75 86 65 96 69 47 28 16 89 98 56 69 19 91 43 65 86 1 29 91 77 66 19 8 17 57 85 7 78 6 10 45 2 74 43 76 3 12 32 65 97 50 26 43 15 80 42 74 93 37 40 24 86 32 64 39 43 83 60 35 23 29 50 73 4 77 33 4 46 28 66 2 43 60 78 26 51 27 48 13 60 57 24 71 1 78 81 40 14 14 6 55 52 83 73 77 51 20 88 73 7 38 30 18 42 35 80 38 26 89 22 26 76 46 20 33 9 65 16 69 92 35 95 75 99 91 36 51 57 47 40 57 20 53 15 66 60 72 9 41 40 54 80 51 83 69 45 89 98 21 73 10 16 18 38 48 97 83 19 15 56 86 88 43 90 52 69 61 80 51 48 77 25 54 65 58 3 21 54 63 20 14 11 5 42 19 24 5 79 49 25 83 26 88 9 91 22 56 29 79 98 4 23 1 13 17 42 75 75 77 44 
24 95 11 47 64 74 14 13 22 75 26 46 97 65 55 54 78 46 85 27 57 26 18 95 78 0 10 98 24 86 64 19 18 39 54 89 54 0 2 40 88 15 82 3 96 52 77 80 55 0 95 14 25 28 35 71 82 50 38 50 91 6 67 22 72 36 49 68 72 88 65 45 66 25 88 36 13 47 63 50 54 47 81 3 82 12 13 96 72 91 9 34 23 22 86 6 87 34 77 8 72 26 73 81 32 71 54 44 7 25 41 73 16 86 73 57 45 38 33 25 41 83 67 9 29 66 45 30 45 49 18 54 12 46 47 68 11 44 90 52 34 48 27 25 95 15 37 73 0 82 59 48 71 18 56 63 76 54 51 27 73 93 91 10 36 64 99 5 34 68 13 39 11 55 20 61 26 97 10 63 22 37 79 69 17 57 27 37 96 54 66 36 75 47 18 71 55 49 56 97 45 3 39 10 16 70 45 42 14 92 64 2 87 5 64 61 11 54 65 31 49 14 72 6 32 85 21 22 69 43 36 55 68 5 24 61 23 66 42 67 49 96 42 18 96 11 39 8 66 3 63 36 88 94 70 25 7 21 97 71 46 79 37 32 4 30 91 43 0 97 39 13 98 1 26 68 76 92 17 65 5 54 42 65 60 10 80 20 36 29 42 85 79 38 84 87 32 66 1 32 42 32 16 95 6 67 94 28 51 34 27 29 96 65 1 25 46 23 9 63 4 19 24 52 55 42 17 21 41 1 19 29 73 59 9 70 60 50 67 1 42 75 92 71 84 54 71 77 12 75 87 95 38 62 46 89 22 41 31 42 2 19 42 26 45 79 69 1 28 74 33 80 60 30 79 68 96 75 19 73 96 27 92 36 78 33 81 0 29 90 8 97 59 40 45 2 7 42 37 93 
22 28 52 81 81 34 47 39 32 11 86 92 90 20 57 10 77 2 41 12 42 96 14 11 4 81 31 98 66 14 41 90 67 66 15 79 74 37 73 45 72 14 12 66 84 44 38 47 93 8 70 46 0 53 70 43 74 92 75 9 58 77 93 79 62 9 24 2 6 2 89 18 45 96 41 89 60 73 39 54 73 87 52 77 96 32 84 34 84 86 94 56 84 29 92 85 55 42 77 43 65 77 11 97 51 9 20 6 34 94 19 45 30 39 39 74 20 21 84 91 26 80 0 83 67 81 60 75 71 83 47 46 43 58 43 99 72 97 3 60 76 78 59 72 98 68 86 60 23 24 13 35 69 84 49 89 63 64 67 58 45 50 73 14 53 57 40 43 70 8 8 12 56 47 92 65 16 38 54 52 54 61 9 58 64 48 93 3 20 20 6 13 57 25 33 8 6 66 79 94 80 86 92 17 5 68 68 89 41 81 3 54 84 32 54 91 71 79 59 72 83 12 89 29 68 90 73 11 75 65 92 87 18 7 83 53 12 25 27 90 99 97 33 29 85 57 89 75 27 20 8 69 92 12 16 38 81 24 11 0 58 42 59 67 81 83 77 88 32 18 27 16 4 15 43 66 85 1 41 89 83 17 40 25 77 80 2 7 44 75 33 39 18 42 84 49 72 87 5 48 77 31 46 59 76 29 75 40 77 46 88 89 99 9 87 61 36 88 88 81 49 55 27 19 76 83 22 94 76 61 40 82 23 60 49 46 45 69 67 88 16 89 28 73 47 68 89 56 24 92 66 11 37 40 55 84 18 74 15 34 19 11 54 32 43 85 88 85 57 61 64 1 82 11 83 39 48 70 86 79 93 64 44 22 55 6 44 76 55 4 25 72 11 75 87 62 0 3 67 21 
0 99 14 96 20 6 87 31 29 83 53 22 88 25 22 13 0 97 61 52 95 71 33 25 67 91 55 92 54 92 42 6 40 5 1 13 33 88 68 34 63 47 75 36 52 9 84 25 75 85 7 35 75 33 74 12 52 30 70 69 62 45 92 67 23 5 76 15 53 15 36 72 37 62 32 62 18 69 65 37 32 46 22 98 22 21 70 62 73 91 51 29 71 71 47 5 73 22 32 58 77 29 21 44 11 65 12 31 84 38 90 38 99 16 45 76 28 86 27 42 82 12 55 65 94 96 89 27 20 75 30 20 92 57 77 55 97 22 38 0 76 98 35 88 85 36 90 91 81 62 75 29 76 92 38 29 69 94 54 82 82 54 95 70 14 3 6 16 12 34 4 12 46 83 64 90 5 40 71 27 30 96 60 7 98 63 28 60 98 87 36 61 46 78 30 3 91 59 65 84 55 98 4 40 76 72 60 21 91 66 5 53 14 84 14 99 0 89 24 27 76 81 74 25 49 99 38 1 28 61 97 18 2 12 39 44 76 60 25 96 16 80 80 1 74 74 27 2 14 34 92 17 60 63 31 78 38 1 22 4 28 97 68 19 6 74 44 75 49 29 81 8 35 84 20 22 73 94 69 55 85 62 70 43 1 68 24 99 37 0 59 81 52 71 92 31 66 11 25 42 64 38 5 52 76 76 85 61 39 20 70 39 32 65 99 76 79 18 89 5 50 44 29 52 59 99 6 1 26 50 89 76 44 63 25 37 16 22 6 85 60 12 40 37 88 7 55 45 3 44 46 23 58 18 12 96 1 85 34 85 74 85 83 70 81 64 57 7 10 85 48 87 53 46 80 78 63 13 17 34 76 66 38 18 20 64 60 85 58 9 84 84 43 43 88 67 23 49 68 49 
86 29 83 15 29 47 73 30 47 73 3 86 94 80 27 65 8 63 60 13 75 71 52 34 13 48 20 76 83 6 47 55 24 13 83 8 29 85 29 0 8 12 99 34 49 34 59 77 71 28 37 97 51 52 53 15 2 88 2 88 0 43 2 63 45 35 24 30 19 17 38 4 88 87 26 69 30 60 71 10 36 65 87 48 22 82 56 9 16 55 60 24 11 80 61 46 48 86 17 3 61 84 77 31 81 20 12 4 52 3 15 91 7 88 6 64 45 7 17 79 30 69 84 28 75 21 72 87 78 59 79 36 15 0 46 45 19 97 85 10 91 57 34 56 1 67 62 1 43 53 76 91 37 18 39 31 84 19 67 76 22 76 30 0 63 39 97 17 80 41 76 52 20 67 54 18 81 48 22 8 64 98 29 85 71 86 61 94 58 40 33 41 16 30 90 20 87 83 65 92 58 67 23 81 70 58 89 93 19 66 32 57 53 69 23 47 46 61 18 28 10 38 79 23 4 41 19 47 94 66 44 54 89 29 60 74 38 72 4 4 0 61 30 75 49 37 92 26 86 92 50 74 83 43 65 66 11 97 9 55 89 71 44 30 83 42 32 67 42 67 23 84 19 69 65 15 20 96 90 25 62 93 0 95 77 5 35 89 72 19 27 40 3 30 62 52 2 90 83 15 4 13 82 41 84 61 84 20 59 85 25 9 86 17 13 44 61 54 24 17 31 93 6 60 60 55 14 61 49 53 24 3 35 36 8 18 79 39 9 91 24 56 23 25 86 9 41 65 26 36 18 17 81 37 18 24 49 10 71 73 5 11 45 34 40 71 14 3 37 38 62 20 34 49 99 23 31 47 68 93 92 14 55 30 25 33 3 38 16 39 59 75 96 12 28 41 90 38 33 25 
97 23 0 54 66 16 84 95 71 81 49 84 43 64 96 71 43 99 72 30 44 70 16 96 61 32 98 76 13 4 83 52 48 92 87 33 98 25 99 42 33 18 10 92 88 13 17 29 28 82 71 48 98 47 75 39 81 83 51 18 2 91 36 59 52 78 55 86 29 60 16 4 54 38 45 86 34 71 86 68 15 30 50 2 16 26 52 81 18 74 46 67 75 62 18 63 88 9 36 1 59 22 95 92 52 12 87 33 82 61 86 55 88 22 62 91 25 83 46 42 11 79 53 84 47 33 39 88 41 18 37 21 45 25 15 31 54 18 4 19 91 91 22 34 7 36 31 37 13 75 51 77 76 7 74 85 27 4 32 97 45 27 99 83 42 66 42 80 33 63 0 88 53 50 86 59 9 51 16 21 33 40 73 18 42 31 14 9 85 20 81 62 43 2 66 10 31 94 26 44 40 19 14 45 84 8 90 19 77 43 79 14 96 32 73 7 16 21 17 57 20 11 90 96 23 65 18 19 22 3 40 31 3 90 60 82 65 18 30 49 72 20 86 44 42 21 35 89 14 83 27 80 24 54 51 83 54 42 7 18 85 71 76 24 30 12 48 82 35 52 90 87 1 22 38 97 8 93 91 19 69 88 59 27 22 10 71 86 78 23 52 70 56 24 78 83 74 58 99 86 98 27 73 81 80 58 75 47 57 82 65 58 52 67 67 98 61 89 52 70 54 66 11 64 25 72 77 37 62 94 96 25 51 9 72 84 37 66 5 30 13 6 96 41 83 26 5 56 85 80 40 42 47 58 42 43 50 74 58 62 39 53 65 56 85 16 95 92 13 15 39 35 65 96 13 78 94 64 30 49 3 28 39 87 71 87 10 80 82 2 57 1 87 36 96 58 20 78 38 40 
27 46 59 10 24 36 28 85 58 45 70 87 78 52 75 60 85 37 46 98 98 11 66 75 8 41 22 0 5 9 52 5 75 57 15 94 34 54 77 20 30 1 24 67 42 59 87 22 22 96 20 82 73 75 61 80 10 65 7 78 15 8 39 2 98 86 28 83 99 30 11 12 43 96 26 48 52 3 74 81 29 80 6 7 7 81 5 14 11 73 19 75 22 50 89 24 15 31 89 31 52 92 72 67 36 58 78 7 59 87 49 44 66 73 78 6 96 97 84 88 45 60 66 99 91 97 43 2 58 94 92 79 20 52 86 33 33 51 89 83 75 95 16 64 1 23 14 99 33 76 96 52 24 17 55 51 17 28 97 73 68 38 67 98 92 2 98 62 66 67 3 70 9 31 31 0 51 78 62 1 69 52 2 95 66 42 64 55 88 99 67 53 32 26 47 10 83 50 76 44 80 67 63 20 31 75 33 53 7 19 76 81 53 6 42 80 41 58 75 23 20 18 20 57 82 56 68 99 37 88 4 18 94 41 23 75 72 27 20 62 73 56 42 34 91 6 11 80 24 57 72 25 94 77 45 49 63 23 38 6 62 89 21 58 12 46 33 68 89 3 70 8 66 2 86 77 21 65 27 38 40 95 45 92 13 12 50 31 93 55 65 59 59 7 20 77 11 75 50 57 72 99 88 78 45 2 2 21 11 13 24 43 88 28 49 42 82 47 63 76 75 76 28 45 23 16 14 34 14 46 34 22 68 59 26 70 82 62 18 31 83 96 23 86 16 12 79 84 59 19 96 67 50 46 77 77 78 66 33 90 89 49 45 3 53 47 91 85 30 60 72 63 27 8 68 0 44 67 32 53 7 78 53 94 44 57 30 58 77 95 93 84 17 71 50 59 68 40 13 33 
80 67 99 0 27 59 82 29 77 77 76 5 7 61 85 21 88 65 76 45 99 85 4 61 53 27 51 46 76 28 2 66 40 90 38 10 25 75 19 52 62 30 79 90 41 85 1 85 30 91 38 89 84 6 84 4 1 39 86 73 73 89 27 7 63 35 34 58 27 98 9 26 87 75 48 78 52 48 25 98 91 25 14 31 72 5 82 42 42 90 96 8 16 45 40 57 8 5 99 96 68 51 41 46 93 94 29 33 8 68 73 11 74 84 66 3 92 82 94 7 67 60 24 74 88 2 49 20 83 4 49 67 9 6 55 17 23 4 64 76 42 72 76 53 91 57 63 92 4 49 36 38 80 33 88 56 33 50 13 75 8 32 71 4 41 19 11 14 74 86 70 82 44 75 56 87 35 94 9 10 62 2 12 51 61 53 2 57 28 59 9 10 48 25 86 67 80 94 56 58 12 51 67 88 41 39 15 58 73 45 12 31 80 21 45 68 39 68 56 10 72 16 74 86 42 83 55 3 75 15 24 41 23 46 10 86 42 75 14 77 21 61 80 76 5 98 12 50 49 90 72 98 29 89 90 7 11 70 72 16 32 54 33 94 98 49 57 23 29 75 33 69 4 53 96 68 5 45 9 36 76 27 10 70 24 62 61 12 86 51 33 72 53 91 24 57 10 35 38 40 5 15 36 94 93 7 41 13 49 18 52 0 46 92 68 94 43 3 17 86 11 56 44 56 38 62 56 12 42 47 82 68 39 87 6 91 68 98 3 75 32 25 45 94 65 23 77 93 33 60 32 53 70 14 7 14 10 16 7 12 22 27 93 28 58 63 84 68 58 74 38 47 43 59 7 43 85 97 8 52 3 97 39 7 0 54 64 14 57 15 43 88 23 82 7 32 50 99 94 47 
65 11 38 41 64 54 16 47 64 19 34 10 59 94 90 91 76 34 93 48 59 72 18 74 27 16 31 47 35 35 80 81 8 85 66 28 77 67 66 77 44 95 63 0 96 15 21 47 86 48 39 63 29 20 66 78 65 69 78 1 26 55 6 41 12 40 55 69 90 35 6 82 45 95 75 9 10 4 24 96 31 54 21 3 2 66 15 21 10 77 60 12 30 64 24 97 19 48 5 83 1 77 36 45 25 90 17 82 22 22 42 97 22 10 61 29 78 37 43 59 16 77 61 85 15 12 69 29 44 17 24 79 76 92 79 99 30 79 74 90 15 11 73 19 15 71 45 65 86 11 81 23 42 3 1 55 46 33 66 26 83 51 84 92 75 66 8 43 76 68 39 94 33 29 99 1 78 93 70 54 80 79 12 85 0 56 4 39 14 9 91 84 77 91 32 11 80 30 20 54 61 88 98 42 17 50 24 60 92 27 64 1 79 12 73 59 75 69 61 88 39 42 8 70 9 71 50 52 9 0 25 16 27 71 79 77 98 64 38 51 13 63 27 97 92 68 24 99 98 40 37 4 70 74 64 93 11 61 52 18 37 71 91 84 61 81 84 32 8 10 84 39 75 84 94 27 29 86 72 65 77 67 96 79 82 39 33 72 56 95 95 73 1 25 40 59 28 18 43 94 68 7 57 92 60 42 71 98 89 86 83 58 69 80 42 34 47 48 1 96 31 75 3 39 0 57 10 8 70 74 61 12 65 93 6 89 59 53 68 43 37 36 71 53 37 41 79 77 30 93 77 64 32 99 35 21 62 76 95 48 10 81 47 22 43 19 35 15 8 34 62 18 28 56 9 36 57 76 50 71 26 85 57 81 4 65 57 26 7 8 9 30 77 63 74 19 46 21 64 29 
24 63 37 34 50 47 17 60 54 47 32 9 23 18 57 27 98 72 99 8 20 62 49 15 53 49 93 87 43 47 36 64 98 89 8 64 83 91 71 23 91 13 9 70 37 31 76 89 46 48 66 51 44 30 2 2 25 61 50 3 97 97 45 59 35 25 33 99 4 53 3 65 48 98 97 27 81 48 39 91 93 21 30 28 87 85 74 68 25 92 67 67 69 19 41 31 81 45 34 28 80 81 24 61 13 58 84 40 62 10 18 71 26 87 34 3 82 13 23 29 66 31 66 2 78 9 89 31 34 30 72 22 11 40 39 68 55 17 93 28 13 35 9 70 77 38 60 95 60 55 62 72 39 0 72 89 72 79 45 93 98 21 47 18 58 72 68 42 53 95 22 67 64 60 92 3 58 98 18 85 41 64 87 62 44 53 80 99 63 26 48 14 55 61 22 4 8 75 55 18 96 80 97 58 5 73 3 60 26 27 65 72 82 6 18 70 62 45 24 97 88 92 96 8 35 53 39 27 77 24 60 4 87 24 87 93 24 43 25 5 12 13 21 85 26 3 26 41 48 91 38 67 46 70 31 91 9 7 68 59 42 78 62 82 6 47 96 19 99 84 67 43 64 80 78 39 49 86 69 59 6 45 95 52 33 69 90 54 30 94 86 30 10 79 99 73 9 98 95 41 72 98 57 50 71 49 63 7 88 39 57 83 84 90 67 20 38 11 25 30 93 18 73 57 13 18 89 7 69 27 61 23 15 31 7 81 68 38 41 57 74 57 19 81 39 42 34 65 44 38 76 91 38 47 13 19 47 99 41 56 65 16 43 52 90 17 16 61 36 0 49 40 99 58 43 26 42 81 44 64 31 37 34 16 86 85 89 14 37 78 46 96 89 11 87 36 91 67 38 89 
97 56 52 73 83 69 28 66 42 55 12 28 72 79 80 93 31 64 27 34 98 59 86 78 14 94 45 12 42 8 79 74 89 21 97 55 11 34 0 56 30 44 27 51 2 50 15 83 84 52 49 96 47 94 95 94 87 43 75 72 53 86 96 63 59 10 91 15 58 17 69 25 46 24 13 53 85 53 21 54 62 81 20 4 55 19 90 77 0 68 67 31 6 28 69 13 32 5 81 4 29 59 96 44 70 75 62 47 77 72 70 49 67 83 36 21 58 18 47 35 62 48 51 62 4 10 30 52 47 89 52 31 59 50 65 54 99 38 6 1 99 7 24 85 38 18 0 99 88 23 22 47 19 23 57 64 16 88 30 83 16 38 88 27 40 67 43 43 36 87 76 74 66 74 25 17 31 87 50 88 70 18 62 2 2 0 86 22 0 2 42 50 68 99 81 49 96 66 56 98 33 31 10 82 87 69 38 10 11 12 60 49 59 0 1 27 48 57 77 83 83 76 22 39 6 82 55 77 80 52 10 87 19 11 46 67 97 40 15 36 89 59 75 13 67 47 89 27 75 29 4 17 14 46 50 7 82 98 73 82 35 11 34 51 65 29 93 90 96 52 28 74 53 82 75 94 39 89 31 10 46 88 77 81 7 69 54 21 20 55 69 93 69 17 44 34 23 59 30 10 44 79 65 9 72 43 75 32 14 4 19 59 2 75 77 61 1 43 54 19 97 94 9 93 19 84 8 92 90 36 75 37 30 82 5 68 21 97 1 92 56 54 65 66 93 20 20 29 0 89 85 49 60 21 34 95 80 18 78 51 41 27 42 39 69 74 78 52 24 67 71 62 26 78 32 64 18 28 62 84 1 8 72 32 6 9 83 62 76 34 65 82 92 70 56 13 5 41 34 68 
50 43 14 53 15 35 37 57 82 99 22 83 95 46 91 64 41 62 38 87 96 64 94 27 44 64 73 75 79 29 41 1 9 44 26 34 71 67 20 92 75 34 98 37 34 73 6 12 51 85 9 18 86 55 13 66 4 41 89 0 58 24 93 2 96 22 39 0 75 29 37 22 92 63 48 51 3 0 64 21 32 44 17 58 57 73 90 28 24 65 36 53 70 0 97 72 8 65 25 0 97 93 64 74 9 84 41 17 9 22 39 38 90 77 82 40 10 97 45 41 36 0 77 89 40 76 48 47 95 89 19 10 76 11 32 17 47 59 77 54 24 21 49 56 15 14 28 79 47 87 49 44 53 10 53 57 19 55 63 2 16 78 66 93 5 87 59 27 73 86 63 39 13 56 39 74 35 93 14 56 27 23 31 82 58 55 4 92 19 91 78 26 72 12 10 73 78 41 11 19 95 91 9 35 70 3 37 61 24 41 6 70 39 30 3 10 88 95 74 23 48 51 81 42 45 7 67 63 10 37 13 50 1 68 57 99 18 90 91 33 72 89 2 14 65 82 65 53 17 91 7 2 79 83 47 51 61 12 88 67 85 96 41 83 28 8 56 46 6 21 36 41 10 35 39 35 51 4 69 47 35 1 54 4 39 23 38 92 60 1 95 44 12 12 90 91 84 71 26 81 80 56 61 45 83 6 57 42 5 4 86 99 78 83 36 30 89 15 68 46 20 56 46 15 58 34 10 17 91 45 19 31 79 99 6 83 42 98 31 31 89 35 78 26 20 91 74 3 16 91 6 36 71 51 66 19 92 95 35 50 19 54 94 49 71 38 35 60 55 3 43 21 37 3 19 15 87 83 93 4 0 64 72 23 85 64 23 93 4 69 54 13 11 18 76 11 21 45 92 27 
34 45 71 93 73 94 78 30 15 77 92 4 21 28 5 11 44 69 81 57 84 54 75 43 27 25 66 84 16 37 13 6 0 16 36 46 79 10 70 77 46 63 66 0 48 92 3 75 78 40 11 26 48 92 25 12 0 95 62 93 77 84 85 61 20 41 94 9 37 37 1 66 74 23 86 43 48 85 44 0 59 84 54 5 6 9 54 35 77 13 0 85 50 67 13 97 75 74 37 30 23 42 29 49 34 11 21 79 49 13 61 9 37 36 54 89 96 48 28 37 19 61 54 65 13 23 93 58 87 68 56 83 71 4 31 51 75 10 15 73 8 2 42 71 42 38 55 31 53 29 68 77 24 24 34 32 66 31 37 31 90 12 53 35 47 25 39 8 52 68 12 51 8 54 59 22 49 57 41 74 74 27 82 28 42 83 85 3 75 54 76 73 32 24 94 72 10 84 1 59 5 33 92 29 93 63 71 9 43 61 32 19 46 64 62 33 1 52 91 58 66 42 0 87 3 90 16 75 81 77 21 16 47 53 6 46 72 96 60 52 87 86 15 89 21 43 55 77 35 77 4 96 94 54 79 78 73 92 95 79 75 48 90 73 4 72 7 31 80 41 88 80 89 96 51 69 47 84 63 20 94 4 12 10 8 33 6 29 90 80 38 45 36 93 17 19 82 70 55 72 13 65 76 61 69 60 0 95 97 88 4 93 6 79 74 83 51 9 25 61 12 36 62 24 36 88 66 97 97 92 74 80 95 22 95 38 60 40 62 98 74 73 83 36 41 9 51 19 63 89 4 6 9 74 16 57 8 58 85 13 76 44 96 23 47 43 39 60 37 33 73 31 43 72 27 31 49 38 44 20 77 65 58 63 64 73 18 12 47 9 78 51 23 3 52 94 48 76 50 82 
20 67 0 5 26 33 50 31 25 73 50 36 87 9 28 44 70 45 92 76 9 98 32 72 90 78 79 77 43 89 61 5 10 39 88 57 81 21 82 99 10 88 44 47 52 46 38 3 98 34 32 97 79 98 57 40 6 71 49 11 67 27 24 33 50 75 81 42 88 82 9 5 19 90 65 22 53 10 64 29 32 16 33 12 68 63 47 94 42 92 74 29 52 84 75 77 60 33 91 13 21 46 69 89 48 15 56 89 40 58 6 89 96 67 94 17 17 31 19 83 18 75 30 50 26 41 38 90 9 39 38 42 54 23 86 4 5 36 98 95 84 90 80 89 67 95 16 63 28 84 73 58 63 26 33 87 10 23 24 31 8 51 5 60 55 7 42 74 75 19 43 17 21 27 89 41 60 72 71 27 99 28 96 16 84 12 2 44 19 40 99 36 13 56 54 55 46 40 64 30 21 1 43 18 16 67 90 2 72 39 2 9 53 10 97 24 1 0 58 48 33 17 9 79 93 78 7 72 53 80 3 44 84 50 21 55 28 28 95 0 73 30 87 64 79 29 37 59 42 60 93 48 57 63 59 42 91 69 61 47 27 2 32 98 18 31 39 39 41 72 0 2 85 86 72 76 56 35 30 37 20 55 67 87 58 65 72 13 67 16 51 7 45 94 7 9 21 42 23 75 72 17 52 53 4 8 10 82 60 23 8 49 18 85 79 29 32 94 26 57 21 5 11 69 46 60 71 40 1 49 6 91 64 58 57 68 68 62 21 46 96 9 93 60 37 78 63 32 36 8 47 10 70 20 15 9 34 56 22 25 12 46 60 2 53 38 1 72 99 18 97 87 94 85 23 41 52 98 89 74 21 74 20 83 69 11 4 22 38 50 42 40 20 31 20 52 39 87 97 96 
29 7 30 82 84 95 28 37 83 73 30 59 67 44 13 28 23 91 90 0 80 62 68 66 68 63 64 75 83 48 37 13 96 28 83 98 22 67 18 35 30 64 98 84 82 54 14 39 46 44 89 89 50 24 56 63 45 69 70 24 41 45 37 35 90 11 25 28 87 10 26 96 6 29 5 65 71 51 66 14 65 50 85 58 92 20 50 90 18 43 51 50 27 54 32 49 10 19 24 88 27 46 71 87 30 93 34 45 61 38 63 25 81 54 65 69 17 83 10 24 63 8 27 87 23 31 11 47 65 48 20 49 46 48 59 49 38 17 38 24 49 92 87 89 48 66 90 6 93 91 51 72 5 88 17 99 32 48 82 67 10 90 57 75 81 41 16 66 7 19 41 60 18 46 39 25 89 64 84 81 52 78 78 55 43 39 15 39 58 61 5 14 77 73 78 55 59 59 87 25 60 25 67 66 52 12 39 98 12 90 47 89 23 86 43 1 57 81 79 15 30 7 96 7 10 89 68 33 36 92 36 59 33 53 12 81 27 18 62 76 98 54 79 22 25 45 58 9 35 70 6 94 3 36 87 32 34 62 12 44 1 6 15 35 39 25 75 67 48 41 70 34 77 94 83 61 74 97 47 51 50 90 32 69 66 17 65 89 80 48 95 49 65 55 27 2 1 92 58 76 82 39 73 93 88 84 33 46 15 36 93 80 45 94 25 19 97 3 71 15 29 71 48 96 4 38 34 75 55 5 99 53 89 22 8 8 48 63 71 68 54 69 30 48 80 32 93 17 38 92 65 22 3 84 62 60 87 70 42 15 82 82 39 66 26 80 59 12 55 35 78 84 58 19 12 86 24 53 11 26 61 98 95 61 4 41 68 5 13 17 52 22 73 38 90 70 44 19 34 45 
48 0 1 33 20 60 80 99 24 74 92 99 28 20 24 25 80 28 67 88 38 26 12 35 0 53 31 18 87 61 92 18 80 30 30 20 34 47 25 95 40 73 52 47 1 69 74 81 85 27 99 53 86 93 25 71 75 43 16 45 96 44 47 87 14 25 19 32 15 48 65 61 77 0 43 40 99 75 83 38 25 60 36 3 6 62 49 49 27 20 63 84 73 87 61 45 58 17 25 54 44 19 62 53 82 97 21 99 39 49 44 75 48 5 21 99 73 61 94 34 27 60 97 54 81 26 23 28 32 6 12 90 28 60 5 40 15 78 45 10 32 51 69 49 76 80 4 60 28 34 89 93 56 44 78 68 45 77 4 11 1 56 12 71 71 24 34 62 49 18 8 13 82 89 90 56 15 32 99 59 1 5 18 39 76 78 1 26 83 76 62 43 76 64 93 82 1 73 73 30 67 93 78 36 57 87 90 31 48 5 59 96 22 15 81 56 25 39 36 55 78 3 75 83 41 24 58 2 79 60 2 1 29 11 87 1 18 53 10 86 0 47 8 94 15 54 1 99 55 0 49 4 39 90 76 60 65 33 48 0 92 14 52 70 76 43 7 87 88 75 74 7 42 66 5 33 95 27 55 36 24 67 13 80 68 17 49 14 23 84 12 67 20 13 76 38 90 99 45 64 20 25 58 15 58 6 12 51 10 23 3 40 10 82 72 16 32 48 30 56 71 35 91 52 8 90 46 16 69 83 47 56 25 23 94 13 41 43 63 41 32 76 61 59 29 11 38 63 56 91 79 71 78 12 72 31 59 86 86 89 53 29 59 49 43 6 34 71 65 85 91 58 98 8 97 76 75 60 26 70 30 11 3 54 51 38 9 31 73 64 8 13 93 42 30 48 78 24 13 5 
12 36 36 75 2 86 99 24 26 32 54 73 69 46 36 37 82 36 92 76 79 31 43 19 85 90 79 20 59 78 88 36 14 72 74 95 7 25 6 35 65 58 44 63 17 58 92 98 40 28 47 12 64 45 8 48 73 73 68 18 13 17 3 24 42 62 80 40 62 27 15 20 57 8 21 60 83 85 76 51 36 69 3 72 12 49 7 11 74 92 51 93 92 8 22 72 80 76 72 58 49 39 38 27 45 81 13 37 98 85 43 16 94 43 28 19 35 95 32 97 87 77 94 43 77 94 60 56 60 83 32 22 79 57 11 49 13 73 15 62 58 29 71 26 82 70 89 35 74 91 59 97 88 62 27 64 79 77 87 94 55 20 81 28 89 29 18 82 62 16 33 54 88 4 22 17 49 34 59 28 96 89 84 16 30 5 54 9 34 32 25 76 52 18 10 27 42 15 34 65 66 38 33 30 70 80 77 32 86 51 83 31 66 25 90 94 12 40 81 18 42 86 83 66 15 76 81 32 2 59 84 11 47 35 56 58 55 44 72 91 30 37 3 32 39 19 82 14 46 58 82 58 32 85 57 37 52 28 56 42 53 21 16 71 73 0 82 1 48 28 31 88 28 41 67 10 3 39 48 33 85 86 3 18 23 52 63 1 52 37 69 50 84 45 62 74 19 59 86 75 19 16 93 84 72 73 29 69 70 65 64 82 28 18 58 45 0 63 0 45 11 98 22 72 34 52 42 88 41 5 90 25 99 8 88 26 34 14 43 39 17 98 93 97 55 45 32 12 42 74 25 29 7 41 87 79 48 16 59 20 39 95 76 83 81 16 98 56 63 77 67 69 47 52 49 92 22 55 12 79 21 58 78 54 62 93 10 3 88 94 7 18 26 83 1 40 51 40 88 98 
54 68 27 2 24 56 2 53 62 72 24 97 5 69 55 64 7 14 1 98 20 55 64 40 25 95 57 9 91 24 82 81 43 1 87 72 77 23 41 4 54 84 94 46 91 44 36 7 55 28 10 41 68 53 63 15 36 81 8 97 81 97 19 41 15 14 17 67 93 47 6 14 23 11 19 23 2 35 89 6 60 96 55 35 82 26 19 82 40 31 85 65 88 69 93 53 65 49 20 68 20 6 24 91 36 73 67 88 90 79 65 89 24 36 25 6 44 21 6 82 60 96 90 65 80 97 18 70 65 45 67 15 71 91 13 82 41 23 74 20 36 90 41 97 59 73 79 38 61 41 14 38 32 27 61 76 85 94 95 15 99 74 35 35 49 77 71 76 62 75 11 28 83 70 9 74 88 63 11 4 70 68 88 40 4 6 39 31 92 46 76 21 32 39 40 81 90 22 19 4 36 14 92 72 99 33 49 71 79 91 51 67 2 33 24 88 1 52 67 21 20 63 1 28 4 78 62 64 55 97 65 3 42 21 27 39 17 77 92 48 44 43 68 21 17 84 6 24 26 77 31 94 45 32 29 79 97 58 20 49 34 58 37 48 8 78 33 73 96 81 60 7 44 37 34 39 68 17 38 61 28 29 77 60 75 88 74 98 13 47 72 96 46 41 46 92 39 63 62 11 56 40 59 86 46 23 89 27 37 8 43 21 34 20 95 77 47 21 34 10 23 45 8 52 36 34 26 95 14 90 1 9 82 32 46 1 98 19 9 45 3 21 30 68 12 62 7 69 89 98 62 87 83 53 25 89 14 37 31 88 61 69 12 50 49 84 33 9 24 72 73 13 35 96 31 70 14 32 42 13 59 71 61 68 90 97 86 72 79 2 66 43 85 43 53 7 29 4 88 69 
65 93 34 69 35 61 26 70 1 40 59 45 43 72 93 70 19 78 61 21 31 62 90 45 36 88 25 79 90 84 26 55 33 0 44 48 30 89 19 20 76 59 96 56 24 17 0 84 59 57 89 79 95 31 17 78 77 12 28 19 93 96 88 8 22 68 59 4 44 2 98 45 59 34 19 62 75 38 15 75 8 28 41 15 90 42 77 6 77 23 34 39 29 64 31 14 70 9 39 86 94 73 38 45 43 67 69 5 34 47 90 79 44 84 98 20 33 40 24 63 90 57 82 74 47 92 64 97 60 99 11 97 59 23 36 91 3 32 22 82 67 9 93 11 23 54 72 79 98 87 96 28 11 22 85 84 61 33 54 25 53 14 76 65 79 22 72 96 55 99 22 16 34 66 84 19 43 93 14 64 59 29 49 15 13 54 24 86 14 57 84 0 87 94 2 44 91 24 82 83 96 6 52 17 22 79 6 69 50 92 46 74 47 24 97 84 14 21 44 56 3 81 57 41 17 80 29 8 90 28 53 77 1 20 65 89 83 93 89 90 99 9 22 62 91 50 3 33 12 59 72 89 30 74 98 66 32 10 97 57 68 17 58 49 54 76 14 93 25 62 51 61 27 31 3 39 78 98 18 67 15 37 27 10 18 50 15 36 10 89 86 16 46 25 62 8 88 76 25 45 89 64 93 60 45 78 85 78 92 40 47 33 42 85 68 31 19 43 40 22 34 54 7 1 3 67 75 38 10 51 90 20 10 53 6 79 9 38 36 34 14 0 14 48 57 4 60 55 18 0 89 32 0 39 13 47 83 7 65 94 40 65 11 51 48 35 0 79 24 95 23 96 15 81 27 79 36 23 35 42 21 48 29 84 85 82 60 18 90 89 86 40 10 82 18 93 95 65 37 32 
68 33 20 35 31 73 85 56 68 72 29 77 35 1 85 68 40 13 36 36 57 77 44 18 29 98 85 59 68 42 66 49 68 68 1 84 90 12 69 55 83 81 14 4 57 54 65 16 61 34 36 74 43 47 1 37 20 41 50 88 83 24 23 46 25 84 79 99 85 48 52 93 60 77 97 86 49 15 65 65 61 75 90 71 37 59 67 20 48 40 57 73 78 74 64 53 89 61 70 59 67 82 87 94 84 19 91 48 66 12 33 62 22 34 64 81 21 21 43 57 55 85 20 34 91 44 28 99 19 79 89 69 85 30 17 21 25 33 44 69 93 49 4 29 47 42 95 56 10 57 80 84 99 69 54 78 85 66 13 27 83 51 94 88 13 92 41 11 58 46 8 22 73 86 67 91 9 91 23 1 73 76 52 10 48 17 46 74 21 88 33 51 2 87 75 69 89 49 2 11 76 78 71 34 46 27 63 82 66 45 23 48 80 64 49 15 44 83 53 9 49 6 21 23 31 33 25 87 77 63 41 6 10 21 88 58 12 28 17 46 81 28 9 48 58 27 52 58 45 25 99 68 55 1 33 8 46 27 44 75 3 48 42 56 72 27 89 70 4 57 48 63 35 32 63 82 99 83 57 0 87 29 79 86 83 99 8 74 96 83 63 57 57 62 17 60 54 52 36 37 77 3 87 91 47 49 2 17 56 70 84 80 80 49 95 28 99 77 8 32 40 4 88 80 55 19 58 94 25 48 98 52 83 32 53 61 21 35 82 46 40 70 36 75 50 36 13 78 10 96 47 99 54 97 57 80 39 42 80 7 64 0 43 26 71 61 23 75 65 15 63 20 27 53 39 4 32 10 38 47 37 30 90 66 23 68 15 22 15 6 85 19 64 58 10 0 80 59 89 14 
40 39 4 12 53 66 3 92 75 50 46 35 74 37 25 98 5 20 42 58 18 69 91 61 91 39 12 69 82 37 31 61 45 96 70 22 51 41 57 75 70 10 81 35 35 55 92 2 47 89 86 31 77 70 75 70 63 92 94 22 42 94 81 76 28 39 98 69 13 58 21 24 53 69 23 95 35 74 82 91 62 11 66 74 15 97 28 58 72 63 70 35 19 44 26 61 78 18 90 33 57 81 62 88 72 75 23 54 11 65 77 85 84 54 72 47 48 54 0 39 52 66 92 75 33 82 71 90 34 51 86 52 69 54 6 22 88 72 2 9 69 12 7 11 20 50 30 29 92 93 21 76 89 80 86 3 69 83 8 75 40 21 64 83 56 37 27 55 4 41 84 48 36 86 25 38 91 99 1 60 20 50 44 99 43 48 75 66 34 77 85 73 25 7 70 49 26 42 58 22 5 56 29 14 5 37 2 9 91 97 17 38 67 9 45 17 16 16 86 5 4 39 98 47 24 27 89 88 44 25 11 36 50 62 1 43 27 32 32 73 2 77 45 80 98 71 80 9 26 23 52 83 75 25 66 67 85 24 73 32 5 94 26 80 11 67 31 28 50 87 25 53 8 97 27 0 40 82 97 96 36 13 41 21 12 75 94 10 36 46 46 38 66 74 54 12 72 12 57 17 50 66 46 82 7 23 65 66 77 7 59 41 83 58 56 66 70 14 75 26 82 33 0 22 77 67 40 97 62 35 17 53 64 50 47 96 13 77 8 70 25 95 19 13 86 30 75 51 2 44 82 43 38 65 62 51 84 99 12 9 20 10 88 65 59 1 32 74 46 57 36 27 61 4 17 87 73 69 4 72 18 18 50 25 33 82 2 90 27 68 18 28 30 39 81 9 60 28 57 36 
72 49 97 77 56 16 9 48 84 43 92 44 60 8 30 10 38 60 18 54 76 64 26 41 57 28 14 95 21 95 33 44 37 15 14 53 42 89 75 88 72 24 91 8 64 99 89 81 37 3 51 56 93 17 92 9 7 12 1 30 60 43 26 95 97 42 8 75 15 65 78 70 0 44 85 95 60 21 52 92 26 19 40 27 38 49 55 68 35 23 67 4 89 30 50 32 86 17 7 54 96 3 35 35 76 8 66 30 6 28 31 4 46 13 35 92 29 23 76 93 34 96 4 70 10 98 42 5 50 30 75 27 37 11 18 26 53 10 57 88 58 14 54 52 80 19 78 99 48 87 71 0 82 65 4 67 61 70 93 34 80 32 76 21 80 8 83 0 30 19 91 10 26 97 37 80 92 75 90 87 70 73 72 82 98 25 99 96 70 81 45 16 13 43 82 53 35 68 10 16 48 0 0 88 24 4 83 38 91 47 91 16 68 25 99 3 83 8 56 12 59 89 60 23 60 47 96 62 1 46 59 43 93 79 84 73 88 14 49 16 28 5 5 76 5 39 91 66 76 10 80 28 82 61 55 66 13 60 27 17 43 10 13 57 99 54 18 73 48 89 43 78 67 79 60 9 77 59 77 84 33 92 11 83 50 85 98 61 76 31 55 38 51 12 77 5 9 52 76 90 70 72 93 65 53 35 51 15 36 45 69 12 54 48 25 2 72 60 13 70 98 74 28 72 12 21 7 79 80 33 68 45 37 55 83 88 69 4 79 87 35 5 99 75 16 71 70 41 19 36 71 90 70 2 97 56 71 83 11 9 75 56 79 53 38 78 12 69 83 82 80 40 85 63 87 9 42 85 61 71 19 49 38 64 64 95 52 17 6 99 52 32 74 79 57 84 79 65 37 33 
71 29 62 15 90 60 4 53 64 83 52 28 32 41 92 70 61 66 15 40 52 50 12 63 66 25 26 66 39 56 67 14 54 8 33 8 87 50 44 91 95 19 97 2 79 45 70 64 56 21 47 68 41 66 61 84 85 18 41 20 47 71 91 56 31 77 4 74 3 39 17 13 90 51 57 75 43 41 92 43 21 6 48 66 2 93 52 23 78 10 64 22 37 15 96 75 15 32 60 22 30 45 88 80 53 29 27 15 33 89 97 75 73 27 50 94 86 89 93 13 98 25 25 71 96 6 13 57 93 59 17 23 53 38 76 99 61 11 73 55 19 34 15 3 39 26 88 95 77 68 47 98 19 80 25 92 12 45 29 37 1 83 67 70 51 36 19 11 41 12 29 46 3 34 92 12 59 42 39 9 20 20 28 89 84 93 99 32 98 85 85 17 15 92 66 78 0 5 7 7 25 52 68 65 13 31 61 25 18 79 12 98 86 55 70 78 85 49 89 32 97 56 73 42 60 11 41 88 37 96 85 41 30 14 30 12 35 15 42 43 11 9 84 15 11 28 94 27 27 65 37 87 9 8 9 31 71 22 94 0 25 73 49 81 46 80 27 14 23 28 75 37 46 67 42 3 87 47 40 6 21 87 88 50 3 72 57 76 28 46 55 1 24 16 19 68 12 65 7 52 89 56 19 20 7 23 37 96 7 32 36 91 63 64 94 65 2 59 36 47 56 36 97 36 54 20 63 18 73 81 53 97 71 37 88 48 27 45 88 18 22 87 93 35 54 9 71 67 62 99 87 13 90 74 28 76 0 31 36 50 59 44 86 82 7 58 12 12 13 31 92 18 77 64 13 97 45 69 43 48 32 71 34 61 10 10 55 14 69 45 51 61 5 63 62 58 24 87 12 49 
86 46 9 68 47 67 82 11 28 19 1 26 22 99 57 9 9 91 96 1 34 36 69 55 95 16 77 38 15 76 59 34 40 90 71 31 68 12 5 14 76 37 7 70 71 59 88 21 26 65 65 14 62 29 39 6 22 12 27 90 99 25 79 52 90 91 46 27 4 99 9 88 4 98 59 47 12 75 10 34 73 11 15 16 81 32 0 1 93 59 75 73 24 14 50 90 53 14 37 2 80 45 40 21 40 78 25 43 75 23 96 92 78 43 70 32 47 70 71 98 25 34 62 72 98 43 70 81 63 17 21 89 83 44 96 8 24 49 43 70 15 23 39 78 46 36 21 74 77 45 27 62 44 39 25 90 94 92 89 97 95 30 42 15 29 77 63 18 9 51 88 65 17 79 12 53 60 34 34 81 18 14 65 32 60 48 5 28 7 89 11 81 41 43 80 62 27 9 79 95 86 88 35 88 59 47 50 80 81 45 71 14 42 46 33 88 89 99 17 73 34 46 62 21 98 82 87 70 48 82 69 22 0 64 1 86 51 96 4 0 80 45 69 24 54 28 99 52 93 62 8 38 93 92 52 11 12 37 46 36 24 90 76 23 34 83 66 3 61 8 41 61 9 7 32 88 81 91 50 18 14 72 97 59 70 33 79 16 74 98 19 84 52 8 34 32 84 45 86 37 51 20 86 82 64 33 4 5 83 89 28 54 71 97 73 63 9 63 57 47 17 20 28 89 19 96 57 50 58 51 16 42 15 13 51 59 50 32 28 68 13 53 27 37 29 36 92 66 80 88 59 49 19 23 6 56 9 25 86 95 45 67 18 98 73 54 96 30 86 73 85 57 17 31 28 83 63 23 18 78 53 98 4 81 7 95 16 44 35 53 77 51 40 58 86 42 71 54 73 32 
36 22 27 43 74 86 62 83 57 21 46 96 24 32 6 5 82 52 64 38 67 51 74 46 19 57 85 1 87 11 17 88 73 85 42 23 53 0 87 33 79 62 78 79 47 77 91 57 23 46 52 78 44 39 4 15 71 59 87 61 92 4 17 51 84 92 86 16 20 0 74 75 70 74 84 36 76 35 44 51 22 61 93 63 59 21 20 66 27 91 27 95 51 60 49 88 33 45 19 67 34 62 14 50 53 54 73 42 90 93 65 68 83 45 63 81 6 81 59 16 63 51 51 5 59 89 9 5 29 75 40 75 20 15 24 49 61 60 53 55 66 19 78 71 87 78 78 13 36 87 74 21 4 62 1 11 36 50 45 78 59 77 46 1 24 97 0 30 69 85 4 27 3 61 22 57 61 77 22 63 61 56 76 12 13 51 26 96 35 83 24 64 87 17 77 24 60 69 29 93 33 21 77 4 1 19 95 1 41 84 50 90 94 50 28 62 34 76 78 97 98 80 3 55 26 54 37 21 0 35 17 15 21 61 89 47 84 41 43 49 76 44 87 15 2 54 77 78 59 28 77 10 68 46 91 18 26 84 2 20 78 20 90 44 78 91 0 50 41 23 35 57 29 2 93 77 86 97 60 85 89 63 82 86 10 67 77 98 58 67 51 40 24 58 57 3 27 37 66 61 19 45 91 54 68 0 0 45 36 89 65 39 35 33 18 33 22 16 48 74 63 27 2 30 62 39 86 21 36 50 51 84 31 36 86 44 14 80 8 75 42 28 0 75 54 62 85 57 27 77 35 71 99 88 37 21 42 97 61 69 18 17 19 14 11 70 46 34 26 49 20 14 19 21 93 33 48 67 15 75 77 19 25 53 65 74 12 10 14 50 85 60 63 24 5 3 29 76 53 9 
76 78 78 67 80 95 91 62 32 34 12 42 53 60 91 55 73 42 89 45 50 33 52 45 42 90 82 64 45 95 72 28 17 73 56 61 28 24 96 86 27 12 48 91 98 98 61 25 48 78 91 65 20 26 36 49 0 63 90 97 45 49 91 56 12 73 35 85 31 67 62 32 7 54 66 89 80 15 83 81 57 35 53 70 58 28 70 40 63 26 41 25 19 48 82 64 33 46 30 46 86 28 62 5 83 38 47 54 32 9 53 48 80 2 40 49 19 21 70 25 2 29 50 65 75 43 72 1 0 28 63 13 80 95 55 48 15 14 7 30 13 59 26 29 10 93 24 46 28 0 39 17 66 83 67 88 87 73 7 19 10 19 20 77 33 40 59 14 76 60 62 86 43 60 7 61 46 94 13 32 32 9 35 7 46 69 78 27 25 60 85 13 70 19 63 19 57 15 36 27 45 22 72 14 6 58 88 95 72 20 50 68 7 44 68 88 46 97 8 33 84 3 59 52 69 60 49 79 29 88 7 54 50 46 24 61 79 12 49 17 45 86 49 37 25 14 99 31 50 12 17 51 57 54 0 11 38 75 81 20 48 11 80 68 63 6 15 4 34 62 22 59 36 74 92 48 55 9 12 13 87 90 68 85 95 13 34 39 17 58 94 63 47 16 11 16 33 81 45 70 69 36 90 90 61 95 0 1 56 38 43 17 92 72 63 26 14 96 7 27 62 38 55 83 16 51 16 87 24 75 14 16 82 38 26 54 13 29 29 51 52 57 47 4 85 0 68 23 54 99 49 40 6 80 10 17 77 17 90 8 70 64 26 86 28 24 23 2 94 20 38 10 60 39 65 38 27 79 24 51 88 38 78 82 24 6 1 56 46 56 54 16 61 20 56 15 59 34 54 59 
91 76 57 19 59 38 61 90 25 82 7 7 79 10 98 64 40 46 8 85 97 34 12 86 88 15 14 63 20 53 22 24 29 73 84 38 57 24 15 77 95 12 61 78 56 21 35 74 55 22 49 8 36 93 24 3 28 85 46 47 86 51 74 70 82 19 56 18 55 15 63 50 2 40 37 13 5 36 63 38 44 60 79 92 95 95 66 59 31 66 5 75 94 45 13 45 33 22 9 36 84 81 93 6 53 68 53 11 12 96 48 89 99 47 85 89 68 47 69 17 27 26 42 46 70 4 32 36 10 19 87 60 36 37 44 44 0 31 95 69 85 59 40 70 52 7 96 12 13 8 86 50 60 34 15 81 76 42 7 71 22 48 65 45 96 83 45 77 8 29 24 3 98 35 40 62 20 59 8 65 77 52 85 37 80 56 50 60 0 61 34 20 52 46 29 39 79 66 44 85 83 25 32 20 85 42 7 88 23 57 21 39 9 2 26 67 85 22 9 18 52 4 97 24 96 18 93 83 61 84 73 95 48 53 18 21 41 22 83 78 31 52 2 19 12 62 17 31 19 30 26 51 78 70 95 2 31 94 46 5 46 84 20 68 0 44 84 93 91 30 98 0 90 28 92 81 90 20 90 34 68 46 33 76 49 37 89 75 8 44 43 24 35 94 56 11 49 59 32 85 86 65 65 36 27 38 0 88 71 44 92 16 66 28 8 37 98 32 51 46 91 66 82 17 51 90 78 37 82 60 35 65 38 49 56 35 78 60 36 28 48 54 96 92 21 6 21 97 16 99 45 49 57 94 89 19 19 32 62 65 99 40 73 96 56 49 59 55 24 43 84 51 72 82 22 54 55 39 54 13 95 30 19 64 25 55 34 23 22 97 44 88 77 59 89 30 11 81 81 32 
56 67 94 58 24 49 82 32 2 87 53 68 83 65 40 80 27 49 51 77 36 39 40 74 39 78 1 8 31 45 52 6 15 13 88 43 79 81 35 63 73 73 3 31 93 96 65 57 40 68 80 52 1 35 57 98 86 83 63 98 76 21 86 88 47 23 92 94 9 63 99 62 57 55 91 30 64 27 35 94 51 8 99 80 54 38 21 8 60 99 96 55 67 73 84 34 14 42 64 51 42 24 76 11 89 56 11 52 33 14 43 36 60 61 19 82 54 86 42 29 87 83 60 96 19 14 66 9 56 79 69 45 43 74 19 70 13 64 53 73 59 25 4 62 79 19 87 70 61 33 21 89 35 22 83 24 76 38 7 13 19 9 42 36 95 79 72 76 21 32 50 26 34 49 53 97 97 6 92 11 24 81 73 27 14 67 64 36 43 54 69 57 1 71 85 37 50 77 94 1 14 78 2 3 10 52 41 73 81 14 54 66 26 48 4 20 18 72 73 84 19 59 30 90 41 7 40 52 52 98 35 60 7 23 45 51 36 19 77 25 75 63 64 19 7 1 72 20 14 88 80 79 33 23 91 39 56 20 16 44 74 81 61 9 89 83 86 11 19 15 53 97 4 10 52 41 72 55 22 54 19 31 26 53 71 40 40 69 77 14 25 66 16 50 93 78 98 75 35 43 95 23 85 79 3 5 80 32 15 76 82 86 88 85 23 0 87 48 81 51 76 93 51 25 4 44 71 36 80 45 70 1 97 6 37 92 85 70 85 13 99 43 72 25 93 29 18 33 92 69 41 66 6 25 13 26 32 53 91 30 31 11 8 64 84 10 60 7 72 87 71 32 77 88 60 87 82 46 97 27 27 42 66 34 97 10 1 56 15 12 96 74 17 83 1 98 44 66 63 29 
38 10 10 56 63 87 69 23 80 13 46 43 59 51 22 50 92 16 5 0 2 9 24 96 56 75 4 64 57 81 38 41 26 85 14 14 36 0 45 34 94 75 54 72 52 99 62 15 76 75 22 62 31 45 57 29 76 29 43 9 4 85 29 97 65 62 30 89 1 39 14 51 73 44 17 88 31 4 89 72 47 51 84 5 41 38 36 13 79 91 80 74 88 85 36 61 90 88 39 58 56 29 60 55 7 28 62 27 15 65 97 70 48 41 90 18 61 85 53 27 51 36 12 22 78 5 42 34 17 43 97 85 31 8 21 62 7 4 59 51 84 66 64 32 67 39 82 8 49 38 55 92 51 4 75 42 33 21 20 96 39 70 92 93 50 69 16 63 54 10 74 5 82 3 88 91 37 42 30 48 60 94 39 39 20 3 73 77 77 54 95 30 95 15 84 62 60 49 56 90 10 87 16 99 46 25 51 51 1 43 15 93 42 31 26 69 41 5 45 32 62 6 76 61 65 21 0 66 77 2 34 53 14 76 25 65 7 26 93 23 79 0 17 28 72 79 86 26 10 82 4 99 1 34 62 56 13 97 9 94 73 34 34 93 18 44 49 23 93 51 72 27 8 39 19 25 53 16 44 25 67 2 31 93 33 6 72 20 44 49 11 37 16 95 56 1 86 62 67 52 25 60 98 56 31 83 75 83 53 36 11 58 33 5 8 59 94 75 73 1 41 18 46 68 39 19 87 71 91 68 33 20 18 98 33 46 4 55 43 22 65 13 21 58 35 24 87 24 49 39 90 54 1 76 22 22 98 25 5 71 53 93 1 24 84 19 63 37 28 77 80 56 12 41 20 97 81 25 94 81 57 16 67 71 62 27 15 21 47 44 0 78 34 73 64 80 64 69 89 75 
49 4 18 18 10 91 49 86 60 9 87 5 2 36 68 58 10 76 76 13 0 58 21 7 12 72 13 27 57 67 34 55 94 20 57 39 71 55 64 14 35 41 63 37 1 81 73 20 77 57 86 39 32 98 67 52 38 22 50 2 91 52 44 35 60 45 64 97 4 1 77 9 14 19 86 69 97 14 53 12 33 8 69 95 16 76 28 6 45 87 73 56 59 78 45 87 97 95 13 4 8 53 47 70 54 5 28 52 58 46 97 55 0 91 13 64 51 88 75 43 76 63 88 6 76 84 54 57 64 22 46 57 80 11 95 5 50 29 93 63 21 39 49 16 10 76 81 59 61 42 35 43 51 10 65 19 58 86 39 94 62 74 8 80 11 63 90 67 14 17 56 65 77 36 1 65 69 26 35 47 70 34 21 58 70 56 84 60 46 51 24 92 73 99 47 84 21 73 86 44 35 64 62 51 14 61 5 14 67 5 41 53 27 37 65 15 78 61 91 13 74 65 48 51 91 10 82 73 90 61 59 67 12 62 59 0 84 90 60 52 67 76 4 61 11 77 86 82 62 18 69 53 9 59 9 11 20 85 67 77 27 24 7 73 57 34 99 49 0 47 23 39 46 69 28 74 95 59 90 0 90 49 37 13 40 82 53 19 6 70 28 77 67 8 76 9 91 6 2 61 65 36 67 42 59 43 24 24 45 40 3 85 75 44 84 16 25 96 81 63 47 75 90 52 78 79 71 60 16 65 28 21 16 45 53 70 6 58 38 33 59 22 70 60 72 25 70 79 43 46 49 72 47 42 53 32 53 47 12 17 11 67 68 73 47 79 64 6 63 6 84 10 93 27 23 54 81 46 91 5 38 28 28 50 88 13 48 9 11 74 7 17 33 33 87 16 85 56 99 71 
55 79 83 94 65 89 78 38 51 61 78 91 15 87 16 72 32 62 49 64 68 70 52 0 84 13 53 75 79 45 77 65 81 66 55 7 89 62 74 25 73 56 32 20 41 13 91 23 87 28 26 1 5 29 26 81 11 60 34 65 79 63 7 23 54 89 60 1 40 76 5 98 79 14 62 73 76 16 86 94 67 14 24 15 25 90 31 81 70 26 37 91 92 76 49 25 28 69 57 17 55 17 77 18 54 19 70 82 45 86 21 50 6 62 55 59 28 44 89 31 34 60 8 48 54 66 83 89 41 95 12 18 65 48 23 85 20 87 72 38 95 97 4 30 7 39 71 76 11 65 5 68 82 76 89 93 98 96 73 8 73 17 27 62 62 49 59 38 16 66 14 58 74 35 26 15 59 13 88 67 96 40 6 35 6 56 97 34 82 13 74 17 78 53 71 26 67 84 24 25 55 68 78 13 55 6 1 25 57 52 97 24 2 73 42 17 79 46 52 38 29 79 91 53 30 21 19 80 62 97 72 36 99 9 89 68 73 97 27 87 77 56 55 94 74 16 75 74 80 92 9 65 20 5 16 35 9 71 81 52 58 48 81 33 51 97 68 43 92 76 57 38 71 58 26 49 22 5 94 37 37 37 26 33 65 51 29 49 37 18 71 26 60 49 48 84 59 44 8 81 69 27 62 17 4 20 42 86 13 93 71 15 91 24 33 11 71 25 94 59 20 73 39 76 34 56 53 34 20 94 40 18 22 82 36 77 19 7 2 93 11 42 66 19 21 31 59 34 39 19 30 34 41 18 71 69 75 78 68 34 37 88 30 47 70 93 21 5 4 15 80 13 77 69 91 5 23 65 8 52 28 73 74 86 93 32 23 95 39 5 80 41 63 64 16 52 50 56 51 2 
24 73 82 83 30 6 45 3 37 98 15 13 62 75 87 30 79 91 89 99 11 74 30 23 56 0 0 72 36 83 8 72 90 71 53 58 19 66 45 47 48 38 90 18 93 97 42 95 15 71 63 20 2 42 50 83 26 30 95 72 59 6 64 58 90 71 41 91 18 11 31 13 51 21 43 95 66 59 74 44 97 16 79 18 88 43 20 38 57 28 44 39 11 69 77 48 25 64 30 22 33 51 95 54 19 19 19 59 56 98 66 50 98 98 71 15 70 31 40 39 43 96 97 54 49 33 57 35 6 73 71 46 31 81 81 58 71 68 38 19 31 64 53 97 33 25 12 17 43 41 34 15 62 36 72 85 56 4 2 87 89 56 57 20 73 76 52 92 3 69 20 38 56 58 28 68 67 70 9 24 35 88 41 1 29 83 58 27 8 44 94 11 75 32 12 87 14 94 93 61 23 88 53 41 22 65 99 59 2 3 76 97 31 6 54 74 77 37 79 28 78 59 38 24 11 57 36 20 70 10 76 44 20 94 96 71 49 80 30 7 28 93 91 80 46 10 57 50 81 30 63 66 1 71 53 46 53 83 25 74 22 44 25 62 21 84 46 1 86 18 37 88 73 45 7 80 20 28 14 52 61 26 74 70 73 87 21 76 37 30 51 70 41 36 16 42 38 56 3 23 8 9 23 85 43 25 44 93 61 76 81 13 13 57 47 67 83 58 0 82 76 46 17 15 63 74 45 53 92 72 3 56 87 32 77 23 60 35 94 5 66 14 29 36 18 51 51 99 82 58 75 77 97 83 0 74 84 58 63 3 46 62 18 40 88 14 75 66 88 6 49 93 94 86 51 2 27 4 62 6 18 2 14 45 1 57 44 35 29 76 71 75 12 20 87 45 6 65 45 85 
33 37 40 92 70 84 63 62 41 8 88 81 0 94 5 13 70 80 1 13 49 60 29 25 11 5 91 56 61 44 71 60 85 26 0 60 8 52 61 45 2 91 77 43 94 82 24 46 98 68 19 77 61 94 9 50 9 45 46 92 5 91 84 12 75 68 33 45 55 47 33 19 1 78 44 70 34 98 66 84 21 66 53 54 3 11 42 90 85 28 0 19 83 98 9 69 12 59 11 88 80 7 50 55 3 59 11 91 12 90 12 10 22 16 28 65 81 57 10 89 28 13 77 1 34 38 87 62 19 59 78 85 21 89 38 5 22 24 32 1 47 90 62 8 61 32 40 81 95 61 15 65 72 22 0 59 27 29 43 68 28 28 77 91 73 98 75 58 13 59 32 9 55 42 40 11 78 88 17 7 67 72 10 81 96 11 63 33 88 76 28 70 15 58 93 51 92 52 94 78 12 90 74 26 80 75 50 55 54 26 95 63 55 48 7 67 57 98 96 90 79 31 41 25 73 73 10 0 31 89 10 68 63 99 92 10 27 99 55 47 51 52 77 96 75 67 97 99 57 4 0 90 84 99 1 29 65 97 84 63 69 92 97 41 59 8 52 13 95 39 0 40 12 40 69 78 37 56 98 59 42 13 10 79 49 26 17 53 8 86 7 59 82 60 45 13 68 0 59 16 44 72 21 57 50 61 81 6 79 86 8 68 40 77 36 31 16 14 49 41 20 93 6 93 6 79 99 79 4 59 57 51 99 20 2 99 31 87 94 32 4 51 48 25 50 45 84 74 57 77 9 46 39 72 79 97 6 44 55 3 93 33 54 9 43 25 19 69 94 86 55 32 5 90 94 63 20 31 4 61 34 13 65 96 45 77 28 94 41 71 65 94 38 38 34 7 88 6 27 48 
60 94 86 72 73 55 70 97 78 17 41 71 41 1 0 54 28 90 90 28 32 20 65 68 20 86 44 48 7 2 44 92 56 11 41 79 92 86 91 9 93 49 82 37 34 36 55 65 58 97 5 5 94 39 10 76 33 57 41 65 3 99 32 92 58 37 45 99 10 35 91 91 48 73 18 87 59 64 90 9 83 12 84 14 71 20 46 51 48 63 81 77 72 0 44 85 54 72 62 72 0 70 88 44 3 0 72 0 62 44 17 73 93 85 41 78 35 7 67 60 46 48 92 29 38 21 51 46 41 80 24 64 97 75 23 40 62 5 6 85 82 84 32 53 94 63 58 3 19 92 89 16 57 20 2 57 54 30 15 92 62 58 63 56 2 19 20 94 10 66 86 5 52 76 22 22 33 58 56 53 50 48 82 67 84 24 78 52 3 75 10 46 37 0 86 98 69 80 26 27 74 90 45 81 67 92 93 88 39 82 59 21 53 65 37 40 79 30 90 31 58 20 38 5 67 35 66 22 89 23 39 66 27 17 54 93 15 56 67 2 47 47 22 51 10 16 25 99 71 48 44 1 58 81 13 8 27 92 15 20 7 97 13 48 52 19 23 40 16 72 89 25 9 93 79 82 3 22 11 18 31 12 48 27 67 18 75 69 73 25 81 43 1 96 17 85 45 68 94 18 83 61 90 20 17 32 60 43 4 53 75 10 11 32 16 96 45 44 14 69 6 64 80 63 10 98 11 24 14 68 80 77 23 57 56 28 12 4 66 17 47 27 53 62 76 6 95 89 81 85 8 6 37 64 99 13 66 29 38 89 44 87 1 22 4 13 21 29 77 81 5 81 98 79 32 3 65 40 4 73 58 51 87 80 54 81 28 45 61 67 64 81 98 62 41 88 23 98 10 78 
9 3 17 2 80 92 54 68 30 33 32 10 20 32 1 30 94 70 61 6 88 35 7 72 85 59 23 60 7 90 67 3 79 75 81 5 82 0 45 31 35 53 71 17 8 38 19 73 36 85 27 65 95 73 36 41 23 11 9 89 8 91 88 5 7 99 42 38 83 18 54 44 57 64 13 68 53 23 64 65 68 13 25 81 60 37 43 41 10 51 93 41 7 48 89 28 21 44 57 4 91 74 13 64 16 66 58 63 19 61 14 1 94 6 93 39 25 66 4 0 58 41 8 12 15 56 5 23 98 15 40 0 15 84 9 23 74 55 5 25 63 3 63 53 27 80 1 46 89 46 14 52 49 79 58 19 68 61 93 79 89 75 19 45 81 40 84 24 77 59 59 99 36 88 96 66 94 19 26 35 85 17 26 40 53 59 78 38 67 90 97 96 58 91 20 52 88 86 96 80 44 42 60 89 18 34 45 56 96 39 80 62 67 25 77 14 46 11 82 0 70 55 9 45 81 29 73 52 21 18 58 79 43 96 52 58 17 8 2 18 16 21 11 70 58 75 53 63 14 94 76 98 36 12 81 38 47 52 79 6 98 8 2 79 83 49 15 22 38 94 7 49 78 11 3 0 35 47 98 50 59 0 45 43 78 37 12 28 52 55 74 29 30 48 15 15 55 58 64 26 8 24 55 25 86 54 79 11 76 9 42 48 92 53 73 40 10 86 92 11 38 68 30 26 57 47 71 97 24 13 52 2 56 46 95 92 93 31 28 56 84 42 99 68 2 77 48 53 39 99 27 86 63 86 91 29 80 23 24 38 68 72 3 73 1 56 59 5 22 48 14 74 55 40 38 63 56 28 93 65 98 96 46 30 58 1 68 25 94 82 23 29 13 89 77 88 91 3 71 94 
13 51 65 2 86 85 16 92 34 94 69 52 49 49 28 58 36 5 79 59 23 78 32 99 90 86 34 18 38 77 71 60 51 14 49 60 64 67 38 56 92 63 8 83 18 43 11 59 83 55 74 98 88 13 3 19 16 49 74 92 79 91 18 14 27 43 37 31 69 68 67 63 67 19 42 82 25 44 45 65 1 9 42 3 32 37 71 2 78 64 64 30 13 38 93 41 85 45 35 19 82 11 17 28 70 14 75 96 80 73 39 79 38 88 74 57 99 52 98 31 80 14 9 7 68 92 64 64 5 92 53 86 6 3 90 72 61 1 15 98 93 27 53 45 13 12 0 1 58 73 58 99 71 51 53 59 69 11 83 48 88 19 4 17 9 38 40 26 9 94 1 84 4 57 31 84 30 6 82 67 40 64 16 42 74 23 72 44 31 33 58 0 37 32 72 91 87 51 72 59 61 42 82 41 39 22 9 88 69 16 57 42 5 41 56 63 93 78 13 43 66 16 12 33 73 66 40 6 29 66 81 50 78 26 6 77 28 40 38 24 87 32 61 39 73 32 81 46 8 64 94 31 83 95 95 35 59 53 33 54 54 87 81 16 94 92 61 65 90 38 91 33 87 68 2 61 93 81 17 13 16 25 37 34 81 58 69 65 71 62 44 84 75 66 38 17 95 54 99 93 42 91 60 63 49 42 23 69 76 84 2 89 52 73 63 76 92 4 55 60 93 23 31 68 99 39 37 84 4 87 15 12 95 29 25 1 33 33 38 14 27 49 37 17 65 20 68 34 72 87 56 27 26 1 62 69 62 22 54 57 30 2 34 95 53 27 82 79 76 24 97 37 13 68 2 35 17 43 48 76 10 74 2 51 77 92 39 7 28 15 45 18 88 9 92 37 85 41 18 98 
94 93 53 37 94 17 33 95 46 80 34 29 17 45 99 87 35 61 32 28 90 35 58 20 70 47 53 63 49 47 39 38 77 19 62 71 26 17 53 58 4 40 99 73 6 0 17 68 98 66 83 66 67 44 56 62 53 92 57 49 72 97 67 46 67 14 84 87 62 74 3 20 50 64 79 86 44 84 2 97 44 37 2 45 7 24 60 42 83 48 43 98 35 0 47 51 11 86 14 20 13 78 48 56 91 22 18 29 31 27 94 56 29 64 69 82 23 69 74 4 27 55 25 2 20 6 10 84 38 43 85 99 19 95 65 11 82 88 96 93 59 74 19 26 51 41 70 84 82 57 90 33 22 81 13 78 34 52 74 18 86 29 65 43 17 79 25 72 48 29 60 88 53 85 83 37 56 22 92 84 52 82 52 53 90 30 92 70 45 23 9 1 6 49 26 29 70 32 15 36 99 80 96 50 92 69 88 89 67 65 90 66 62 86 91 63 90 71 50 5 18 53 72 20 27 73 44 56 2 4 10 70 55 11 58 8 56 84 48 57 53 25 57 45 99 28 92 67 66 70 74 8 44 60 39 67 23 42 30 81 33 94 3 83 10 21 71 78 18 40 0 90 57 90 25 90 47 47 92 79 39 92 93 58 43 38 74 83 77 93 98 20 12 18 10 59 42 10 31 3 77 24 99 76 71 44 58 92 19 33 48 53 4 74 4 24 64 37 61 40 21 92 66 76 47 4 63 89 2 42 33 12 29 7 91 78 32 75 27 4 53 57 71 81 37 74 69 70 82 88 99 57 28 9 55 14 76 32 82 70 59 13 47 64 99 11 2 68 50 31 70 66 20 7 24 68 27 26 24 43 1 66 81 91 85 78 89 85 97 98 74 73 51 87 75 72 38 7 49 55 
88 64 61 77 81 19 90 85 5 57 79 20 21 1 47 74 88 97 27 2 5 46 32 79 69 24 26 71 58 79 36 27 79 22 49 25 94 45 38 86 15 94 72 0 3 4 61 9 82 32 34 96 88 0 36 7 78 20 8 90 67 94 83 7 73 53 45 91 78 18 92 24 46 31 49 8 3 31 71 44 17 81 11 28 95 72 86 82 56 68 68 49 38 70 66 96 61 70 71 11 81 88 60 65 29 95 92 55 3 58 76 32 28 39 60 13 73 18 34 7 58 90 92 23 30 6 44 33 15 19 45 48 44 88 5 13 44 10 18 82 49 41 2 1 24 34 86 57 27 11 83 91 84 11 62 77 40 83 2 67 52 45 61 51 6 31 77 79 11 64 82 80 12 20 87 50 59 62 0 57 55 5 63 14 47 24 3 70 87 63 40 86 63 57 45 63 63 47 10 84 35 49 42 6 96 15 60 56 32 47 80 67 91 73 16 67 70 79 7 15 51 27 78 85 88 65 62 17 76 49 93 20 91 17 24 0 62 99 0 66 24 49 76 99 23 36 7 47 85 2 2 51 76 35 92 1 44 11 43 5 0 66 66 54 40 92 93 29 1 54 77 73 53 92 73 20 69 61 87 89 9 76 55 7 3 32 73 41 58 2 30 38 83 73 92 26 13 90 49 18 34 17 77 73 90 32 27 59 11 99 30 6 97 88 68 35 63 76 70 26 38 9 25 89 38 61 85 54 26 63 96 82 71 5 73 1 44 94 61 32 57 84 26 18 85 56 43 46 16 77 83 79 1 38 41 85 36 8 79 91 3 32 5 26 90 84 93 37 41 96 5 78 9 67 85 16 53 63 25 40 87 57 64 65 41 28 22 15 77 69 27 67 13 75 22 45 27 4 49 2 
48 59 89 29 65 76 37 32 94 25 90 10 91 58 89 91 69 47 20 54 90 16 5 54 39 77 57 96 80 91 41 52 77 36 14 6 84 94 98 43 79 22 85 4 76 98 13 2 34 31 18 35 98 73 73 28 5 51 27 87 75 31 88 90 89 45 52 25 55 83 10 61 89 2 28 93 47 19 54 54 2 80 42 49 21 8 42 40 16 43 52 85 99 47 63 89 83 36 11 85 93 22 91 9 15 45 41 10 6 4 6 38 80 94 14 81 35 9 82 82 87 99 51 19 37 87 58 97 43 92 99 15 74 72 87 48 97 95 13 7 84 57 90 27 21 5 31 67 85 44 43 87 10 98 54 0 64 43 53 69 26 60 63 66 70 7 92 49 83 96 4 95 38 94 45 92 23 46 25 70 38 29 66 31 94 48 19 73 52 23 44 1 3 90 88 79 82 20 90 89 2 25 77 10 54 83 97 86 64 11 63 79 27 32 11 57 18 24 11 97 1 19 18 30 22 25 94 22 37 19 51 52 57 88 34 77 47 72 88 96 96 29 19 37 6 2 53 90 78 36 34 97 8 3 81 0 43 13 69 82 91 93 30 29 68 94 41 80 26 93 20 23 85 65 31 13 33 69 30 21 14 91 56 16 28 99 87 62 71 62 73 39 29 16 34 20 28 16 7 26 61 26 7 70 9 41 44 98 88 78 56 91 43 93 20 23 14 11 17 9 57 84 1 66 30 73 60 62 44 60 40 80 51 67 21 50 56 87 74 9 81 62 4 72 28 82 36 46 9 27 66 4 26 19 54 23 2 69 24 39 68 96 20 61 89 92 56 83 60 25 68 86 50 27 34 51 42 26 50 0 89 48 88 56 53 43 33 29 46 23 58 2 29 27 26 50 97 66 50 60 
31 81 84 92 95 71 21 16 3 30 47 94 22 92 17 45 86 28 75 61 25 2 17 80 34 56 80 83 58 59 73 50 61 42 8 83 42 1 99 0 10 28 14 59 73 28 78 90 89 82 91 51 31 24 11 9 3 17 0 87 48 1 3 60 16 31 69 72 81 9 50 43 68 53 73 16 33 37 15 55 67 74 24 58 85 88 98 64 1 9 47 47 76 30 13 7 42 2 63 27 63 34 79 24 67 74 50 80 22 86 56 41 7 6 89 94 66 41 27 93 67 0 48 34 41 4 58 79 30 42 22 8 33 66 10 96 34 53 42 52 89 54 53 24 5 84 3 32 18 81 98 57 89 86 1 84 39 25 16 39 49 35 49 97 30 44 87 86 13 55 49 96 9 71 5 55 34 74 22 4 45 87 98 20 99 99 72 19 59 83 81 91 46 33 18 73 22 88 5 31 93 45 39 27 86 48 5 91 49 10 2 25 80 55 33 17 74 67 67 17 87 81 70 12 13 84 35 30 73 2 49 71 37 18 84 53 20 48 93 32 78 58 70 76 14 61 97 97 1 18 92 50 38 71 51 90 18 73 81 92 8 34 88 89 89 65 59 44 40 13 33 13 66 16 24 56 72 66 35 11 13 80 56 47 49 53 80 80 78 78 36 41 78 56 12 10 5 84 10 53 65 2 5 14 32 83 30 58 69 44 15 88 52 46 74 24 94 11 65 51 84 80 19 10 64 49 61 29 86 98 19 95 80 55 12 24 40 19 89 30 17 52 52 28 44 74 28 92 68 77 33 42 8 59 52 29 76 11 1 51 8 31 34 8 64 64 8 3 2 88 45 79 20 98 24 6 53 21 72 83 64 99 1 2 99 60 25 50 17 23 78 23 25 75 13 20 21 1 67 18 
39 50 69 33 15 71 85 3 25 44 27 23 36 41 37 19 84 57 99 81 84 50 30 62 43 18 79 16 55 87 86 78 50 97 11 49 97 73 16 10 50 97 53 89 98 15 93 52 67 96 6 21 71 2 43 95 69 48 59 40 27 24 8 30 80 89 85 39 22 94 49 55 96 70 14 56 30 82 45 42 1 84 46 94 33 9 25 91 32 53 50 59 28 33 39 67 16 50 76 2 11 32 0 12 9 14 5 86 67 52 52 28 77 60 54 81 86 13 6 22 62 17 52 98 78 83 29 85 62 36 72 99 75 77 9 91 47 48 63 63 77 86 95 62 71 98 39 54 74 40 32 3 9 28 37 36 90 56 19 87 94 71 1 14 58 24 31 8 46 58 61 32 20 25 42 70 0 37 77 72 70 65 73 59 65 3 76 14 39 18 37 85 69 8 54 54 61 93 79 60 52 27 73 61 53 59 45 50 59 13 80 92 74 12 47 49 96 88 47 27 61 19 63 0 58 1 65 15 82 11 49 11 91 3 7 41 59 94 44 74 56 30 0 21 80 85 63 14 20 68 28 96 89 89 61 56 37 35 0 54 48 64 93 68 66 2 49 21 50 53 98 55 75 88 21 60 14 8 12 61 61 56 36 97 82 7 18 20 99 63 64 51 80 43 46 79 26 36 13 72 34 39 53 81 17 91 98 0 91 17 44 11 57 67 23 33 60 68 39 33 15 99 96 41 92 96 34 34 29 85 21 59 80 6 43 47 53 35 92 90 60 64 57 88 22 76 76 28 8 50 52 11 29 97 10 53 63 83 63 26 50 61 63 1 84 89 17 85 4 56 63 70 59 53 4 91 20 65 89 99 1 48 1 41 2 68 16 34 30 13 66 94 34 40 31 79 68 72 50 41 
68 82 11 35 95 32 93 28 17 41 24 18 11 2 86 19 5 60 0 97 59 12 23 48 11 67 91 25 22 55 0 29 23 45 3 38 29 37 48 13 67 79 78 17 38 4 22 50 18 20 80 6 12 53 6 36 52 48 42 66 25 54 77 73 21 74 45 58 19 80 81 31 97 57 19 82 79 94 51 10 1 26 12 16 81 60 66 87 73 92 19 19 54 1 15 38 61 63 11 64 88 30 91 49 80 46 18 60 89 60 95 50 27 89 90 7 80 6 16 97 39 72 95 91 43 40 96 95 55 38 10 79 48 29 99 65 99 86 17 85 53 74 99 63 11 85 8 21 23 9 85 73 21 58 46 11 94 3 24 89 55 93 26 88 12 75 73 23 50 81 26 50 49 25 94 12 50 90 68 79 18 43 50 96 3 24 51 70 67 35 25 8 66 86 7 31 15 10 41 8 73 3 58 74 88 79 98 74 79 45 36 40 99 90 50 85 50 37 92 45 81 26 9 43 62 40 40 71 25 64 47 44 21 53 65 61 35 21 13 93 50 56 85 9 96 88 4 37 69 0 55 40 88 90 6 95 2 10 50 96 35 12 54 30 25 33 99 81 56 88 64 92 59 28 90 21 69 52 87 51 44 83 94 82 64 81 34 7 51 54 30 20 36 9 47 2 58 44 84 51 42 26 95 63 47 33 29 66 36 13 60 4 39 17 98 19 50 77 94 92 91 91 41 76 8 33 31 10 38 19 79 54 45 69 34 79 97 76 16 92 79 89 71 48 99 34 34 64 45 64 9 42 77 41 86 27 67 71 95 71 99 56 13 24 50 63 65 80 73 23 36 72 73 75 52 38 75 34 61 45 45 16 25 84 14 88 64 87 50 27 50 16 17 53 86 57 63 38 91 17 
84 44 9 34 91 51 91 39 32 13 82 53 74 20 68 90 81 52 82 0 28 57 27 11 10 72 66 70 91 73 33 47 13 5 27 65 96 45 27 90 81 99 34 1 85 11 23 37 34 13 17 63 62 29 73 64 12 11 61 7 31 96 35 2 28 40 50 10 16 69 21 36 74 56 25 61 90 11 90 45 45 23 13 32 43 95 61 92 67 28 10 31 45 15 25 21 2 80 41 0 7 47 85 96 79 76 63 92 95 51 93 5 63 94 18 86 91 23 11 19 61 85 26 67 20 58 19 48 22 88 33 96 18 24 51 31 41 20 96 46 74 83 72 50 79 75 84 29 86 30 35 8 96 73 57 94 77 97 84 72 20 62 30 14 60 54 7 76 79 78 7 0 86 71 22 87 65 8 66 91 37 46 60 64 15 84 55 53 23 56 10 53 40 29 72 25 73 78 24 72 29 7 82 54 28 63 92 97 2 74 21 54 47 20 36 98 43 42 40 36 66 43 35 58 3 49 67 62 58 53 28 3 36 0 11 31 50 91 50 68 85 50 77 94 16 81 29 63 79 35 3 62 74 42 24 96 77 50 94 76 78 81 29 88 55 43 51 12 70 68 16 63 86 11 66 12 37 75 32 87 35 51 6 75 44 93 88 50 36 24 70 79 22 84 60 60 22 90 33 69 32 84 98 83 54 64 20 63 29 32 49 69 35 78 11 9 99 49 29 41 6 95 47 9 44 96 72 22 18 96 55 28 39 20 23 7 52 19 10 28 76 58 44 49 48 36 19 53 59 8 1 37 18 20 13 56 22 71 71 51 98 12 19 48 23 69 4 15 84 47 10 47 91 15 96 44 89 41 33 26 69 23 45 37 52 53 60 4 99 40 79 2 30 88 62 67 80 37 9 5 
71 51 62 47 9 10 6 42 46 46 27 61 40 95 53 89 33 83 48 62 12 18 10 64 99 11 28 22 67 50 58 3 40 5 47 81 34 99 30 38 24 33 11 93 40 3 5 78 60 31 76 93 24 39 90 41 60 93 93 36 98 78 91 49 31 44 12 92 59 57 8 5 38 16 63 72 2 78 1 64 81 47 13 87 95 82 39 36 85 50 5 26 56 47 31 92 64 4 47 13 74 70 0 19 12 77 33 10 17 66 92 46 53 84 27 53 46 11 95 34 86 30 15 31 46 92 28 52 36 17 70 72 66 77 85 99 51 30 5 40 41 98 19 33 47 27 94 65 91 70 12 86 60 77 76 80 2 65 12 88 22 19 10 80 12 30 97 1 38 85 5 90 23 49 42 5 7 23 57 15 76 19 68 57 42 3 12 28 55 69 36 4 43 6 27 77 22 98 22 26 97 88 87 75 74 13 37 84 30 87 98 87 5 2 25 50 17 20 51 52 30 22 72 74 62 79 21 28 31 31 1 50 37 82 17 0 30 33 72 1 83 1 31 23 45 12 0 42 43 37 89 88 14 59 11 16 55 32 60 85 35 94 58 16 37 43 57 96 27 33 30 58 14 44 9 90 24 87 60 49 94 28 25 95 51 92 66 18 42 94 79 59 95 39 72 81 61 10 76 20 94 53 17 0 20 28 92 42 62 52 31 98 54 34 97 89 53 89 34 45 92 62 55 19 62 95 77 40 82 25 77 80 18 81 23 42 67 29 67 60 48 12 51 85 49 96 75 44 57 95 33 36 80 94 0 24 20 8 23 62 14 27 70 15 20 90 93 13 10 59 36 83 25 21 17 87 21 84 36 57 94 72 67 4 94 16 26 23 46 8 83 22 24 88 97 81 10 98 58 76 
74 58 93 3 1 17 45 80 22 4 59 51 93 65 62 33 35 54 85 56 75 5 81 73 49 45 39 31 30 10 36 72 97 2 43 42 45 50 3 87 78 91 26 4 4 2 93 18 82 98 96 54 75 61 28 71 43 0 80 73 84 11 29 80 66 95 90 74 52 90 42 37 67 48 23 52 49 92 23 92 55 71 17 6 7 50 90 15 1 54 40 70 98 31 62 90 73 46 42 99 82 20 8 30 40 77 3 56 36 25 5 62 58 61 6 55 26 30 17 10 99 7 74 79 34 92 11 27 27 57 78 42 88 39 91 41 62 9 26 0 3 79 7 45 36 55 28 6 16 44 46 3 22 96 12 12 12 20 40 97 47 33 79 83 85 29 8 22 72 12 20 91 88 72 52 97 80 39 14 50 22 44 69 47 69 15 12 40 46 65 65 40 93 75 30 29 13 85 91 62 26 50 81 30 51 46 50 81 59 0 2 40 19 38 62 69 48 98 43 87 78 58 21 75 42 85 17 40 44 23 27 61 89 87 76 36 14 20 31 65 20 54 62 47 39 78 20 6 48 39 41 42 80 74 65 91 13 97 64 6 79 35 90 22 35 51 78 26 31 98 76 30 19 18 40 40 46 68 29 98 0 36 9 45 18 11 5 20 70 78 33 68 77 1 38 26 54 38 59 35 81 32 21 60 28 74 9 7 65 92 23 28 80 79 57 95 18 44 5 0 54 23 86 61 59 45 20 24 46 40 63 60 73 21 22 14 96 3 56 27 15 86 27 53 45 34 63 17 71 65 45 46 88 66 56 11 7 43 0 77 86 54 70 17 10 51 87 25 46 85 64 37 45 30 48 36 26 88 76 22 58 14 60 8 68 34 15 98 3 20 97 53 30 34 95 49 20 53 43 32 
19 33 52 64 93 93 84 17 35 69 48 83 26 83 40 83 71 91 35 31 51 82 85 27 46 6 27 57 31 76 7 84 61 57 82 29 33 53 81 6 96 65 31 27 47 76 91 70 19 97 92 38 18 51 54 47 79 92 87 96 64 82 79 69 34 35 80 3 29 7 45 57 42 0 16 76 21 49 74 46 47 44 97 42 0 29 17 3 52 50 32 15 66 16 47 82 78 9 74 23 39 36 94 94 52 94 32 3 81 39 4 90 28 24 68 20 89 73 6 92 65 30 29 85 82 42 51 59 39 89 2 45 53 99 36 54 51 3 44 10 14 64 15 63 88 29 23 39 2 84 5 85 67 22 73 3 82 37 18 78 15 45 99 48 55 39 69 9 38 43 81 21 8 93 61 92 26 83 15 96 53 81 86 91 13 45 67 21 0 91 29 20 45 19 4 4 19 18 71 42 29 3 18 83 76 11 15 82 54 6 71 70 17 27 72 65 7 46 16 50 64 14 52 48 14 50 62 42 19 7 80 74 48 97 26 37 93 48 5 13 97 55 53 38 31 76 40 65 61 47 60 54 28 96 71 56 17 74 85 82 22 65 46 36 64 42 80 10 95 54 75 36 22 48 91 96 25 91 90 91 4 27 47 62 78 11 62 84 62 27 57 68 25 66 10 97 60 55 61 59 83 59 61 44 10 39 86 67 26 84 38 17 35 34 20 22 94 13 48 81 34 45 29 30 15 29 67 68 92 14 17 24 80 45 46 36 83 78 10 63 87 87 19 24 39 84 1 38 46 40 11 99 95 96 58 63 12 26 31 34 33 1 36 76 74 71 3 21 47 51 3 22 59 76 59 66 7 21 40 40 72 79 81 65 24 44 69 81 28 9 0 55 98 26 6 72 82 49 60 46 
13 4 9 69 50 47 32 75 11 57 30 19 67 30 79 15 70 25 24 88 72 46 95 62 47 3 50 27 14 39 61 0 42 87 39 23 32 8 35 51 99 37 31 49 24 13 77 59 67 67 55 50 79 90 56 95 85 39 65 50 77 17 38 47 37 15 14 58 6 19 52 73 0 35 71 66 94 60 30 10 58 35 96 52 46 39 7 35 94 78 83 4 68 39 74 22 46 32 50 6 67 21 51 89 53 60 85 63 25 87 87 63 95 23 53 73 99 42 28 38 5 27 4 42 85 13 11 70 30 17 7 92 4 68 87 28 74 21 74 56 93 58 45 12 11 60 0 46 92 95 50 64 87 60 32 11 83 95 71 74 60 16 41 96 99 33 37 86 92 56 46 20 3 53 54 29 85 75 47 98 73 15 94 15 26 84 11 12 47 89 67 27 52 36 15 53 2 73 62 70 46 71 9 84 18 36 18 95 37 90 43 79 85 60 64 38 85 35 48 73 55 15 26 28 66 22 62 60 85 22 76 61 88 36 43 72 67 51 31 94 68 99 3 61 31 12 84 79 5 86 24 9 17 78 70 82 43 80 18 68 82 34 15 10 15 57 28 94 68 91 0 85 89 25 17 41 14 94 66 30 0 3 91 29 1 92 65 72 66 15 55 22 91 8 33 82 66 65 51 21 75 66 24 5 56 91 39 43 91 17 41 25 72 55 69 96 1 94 72 51 63 35 13 85 3 63 4 44 29 31 65 79 64 34 84 93 38 51 30 78 88 39 27 33 61 78 45 35 47 33 99 47 43 76 71 50 7 97 57 5 33 21 30 53 73 69 20 66 13 28 86 47 21 99 94 37 18 5 49 89 91 40 42 95 89 11 79 65 14 25 4 49 21 2 74 50 4 61 19 12 
40 6 75 77 32 89 98 54 75 98 75 31 11 94 53 40 98 6 51 69 68 79 81 99 77 70 92 3 21 48 59 62 52 37 96 53 31 45 53 47 76 59 56 53 53 29 31 29 44 31 76 23 74 3 40 87 69 89 54 35 10 84 34 84 31 41 91 50 53 87 86 50 6 46 28 74 88 20 1 23 81 52 78 46 62 25 20 51 6 55 30 91 25 40 61 91 68 98 34 97 27 19 48 71 32 25 62 3 49 62 71 17 5 35 84 51 95 57 82 36 43 64 61 42 13 32 76 35 68 92 38 54 75 93 8 95 30 23 68 71 95 65 5 52 26 79 92 5 26 59 6 97 45 9 55 17 83 64 67 7 9 4 19 64 87 77 22 10 56 31 56 34 14 56 83 40 30 48 0 65 73 71 24 60 54 48 59 68 2 84 10 8 85 80 92 64 75 19 34 47 75 11 43 10 59 7 40 0 16 69 13 82 47 54 88 57 96 42 59 70 2 92 64 77 36 33 47 17 46 52 71 11 34 86 45 65 72 10 66 93 29 8 3 93 20 10 5 33 71 48 5 56 7 68 14 63 8 40 42 40 40 90 51 13 86 12 17 31 96 37 99 54 88 56 45 98 61 64 33 36 21 20 54 17 42 76 24 54 63 79 38 8 53 62 40 6 2 81 85 25 96 9 36 24 25 73 21 16 65 53 50 21 4 84 98 66 18 96 18 77 73 92 99 22 14 49 27 18 90 45 7 59 70 28 24 86 20 19 77 60 88 63 21 85 24 22 33 10 80 57 36 36 20 53 24 38 42 77 88 80 10 92 80 96 73 15 97 97 62 50 66 29 19 64 98 99 23 60 58 10 98 33 5 9 34 72 19 71 53 24 51 68 31 42 8 65 93 39 41 20 
18 59 44 52 1 7 52 76 95 13 7 17 42 17 38 77 87 52 22 89 60 49 63 63 64 12 91 77 43 82 65 92 33 64 3 44 10 91 40 31 7 64 86 12 4 54 35 67 97 32 10 26 34 91 25 21 70 88 37 73 98 78 61 93 97 22 2 46 83 34 75 93 8 35 68 27 38 98 84 77 26 50 31 63 75 44 57 5 15 83 53 48 62 41 9 74 44 54 74 58 51 67 51 62 21 5 1 53 98 23 25 79 81 9 33 47 11 79 35 20 17 82 88 23 32 69 41 96 90 10 88 99 74 2 20 9 86 22 28 7 96 52 81 54 83 45 35 76 35 16 83 74 0 31 58 42 35 9 44 22 57 44 45 50 4 3 20 51 48 66 71 92 70 52 2 22 27 90 95 42 62 27 16 85 34 44 47 4 59 20 91 97 15 70 88 46 58 82 73 75 69 85 48 41 90 81 50 42 21 12 35 94 73 32 36 16 69 31 11 37 52 84 74 0 12 6 28 48 47 99 57 46 19 55 16 74 19 38 14 18 53 44 52 4 43 99 25 61 65 6 9 91 91 24 5 88 6 67 76 75 76 30 98 63 14 89 3 2 82 75 30 28 20 80 46 35 40 12 92 97 60 44 2 35 84 84 48 57 67 32 49 0 75 35 49 39 49 61 36 25 98 24 57 49 33 21 48 7 28 4 29 71 4 21 22 72 29 88 90 74 46 15 3 90 11 87 77 57 28 12 53 4 15 69 8 76 44 27 68 98 0 57 47 36 92 77 37 84 88 8 69 20 0 95 58 34 69 8 72 10 35 19 20 55 73 74 80 71 86 27 76 10 43 68 48 87 29 20 51 19 84 36 7 10 36 16 74 48 35 39 8 30 67 52 10 85 13 51 91 6 
38 47 85 35 37 18 14 61 34 90 39 46 1 40 85 5 2 86 14 99 88 1 82 56 95 53 67 27 98 64 45 94 52 81 75 22 27 1 18 1 67 23 11 25 20 77 98 68 26 49 44 84 68 28 74 1 71 88 35 32 89 26 0 55 65 20 29 10 84 63 52 24 36 91 81 39 48 13 32 40 81 45 98 54 12 42 88 52 92 99 29 49 72 27 99 12 52 51 69 0 40 30 59 22 62 62 66 60 54 1 89 36 50 14 48 86 47 9 75 38 65 85 3 46 33 13 73 70 5 36 85 44 56 12 5 58 72 72 85 58 32 42 94 9 30 29 4 79 1 47 45 95 42 13 11 50 16 6 39 68 57 26 2 21 55 0 8 5 43 89 96 51 12 50 23 87 59 60 77 26 26 55 92 98 19 53 10 45 91 16 33 87 87 9 52 0 53 34 37 10 25 78 25 19 46 27 40 73 23 44 14 39 3 81 29 95 41 68 28 73 28 97 10 86 87 73 67 8 62 69 84 94 84 5 1 67 12 83 93 44 54 18 32 25 7 21 24 47 27 58 96 99 54 23 16 58 25 34 15 30 91 11 93 48 64 0 56 54 24 84 53 15 22 48 87 45 11 23 96 82 74 51 84 14 62 13 45 11 14 44 35 6 40 15 91 9 83 93 94 34 49 41 41 11 49 36 3 86 46 47 19 7 61 11 26 27 35 70 14 52 81 87 36 35 3 49 32 53 43 46 87 44 24 14 33 95 67 49 71 93 72 5 87 67 72 34 63 13 85 80 23 2 95 11 66 5 74 98 82 95 83 22 74 22 40 15 25 76 82 14 25 65 45 89 45 81 75 45 39 98 57 78 96 84 2 96 37 29 4 96 66 91 96 44 37 88 85 0 33 30 
16 1 63 95 14 7 25 78 15 38 1 34 18 80 41 35 64 58 68 79 41 60 91 7 13 6 22 90 11 45 24 80 0 1 54 98 58 19 14 58 79 70 99 31 64 18 85 58 17 42 81 82 62 22 23 44 10 67 13 66 63 74 20 83 79 46 6 16 82 30 86 60 35 34 51 54 91 8 45 2 12 90 34 23 34 63 8 85 80 83 68 11 80 91 95 10 72 96 26 42 88 94 63 36 96 84 82 93 84 10 53 23 41 48 20 10 57 13 16 80 21 10 74 43 31 52 78 34 47 75 96 66 38 17 58 75 49 78 48 32 26 41 65 48 8 58 71 9 92 50 1 89 48 68 94 6 43 93 48 38 48 11 30 32 56 85 3 73 98 34 81 7 25 59 89 81 66 62 87 11 26 68 71 13 82 13 57 2 76 35 7 79 64 28 13 43 60 68 50 2 88 74 76 13 22 9 16 32 41 99 3 30 7 13 56 92 61 29 31 52 14 44 9 20 62 14 1 24 64 48 3 4 42 17 7 38 48 84 95 50 76 76 96 39 80 75 35 9 28 37 52 39 38 5 27 66 55 94 54 27 12 63 53 34 32 10 40 91 0 58 26 62 84 99 74 29 52 64 43 84 11 51 27 68 23 51 21 29 97 54 63 23 2 92 9 50 3 43 52 40 96 89 97 65 31 3 17 57 55 35 1 51 79 56 98 70 73 28 3 60 26 47 62 44 36 67 71 84 14 27 54 76 58 83 12 66 56 60 41 30 86 28 49 76 11 1 47 31 85 38 9 52 22 62 17 79 37 36 23 45 69 78 96 48 29 62 30 11 12 70 66 17 68 99 46 3 35 64 19 59 86 56 22 72 39 13 1 76 30 95 32 81 48 76 24 95 18 97 1 52 
30 69 79 9 17 16 42 53 88 27 38 59 96 14 83 29 51 86 53 2 26 88 24 79 80 1 64 82 24 39 19 87 82 89 73 87 81 35 67 17 53 37 87 23 99 19 16 2 70 95 83 18 37 75 41 68 68 65 2 60 11 26 73 49 24 62 12 23 1 56 10 60 54 33 64 30 4 69 69 48 54 58 73 43 35 68 12 19 29 77 66 42 72 9 67 81 21 52 60 48 80 63 75 90 64 97 27 57 18 3 38 63 41 54 73 18 21 91 21 9 53 47 54 64 26 52 92 96 80 92 17 83 14 88 90 54 34 36 41 99 42 13 42 82 46 95 33 75 22 52 4 22 18 16 97 17 85 7 29 57 57 40 22 3 64 84 99 73 24 58 42 77 67 39 87 50 30 61 45 69 26 40 48 81 72 61 66 86 93 70 7 90 17 61 84 45 81 9 33 74 74 3 34 71 53 69 31 18 96 28 35 16 86 93 31 87 41 84 34 74 55 22 12 35 71 80 11 0 82 49 13 30 1 43 56 16 16 44 83 79 28 40 66 85 81 69 79 79 67 27 9 50 34 25 12 37 7 56 55 85 41 62 11 81 68 50 21 4 37 46 74 96 54 73 69 40 51 66 9 69 70 60 3 65 58 56 1 16 58 48 96 40 32 94 83 78 48 28 9 52 23 16 90 46 11 99 13 64 65 74 20 15 76 85 99 68 16 11 90 99 71 46 21 96 87 71 9 45 60 45 36 4 74 3 1 72 86 26 70 34 86 59 2 7 95 73 82 26 55 99 6 19 66 73 56 73 0 71 84 16 0 5 90 87 91 73 28 31 72 26 15 50 6 39 29 49 78 23 73 68 23 42 34 51 80 84 59 84 25 49 30 60 44 41 27 26 29 12 19 51 
43 72 26 35 78 45 94 18 22 37 98 10 57 18 78 44 24 33 59 33 49 80 13 91 77 51 6 1 44 82 66 99 86 98 85 37 17 93 13 62 38 46 49 27 24 81 93 85 90 39 23 12 49 54 26 65 98 68 24 47 49 65 21 20 94 41 9 97 31 47 50 40 10 82 60 52 20 69 57 75 78 22 89 3 64 42 12 6 47 57 45 24 87 91 87 97 77 70 86 43 24 50 29 80 70 9 29 40 70 5 32 14 37 98 27 17 62 64 69 85 49 80 41 85 30 38 17 19 86 84 72 26 29 69 53 92 63 87 30 4 25 57 99 81 90 51 46 84 75 24 79 74 99 67 16 6 43 1 23 53 21 82 63 59 41 77 51 17 8 49 33 16 97 77 94 61 10 29 58 92 60 6 11 26 41 77 77 50 21 56 33 4 22 30 86 41 81 35 67 78 6 85 82 35 63 32 41 13 76 49 79 91 68 11 89 29 32 37 5 10 84 95 63 52 10 59 78 33 64 51 37 33 0 88 27 81 89 40 80 70 48 21 61 82 48 89 89 14 3 9 80 65 84 58 12 48 85 97 39 83 2 17 77 18 78 50 14 31 42 68 6 39 62 58 23 60 6 5 7 86 66 48 54 52 98 5 70 53 21 39 77 62 35 6 26 6 8 64 65 49 47 29 0 1 3 41 58 42 16 8 22 56 77 10 15 35 1 4 79 70 8 47 68 2 32 40 78 49 3 84 34 94 58 85 98 44 30 76 26 39 42 92 7 77 37 87 18 97 26 47 32 40 45 48 91 24 20 88 11 66 18 0 82 79 90 49 20 63 15 41 59 17 42 70 14 76 93 99 61 50 3 3 76 78 77 98 27 72 23 39 22 90 21 98 36 75 19 17 74 26 
75 78 89 96 38 71 19 87 66 66 38 59 23 22 13 41 58 26 97 49 94 96 63 24 93 0 30 47 86 34 19 15 5 93 87 61 82 6 50 15 26 9 50 16 3 9 97 92 90 50 86 80 80 74 73 45 88 89 30 47 54 90 36 75 45 93 95 16 80 30 54 78 88 10 1 36 93 13 1 36 85 27 57 17 21 75 41 40 81 85 77 50 51 26 93 1 43 82 87 20 42 89 0 64 73 22 30 92 0 0 17 53 66 81 1 31 21 82 80 34 13 3 11 24 70 3 42 22 0 32 44 62 0 70 8 68 87 61 14 12 60 52 61 58 1 29 85 54 45 59 52 95 46 93 76 63 58 24 91 13 19 10 81 85 48 81 18 63 9 8 34 15 6 99 97 48 70 25 42 11 53 85 9 94 83 70 88 12 95 12 63 52 89 54 52 54 12 10 58 56 67 45 36 81 96 23 12 86 66 87 76 78 63 26 53 48 73 14 30 46 54 37 40 27 5 31 79 96 43 93 39 36 30 18 40 43 53 83 11 49 56 97 95 58 93 25 42 44 75 37 55 94 38 54 88 0 7 74 19 24 86 50 31 59 81 6 36 93 90 91 54 84 20 41 42 80 18 43 86 79 25 52 55 11 43 63 24 4 51 81 4 14 47 49 52 92 12 84 82 14 53 75 53 12 86 30 99 95 47 22 79 88 7 1 22 75 94 16 20 18 34 17 30 25 0 42 7 8 63 66 40 47 81 7 40 65 91 48 80 76 74 55 38 16 50 61 88 18 41 13 3 87 99 46 33 46 73 61 24 54 51 59 40 87 39 15 98 78 15 38 74 91 65 50 66 46 25 40 84 38 3 2 83 38 67 29 84 20 57 55 46 51 36 71 51 23 58 71 69 60 
52 14 69 95 76 95 53 3 80 47 80 12 53 15 26 1 36 28 56 16 8 22 43 62 56 42 44 66 58 63 7 98 8 87 24 68 21 31 5 55 48 52 50 19 61 32 81 80 84 37 29 61 38 75 61 56 65 44 61 53 59 31 25 17 98 65 37 48 50 76 19 37 32 97 35 20 26 81 88 56 67 14 83 36 60 43 77 76 22 17 44 44 74 27 54 80 83 92 38 96 3 4 11 34 84 16 14 38 76 42 70 13 83 85 2 81 77 36 79 71 4 29 42 86 42 88 44 64 69 40 64 99 78 97 13 29 69 83 69 19 32 76 5 78 78 40 37 95 89 48 46 1 61 52 71 24 99 64 65 80 6 18 19 98 9 25 48 19 58 65 86 31 9 57 55 52 75 69 82 98 57 90 44 97 23 18 51 53 10 56 42 49 58 96 79 60 88 39 90 39 39 62 86 35 87 43 5 10 43 59 95 36 67 17 23 64 66 64 37 30 66 49 51 35 96 47 87 43 97 35 33 66 41 73 61 15 3 76 23 1 25 98 73 78 74 71 52 13 41 88 59 34 87 5 88 37 40 8 93 95 22 96 90 48 74 68 71 46 60 46 68 12 81 74 80 51 87 75 91 69 48 87 43 2 54 74 37 68 18 45 47 53 70 20 97 76 25 42 48 61 18 55 82 8 12 35 55 5 48 1 48 55 27 62 90 62 78 83 33 75 7 64 38 81 46 86 5 15 23 59 59 47 2 61 59 93 64 69 67 48 24 33 86 8 67 7 68 65 95 80 65 51 58 27 53 66 81 22 56 4 14 83 41 53 63 31 84 78 32 24 29 45 44 11 91 4 98 84 16 52 6 56 9 59 35 4 90 17 3 72 76 20 85 7 2 82 49 53 57 80 
81 16 51 52 67 51 65 90 35 56 44 90 70 57 29 72 47 26 75 1 32 97 10 18 68 93 18 27 33 59 2 26 97 25 45 16 77 21 29 58 27 15 62 68 43 74 37 70 48 20 46 79 21 3 58 91 40 98 37 44 17 33 27 49 3 0 1 5 90 38 26 38 12 84 19 33 41 15 36 4 5 20 37 67 13 15 40 7 92 50 38 4 68 7 59 88 71 51 5 17 15 0 54 35 65 93 99 58 77 36 16 71 91 53 52 0 80 41 27 73 89 6 79 76 43 29 47 24 50 91 47 34 87 88 59 60 11 61 58 2 90 77 83 2 96 79 5 47 59 2 12 5 9 20 14 83 64 63 59 81 67 29 89 32 38 99 79 98 49 80 51 86 49 27 98 42 87 26 38 91 9 68 39 60 10 50 99 74 78 21 83 86 94 75 95 44 29 11 0 12 91 2 8 86 48 20 40 6 73 50 69 12 90 61 8 34 60 82 68 52 61 32 59 7 48 3 99 61 15 86 30 0 61 83 23 69 13 77 15 15 12 11 16 80 19 47 3 98 37 2 84 14 22 38 46 89 24 88 4 96 76 34 99 71 96 76 33 92 96 67 5 68 3 97 0 53 11 48 28 97 35 65 82 11 24 0 93 84 94 1 17 21 93 81 22 72 7 31 5 70 75 72 87 70 59 33 80 15 38 95 74 83 53 19 99 56 27 59 0 48 43 48 15 99 37 34 30 91 55 33 81 8 28 26 85 65 2 5 18 39 41 72 18 47 40 15 79 49 24 5 87 79 33 68 78 47 40 85 80 94 6 31 3 37 91 43 47 4 35 98 44 24 47 74 60 57 87 71 66 13 30 12 94 52 39 61 54 76 98 38 44 82 10 7 84 10 62 21 73 48 
38 69 59 92 84 51 48 86 98 98 40 65 25 67 12 45 46 31 62 87 4 48 49 34 27 74 40 3 67 6 14 96 68 32 3 88 4 66 18 50 21 12 52 44 14 9 55 78 84 78 28 4 5 21 77 68 91 81 91 19 94 28 11 25 60 73 48 14 60 95 29 4 17 25 55 47 68 56 89 81 96 34 74 10 18 9 58 8 20 39 57 82 25 30 88 78 30 7 38 34 91 34 90 9 89 50 9 94 47 79 99 19 67 67 29 41 82 46 81 55 42 91 97 42 70 72 25 16 71 81 52 64 6 60 29 68 54 61 38 96 79 94 57 38 95 74 92 30 33 49 86 81 91 83 40 72 36 30 54 31 50 45 75 11 4 95 98 58 71 35 6 21 81 69 54 86 90 17 65 29 67 86 97 1 21 54 19 3 24 60 58 62 19 78 59 75 77 48 97 99 80 16 12 30 36 84 4 55 8 93 18 49 13 5 26 4 91 48 99 21 25 70 79 18 2 56 96 45 17 75 17 46 65 77 61 39 85 39 69 72 11 63 29 59 54 71 40 81 42 37 19 6 99 16 71 50 72 59 42 37 41 85 32 67 87 56 57 19 99 46 34 77 45 53 4 51 74 30 56 73 57 61 22 27 62 2 47 51 44 95 28 86 28 60 4 0 53 27 44 39 42 69 39 83 98 57 28 7 50 44 14 20 64 24 15 44 95 17 70 20 47 8 19 53 86 42 82 58 15 60 66 50 42 85 71 10 4 65 48 2 17 23 6 73 71 30 47 72 37 27 26 62 20 70 51 93 84 45 65 64 2 25 7 33 88 88 44 49 41 35 86 66 11 97 8 56 99 15 2 88 92 85 17 92 79 89 28 79 49 75 79 44 52 25 50 24 95 88 20 37 
65 90 0 20 25 5 51 2 7 47 32 87 89 92 0 31 20 37 94 46 9 79 26 34 24 60 84 82 7 7 16 45 10 18 47 75 14 6 89 15 7 95 28 94 87 30 87 75 16 19 92 19 17 24 71 43 75 29 1 59 65 23 68 58 90 6 59 36 62 42 56 42 16 57 16 20 74 65 6 23 54 37 4 10 19 24 94 54 51 34 61 97 36 90 67 31 28 8 68 62 82 68 45 4 33 99 26 70 63 75 73 88 94 29 80 26 94 78 27 25 71 38 63 25 80 14 55 93 93 7 77 2 13 88 63 61 66 83 55 36 97 94 91 17 13 61 41 95 75 30 26 53 68 5 41 70 90 82 94 48 32 23 24 99 23 90 76 48 4 75 75 5 80 97 49 3 30 67 79 39 64 76 94 44 49 32 97 42 17 29 1 75 69 72 19 18 8 10 34 73 78 1 89 17 13 80 91 77 41 13 85 99 88 60 60 10 70 77 40 13 73 9 12 91 8 3 7 15 61 32 6 53 64 59 75 6 54 19 77 44 23 33 93 46 68 74 36 71 63 37 14 44 34 57 47 23 98 62 36 69 33 60 48 44 87 72 75 93 62 6 91 84 63 54 1 2 54 63 90 86 73 4 63 87 1 21 50 36 30 30 57 17 4 7 36 77 42 67 38 29 18 49 32 16 25 8 78 83 24 13 38 23 55 3 6 17 41 1 80 37 76 20 60 86 51 7 98 57 77 2 16 48 0 4 58 1 53 23 64 30 18 33 88 91 9 24 60 34 79 77 86 75 85 42 35 29 77 5 85 95 81 68 64 46 15 11 7 74 68 91 2 7 3 80 31 74 48 92 17 96 34 81 4 70 84 41 43 53 47 2 30 44 20 53 72 44 0 58 8 76 
37 8 6 65 75 88 12 91 27 60 1 16 22 58 54 85 45 26 80 59 87 72 57 31 9 13 34 50 45 49 76 22 5 98 22 53 58 47 63 7 82 51 76 1 19 2 76 88 85 4 49 71 19 13 6 21 1 0 47 63 80 69 45 37 59 85 71 2 36 91 36 93 58 16 5 45 98 90 65 24 31 82 52 36 27 67 5 58 2 35 11 43 89 52 1 84 67 25 73 9 58 6 34 94 46 77 58 0 58 51 34 77 23 2 63 90 85 60 69 21 23 68 30 72 18 83 85 0 41 42 56 21 32 23 82 61 50 81 73 11 27 55 83 70 46 67 91 98 35 67 99 35 56 84 12 52 9 95 89 65 6 25 11 47 60 93 93 87 15 48 91 46 94 64 32 4 63 81 84 44 8 44 15 27 38 32 96 83 34 2 29 30 29 56 39 19 40 14 61 40 67 25 56 96 10 80 89 83 14 80 58 40 37 98 25 34 48 62 99 82 87 70 69 20 22 92 73 56 31 33 70 91 45 62 83 42 19 61 77 54 83 0 96 16 41 83 89 35 14 20 33 28 66 10 28 70 46 82 51 6 22 14 26 56 94 38 58 91 98 78 78 37 3 41 92 67 40 38 87 15 73 52 54 23 54 18 47 21 0 45 45 39 28 65 51 25 76 66 99 72 78 82 90 61 81 71 0 39 14 47 18 98 72 72 82 56 4 37 50 20 0 60 69 12 57 50 55 91 94 24 63 40 59 43 98 94 38 54 85 72 4 78 35 51 39 22 8 13 23 97 17 24 39 13 33 16 17 45 32 93 64 89 46 72 29 12 42 11 36 22 11 32 77 52 46 46 47 48 97 66 19 69 80 61 20 15 22 53 73 7 35 5 15 37 7 72 45 89 13 29 
21 39 45 0 34 99 43 33 11 57 77 10 93 81 22 34 23 13 56 91 88 78 63 79 18 45 84 95 50 22 57 4 45 66 61 59 97 68 69 29 59 57 52 70 3 5 85 87 76 85 91 87 51 47 74 8 90 51 43 62 57 11 36 35 75 97 65 6 88 24 94 1 63 56 58 22 76 29 23 74 52 10 87 89 76 87 10 24 25 28 25 44 1 1 3 58 87 62 70 4 23 13 0 47 76 26 2 69 93 94 81 48 66 96 71 64 81 52 64 98 65 85 38 6 14 54 30 54 69 15 20 67 76 65 92 79 25 71 98 3 36 50 58 80 79 19 45 77 38 12 20 79 94 89 62 35 24 83 72 75 89 54 35 35 21 22 98 14 51 95 56 10 44 34 4 8 30 88 75 11 13 85 46 18 74 11 44 80 84 80 75 80 92 98 34 73 22 14 25 44 73 34 29 27 21 67 57 44 35 73 34 43 72 73 61 12 47 21 6 40 45 90 69 6 2 70 74 69 73 47 7 64 87 24 68 57 96 79 38 77 58 83 29 40 74 94 75 96 32 86 66 45 51 35 35 56 17 60 15 34 64 15 94 83 69 66 31 17 28 88 27 3 4 86 42 27 4 46 14 47 26 38 49 76 75 93 13 51 51 23 53 73 46 57 91 12 4 90 44 58 37 24 52 89 60 23 83 84 9 44 59 13 36 44 19 11 52 82 90 42 63 43 88 9 64 97 86 40 23 98 5 14 40 37 29 12 22 92 73 82 33 52 10 85 18 70 3 14 74 44 12 94 54 72 56 95 89 3 59 58 2 52 76 45 76 21 61 23 63 63 64 18 81 82 22 28 68 11 39 40 2 66 5 47 3 62 96 38 93 99 5 3 62 82 61 4 17 90 37 11 
70 70 48 79 15 30 1 13 99 32 61 70 19 16 86 40 70 97 49 71 69 21 42 51 2 50 34 67 63 71 1 43 7 79 84 42 66 72 5 53 62 91 46 8 37 13 91 62 23 89 95 82 43 85 4 49 98 18 33 65 75 40 13 88 51 21 38 6 87 36 15 67 58 17 34 49 0 27 8 4 79 90 82 50 33 27 48 21 7 45 8 55 9 89 89 62 53 59 40 32 96 62 99 16 30 70 40 77 9 73 13 67 97 77 29 48 23 63 17 32 59 23 37 84 47 58 64 16 13 91 63 99 36 43 73 67 2 75 82 1 63 83 33 54 45 64 22 67 52 58 41 54 1 11 5 89 67 39 28 78 7 12 11 84 47 17 76 98 38 54 10 89 87 74 49 18 76 61 55 60 56 94 66 31 54 99 67 34 76 4 51 50 92 82 28 83 30 73 1 86 19 32 81 64 36 72 65 43 49 46 85 70 3 32 98 13 88 42 81 70 42 41 66 5 31 61 25 15 48 84 28 57 68 66 87 7 22 58 33 60 68 61 80 62 50 21 55 99 46 96 73 73 62 87 16 94 37 41 19 25 25 0 53 7 53 7 92 21 57 60 61 37 18 80 40 28 88 51 45 51 21 82 8 76 59 60 71 39 65 46 62 16 46 59 28 7 18 74 27 39 14 91 8 51 26 45 32 79 97 4 34 77 11 50 54 39 86 29 17 4 15 33 42 81 58 12 93 34 56 57 94 45 24 73 23 54 0 95 65 55 90 35 65 63 67 53 11 41 21 79 95 94 67 24 51 3 1 58 35 76 71 71 63 14 15 15 6 69 89 1 84 18 37 20 41 26 78 7 54 23 10 40 65 21 78 40 16 23 80 15 35 56 73 0 11 51 44 10 77 97 
24 1 98 53 41 82 15 33 14 33 61 13 53 30 39 68 15 2 71 5 26 46 21 74 56 92 13 43 62 97 8 74 77 98 94 39 95 95 63 85 90 73 42 98 16 11 53 64 58 28 14 4 31 99 13 39 91 62 87 74 45 95 58 15 68 60 55 74 57 14 9 61 30 13 82 22 25 97 22 8 0 4 50 33 15 2 79 99 91 25 15 18 70 78 9 40 94 55 4 50 46 7 68 11 7 95 97 86 67 83 87 41 8 12 87 95 95 35 42 41 51 26 51 37 3 97 91 10 98 83 34 48 7 30 73 95 36 69 78 50 27 13 8 42 30 2 68 51 14 58 79 94 7 10 53 51 43 88 89 61 65 8 5 76 47 83 45 78 41 10 83 61 12 15 97 4 59 56 75 84 45 47 86 61 75 21 46 73 11 3 11 68 26 31 85 61 2 51 53 68 98 61 74 28 30 29 86 55 98 88 90 3 86 94 15 87 84 67 61 3 97 74 80 80 57 78 42 91 4 32 60 12 20 0 16 14 13 47 90 62 95 45 98 75 0 8 98 56 5 93 32 68 80 17 42 89 46 14 11 12 46 43 45 63 71 98 9 72 58 41 19 5 79 3 91 21 8 43 58 91 22 69 93 16 69 64 95 57 26 0 1 58 11 80 3 84 89 99 93 50 20 3 27 2 52 74 92 57 96 72 73 92 96 5 85 57 34 27 56 91 8 94 24 85 51 92 23 12 24 39 39 47 84 69 27 10 65 2 35 50 43 84 69 33 2 3 16 20 10 70 29 1 44 26 28 14 75 73 9 55 39 58 60 91 61 59 82 96 79 95 14 33 21 13 95 59 56 37 34 60 86 69 73 8 39 50 29 80 54 1 85 64 42 92 5 31 95 78 78 66 
32 93 34 53 35 81 18 93 23 41 50 91 20 21 98 71 0 60 46 52 20 3 31 95 50 45 19 11 18 40 49 0 75 4 99 91 80 55 28 92 42 53 53 13 27 32 66 59 19 43 5 82 34 86 42 17 62 18 93 94 63 50 88 19 72 33 85 10 80 50 99 63 65 72 64 87 51 28 30 11 28 87 64 81 87 12 72 66 51 77 82 1 21 21 71 19 60 18 35 35 23 0 56 80 25 66 41 33 1 51 58 44 44 48 88 22 27 52 23 89 35 23 45 48 12 19 26 35 26 28 66 82 90 88 83 91 28 67 76 90 40 55 5 13 54 45 40 28 66 62 52 39 48 21 79 1 85 58 73 76 66 68 94 54 56 74 44 89 97 39 3 91 0 46 85 15 95 28 26 84 45 82 70 11 66 69 84 23 15 69 43 25 89 36 7 16 94 74 95 38 61 46 20 91 70 14 56 54 14 84 16 66 67 96 7 6 39 29 28 32 6 28 29 75 78 2 29 19 67 16 75 9 98 84 69 71 0 58 3 73 67 30 19 37 25 76 13 0 37 63 83 37 58 30 7 21 33 65 20 8 3 8 9 15 95 49 52 2 41 66 94 93 94 44 15 53 46 74 57 76 36 33 24 69 32 53 69 4 63 20 11 82 90 46 46 76 84 33 13 77 98 38 85 37 8 43 20 95 82 22 95 55 54 66 96 85 83 56 67 4 19 69 67 2 45 70 83 50 10 96 2 16 41 90 84 6 68 75 82 67 45 72 39 36 29 86 15 0 28 11 68 72 69 39 60 83 47 73 7 8 96 99 34 26 33 90 18 7 79 17 92 60 80 88 81 24 36 84 65 51 78 10 26 36 90 58 94 31 1 25 57 56 7 28 60 76 3 50 4 53 
23 47 39 63 22 19 4 30 32 86 34 65 73 57 83 98 32 54 81 43 41 83 24 11 89 77 37 89 1 34 42 67 94 43 19 84 3 59 45 7 84 47 45 31 81 9 68 31 34 19 64 5 97 20 21 60 0 64 25 78 46 22 52 11 64 79 96 85 84 22 24 14 4 87 60 57 31 68 92 54 37 81 29 65 93 86 12 35 72 47 52 50 11 43 78 86 15 65 70 29 52 2 17 52 84 95 9 42 82 87 25 21 31 96 90 22 47 51 49 74 19 44 49 98 70 71 43 38 45 7 44 26 55 77 52 97 57 21 93 79 50 67 53 64 15 20 71 37 5 2 35 87 67 41 21 78 22 67 96 83 57 79 92 49 74 38 8 28 6 86 80 47 20 26 17 52 69 9 98 94 78 2 32 94 15 21 37 65 27 40 37 12 4 20 24 93 12 92 22 2 20 38 45 87 95 30 77 65 18 20 66 32 67 69 46 52 80 4 38 59 10 80 54 90 81 98 53 43 69 65 46 14 1 30 98 94 83 25 13 54 61 35 38 15 3 2 10 97 53 2 71 53 54 93 19 25 96 17 94 10 42 96 56 69 67 8 17 57 13 13 89 80 47 44 15 68 46 13 39 0 70 99 83 63 3 34 24 60 34 13 69 27 53 5 76 10 42 54 51 84 44 36 60 42 30 29 69 67 17 98 7 77 79 7 89 60 65 74 48 19 25 86 32 53 89 64 90 90 28 46 19 10 32 92 31 81 16 76 40 51 30 37 0 18 41 6 78 41 77 67 24 27 11 36 41 69 27 25 61 33 43 98 79 28 94 24 62 12 52 99 71 45 64 90 64 16 59 40 74 94 67 80 72 88 80 63 25 83 77 24 42 6 46 21 22 53 37 92 97 56 
63 80 12 68 56 65 93 42 18 21 5 62 25 65 64 9 95 63 51 54 6 77 9 81 10 90 7 26 1 72 36 45 52 34 9 29 40 90 72 6 76 57 31 81 73 90 55 75 64 1 86 71 46 85 18 40 50 15 35 10 54 20 62 78 35 73 83 92 11 37 0 92 8 93 87 12 58 67 95 41 11 71 33 13 22 62 16 36 62 71 38 26 57 12 49 3 73 9 58 48 25 63 3 25 95 31 43 35 21 64 78 72 1 2 70 13 21 73 69 68 51 98 23 85 1 36 87 70 69 85 93 41 99 74 55 73 67 49 37 93 0 25 57 40 9 87 71 30 92 67 95 34 68 68 64 92 35 28 53 68 7 80 50 12 12 24 49 71 63 49 78 15 61 82 4 56 59 52 84 81 77 34 99 78 41 85 3 71 73 13 78 68 79 67 95 89 72 15 37 36 67 37 13 24 64 12 6 41 84 23 63 6 82 24 73 53 78 21 57 73 22 21 80 72 94 87 29 55 48 69 19 19 11 15 24 65 96 41 45 54 95 23 91 68 39 27 60 15 32 44 6 39 51 41 29 28 67 48 92 55 3 52 14 85 0 21 61 74 41 78 47 96 16 7 27 23 74 21 94 27 98 91 6 68 58 6 50 25 62 54 60 21 61 14 0 33 90 86 13 46 75 84 65 74 80 97 96 16 45 29 89 65 52 28 45 13 34 98 51 91 84 78 40 44 43 54 35 40 7 46 40 30 7 98 35 5 33 16 62 83 35 91 86 7 79 20 18 89 31 83 64 61 52 22 86 72 64 56 68 90 29 65 34 1 36 75 13 76 34 48 25 84 57 30 73 39 78 68 18 65 66 39 37 44 31 23 44 10 64 80 31 6 75 75 95 91 90 89 74 52 
84 45 52 69 82 20 62 89 57 34 81 37 81 0 5 91 91 82 3 54 15 42 79 85 78 40 54 58 93 27 15 37 29 91 84 13 46 12 48 26 5 16 7 20 15 41 93 59 54 97 54 91 18 34 18 34 13 56 84 12 98 56 20 74 96 38 98 14 45 10 49 25 85 8 3 90 97 26 41 47 19 38 91 98 64 36 74 30 36 51 57 93 85 98 89 16 54 98 36 28 4 67 67 35 9 72 43 49 57 95 13 92 59 68 44 42 10 72 28 28 43 85 85 94 60 20 78 54 17 56 46 37 42 81 91 80 98 35 73 50 18 76 57 42 29 83 47 48 71 86 12 21 83 18 48 35 61 38 63 21 11 90 18 6 40 69 33 55 19 89 6 76 61 41 8 16 93 14 2 0 59 34 78 8 7 75 93 91 19 84 71 92 76 77 34 34 72 31 84 1 16 58 30 97 33 82 88 6 64 23 81 69 14 57 65 34 51 46 10 94 91 6 83 48 58 66 24 70 76 80 97 29 45 98 97 41 38 71 3 18 93 37 62 19 69 77 98 79 92 89 85 70 99 68 35 8 19 63 78 25 84 14 41 24 7 33 30 29 12 28 82 21 80 48 24 72 55 64 89 66 89 58 79 64 25 51 47 37 31 14 61 97 22 11 34 46 81 51 27 1 52 25 72 70 5 16 14 37 28 4 38 92 74 7 19 51 45 45 95 71 76 25 40 10 44 65 53 30 92 72 14 60 81 15 75 51 89 34 53 53 73 35 61 28 96 90 7 57 98 31 2 17 84 38 21 77 2 54 25 80 7 16 28 95 51 64 77 28 99 20 29 9 5 39 98 51 10 93 41 34 84 34 85 96 95 24 42 38 70 68 32 49 6 67 36 21 11 57 19 6 
16 67 33 92 64 86 4 49 52 99 62 63 95 28 44 63 23 55 80 20 22 85 76 57 81 9 48 79 0 27 93 65 26 27 27 40 86 23 24 77 70 60 10 76 24 39 31 51 2 2 47 44 93 28 42 67 1 27 38 96 90 56 47 20 67 57 41 17 72 82 90 71 89 56 97 96 86 69 54 68 3 3 95 17 76 1 38 84 81 99 19 93 78 74 81 68 19 39 44 48 78 43 18 72 81 3 71 8 25 12 5 57 79 57 7 76 62 60 92 84 13 43 75 82 91 60 78 40 4 27 8 77 26 70 12 60 24 81 15 83 85 35 95 6 61 0 9 44 3 41 83 18 2 37 22 62 17 78 79 77 60 35 37 7 98 39 27 90 48 70 82 18 99 25 25 44 89 32 55 70 12 32 44 78 63 59 52 25 37 35 44 94 35 17 79 99 5 46 8 91 88 14 32 0 30 52 79 7 83 18 78 26 95 1 64 97 88 88 88 88 30 29 85 80 51 84 9 36 83 67 51 34 60 57 89 74 71 67 65 34 44 88 74 75 22 32 44 51 18 67 28 59 0 99 66 31 50 83 48 95 69 26 72 28 93 43 85 76 73 2 38 78 11 7 78 38 25 57 15 83 68 38 66 34 47 5 38 50 43 64 80 8 90 99 39 57 26 45 19 29 16 73 80 94 40 4 64 58 63 61 20 18 98 76 38 31 68 51 75 81 27 2 29 98 67 75 7 48 76 5 60 86 12 44 53 79 64 5 2 72 20 38 90 15 16 53 18 33 50 61 99 42 37 9 55 9 18 92 22 97 69 97 81 86 30 64 42 41 58 71 73 3 12 2 14 79 71 77 77 74 14 8 23 90 57 61 85 83 57 72 74 45 47 23 91 26 69 59 19 55 
46 63 57 68 52 83 60 17 62 52 94 79 70 42 10 60 15 34 20 45 92 17 48 72 93 57 69 61 22 10 7 42 61 72 37 43 7 59 56 83 26 14 14 67 60 0 78 58 16 68 28 82 21 49 11 33 40 1 98 72 43 41 16 29 46 85 35 55 45 56 78 98 50 35 57 10 20 3 97 28 11 4 13 35 10 98 85 21 59 57 61 59 18 65 12 17 93 96 5 60 95 16 57 28 30 80 7 10 13 13 24 95 29 80 87 7 19 86 44 72 70 28 47 85 55 4 76 13 3 92 76 72 75 98 47 13 74 19 55 85 30 52 3 51 76 1 58 52 30 8 81 29 38 78 16 98 60 68 12 66 87 93 76 24 8 9 14 64 35 49 95 83 94 46 30 67 38 72 73 86 61 48 12 8 70 75 60 75 3 43 44 31 69 51 41 11 35 3 51 70 44 71 21 41 50 81 21 52 11 91 53 82 87 1 69 66 86 15 78 80 44 3 79 73 53 86 2 83 30 55 1 58 77 47 66 18 8 15 79 21 69 31 18 68 13 49 72 35 18 30 4 4 73 35 50 96 84 82 69 48 28 49 62 61 23 43 34 67 8 98 25 67 98 89 24 31 70 51 96 86 11 48 8 92 44 43 69 75 21 55 48 71 94 57 48 91 77 86 28 64 80 21 71 53 98 0 98 80 18 88 67 32 16 97 31 16 68 10 8 30 69 21 20 76 83 95 32 27 19 35 26 40 86 28 77 52 7 27 6 19 13 82 63 92 2 73 17 35 22 74 55 55 6 60 65 6 15 0 34 62 70 20 38 52 13 79 27 44 15 68 46 70 4 10 84 27 11 32 78 69 5 82 50 80 94 20 34 33 38 86 98 91 28 64 45 79 14 46 52 48 
85 54 87 84 38 96 16 5 33 71 97 27 85 34 56 13 37 82 85 87 93 18 20 87 8 27 67 62 64 21 78 24 30 77 37 99 51 81 66 65 68 8 27 77 86 11 54 35 50 52 72 82 51 12 47 61 95 65 56 61 39 76 43 42 69 1 71 80 48 19 57 59 95 5 92 6 61 43 12 1 25 12 92 30 44 97 16 98 27 34 71 27 39 99 76 75 70 50 35 46 88 15 2 9 70 12 16 99 61 43 50 40 70 0 73 96 65 19 15 93 47 22 5 72 93 27 56 74 41 16 79 77 95 22 1 76 93 87 63 24 95 71 44 56 1 94 18 3 1 40 52 79 80 49 90 62 92 78 21 93 7 91 20 75 58 43 2 35 12 48 97 11 33 40 53 56 79 1 97 32 36 35 55 64 60 35 26 54 88 21 89 64 35 99 14 66 20 61 44 60 84 81 53 15 77 40 58 93 12 92 48 23 47 95 3 63 1 64 49 31 30 41 33 24 70 29 53 98 25 78 21 39 45 5 4 10 87 80 91 90 82 41 84 3 73 66 1 97 63 21 99 30 57 36 13 53 2 99 32 48 74 77 39 29 9 68 90 65 85 85 8 80 87 83 49 57 46 35 1 29 13 88 51 82 41 88 45 34 65 66 49 11 66 54 99 66 34 54 91 71 89 62 81 3 66 90 27 96 98 42 43 32 99 14 86 73 47 27 25 28 75 47 70 13 93 56 48 89 91 11 50 77 79 62 2 38 72 62 70 21 50 75 55 13 81 48 20 47 66 35 8 34 86 28 0 95 43 81 60 78 61 51 57 54 93 27 50 37 68 99 33 24 21 6 17 93 64 0 5 5 54 39 31 61 4 59 46 63 33 40 90 23 2 54 62 35 69 8 58 97 
30 37 77 84 92 19 60 64 94 52 97 7 92 83 22 56 9 22 54 77 70 93 81 53 89 0 90 71 66 73 78 86 42 40 62 41 34 50 73 89 34 79 87 68 58 27 25 76 91 99 34 89 63 17 62 71 35 97 1 43 13 42 50 11 73 72 20 92 19 83 28 44 53 92 36 61 59 79 40 81 24 5 39 38 75 70 49 19 2 22 90 51 61 79 97 25 62 98 86 25 75 18 17 43 37 1 44 49 92 99 50 10 19 84 22 92 2 93 45 17 61 17 27 86 90 68 65 15 65 44 66 83 31 4 19 39 45 45 11 89 55 59 29 71 73 84 36 40 68 10 72 22 96 23 78 0 44 73 20 46 15 8 34 35 38 71 68 63 18 32 9 25 3 15 99 86 57 45 44 62 22 26 40 66 4 13 84 67 92 74 11 26 87 48 99 73 12 0 14 48 39 2 45 24 21 71 73 76 51 47 40 61 11 27 42 56 56 57 21 17 1 67 42 30 37 58 77 11 62 52 62 73 36 59 97 14 19 47 46 76 51 98 90 2 43 51 94 5 4 29 1 38 96 96 72 11 34 28 52 92 27 73 4 20 85 7 43 12 75 48 72 24 30 38 96 0 19 84 32 0 77 64 71 43 99 58 79 64 53 16 43 46 39 21 19 14 71 15 4 26 25 56 85 0 39 7 63 0 2 28 75 2 18 97 53 67 60 91 25 89 18 45 7 94 27 7 37 86 89 85 96 87 95 72 10 61 39 77 66 1 16 98 65 14 43 30 65 71 91 89 27 28 98 2 4 15 78 54 8 76 48 50 78 16 47 81 91 67 36 21 51 60 18 94 96 45 84 30 68 7 30 26 89 95 4 77 98 78 76 72 5 30 34 10 75 29 1 13 92 53 
17 41 64 61 18 31 17 79 50 29 54 14 11 24 99 14 60 21 21 42 34 80 84 33 13 98 52 93 35 82 93 64 43 7 58 39 95 39 92 39 28 23 54 93 98 89 68 46 2 18 77 60 90 18 21 84 93 76 39 68 63 51 97 47 24 85 85 90 86 65 76 22 83 12 6 99 77 75 25 31 11 88 1 3 83 74 47 45 60 10 72 43 21 32 29 95 10 45 5 4 21 69 43 67 58 24 76 45 38 85 86 44 10 47 6 40 38 16 80 96 48 27 25 22 7 52 97 39 36 49 10 22 63 63 51 87 5 55 73 2 92 39 19 5 72 44 36 59 49 96 54 50 33 54 4 8 15 89 29 84 39 67 95 79 33 40 81 1 92 29 41 31 80 1 48 40 44 57 39 71 67 14 26 67 69 53 91 54 36 34 41 10 77 26 97 33 13 74 33 70 64 43 91 52 73 91 45 47 82 3 35 81 40 23 4 74 58 47 96 43 51 95 0 36 46 90 84 0 49 90 91 61 76 19 9 4 99 73 41 34 94 26 75 84 77 85 19 12 11 96 8 12 6 96 96 22 24 86 28 53 81 28 94 83 60 82 45 24 54 63 49 82 29 39 20 97 13 81 53 24 49 56 78 57 76 9 3 5 65 76 41 56 75 77 35 84 29 89 24 67 55 89 37 78 78 84 30 63 17 76 40 63 7 51 0 29 58 55 14 25 68 87 66 96 29 7 58 87 6 26 38 14 21 99 61 19 49 3 1 15 11 48 69 57 65 33 32 4 18 4 44 66 46 12 20 50 31 40 63 89 59 19 83 36 93 86 61 41 91 6 37 9 53 59 16 37 11 90 39 83 79 9 95 83 85 5 55 89 67 74 2 61 69 83 22 98 41 28 28 87 
31 99 5 60 91 51 72 79 82 10 21 58 61 39 53 72 55 59 27 38 19 99 43 80 91 5 25 84 35 18 79 74 77 21 46 4 35 18 23 32 25 9 82 76 9 76 91 38 68 94 60 80 95 78 13 65 29 71 98 37 35 97 14 93 13 44 5 6 59 99 67 84 64 72 61 42 34 54 37 29 79 66 81 56 61 63 21 77 64 96 46 25 95 55 85 77 68 40 92 50 62 54 25 98 68 49 36 87 36 55 71 60 24 96 24 98 19 49 99 80 87 64 17 42 1 66 32 98 17 76 91 80 41 87 5 11 20 53 17 96 84 9 57 91 83 2 55 93 92 18 31 49 34 87 90 33 65 85 15 35 45 90 56 62 51 85 99 35 45 1 21 49 1 62 82 92 13 2 11 21 37 1 53 33 21 81 51 73 25 15 45 76 47 82 73 23 12 22 22 85 45 72 68 77 75 76 87 1 17 78 0 20 69 6 88 51 41 58 50 91 87 78 23 50 67 18 71 9 0 50 39 89 38 9 13 9 91 30 28 66 43 16 65 47 96 65 45 68 65 62 48 74 10 73 1 57 57 63 10 60 60 35 7 12 15 94 14 24 23 84 21 76 83 95 88 57 90 50 56 51 42 5 37 68 55 88 51 72 50 49 90 6 27 62 60 62 85 66 33 99 78 10 94 95 74 31 51 88 88 22 69 81 66 96 12 73 73 19 96 80 53 4 11 0 98 99 26 18 27 36 35 61 57 36 34 58 64 67 7 8 81 55 20 38 11 9 43 83 12 18 50 36 23 61 44 21 63 26 51 69 37 46 88 99 86 34 79 77 47 85 80 6 93 70 96 17 25 85 64 47 48 81 11 73 22 78 30 2 44 76 1 42 56 35 64 92 24 60 19 1 
93 28 61 30 9 76 43 46 70 65 80 71 18 56 28 95 64 17 49 70 25 59 61 42 66 43 34 9 19 18 67 58 21 4 48 15 40 23 87 2 88 19 35 23 21 71 41 13 69 36 13 7 44 9 35 76 98 6 11 42 88 97 86 12 56 57 71 58 94 85 9 65 95 21 41 87 18 7 5 47 71 61 74 53 11 32 83 97 89 64 44 10 2 63 94 70 4 27 67 10 8 12 12 86 21 38 13 78 27 86 34 59 48 14 83 41 22 90 49 29 29 86 47 18 98 69 93 44 51 23 40 80 9 74 50 94 40 73 37 64 34 21 22 46 23 53 66 23 71 94 96 35 77 70 40 33 38 84 76 91 25 79 66 3 57 86 29 93 40 60 67 6 51 37 86 19 97 65 49 78 16 99 10 88 9 21 81 76 16 54 51 71 97 4 56 68 5 79 46 58 47 34 28 88 80 40 98 92 17 38 61 43 40 47 61 35 14 36 96 26 84 81 82 87 55 99 91 59 0 39 81 37 7 59 47 85 59 20 46 21 39 92 1 77 20 61 6 97 19 81 14 88 24 75 85 47 27 34 24 11 86 93 66 55 71 35 90 62 48 48 73 3 32 11 7 65 31 77 88 33 36 21 67 22 78 70 95 37 22 11 40 21 0 21 57 44 40 90 23 42 5 79 8 42 42 79 49 46 41 51 73 12 18 17 59 11 85 41 37 79 91 28 30 44 40 19 57 75 20 88 52 38 80 83 35 81 63 48 4 89 79 19 75 42 64 68 94 0 10 52 51 5 66 87 89 21 0 63 64 61 2 89 15 21 88 79 22 72 31 66 84 46 3 65 31 74 82 97 47 52 48 43 1 20 24 19 12 55 36 81 52 21 83 89 56 84 38 67 57 9 
93 45 37 32 31 25 97 96 65 34 31 60 19 42 67 71 15 87 68 71 31 14 57 16 9 13 89 15 29 63 16 57 9 70 15 84 47 79 49 74 76 70 95 67 8 21 52 12 74 21 25 16 29 84 33 14 67 19 97 21 29 35 26 23 15 15 5 61 90 96 83 77 59 97 20 82 93 40 10 0 10 16 23 99 70 68 15 54 93 32 31 3 94 95 36 21 96 93 32 84 64 54 14 20 6 71 97 96 80 35 83 73 77 32 38 16 55 19 98 20 96 9 84 16 81 7 46 7 11 49 24 92 69 51 11 85 82 48 17 98 5 62 32 39 42 65 17 86 79 75 59 70 35 36 12 77 37 20 80 74 32 57 45 54 30 65 62 68 2 16 71 96 63 57 36 14 18 3 74 90 66 90 30 97 10 3 11 89 38 24 10 62 76 59 95 94 2 58 43 2 55 63 92 57 78 9 65 84 55 6 95 27 37 98 95 8 34 29 80 49 89 64 95 78 38 30 77 23 33 72 14 27 76 41 80 6 2 16 5 84 60 30 69 94 3 53 93 12 98 65 88 8 25 69 84 7 22 41 1 81 3 1 90 26 77 2 71 90 16 95 29 84 42 32 19 70 72 86 50 96 38 65 8 79 39 77 78 72 17 98 73 30 17 20 4 88 86 63 4 82 95 15 65 93 91 98 43 64 49 80 40 86 34 44 78 94 53 14 94 74 81 4 74 55 75 84 13 8 4 6 25 77 43 22 25 66 42 81 3 8 97 69 28 14 79 50 78 44 85 18 75 85 25 31 20 67 71 35 54 91 78 49 44 64 57 82 77 95 75 70 0 57 76 64 66 22 8 99 22 14 14 47 12 52 98 11 98 0 31 92 90 12 68 2 10 19 64 74 36 14 
15 79 74 56 6 61 21 23 38 39 60 39 81 36 16 59 66 48 29 10 38 27 68 92 79 83 11 77 84 58 79 29 65 94 97 76 4 40 87 7 28 14 82 20 53 4 56 3 68 6 74 14 73 92 51 22 26 66 34 62 33 13 98 88 37 98 12 10 45 61 38 2 82 36 74 9 26 21 16 20 60 85 59 84 42 55 28 68 1 65 5 92 56 33 69 16 60 70 69 41 70 32 3 12 48 49 32 49 61 6 68 17 7 50 16 15 16 37 71 3 77 55 86 4 24 93 60 72 0 28 82 14 9 82 66 11 23 30 86 44 9 23 3 11 16 63 83 63 56 32 40 41 37 79 74 65 6 17 54 62 76 15 4 24 60 81 62 54 10 85 2 19 82 24 35 93 76 53 94 38 24 93 14 38 9 79 37 61 61 77 57 95 13 43 59 64 11 54 49 63 61 91 50 58 92 37 26 92 17 17 27 74 39 17 91 22 65 94 14 4 13 65 27 89 49 24 6 14 13 42 65 39 37 53 68 0 76 11 29 48 53 45 56 31 49 82 57 59 90 64 79 63 14 18 41 36 67 34 75 9 78 27 7 53 45 9 1 10 33 8 80 40 72 99 97 58 99 17 49 64 11 61 74 98 9 22 30 4 96 81 96 14 14 19 59 86 69 65 24 43 87 5 38 84 72 1 68 94 24 3 27 83 73 53 16 60 5 46 12 95 39 73 6 44 22 64 85 25 6 56 23 44 95 62 13 46 31 45 56 72 92 63 34 8 22 45 53 54 6 43 89 60 16 18 45 44 0 36 8 99 63 17 80 17 40 92 35 87 9 86 16 80 96 8 4 41 93 71 73 15 9 79 87 17 19 53 85 13 39 13 38 75 60 18 52 89 67 49 21 86 
36 44 41 29 27 96 51 15 91 32 64 28 37 4 47 63 93 16 73 76 92 65 65 30 26 58 63 76 46 43 7 57 94 6 63 20 33 34 48 49 38 61 21 76 78 16 68 33 85 44 23 81 41 71 6 48 4 69 9 20 79 96 85 88 6 62 14 16 94 78 51 24 29 88 5 60 81 97 65 35 95 42 85 99 61 63 93 84 46 15 18 54 97 46 94 44 9 27 61 66 51 64 4 39 8 47 84 76 21 73 5 23 28 40 80 27 89 53 13 70 52 28 93 33 21 48 67 29 13 21 14 78 3 16 70 60 96 32 58 7 2 94 81 51 39 76 0 16 92 69 8 80 31 36 3 70 70 38 85 86 81 24 11 83 83 2 35 95 24 73 67 29 25 51 2 51 56 12 4 79 30 55 68 55 38 35 24 4 24 67 49 99 46 89 65 5 78 6 97 29 36 96 86 7 49 56 93 96 92 18 57 15 23 71 42 54 6 17 64 61 92 5 82 30 58 94 59 89 76 64 49 50 88 63 28 33 30 33 73 97 30 53 92 17 24 93 94 99 77 11 71 93 8 67 27 76 8 52 79 39 25 24 67 89 45 33 5 19 84 90 40 76 70 49 11 33 8 78 44 26 41 39 60 10 7 85 43 80 68 12 43 50 66 19 78 51 19 62 5 35 24 83 20 26 88 34 54 70 84 64 63 44 66 94 85 45 42 8 47 20 87 48 45 7 2 63 32 47 32 42 80 80 21 20 51 81 41 68 31 92 50 8 12 69 62 65 68 88 71 66 39 52 92 5 43 18 33 53 31 98 54 61 21 4 80 53 62 17 60 79 21 52 4 83 68 88 87 6 2 87 9 36 7 73 87 28 38 49 52 34 96 96 60 7 90 16 60 55 32 50 
90 91 71 62 2 71 96 66 9 7 82 82 64 50 59 83 25 88 61 91 78 0 3 8 42 68 17 83 53 76 31 34 54 96 70 25 30 46 15 6 6 19 74 32 77 49 86 61 33 28 50 58 63 97 11 74 37 96 35 97 79 85 77 36 16 82 70 98 2 23 96 21 4 61 12 57 79 91 5 56 15 86 11 87 84 48 38 43 24 43 47 72 83 67 80 58 92 41 30 1 25 1 62 62 71 19 69 2 66 21 17 27 92 69 89 41 80 61 82 7 28 94 27 81 76 20 97 13 3 26 48 73 36 66 58 22 21 76 85 35 59 28 3 39 91 45 96 73 83 27 32 57 15 63 85 87 26 26 75 20 52 55 50 10 66 13 16 1 12 48 40 79 9 19 42 31 20 86 48 58 90 20 28 34 39 68 67 76 98 83 49 3 19 49 41 37 75 58 84 6 83 15 46 83 96 81 25 84 31 92 64 65 91 27 30 81 88 19 55 24 18 37 70 32 93 61 57 66 84 97 34 18 47 57 22 54 25 52 95 50 89 31 34 17 37 52 85 15 0 66 33 68 77 83 43 45 13 6 6 32 39 6 21 92 30 22 21 89 67 19 21 92 1 71 16 31 41 47 58 96 25 87 27 0 52 65 29 58 91 67 64 96 87 81 22 57 38 86 99 39 50 50 55 43 20 76 39 11 77 48 6 23 23 92 59 35 25 11 5 60 20 26 78 9 65 98 1 48 87 29 20 85 99 97 1 46 44 10 67 20 16 39 31 69 64 92 59 78 99 61 38 46 3 30 65 80 7 49 6 46 4 24 76 63 32 60 18 86 83 37 3 47 86 21 61 81 66 63 25 96 75 7 78 54 56 91 45 41 40 75 41 98 93 81 70 28 68 19 52 50 
93 54 85 67 48 72 74 16 24 44 58 74 80 57 99 93 71 88 74 15 20 30 93 97 38 42 4 33 44 74 33 71 69 87 87 49 21 61 36 65 43 77 61 92 6 31 55 49 89 99 12 82 0 23 72 75 4 77 16 17 66 5 46 53 91 98 86 20 54 65 32 1 74 1 44 53 69 69 27 46 89 67 54 79 23 7 40 39 94 60 83 45 33 40 95 75 47 77 98 29 89 14 35 31 13 88 17 13 82 23 10 84 36 0 65 2 65 84 10 2 60 61 16 4 5 91 3 89 69 18 70 16 32 86 34 8 0 75 93 94 20 98 58 1 33 7 50 70 95 8 85 51 99 18 33 75 3 87 84 25 38 44 60 76 82 39 76 88 20 96 56 33 51 76 5 80 64 26 10 24 8 46 87 47 86 65 16 93 10 34 64 12 42 10 22 1 0 51 91 70 4 20 26 65 40 26 77 7 25 30 24 0 96 49 22 94 5 36 22 19 38 26 96 29 47 6 49 0 41 81 65 59 93 83 26 7 10 97 47 10 89 91 67 85 80 83 20 31 20 34 43 69 92 69 84 90 3 19 5 77 89 33 32 2 73 50 18 78 17 19 82 27 43 46 22 63 7 95 90 78 40 55 71 86 7 53 48 15 97 1 90 60 57 31 85 52 74 51 60 44 74 10 97 63 47 61 6 71 53 49 71 56 20 31 6 35 11 16 99 37 66 4 39 63 84 47 67 36 8 88 21 65 24 29 95 73 78 42 39 73 54 25 14 33 89 94 47 71 61 80 66 91 57 80 58 29 38 1 8 91 93 19 37 62 39 24 97 10 87 19 81 88 11 51 26 44 26 4 31 75 76 48 34 91 62 77 89 56 15 29 58 57 63 10 79 43 84 86 48 77 
6 26 23 61 83 71 1 70 83 25 34 51 68 4 0 18 49 79 45 0 40 83 86 17 93 20 89 39 86 29 73 76 44 62 31 91 27 45 49 30 60 50 32 26 46 16 91 35 35 66 6 75 0 31 16 27 40 8 45 75 1 76 23 19 20 90 35 71 57 81 38 85 2 37 37 52 12 68 46 71 11 19 23 50 8 21 56 53 35 68 96 30 45 35 0 95 34 40 8 49 88 4 22 35 64 79 32 38 65 92 60 37 49 16 54 20 70 21 70 64 90 59 94 9 31 62 26 64 94 39 54 0 89 52 72 55 46 1 38 52 30 68 82 11 66 3 21 34 28 76 5 75 30 69 59 8 98 65 39 93 57 83 84 84 62 82 79 61 61 57 11 17 93 28 80 49 85 22 85 39 78 84 30 68 86 22 14 78 15 97 4 91 54 64 76 27 38 99 88 42 64 5 75 46 5 84 42 80 82 83 78 97 78 91 1 71 38 38 88 27 8 28 32 73 98 42 80 34 5 21 99 62 23 63 62 46 6 65 40 72 38 92 0 0 18 23 58 53 10 5 46 60 39 11 25 64 76 73 81 80 16 18 96 93 19 53 68 10 5 13 69 36 16 27 54 29 82 58 65 86 71 75 85 65 24 15 37 92 24 14 67 54 86 40 50 9 75 94 28 94 33 53 10 57 88 91 13 88 44 55 33 53 0 1 44 57 78 90 10 96 18 55 30 75 87 57 19 33 27 69 47 73 50 30 96 58 39 23 21 40 46 21 31 74 21 65 30 41 9 2 65 88 51 81 97 81 23 16 13 55 56 96 69 47 13 98 12 72 64 61 26 70 87 82 16 15 7 52 50 49 53 97 21 86 22 17 2 4 95 49 65 75 21 90 2 78 73 99 1 38 
71 40 8 53 96 9 89 78 37 43 53 64 42 77 9 83 47 77 11 1 58 36 55 34 90 99 29 75 42 88 54 1 12 64 55 26 96 90 17 7 35 84 19 66 69 84 48 14 15 15 61 16 69 73 22 48 79 3 0 17 93 32 82 85 84 65 54 12 39 97 75 87 42 57 36 88 22 84 43 16 29 81 59 20 75 72 24 36 49 50 69 30 29 89 86 81 30 43 98 60 5 14 98 77 37 72 24 58 83 84 23 8 37 25 51 74 20 93 35 63 3 48 93 2 46 26 86 26 67 67 83 42 67 77 39 42 48 43 42 55 30 80 61 76 64 94 47 93 44 80 52 64 26 78 0 46 0 27 18 27 30 63 41 21 28 70 38 58 80 45 87 56 34 80 28 16 49 35 69 22 12 57 91 16 8 14 18 62 80 92 41 69 91 96 39 50 21 62 87 36 84 86 55 88 96 40 7 1 4 30 31 57 19 32 87 3 23 97 14 77 33 69 69 7 6 30 83 8 1 31 65 65 52 73 82 40 11 36 1 71 90 54 93 57 22 30 98 84 23 36 57 39 0 58 64 42 76 26 47 96 24 42 38 8 25 16 72 91 67 56 71 13 13 87 13 66 3 21 30 24 2 37 55 90 20 71 79 42 76 10 40 5 38 44 56 66 53 86 64 10 84 4 25 52 56 5 53 58 44 27 80 30 98 38 48 27 57 36 50 54 94 8 46 20 52 31 60 83 34 56 40 57 7 69 63 51 44 16 47 58 85 82 96 46 99 77 84 73 71 2 68 62 31 11 81 81 37 81 74 74 72 60 42 47 11 17 0 87 19 28 29 21 60 76 46 30 99 24 11 38 51 91 79 64 66 10 96 51 61 52 41 99 22 3 23 57 64 69 41 72 
96 13 4 88 99 39 17 8 40 82 12 26 12 48 77 89 55 95 52 50 16 90 95 23 44 85 3 50 31 58 79 61 39 80 15 26 30 93 51 48 73 82 76 30 34 66 47 16 30 53 6 60 27 86 50 18 14 74 69 15 3 66 52 46 21 63 72 93 35 33 74 27 63 62 63 70 54 83 25 22 40 72 55 14 42 44 47 63 53 71 18 31 32 59 60 33 93 67 57 69 64 43 3 61 85 85 1 17 7 57 3 34 8 39 66 7 7 55 42 11 24 38 79 3 35 83 85 63 51 29 55 60 60 51 2 41 59 83 17 72 89 59 20 14 3 72 42 89 96 57 11 58 3 77 14 91 55 36 29 87 4 47 18 95 28 5 58 31 18 20 17 58 57 76 41 30 72 55 86 68 76 5 17 71 11 46 95 46 60 29 50 26 71 59 6 28 31 33 13 37 68 24 35 20 62 46 15 64 39 38 75 9 44 35 46 58 47 11 28 77 19 58 22 83 16 28 79 35 97 79 25 36 35 59 12 29 84 20 43 97 8 70 89 68 90 64 32 36 87 99 88 15 58 63 73 28 48 53 64 84 14 35 75 51 15 50 92 46 63 98 16 24 60 31 8 24 37 94 64 29 20 1 18 53 32 4 53 5 54 32 98 33 35 77 95 40 19 23 86 59 4 32 73 10 54 37 84 13 94 6 86 32 45 11 35 2 26 57 97 3 98 60 49 65 67 29 37 71 71 3 48 7 38 86 77 62 63 97 72 33 39 68 93 86 74 88 55 35 50 10 60 82 93 33 57 54 86 32 40 85 35 51 60 91 90 76 77 62 33 25 29 34 75 93 67 66 63 20 1 11 11 71 15 77 57 79 66 61 25 72 29 98 92 85 47 2 47 30 5 30 
26 63 51 88 34 11 78 61 13 31 63 19 10 92 58 61 25 22 19 9 79 23 85 33 65 63 1 53 57 97 85 63 82 53 34 0 9 68 79 30 35 9 35 35 77 45 69 53 6 90 33 74 40 35 69 55 54 71 18 83 64 3 89 29 15 73 46 89 55 90 46 6 22 6 14 90 2 83 15 6 26 71 60 94 93 14 36 31 40 99 61 89 73 57 76 39 55 25 22 72 20 23 6 97 73 10 0 77 73 72 17 88 48 25 24 27 85 42 89 42 46 62 36 54 83 88 63 10 41 87 72 53 17 57 9 18 4 6 65 43 32 97 84 98 20 72 13 89 24 89 19 71 8 79 77 92 90 2 51 65 58 62 70 59 17 70 21 58 3 76 13 61 93 59 6 84 99 1 59 89 79 34 3 47 74 0 61 68 15 25 21 73 1 86 29 79 88 49 63 12 11 5 55 94 24 36 63 0 52 98 89 23 49 9 5 2 69 76 32 40 77 27 84 37 78 63 32 20 90 2 75 53 71 74 36 95 55 30 57 35 59 17 40 82 58 30 77 75 28 19 5 24 20 66 99 70 74 61 1 83 48 49 85 56 11 97 40 76 80 84 38 92 45 40 16 42 62 57 55 15 36 77 30 27 85 45 77 28 19 16 22 96 13 62 4 74 36 88 51 68 87 62 48 76 13 53 57 76 10 70 62 77 84 30 61 10 7 83 51 38 55 60 20 2 98 93 1 99 93 57 92 0 58 71 45 38 43 70 6 44 45 29 7 58 76 54 55 97 14 50 41 1 70 57 27 77 78 10 29 62 10 18 57 87 3 9 5 64 28 41 13 62 40 78 86 25 96 30 72 63 34 29 51 92 95 7 39 50 89 97 94 72 24 78 4 33 29 83 98 18 
3 13 24 5 26 73 51 23 37 64 43 76 52 88 40 28 70 39 24 41 59 22 52 40 53 81 66 40 69 17 39 69 52 66 28 41 99 58 70 3 70 65 34 97 47 75 86 0 51 83 21 61 17 34 53 91 24 35 79 58 17 51 67 97 68 76 81 23 15 22 30 90 15 42 79 10 64 22 87 5 71 32 71 79 14 27 27 84 10 80 79 67 64 41 39 49 22 23 74 35 91 35 9 84 33 33 87 86 6 9 28 15 73 47 18 87 34 18 28 88 29 88 73 4 27 92 35 54 30 15 73 44 74 86 33 88 95 44 66 58 37 65 13 41 13 54 10 67 18 68 58 82 8 63 75 61 52 90 51 75 20 28 72 15 4 80 19 19 21 45 28 13 85 0 33 3 24 11 63 26 5 20 9 47 24 77 95 53 14 72 38 21 65 70 44 31 50 68 66 28 40 42 88 64 71 43 98 94 17 9 64 62 27 69 95 11 59 66 86 57 13 23 65 4 80 81 93 69 75 17 32 12 27 34 32 15 46 3 6 50 48 3 39 96 13 25 78 1 11 30 99 4 50 41 25 11 29 33 59 28 3 77 55 38 66 56 82 57 18 70 38 11 86 83 78 39 50 11 76 26 56 5 92 15 48 12 60 70 53 31 89 1 22 83 33 83 90 10 27 42 64 54 34 23 9 68 46 96 90 66 27 97 45 56 91 37 59 66 98 87 35 77 96 0 13 15 8 31 38 27 30 80 15 41 82 13 44 78 74 58 78 16 88 3 10 49 25 7 0 17 25 67 40 8 65 32 52 36 16 37 66 71 89 32 99 41 57 75 88 65 0 78 20 64 2 3 27 14 62 85 46 27 75 97 6 25 18 25 9 92 79 66 70 74 38 25 77 37 56 45 
59 81 94 27 19 30 67 66 49 13 34 90 1 78 6 98 23 95 43 1 50 14 35 25 95 64 47 37 96 1 96 5 80 74 1 6 36 86 65 0 43 12 17 94 66 29 92 37 18 17 2 33 34 11 78 91 28 37 90 72 72 16 10 68 55 28 65 71 29 48 65 88 17 2 82 35 99 88 93 52 36 25 93 60 85 41 54 83 2 86 44 91 13 20 57 64 65 56 34 1 85 85 59 86 27 42 79 98 59 51 95 55 64 46 13 4 52 13 28 98 59 37 20 14 20 60 8 57 69 4 60 33 84 11 87 28 74 94 86 34 91 22 65 67 98 43 34 49 46 87 19 68 25 15 72 48 60 4 94 55 72 53 30 94 3 27 81 47 69 49 87 45 45 93 22 48 51 14 96 32 8 68 69 68 64 45 82 61 90 64 28 5 56 48 38 69 9 13 52 58 33 95 72 59 92 68 11 65 42 86 7 21 4 78 0 46 22 81 75 43 65 73 46 95 15 63 42 1 71 66 5 46 69 56 32 97 32 71 24 63 71 83 14 99 96 86 25 27 89 49 43 7 65 73 68 22 21 76 6 23 11 64 96 38 53 52 94 35 30 39 9 21 50 65 31 47 44 17 76 7 1 99 82 28 2 29 70 86 56 61 32 91 87 69 97 0 45 39 19 72 77 54 1 96 68 25 44 32 62 2 37 89 68 21 23 32 13 50 75 66 50 92 91 52 14 92 72 41 46 69 11 32 90 21 85 88 92 49 10 15 68 28 79 18 16 98 35 71 33 94 1 79 75 76 54 46 69 56 0 8 35 59 6 65 15 57 70 64 67 62 84 11 2 61 96 14 80 49 23 58 86 38 46 48 49 17 66 66 59 71 82 89 5 27 75 9 30 92 82 36 
15 84 64 29 34 16 62 36 41 24 29 61 33 39 62 74 34 18 39 0 84 28 75 18 58 90 96 60 39 12 33 94 42 36 12 1 94 60 74 48 58 6 29 67 21 36 59 28 73 85 57 24 5 31 48 60 8 29 15 71 36 43 25 59 24 36 97 78 41 71 52 59 67 75 73 29 62 16 28 23 15 17 71 36 13 36 32 30 83 58 81 53 51 35 8 34 19 70 91 76 32 48 31 85 85 11 43 18 65 53 80 15 58 50 38 99 92 47 6 78 17 59 14 76 3 15 24 24 65 20 66 33 14 67 1 45 34 62 61 31 65 98 16 95 13 17 51 23 54 16 69 60 28 7 33 61 9 95 95 48 42 4 66 38 63 88 72 4 56 72 17 55 90 87 88 68 29 16 36 16 44 79 74 13 8 49 0 94 12 99 69 24 8 69 38 46 19 24 41 29 99 18 3 67 32 4 0 41 40 44 93 76 93 20 29 41 63 27 9 47 52 39 12 16 1 62 99 31 15 97 56 33 90 42 85 71 12 49 79 31 21 65 24 20 70 71 58 59 43 84 57 52 94 71 75 61 36 97 69 57 78 16 52 32 1 85 62 58 9 38 3 93 92 44 99 95 29 49 72 56 75 28 80 27 68 35 61 35 6 85 72 81 32 37 55 17 48 92 69 45 68 35 2 28 22 71 28 34 92 16 41 23 32 99 50 87 96 87 63 25 82 70 64 19 62 65 3 88 96 97 11 39 55 20 61 72 18 43 53 64 43 21 79 1 65 37 38 66 30 31 57 20 48 28 44 6 79 22 61 51 16 10 0 37 41 89 52 72 4 85 23 67 88 25 27 30 70 78 57 56 49 55 11 55 64 3 9 71 23 78 41 19 92 33 80 26 47 54 30 44 
13 88 53 83 1 38 77 29 19 26 87 11 93 28 4 67 3 67 95 65 99 83 47 47 89 36 66 55 99 76 9 85 88 75 65 77 14 90 5 86 33 53 44 68 98 68 9 40 16 29 74 65 66 43 99 29 46 22 11 60 44 29 51 95 21 72 49 37 21 20 42 2 7 91 84 94 97 76 51 25 64 59 22 38 20 37 4 33 83 91 4 64 94 39 5 81 13 30 98 6 44 55 41 49 17 77 95 42 45 1 72 50 53 94 82 41 78 33 91 36 64 10 66 55 22 80 75 92 43 73 76 57 34 1 38 6 48 41 36 95 62 73 0 21 37 75 4 90 55 78 40 53 30 13 28 38 95 74 85 84 99 85 47 81 36 81 57 26 99 16 4 55 33 10 21 43 80 0 70 88 27 70 51 78 36 95 21 49 41 27 10 20 53 18 82 95 57 99 42 5 79 99 31 14 97 71 1 71 52 7 69 64 66 88 43 4 79 56 44 7 85 61 79 36 18 24 87 74 65 43 88 10 6 88 53 93 94 4 66 90 75 94 25 73 69 28 26 73 70 56 2 93 45 43 77 45 85 87 68 83 56 49 81 49 82 77 10 32 56 68 90 3 81 95 29 24 31 66 90 97 61 60 35 79 68 61 70 99 91 19 74 46 55 69 23 71 50 61 41 98 76 41 1 80 76 8 83 20 73 63 16 28 20 58 87 92 27 15 14 21 50 72 17 74 13 3 35 36 31 32 27 80 77 14 49 1 50 63 49 50 46 25 36 93 92 11 38 16 60 53 19 80 56 23 84 72 47 36 29 71 24 17 16 93 76 63 69 51 98 91 32 65 94 45 38 60 96 11 71 28 30 11 43 16 13 86 97 99 96 98 32 49 9 74 24 74 52 76 48 26 
1 52 72 70 89 95 57 70 0 83 72 28 30 33 71 8 68 70 10 76 32 70 94 81 7 26 75 51 9 93 27 93 78 74 44 97 0 32 54 7 85 81 63 39 46 19 71 12 17 88 88 42 19 17 49 88 52 29 56 11 83 3 2 61 61 17 62 65 22 26 42 58 6 63 37 10 97 13 27 89 64 14 59 66 18 81 86 93 91 3 65 94 3 8 21 77 94 73 40 19 79 31 83 88 63 79 89 44 88 12 51 11 93 58 58 4 16 28 13 33 13 4 64 5 28 61 15 66 70 66 31 62 24 13 97 68 37 55 85 38 61 22 66 53 33 59 23 3 29 96 25 16 88 85 86 64 74 31 73 60 52 52 23 87 36 62 22 7 51 38 27 44 79 40 54 0 56 56 92 67 1 83 72 53 95 28 34 22 58 0 36 26 89 56 8 9 23 41 48 60 9 48 20 73 6 39 49 7 12 23 10 94 5 60 84 5 26 86 18 16 87 70 62 44 67 96 13 37 22 65 88 84 24 68 72 26 31 9 3 43 99 95 89 33 9 19 50 63 18 7 76 10 97 87 99 67 24 93 71 35 31 68 2 47 54 80 27 26 37 92 58 79 56 8 13 31 7 64 46 68 50 8 58 91 21 17 13 87 72 68 83 58 9 97 78 56 6 67 33 57 36 7 73 28 4 66 65 86 89 18 96 27 14 35 78 67 50 70 22 39 69 3 18 87 77 80 84 91 89 41 41 25 69 93 91 10 38 69 71 22 74 19 47 29 51 70 88 75 72 12 36 28 85 84 19 21 17 97 75 42 1 14 36 92 38 36 13 88 66 49 21 56 7 18 69 30 8 88 78 75 72 18 9 38 68 26 61 25 72 40 64 70 77 67 46 78 6 39 59 95 
76 74 44 60 30 52 44 97 77 36 6 46 57 48 21 56 40 8 91 14 83 53 79 46 33 74 27 96 62 18 33 74 65 73 72 97 46 71 13 2 31 24 2 97 35 46 6 10 75 16 94 97 12 29 36 12 66 80 79 82 96 41 26 42 44 76 40 19 84 40 35 95 53 27 28 91 38 0 47 73 20 25 22 5 25 74 39 20 79 25 65 59 87 56 52 54 97 12 86 40 70 75 24 61 71 53 21 49 63 18 83 21 36 15 31 31 10 77 7 63 89 86 59 11 44 27 41 43 61 78 84 26 59 9 42 31 57 42 16 51 97 24 39 5 94 98 81 87 18 79 18 37 58 65 95 80 37 70 10 81 43 64 11 37 31 52 79 39 96 34 23 64 93 54 59 50 42 14 67 8 93 98 66 49 60 4 86 95 32 45 31 11 67 0 83 22 31 2 37 61 83 65 52 48 98 97 7 55 76 75 91 59 43 8 0 48 79 73 75 47 57 65 95 53 98 72 83 20 94 69 8 82 27 7 16 20 16 19 66 61 1 53 83 91 72 91 87 85 45 42 80 78 99 56 12 68 83 10 97 96 56 47 70 62 11 96 67 56 19 41 41 48 68 88 51 45 9 85 17 89 64 46 83 60 6 27 12 24 42 65 83 6 10 78 53 28 99 68 25 51 36 96 57 35 74 88 5 25 78 37 96 63 91 53 9 86 58 71 12 28 80 28 34 61 43 20 79 89 99 88 77 30 94 66 20 18 89 22 88 49 33 14 86 48 55 30 14 40 28 94 16 61 72 85 46 30 75 80 46 56 64 90 85 5 77 17 30 34 99 60 15 4 88 66 65 96 31 43 26 97 15 54 80 47 78 91 19 40 82 82 15 50 25 39 11 79 2 63 69 91 
4 40 3 92 86 20 69 62 7 55 77 22 47 54 79 49 66 62 89 8 41 62 61 98 58 0 88 12 75 66 39 40 7 60 40 78 32 92 84 79 79 98 66 70 84 49 78 3 49 18 59 42 83 76 50 69 84 36 52 57 39 73 30 38 95 90 50 45 89 74 84 18 60 68 66 90 75 9 58 54 54 7 42 41 73 24 28 38 2 74 74 22 23 44 84 17 35 60 92 6 53 46 63 24 69 94 81 17 36 53 21 22 50 46 14 25 2 94 68 55 20 44 64 38 89 87 29 48 0 4 0 28 44 0 31 16 39 66 91 48 73 81 55 30 84 13 91 43 22 18 26 41 63 37 32 98 24 98 15 11 12 53 36 4 15 77 57 91 81 13 8 67 88 77 70 79 16 25 24 31 13 48 42 30 62 80 27 13 81 81 77 91 34 67 73 14 41 35 56 80 83 27 79 49 48 73 60 77 50 58 35 84 52 81 48 58 61 31 33 88 35 28 2 52 11 10 83 33 63 47 6 93 45 65 61 27 10 49 6 2 35 61 82 19 42 31 23 36 16 13 74 86 94 79 31 93 98 73 9 89 79 70 61 11 48 49 43 60 28 5 44 45 66 72 58 80 47 96 72 53 64 50 69 92 94 86 60 55 59 55 29 71 23 6 2 92 79 37 46 93 84 18 94 0 47 5 95 97 28 86 15 65 48 94 83 82 28 21 69 89 75 9 93 91 83 77 25 64 74 79 5 33 22 82 64 4 95 31 93 97 40 31 60 75 61 1 13 23 23 37 57 84 64 28 86 84 77 17 18 98 46 65 15 9 81 42 13 0 5 93 55 58 63 73 3 23 1 24 57 8 63 0 81 36 64 36 96 75 19 12 16 7 85 14 79 41 25 91 91 5 
17 29 22 53 46 38 23 91 51 45 19 48 29 95 14 52 87 21 83 16 52 61 13 75 30 74 2 36 50 3 28 42 47 46 70 9 56 69 58 0 68 17 73 84 96 23 46 40 20 72 74 46 77 47 83 29 90 96 92 30 45 36 44 80 60 12 47 47 97 21 58 49 22 57 61 79 0 30 93 21 99 7 67 29 93 68 59 33 59 66 93 16 93 28 49 22 95 99 33 10 98 0 31 39 60 43 64 86 74 82 89 55 72 47 96 22 60 39 57 96 8 27 52 74 42 69 34 49 73 7 84 63 45 29 39 49 42 60 62 49 9 58 16 41 96 9 66 37 63 88 80 34 86 63 55 11 96 30 10 49 21 72 51 33 61 12 29 97 73 53 43 3 61 86 84 20 74 43 16 77 20 27 86 66 16 18 88 24 92 62 10 81 83 58 31 69 55 33 64 39 32 1 63 73 11 77 51 8 86 35 92 3 74 16 17 57 38 73 76 33 94 3 54 14 11 33 16 75 37 28 33 12 15 47 77 42 38 57 93 92 56 96 72 98 62 99 70 6 68 34 11 81 24 36 82 91 38 93 74 14 10 50 76 20 26 37 82 15 46 37 12 68 25 74 42 71 86 68 61 62 67 46 57 72 4 29 81 29 39 70 37 7 2 29 85 78 82 10 78 91 35 5 91 41 41 48 20 22 73 64 25 5 6 17 13 31 45 62 1 83 67 25 44 65 74 14 71 7 79 10 65 23 34 37 69 87 26 0 94 6 79 41 52 62 37 24 48 42 27 67 4 18 56 84 4 89 13 38 68 2 19 9 79 58 34 21 3 57 90 37 26 71 89 40 16 97 53 1 70 44 51 24 75 73 16 45 93 38 99 79 26 32 56 79 64 29 84 30 5 76 
12 3 79 86 14 82 14 52 29 26 87 70 16 98 86 94 3 30 59 29 77 66 86 41 85 92 27 32 98 14 7 11 57 42 16 15 30 37 26 4 81 65 79 40 83 63 92 30 15 33 54 2 50 12 4 12 47 20 85 82 82 78 56 35 59 59 6 41 38 23 88 76 42 92 94 32 38 16 39 11 66 76 61 88 18 8 92 1 92 63 54 20 8 7 93 60 40 28 57 9 1 43 88 61 83 6 15 17 68 98 89 5 43 17 41 39 10 97 13 77 18 25 86 45 71 67 7 9 60 22 8 51 11 44 65 30 56 43 99 89 46 67 95 51 51 43 19 36 13 73 88 76 1 39 72 78 95 8 40 42 26 45 5 58 89 96 48 57 62 3 38 65 82 65 57 98 65 74 25 83 11 39 85 45 91 71 6 66 68 28 56 28 22 34 94 10 14 78 17 58 39 17 92 52 6 14 67 38 45 98 23 72 17 87 28 37 54 87 82 46 38 9 5 11 12 91 96 80 62 54 40 58 10 51 92 51 85 52 32 30 92 99 51 17 70 21 29 47 34 49 1 46 82 45 89 74 5 18 63 32 5 36 68 57 4 68 40 81 72 2 17 46 52 29 47 97 6 29 83 44 81 23 31 81 4 18 98 74 52 81 19 17 76 20 79 22 67 33 6 59 21 64 71 31 19 36 88 42 53 11 8 68 65 3 43 95 34 19 74 11 17 14 92 80 66 18 95 2 18 4 95 88 11 25 96 5 97 4 86 8 36 23 38 70 94 83 15 22 70 60 45 88 77 48 45 88 0 86 97 17 89 10 87 61 83 19 12 23 97 13 21 9 42 29 98 39 22 90 57 83 31 65 61 17 50 46 43 66 92 36 85 25 93 43 93 98 40 97 29 22 
47 44 13 46 84 13 96 6 51 83 50 93 70 42 89 87 71 6 26 30 21 25 11 29 17 96 31 42 14 23 9 6 51 75 81 82 4 76 27 8 56 20 14 22 30 15 84 58 81 55 98 87 60 91 14 35 30 59 19 57 29 13 65 57 58 51 18 34 72 28 77 92 30 92 68 98 83 56 55 97 2 21 35 65 43 23 20 28 42 21 14 69 6 64 1 30 95 49 84 13 88 2 76 43 72 19 38 42 65 53 30 13 1 96 16 54 33 94 39 95 43 39 8 92 28 86 69 87 34 11 11 17 42 43 17 52 26 25 82 30 73 11 21 89 55 8 90 63 86 22 4 0 69 32 97 30 72 76 45 65 60 79 67 2 92 45 72 24 52 62 33 61 62 12 63 14 18 45 77 31 55 45 98 17 30 87 12 12 40 43 20 39 32 28 51 17 54 18 68 63 83 19 91 28 20 29 77 52 29 0 65 47 87 78 63 52 20 58 23 25 34 81 44 94 58 62 9 66 2 89 91 52 34 10 92 42 60 43 36 74 61 91 46 30 90 56 53 93 6 28 68 46 82 31 47 53 55 52 47 12 78 97 3 80 30 88 76 80 57 20 34 24 40 43 80 86 32 61 13 33 5 13 20 75 38 50 85 85 85 72 78 72 81 68 29 42 5 70 18 1 47 10 83 55 1 9 98 47 14 60 7 72 72 28 59 71 56 45 64 25 91 89 53 25 8 41 73 11 41 2 99 26 95 75 85 27 56 39 37 2 27 97 19 49 11 91 64 15 12 3 11 22 22 39 58 4 14 36 31 94 66 34 35 67 96 97 22 7 66 86 65 63 92 36 53 80 38 81 21 46 80 30 37 96 44 90 47 32 51 25 14 12 46 44 46 91 34 3 4 68 
30 67 26 33 24 89 64 19 14 43 16 29 62 45 7 42 64 42 81 95 99 92 92 57 35 46 84 90 62 37 21 58 96 65 59 5 99 84 29 95 74 55 74 51 21 84 9 93 2 59 88 26 99 9 47 60 57 82 44 14 87 27 85 68 25 95 82 98 25 61 12 79 3 62 87 21 50 95 47 60 91 74 32 27 86 24 56 29 50 30 19 68 17 80 62 90 19 3 9 21 67 48 29 81 60 72 18 11 0 81 44 92 38 81 17 82 25 38 74 78 32 33 9 51 84 55 71 97 61 36 61 38 20 86 48 17 17 30 1 44 19 25 50 12 0 77 10 2 74 65 83 60 30 31 14 17 17 93 83 33 76 6 94 40 73 97 24 80 26 6 6 5 83 88 59 53 39 59 56 56 88 70 81 6 17 64 6 42 7 47 55 81 70 57 99 71 76 86 35 70 48 41 38 65 29 87 24 50 69 17 99 3 80 34 22 50 44 72 92 31 3 89 31 66 26 65 42 73 11 74 7 90 22 8 41 25 88 14 81 84 10 13 51 92 28 51 40 36 39 27 82 44 51 75 11 55 37 6 85 3 50 99 89 89 0 78 59 4 89 85 21 7 28 69 64 31 35 99 63 13 10 97 58 96 61 5 10 89 78 20 33 84 95 47 17 86 79 86 7 83 18 57 58 14 37 11 57 15 69 72 69 41 10 54 69 95 33 32 65 12 29 47 90 89 44 17 42 78 65 2 39 98 93 8 50 70 93 62 56 1 22 12 21 83 66 98 2 7 65 22 69 47 22 28 64 53 20 60 9 32 13 93 73 40 90 28 18 50 94 42 19 0 19 78 70 79 22 98 15 54 15 93 96 86 30 65 98 98 44 10 79 25 84 27 38 29 83 91 98 3 
22 38 75 48 44 10 89 75 63 84 98 80 3 7 10 2 36 95 78 8 63 14 62 41 88 35 26 38 6 55 78 53 0 72 92 39 39 96 66 25 20 58 16 58 11 82 61 3 72 23 18 53 21 36 94 67 12 15 0 35 55 90 1 95 65 95 37 23 46 8 44 89 37 14 1 47 49 77 51 72 79 47 7 62 55 88 97 4 21 67 98 40 84 50 32 65 95 23 51 40 32 1 89 68 67 18 89 33 53 40 70 66 8 69 0 89 95 66 41 23 90 17 54 67 15 74 52 76 17 9 43 23 62 78 83 5 41 96 84 89 57 30 92 85 91 55 27 78 72 14 88 69 7 26 77 55 59 78 95 80 32 31 91 96 58 88 95 17 3 46 29 49 87 25 81 32 37 3 50 97 71 24 16 61 40 90 75 30 25 98 85 0 90 6 75 2 43 68 49 92 10 59 38 37 66 16 51 87 65 44 71 36 78 4 58 96 98 1 63 44 16 82 96 73 50 14 49 14 26 66 21 29 61 27 21 32 79 79 5 71 75 74 24 46 68 14 1 5 36 84 91 74 28 98 90 2 48 0 67 59 85 82 39 65 32 41 99 7 0 70 30 44 43 89 81 65 49 59 83 97 22 97 77 52 21 58 16 4 69 42 87 54 91 97 18 11 80 59 59 22 40 93 67 73 58 81 88 58 90 93 30 88 69 61 78 1 84 94 74 67 72 18 3 42 8 5 95 88 7 4 27 96 64 73 44 35 19 10 55 44 50 90 19 1 64 1 54 70 96 18 52 50 61 2 11 56 29 88 90 56 24 96 61 5 2 76 77 45 3 36 0 35 89 68 50 33 11 4 65 99 2 58 58 26 89 4 81 19 9 72 47 46 56 24 26 51 45 23 97 24 
33 83 73 69 92 97 7 87 55 53 10 79 40 91 51 70 15 62 48 80 64 35 58 2 37 38 22 91 13 51 93 40 77 75 95 36 38 59 93 8 87 38 27 66 76 43 13 67 47 18 19 43 39 36 38 37 46 23 53 40 51 74 38 60 11 32 93 52 35 92 70 48 75 42 50 37 38 24 42 40 2 43 3 35 5 14 89 7 11 99 90 67 70 94 26 96 28 11 29 94 56 43 12 33 68 13 24 92 48 88 27 90 75 41 16 77 62 95 65 43 33 15 47 7 38 57 69 69 95 30 33 58 28 8 16 30 24 3 92 90 92 9 71 20 74 48 38 12 74 18 71 46 59 17 66 10 20 61 1 71 92 43 6 99 11 71 34 13 46 92 68 44 14 78 72 79 19 32 56 73 62 71 70 64 49 23 64 20 43 20 40 69 44 0 52 97 61 92 69 95 83 60 70 29 20 62 4 87 39 61 60 20 13 58 40 12 8 75 61 6 27 96 28 36 86 87 79 22 27 51 11 99 61 19 20 42 80 83 4 3 9 35 40 32 40 31 83 14 83 23 44 60 89 32 87 56 66 50 63 67 84 8 2 54 51 49 72 34 89 76 20 32 50 86 25 49 82 26 16 7 2 74 7 97 71 56 65 48 77 7 19 83 5 39 7 63 1 26 54 86 8 93 28 13 92 78 82 68 43 27 15 95 70 39 44 90 16 8 92 8 22 37 28 80 57 4 74 3 8 94 96 98 20 98 83 99 45 76 77 77 19 67 36 93 2 96 52 38 85 48 23 9 49 20 46 54 68 75 38 58 43 94 33 97 41 75 99 77 97 74 16 51 71 28 27 22 94 84 35 94 44 48 25 59 18 67 29 30 58 77 57 19 55 32 32 32 79 56 6 80 
79 33 9 27 50 39 19 9 18 11 29 70 48 64 59 9 2 56 1 56 16 80 37 86 6 50 66 10 71 53 21 11 3 82 62 97 72 85 97 59 27 81 41 69 81 68 69 20 48 30 57 67 17 74 75 64 38 18 79 96 84 62 84 51 89 11 92 76 82 88 1 79 80 34 84 15 24 13 19 55 53 66 66 60 37 61 19 1 35 42 15 77 11 96 18 20 73 14 82 4 83 66 87 22 86 6 2 61 16 1 24 23 88 2 28 18 45 95 37 16 91 24 89 66 38 45 1 41 64 14 86 14 7 73 3 12 64 1 15 47 94 17 25 68 69 47 83 86 4 74 17 6 48 34 54 66 83 22 27 19 22 98 62 26 83 23 76 80 42 20 7 4 20 30 11 81 60 5 71 63 70 84 66 39 93 71 99 38 58 52 17 25 9 24 67 51 98 71 59 31 96 29 70 89 20 54 24 86 2 80 71 6 99 24 77 90 23 71 46 66 33 73 71 76 43 11 33 26 72 25 56 12 47 61 95 14 50 23 60 56 10 45 97 31 72 42 34 75 45 98 59 89 78 43 81 28 11 47 60 78 82 8 91 44 90 85 47 14 20 47 5 67 16 66 67 41 65 2 69 19 47 84 68 76 89 33 54 44 18 16 47 56 66 90 40 86 69 59 90 85 76 60 25 66 29 81 2 0 12 48 2 54 93 25 39 14 52 30 88 60 43 2 4 3 63 94 35 7 5 85 60 44 21 5 78 46 32 20 26 62 83 44 72 83 28 85 46 16 57 40 65 21 10 21 37 84 34 88 23 51 29 89 97 35 56 10 6 39 57 85 66 68 69 34 40 87 71 92 59 54 47 78 86 47 23 57 27 87 69 57 77 97 17 65 8 21 40 51 37 48 
81 39 52 57 26 10 86 17 55 6 22 23 99 48 74 29 31 91 86 59 55 35 17 38 94 8 38 27 29 87 21 21 23 14 50 83 71 80 74 2 58 19 17 71 80 30 39 0 25 1 1 37 72 39 19 69 90 10 71 0 40 61 25 43 15 5 65 62 15 36 60 42 71 24 26 79 90 60 39 67 77 0 94 80 29 1 14 63 52 27 55 77 15 26 4 10 33 10 1 35 99 51 11 12 23 79 3 11 21 82 91 11 36 1 87 77 97 2 84 31 33 50 14 22 32 91 99 89 66 52 69 34 53 79 25 60 28 6 2 90 26 96 63 20 29 78 77 99 40 36 95 26 71 37 3 50 23 76 38 21 13 95 15 42 43 94 76 12 77 59 16 65 20 15 43 89 60 77 92 83 19 53 4 7 41 8 52 73 51 85 37 21 19 27 53 8 93 46 65 93 70 28 40 39 47 97 71 55 82 36 35 17 21 11 87 43 4 49 23 92 40 70 27 82 7 76 36 99 53 73 7 78 19 31 76 77 12 87 6 61 54 97 8 48 62 88 35 6 58 13 49 31 74 0 29 32 9 31 20 40 5 25 44 9 85 54 54 31 82 46 98 91 16 35 85 48 87 42 34 79 53 52 2 37 70 57 20 42 37 78 29 50 57 36 30 6 68 16 83 44 50 80 77 3 53 17 43 47 35 83 14 51 13 50 85 83 35 43 22 24 84 74 90 34 11 89 78 62 14 33 3 16 6 15 0 63 28 85 94 94 38 66 64 17 5 92 79 33 5 4 83 31 49 40 36 60 65 48 84 8 17 21 26 73 0 21 70 75 13 38 22 36 61 99 24 82 13 56 61 37 13 74 5 55 12 94 36 79 46 61 0 22 80 60 32 96 79 24 49 20 
96 48 78 38 91 34 90 57 29 60 13 42 50 96 70 95 66 54 24 39 7 55 62 13 52 98 4 60 16 91 47 86 6 47 20 27 80 11 5 91 22 46 55 82 72 65 88 28 78 2 76 78 31 13 25 8 24 15 31 26 78 77 33 32 18 35 70 81 76 14 39 80 43 64 9 14 59 95 49 66 96 24 70 86 94 24 34 0 68 87 37 49 97 84 91 62 85 13 61 8 52 47 42 87 84 89 33 57 92 77 65 0 81 99 16 51 36 33 85 92 0 26 14 39 30 95 25 50 6 43 21 6 11 58 55 52 17 64 57 48 74 87 2 90 68 42 67 46 22 0 94 62 49 76 26 32 64 78 62 14 57 54 21 92 18 83 37 56 91 99 43 86 6 49 11 9 5 99 43 70 15 29 97 26 18 10 40 22 11 49 80 42 90 78 31 13 95 35 34 55 69 69 28 24 15 71 63 65 21 49 0 80 35 81 81 77 59 2 58 22 47 4 77 99 74 76 25 2 0 80 44 45 24 14 15 41 25 41 51 77 18 36 62 24 71 58 92 47 33 94 86 42 13 91 2 24 16 38 48 86 45 63 21 24 39 38 14 6 20 64 19 70 15 68 60 37 98 81 88 75 79 56 33 46 36 7 63 62 8 62 80 79 8 81 67 39 42 49 99 47 81 26 31 43 37 89 92 48 24 55 18 42 17 26 78 54 12 94 47 33 15 35 41 57 59 77 42 40 73 47 19 79 15 64 2 37 58 39 28 44 86 67 18 67 44 6 71 13 30 81 68 96 48 48 46 49 66 78 24 84 21 4 90 43 23 63 5 63 61 58 5 66 79 80 75 47 31 34 62 59 5 77 88 52 31 27 56 79 87 62 12 34 13 89 0 38 35 89 65 79 
42 87 98 81 63 16 30 81 98 77 40 85 82 40 56 76 64 91 31 22 48 84 53 66 58 0 4 85 45 59 88 42 42 60 21 46 23 38 12 82 10 67 97 43 99 44 44 49 60 60 31 83 96 19 88 58 42 38 64 31 72 38 38 58 44 82 52 45 6 94 67 30 41 72 93 72 58 11 8 63 78 22 92 53 12 57 73 95 95 68 74 13 65 73 69 35 12 58 44 13 24 15 27 84 14 20 60 73 86 15 55 77 19 29 82 53 35 1 84 8 29 20 67 91 31 27 11 24 55 18 17 47 45 15 82 40 90 11 65 1 44 75 51 31 62 97 72 55 65 7 52 63 62 60 79 84 42 46 58 14 24 0 63 34 70 21 70 40 15 41 45 37 79 95 10 2 67 78 39 90 34 43 94 68 60 46 13 33 67 57 16 73 51 35 73 51 58 46 53 26 8 2 40 84 7 26 69 74 2 52 95 82 99 29 46 8 35 8 83 37 29 36 81 35 77 54 13 65 66 12 41 86 37 90 62 3 37 70 47 42 52 67 88 44 79 98 64 39 5 73 95 53 52 43 35 51 57 55 49 69 41 96 35 13 11 65 23 14 67 42 22 3 72 71 69 12 23 32 56 24 40 33 34 28 52 50 81 71 55 1 50 78 31 90 86 74 53 84 38 24 68 10 20 32 3 9 28 81 69 64 54 68 83 12 84 67 74 17 6 56 48 20 24 97 72 66 68 14 64 5 29 34 93 54 58 10 91 59 87 4 91 42 37 82 91 66 33 97 93 48 51 9 58 72 79 26 1 81 71 45 86 18 18 35 32 39 36 25 66 31 75 20 53 63 42 87 63 19 36 39 10 31 44 3 84 85 26 16 13 37 76 90 13 77 30 40 0 75 42 4 
32 67 56 30 82 37 57 75 79 59 91 69 52 70 33 21 3 83 50 80 64 24 47 14 44 4 60 20 41 23 16 51 71 77 30 26 30 62 90 13 63 38 92 86 11 18 85 20 73 90 3 53 75 40 36 20 60 85 42 40 92 64 53 12 13 0 68 19 49 45 69 9 84 12 40 83 39 41 53 95 93 98 5 28 57 39 78 21 16 6 42 51 20 52 99 0 65 75 75 50 15 45 9 12 89 29 38 71 17 93 46 88 7 96 16 56 54 88 67 0 84 86 1 30 85 0 88 42 76 76 32 78 69 40 44 10 67 9 28 27 20 36 22 40 8 2 95 42 67 35 13 50 77 73 59 45 12 29 73 4 77 38 12 23 11 17 28 66 56 1 84 42 84 88 93 5 95 5 44 86 62 79 81 7 18 83 28 87 16 14 93 22 8 97 70 31 35 16 2 17 70 19 19 41 42 79 29 75 84 58 93 75 98 66 19 74 47 32 88 5 77 42 42 13 54 57 57 0 31 93 57 7 37 45 17 32 84 55 80 85 64 43 83 90 28 27 98 36 44 32 22 38 36 51 98 61 77 18 28 54 18 52 43 55 23 57 30 50 69 79 20 40 38 14 86 66 2 6 76 12 2 63 19 83 92 60 62 29 23 80 8 10 9 77 58 85 14 37 46 87 42 27 7 23 86 85 45 64 63 63 27 99 92 69 3 28 45 5 18 85 76 7 61 40 10 4 23 98 1 60 56 61 49 59 85 23 69 38 9 35 84 11 84 32 99 30 66 16 84 38 6 39 67 31 51 39 60 85 10 66 93 69 57 73 93 18 56 36 90 52 27 20 95 4 59 56 13 18 40 15 95 90 49 4 40 17 46 96 20 52 11 36 1 42 14 94 11 62 3 97 
29 43 85 86 62 51 92 23 8 46 56 86 29 12 61 7 47 91 17 54 84 21 6 65 57 86 92 6 30 31 97 51 83 87 8 54 73 76 34 56 36 84 51 45 23 1 72 78 57 50 73 82 71 57 94 12 66 73 98 57 38 79 31 49 19 28 51 40 42 84 98 19 24 74 97 99 51 70 67 53 77 87 90 71 97 70 92 14 10 11 7 48 87 79 81 84 57 10 48 47 87 29 76 89 12 54 38 45 12 83 82 81 31 29 84 38 39 26 40 14 56 36 94 7 58 83 79 87 21 9 29 4 12 17 52 10 84 62 18 38 30 16 76 46 20 63 39 22 0 99 62 97 73 20 40 49 58 95 8 31 20 97 63 94 19 62 26 37 36 0 21 91 30 98 27 75 19 51 38 56 12 87 70 19 15 99 29 83 87 68 74 63 37 50 54 62 6 2 86 31 77 38 30 8 59 71 97 69 20 48 43 60 40 29 27 79 13 74 49 72 46 0 63 72 0 72 46 8 97 88 7 28 27 43 34 80 61 93 71 3 24 73 44 13 35 84 86 50 39 11 87 41 90 41 56 86 82 68 82 54 78 84 82 3 80 83 57 91 45 70 17 90 9 84 38 84 17 58 83 43 82 79 5 1 39 89 80 72 70 8 43 83 99 37 59 4 46 22 95 19 10 28 59 90 34 64 24 0 30 10 10 79 5 75 65 89 78 58 53 75 93 61 49 1 67 13 6 92 80 60 11 93 84 69 40 62 0 1 72 78 47 8 75 53 84 97 32 33 46 47 9 78 57 28 52 69 87 91 75 31 79 25 75 4 92 83 90 78 21 43 88 26 71 8 10 66 40 7 10 16 83 63 74 38 84 44 44 6 58 99 5 24 85 81 21 98 17 5 23 15 
88 42 13 75 31 78 30 62 4 36 70 14 54 72 54 86 37 40 17 25 40 81 25 84 21 56 90 79 75 55 76 61 37 46 95 81 18 38 72 20 20 75 54 28 86 81 46 95 57 82 70 57 21 29 47 98 84 78 94 8 7 65 36 39 53 36 46 25 84 88 92 64 45 86 40 46 35 82 29 45 67 1 68 31 86 88 71 59 88 71 45 36 79 87 13 50 91 26 86 43 77 45 34 28 10 96 45 16 17 51 9 87 63 25 47 27 78 44 81 35 52 96 26 9 26 85 1 65 92 93 34 62 6 7 57 13 59 61 85 8 45 76 4 50 90 49 83 52 37 74 16 69 44 75 22 88 5 75 49 1 2 18 51 35 6 87 47 66 16 37 79 85 90 65 91 33 35 3 16 34 64 99 38 73 45 66 25 36 70 53 25 46 83 75 29 70 77 18 70 5 50 16 57 65 57 39 62 81 98 78 57 98 22 57 21 73 74 55 27 62 4 31 49 95 75 10 0 66 80 10 15 58 36 50 41 25 4 32 1 41 55 66 59 52 67 34 66 30 35 0 88 41 15 73 29 16 24 93 32 47 34 25 58 90 35 27 64 32 25 33 39 70 99 60 39 99 20 32 56 51 41 84 76 35 44 20 24 55 96 70 92 94 23 5 26 45 14 67 26 10 72 43 98 99 61 14 18 0 92 37 65 77 47 94 90 28 22 98 84 93 95 76 90 79 24 44 33 2 53 54 63 41 24 12 84 97 54 17 55 3 59 48 15 31 25 16 3 65 77 85 39 57 39 51 68 97 76 17 81 18 8 41 83 63 57 5 58 12 0 25 13 83 90 80 83 35 87 65 91 82 66 67 78 45 90 66 39 33 79 12 23 88 52 74 93 72 7 39 99 27 
69 91 87 4 84 67 69 57 26 89 30 66 72 54 40 29 23 23 18 30 29 4 67 17 32 70 42 89 6 45 73 35 73 1 78 55 65 88 21 39 14 72 35 70 39 33 51 22 91 25 59 57 51 47 5 48 72 78 10 57 47 66 34 71 38 73 94 16 90 7 11 94 61 26 24 65 12 7 57 80 88 72 52 69 93 44 20 66 77 8 85 13 18 68 88 8 98 89 39 54 5 0 94 76 97 63 83 80 54 98 91 94 93 65 54 51 37 83 10 30 30 42 87 13 1 26 93 61 69 67 56 66 56 95 47 49 25 63 37 70 65 41 5 68 55 2 61 75 57 33 93 42 91 55 75 40 74 68 94 19 9 22 63 35 47 36 67 17 61 34 78 80 69 52 3 44 76 80 37 68 20 8 46 3 97 91 46 35 40 34 22 78 88 33 38 2 45 48 67 54 2 57 37 46 51 99 44 71 95 63 86 87 94 9 24 31 99 25 96 61 36 84 99 73 21 14 38 35 10 5 54 47 15 34 48 23 94 30 42 8 68 48 11 7 68 20 9 46 57 67 61 39 21 90 27 85 37 44 51 21 34 96 47 86 88 10 45 32 71 77 59 49 28 93 53 65 97 70 31 11 11 56 45 49 87 76 31 61 71 99 68 8 66 94 89 4 14 90 69 44 89 20 80 34 18 96 25 84 61 73 44 27 46 64 87 58 82 78 55 94 75 23 23 33 85 53 9 40 68 80 28 92 44 55 77 76 26 11 4 49 73 91 18 38 57 31 1 58 55 16 99 51 41 24 10 92 99 43 55 75 98 50 2 95 96 27 5 95 21 68 77 68 68 2 45 95 17 25 33 71 45 63 10 5 42 10 66 36 77 50 27 60 37 71 38 34 2 62 78 14 
46 21 63 68 46 32 71 54 12 83 64 98 88 33 94 35 97 22 31 42 82 8 48 28 24 10 90 12 77 69 90 38 57 60 85 5 36 91 59 81 41 7 17 10 49 96 41 30 67 30 45 10 6 68 91 10 79 37 44 55 65 9 26 38 23 8 4 93 93 37 60 81 41 30 82 24 19 98 28 18 58 39 87 95 2 61 53 83 99 51 93 80 7 52 22 99 55 17 16 33 33 77 11 69 34 52 49 23 18 41 50 34 56 22 39 81 16 37 12 99 59 84 65 97 2 24 2 8 45 7 21 52 69 99 4 62 51 6 52 9 27 3 25 55 25 77 15 5 27 27 68 13 79 68 23 70 78 64 41 62 61 98 86 99 8 43 15 23 0 54 53 42 89 50 87 96 3 10 40 31 36 7 75 57 23 99 69 54 96 55 69 33 84 6 52 85 82 29 39 54 38 62 20 75 8 25 94 50 12 83 69 78 45 9 75 69 4 41 73 98 71 71 68 64 5 15 96 40 91 25 29 27 60 89 63 16 85 56 88 80 16 34 64 23 13 41 26 62 73 22 8 38 83 63 7 40 29 41 60 52 24 51 54 95 78 98 88 64 79 19 30 27 89 90 87 33 61 63 6 55 31 34 86 69 40 99 41 20 34 96 60 3 68 75 35 14 80 15 41 8 46 73 35 35 53 50 40 1 39 20 84 42 88 6 18 7 79 27 12 5 82 97 50 94 4 45 83 47 99 99 68 63 34 60 73 91 39 12 57 43 25 98 11 91 66 60 22 65 99 47 82 66 45 86 48 56 38 62 93 99 15 42 90 34 92 4 98 56 24 35 10 30 95 6 93 75 1 89 84 75 57 75 33 52 2 44 48 70 76 36 12 81 14 32 58 49 23 43 51 97 
63 15 13 94 12 1 88 46 67 50 93 92 40 39 31 87 49 80 8 15 82 69 45 14 66 93 66 59 64 30 60 23 20 44 8 89 8 17 41 91 58 61 41 33 64 20 64 62 90 68 29 89 50 35 80 90 14 81 72 8 9 37 5 17 75 14 13 24 39 44 52 75 42 48 92 1 5 12 74 81 41 86 74 48 34 0 57 76 19 80 9 29 84 84 21 68 85 49 78 38 58 48 5 33 61 94 9 93 36 24 87 90 67 73 49 41 18 2 72 12 79 46 77 82 73 72 30 7 13 41 60 88 43 83 3 46 77 18 62 61 56 17 85 70 72 68 28 72 44 71 4 15 44 95 44 78 90 83 2 3 76 43 82 93 73 47 72 97 90 74 89 48 25 65 66 48 6 77 20 36 86 14 23 41 70 12 17 26 45 19 98 72 92 45 74 91 13 26 90 47 14 9 31 90 68 94 51 54 67 3 37 54 11 86 15 17 59 47 74 54 6 26 33 61 67 32 98 14 97 47 86 96 43 7 0 77 0 74 79 28 62 50 31 33 80 29 21 16 30 13 93 81 39 70 5 67 81 57 59 51 84 94 44 15 44 48 75 58 1 95 44 83 76 18 85 42 84 62 68 45 36 27 91 19 70 30 68 21 88 38 57 82 27 27 67 21 2 80 9 40 44 28 24 7 72 11 25 73 39 25 2 93 18 0 52 69 87 33 60 64 26 61 36 10 77 26 81 69 7 83 23 17 32 92 20 27 26 93 73 73 61 2 57 84 25 11 99 91 4 93 7 79 11 5 72 60 42 51 60 88 98 33 71 45 93 89 48 43 90 96 26 14 23 97 86 17 49 6 58 64 35 69 22 19 33 53 44 19 94 78 1 13 92 42 82 69 19 38 16 1 
97 21 16 93 60 59 61 65 28 60 23 65 15 1 68 84 62 19 69 60 2 67 20 89 15 87 19 57 31 71 15 14 22 26 42 98 5 86 10 75 48 48 59 57 13 49 99 5 81 50 35 51 25 91 85 99 38 42 16 68 8 4 23 9 53 44 46 40 48 63 9 36 0 80 2 25 23 85 85 31 51 90 30 79 20 40 19 36 81 80 7 50 27 1 70 80 55 4 66 52 43 55 25 43 93 63 88 85 4 65 51 77 75 51 14 92 5 19 99 32 5 42 65 13 91 10 77 67 7 28 15 61 6 4 43 65 42 33 24 36 37 62 9 68 69 41 50 28 58 17 17 26 81 66 34 86 32 92 12 15 61 46 73 16 12 43 35 45 11 98 55 38 36 94 55 71 61 36 35 80 87 68 25 99 29 58 26 92 10 93 34 44 54 48 55 57 0 49 93 0 40 94 30 44 76 30 40 59 24 44 73 71 94 62 55 70 46 53 56 9 14 6 53 13 61 92 19 83 69 49 61 54 14 90 62 26 25 91 70 79 9 5 36 39 9 30 63 68 71 86 41 73 59 8 99 91 74 33 51 79 80 82 70 6 96 88 42 15 80 75 31 52 45 91 64 52 23 55 88 29 56 59 38 45 25 89 57 17 26 58 80 60 55 78 5 29 63 21 57 68 68 99 4 6 2 7 37 3 25 39 59 60 33 71 5 9 49 91 95 76 64 25 2 26 46 40 2 2 97 58 66 96 73 28 48 76 2 23 2 3 26 97 24 13 11 90 34 40 66 68 37 87 44 17 49 7 95 92 53 10 0 93 34 72 44 9 17 39 41 41 76 94 70 89 15 45 9 12 59 3 72 62 58 15 2 54 24 17 12 74 34 16 12 27 93 88 92 5 77 78 
25 95 47 69 62 99 88 20 60 1 46 53 56 92 24 32 19 20 33 32 64 70 9 21 55 89 79 95 53 62 86 18 8 87 7 50 32 51 46 9 39 21 33 71 5 94 13 13 54 31 18 49 80 84 93 1 59 42 96 70 60 7 18 22 22 47 47 13 11 25 18 93 34 64 26 28 63 19 30 79 8 36 24 60 18 68 91 71 72 77 19 76 7 84 2 31 5 77 33 26 16 81 16 23 77 26 1 17 6 37 62 53 64 17 67 8 64 90 59 87 76 92 61 6 17 17 53 89 15 72 63 79 1 59 40 28 13 68 8 26 3 31 87 36 14 19 30 66 34 66 5 83 9 42 70 39 71 14 9 51 83 96 42 59 41 84 10 8 97 44 94 62 53 65 63 67 94 22 3 61 99 61 24 92 14 87 98 80 83 67 20 10 18 9 42 0 44 30 61 70 97 15 46 58 81 55 40 63 57 71 76 10 67 89 2 97 48 83 65 56 92 12 31 33 75 7 6 3 43 50 23 30 90 70 53 5 74 66 52 44 94 8 10 56 66 47 69 80 10 54 63 88 98 73 2 29 86 14 12 87 69 85 6 13 35 95 7 52 80 72 87 5 77 11 37 32 25 48 18 37 12 52 51 84 34 18 81 81 63 58 78 96 10 85 7 47 96 48 72 34 43 6 19 14 23 87 56 61 31 18 21 1 14 33 26 79 87 36 99 46 63 95 53 68 87 56 45 35 90 48 11 16 68 8 74 85 27 43 5 24 0 3 73 80 49 81 24 30 78 93 82 19 17 81 29 93 79 13 26 26 72 78 93 50 54 75 2 99 29 53 22 93 45 26 56 21 64 84 13 52 85 39 64 73 74 8 94 23 94 23 72 68 46 92 59 79 97 77 33 15 
13 20 20 63 0 30 4 12 51 91 32 50 86 40 10 20 21 61 79 31 37 36 96 88 57 73 46 71 18 76 56 30 8 16 43 87 72 5 38 87 79 84 27 87 17 14 63 43 94 94 13 49 3 51 94 86 0 1 69 51 68 43 42 87 89 77 43 40 50 90 98 80 63 13 76 16 8 55 25 3 73 60 33 32 20 48 50 35 75 60 75 35 59 97 53 28 41 71 36 23 28 41 12 35 95 24 60 49 53 77 46 67 15 44 9 24 40 55 68 19 66 30 79 94 0 80 99 9 27 66 13 96 57 26 91 37 12 31 67 53 7 43 36 76 91 29 45 99 48 52 3 89 66 55 70 93 90 75 81 60 23 30 99 38 82 1 37 45 97 80 84 53 19 97 85 77 13 30 23 46 19 31 32 78 78 15 72 52 93 54 51 78 81 59 22 57 78 98 36 24 10 81 5 0 64 31 70 59 41 97 53 20 26 4 88 53 87 86 45 14 1 96 13 42 66 53 82 14 81 37 93 50 56 45 56 31 50 20 58 86 80 77 20 27 67 27 80 59 51 13 85 83 99 7 26 33 89 40 46 97 87 51 68 34 18 11 70 45 10 90 3 93 10 81 76 99 41 77 51 80 76 2 91 16 70 67 36 78 35 85 20 17 25 86 40 33 56 93 47 31 70 49 39 25 25 91 13 61 65 8 52 7 82 94 69 33 55 6 73 3 38 46 10 43 78 75 74 74 11 26 26 64 56 83 59 65 63 14 87 93 61 61 94 73 59 30 21 37 57 5 90 16 8 21 29 67 62 31 91 26 33 18 81 49 52 97 7 6 39 62 29 30 40 89 70 17 85 48 92 61 76 60 23 62 1 64 89 4 22 16 93 33 53 73 90 46 37 47 15 47 
50 11 73 37 42 94 64 51 76 18 93 60 72 15 95 61 83 37 42 26 61 8 73 46 8 95 98 70 51 33 66 61 66 34 17 29 36 98 44 33 94 79 74 47 66 99 20 4 32 63 7 2 79 33 74 53 52 21 57 30 30 76 98 95 5 69 70 19 53 0 61 53 49 30 85 90 41 18 92 28 71 29 41 16 37 69 30 23 48 17 55 89 39 6 1 70 31 25 3 70 17 51 61 83 25 41 83 16 41 34 28 72 69 93 72 47 22 71 23 92 36 20 12 72 69 77 16 82 15 38 98 43 48 17 34 64 52 11 24 78 7 17 0 53 37 42 28 0 54 15 58 75 73 27 55 90 72 83 42 30 41 45 1 18 27 13 97 80 72 40 72 47 38 61 96 58 99 28 77 66 77 89 59 57 86 4 81 12 65 74 29 95 41 16 97 98 97 35 81 22 40 92 55 23 30 0 59 20 92 3 87 30 64 64 2 34 19 49 90 2 23 13 11 56 24 85 74 15 95 31 76 18 21 31 8 32 40 92 19 7 94 51 29 99 50 30 50 73 93 24 50 43 50 43 14 6 73 18 88 55 88 93 53 78 89 85 68 84 86 4 58 30 99 88 80 38 32 55 88 82 39 59 33 75 46 94 76 76 20 17 99 27 0 1 71 43 35 18 11 83 83 24 45 10 43 98 20 71 1 89 85 78 1 80 14 0 4 41 94 39 73 45 6 2 23 47 79 4 88 22 45 90 36 16 67 2 73 61 29 77 41 1 31 85 68 17 38 39 47 44 83 7 21 65 6 34 70 39 41 51 62 90 50 93 51 0 2 43 49 58 59 93 68 7 66 66 39 25 21 75 60 11 81 99 96 75 39 7 56 69 76 52 44 80 41 99 23 40 76 4 
75 99 65 78 23 39 88 26 26 32 47 78 18 30 38 76 4 70 9 62 18 10 58 16 34 17 76 40 13 84 39 66 0 98 36 53 77 46 79 76 17 58 36 8 29 9 99 73 71 10 60 95 58 16 77 27 13 58 5 42 39 96 57 85 19 97 36 93 62 22 40 37 81 95 47 86 61 1 24 99 28 55 35 93 38 61 46 4 68 57 57 50 20 88 18 56 36 38 61 63 71 81 27 0 29 63 42 88 43 44 93 1 20 97 19 1 82 27 97 80 35 68 59 7 29 88 64 15 68 63 79 87 23 17 48 66 54 50 15 81 34 23 73 4 1 60 64 22 8 88 14 58 27 46 13 3 40 41 53 39 42 14 25 80 70 8 31 11 55 40 67 90 51 7 54 71 74 69 58 81 98 58 68 83 67 74 17 94 52 37 3 44 34 30 40 78 57 77 23 82 80 21 1 94 40 46 6 7 48 10 93 61 92 39 17 74 59 38 12 57 25 54 76 58 25 46 37 79 87 67 26 68 53 42 27 34 79 73 58 24 17 72 28 71 60 14 39 56 83 89 38 60 16 14 61 75 13 36 89 32 28 36 26 64 11 53 51 5 72 69 21 5 12 44 65 75 0 47 31 29 64 7 7 58 76 91 97 38 73 3 19 52 9 55 32 43 1 68 86 28 13 33 97 79 49 76 2 28 71 18 9 68 5 8 67 36 49 72 78 25 86 15 42 0 53 80 3 80 83 69 16 15 64 76 4 77 85 86 44 75 62 91 44 86 23 40 33 65 12 28 82 56 54 72 49 7 12 47 53 28 94 2 61 97 80 28 16 76 55 92 99 87 20 10 94 6 9 79 94 42 95 81 42 61 16 74 65 51 98 44 80 79 49 13 73 34 10 0 91 55 
7 76 10 57 89 3 33 89 67 41 74 54 33 30 10 5 60 21 18 4 20 71 73 32 76 12 79 43 29 52 6 3 2 20 91 4 41 78 58 6 81 66 1 14 47 95 26 34 15 78 40 64 13 12 4 60 12 10 9 32 45 24 28 52 6 38 24 1 9 95 53 34 12 99 35 90 91 8 45 28 60 71 67 84 41 67 65 10 7 83 93 61 90 76 43 1 6 9 30 15 56 62 86 88 31 14 11 73 80 85 49 47 48 33 2 75 29 53 36 71 24 2 63 20 93 80 21 31 91 13 65 35 2 68 12 97 22 53 98 80 23 58 68 86 9 57 54 38 32 32 80 70 32 45 29 88 77 92 87 25 35 58 88 77 0 51 40 25 82 54 37 18 22 39 19 17 57 37 99 68 99 86 18 12 53 83 94 99 95 84 85 40 53 56 29 8 29 1 66 43 14 91 33 52 43 24 74 85 80 99 21 11 36 9 22 4 46 20 37 46 90 76 47 11 74 15 54 25 29 52 38 0 38 98 69 69 82 26 56 78 76 1 68 75 85 79 48 31 20 29 39 48 70 5 88 43 0 43 96 79 37 58 24 15 51 49 60 50 58 71 11 55 91 33 27 25 10 90 76 85 25 8 16 77 71 53 14 15 54 12 63 15 80 53 12 17 60 11 89 31 87 0 33 17 49 18 56 81 5 84 37 97 59 62 88 99 58 90 15 52 93 63 95 96 18 87 77 41 49 51 45 3 81 42 75 3 16 12 13 22 60 52 80 72 98 91 46 35 22 30 0 46 27 98 71 83 72 27 44 96 51 3 88 18 13 99 5 98 6 35 95 85 58 69 77 89 93 28 48 68 15 7 32 32 39 22 4 56 21 21 29 34 41 34 10 85 82 33 47 89 
42 38 69 29 12 89 52 37 8 71 92 64 54 99 29 23 93 72 47 86 41 97 0 42 3 8 43 36 52 11 76 41 61 75 5 71 29 19 49 75 87 18 75 51 14 4 25 98 98 46 53 70 4 3 41 21 5 21 54 58 79 56 90 58 41 65 73 87 41 11 32 72 51 99 1 82 99 1 78 18 37 14 13 27 43 35 27 74 56 37 48 68 16 70 35 15 9 89 50 40 80 69 48 4 63 8 41 65 9 82 62 78 10 75 54 2 49 1 51 14 43 16 97 2 43 8 84 33 66 61 48 54 3 45 34 18 35 8 5 99 37 27 74 19 26 24 39 26 79 97 25 28 99 87 13 87 98 34 88 3 62 66 15 74 29 40 82 6 87 90 3 41 74 23 93 21 4 63 69 96 16 95 17 9 34 40 8 7 55 32 25 26 56 80 3 72 7 68 0 65 88 48 84 70 1 84 57 35 8 51 80 23 72 55 11 25 6 36 65 7 41 70 89 41 52 20 99 75 43 62 15 67 82 41 0 59 97 30 52 90 18 20 12 48 51 82 14 83 79 32 5 19 17 60 62 29 99 92 28 68 43 39 13 56 91 57 71 36 2 99 87 85 19 94 41 3 90 66 16 67 67 50 48 34 37 66 78 78 92 10 86 58 71 25 92 50 49 52 88 20 84 48 90 65 46 1 78 7 16 76 31 98 24 80 90 65 15 68 57 51 67 48 1 14 53 34 9 12 67 14 12 19 72 45 9 9 44 33 41 73 53 69 56 8 22 8 91 51 63 27 41 16 9 16 9 92 11 28 40 40 5 31 7 35 57 78 43 42 32 14 12 68 22 44 42 0 3 88 83 21 52 53 24 86 13 52 77 71 29 49 44 43 64 23 73 25 59 48 14 95 
14 68 16 85 34 52 95 19 61 39 1 63 46 40 52 41 51 98 83 92 81 23 71 68 23 7 14 71 23 5 60 37 66 83 44 75 65 63 5 17 63 12 50 84 9 94 59 76 76 57 1 14 77 92 19 71 7 1 2 45 92 15 10 16 13 48 90 79 83 24 49 53 90 57 6 53 62 41 66 20 15 1 44 57 81 79 45 50 86 86 80 43 2 60 75 47 90 81 52 93 89 67 59 59 69 57 13 29 24 19 76 49 44 98 27 67 55 24 21 38 74 47 61 52 86 38 57 59 9 4 99 40 7 71 19 44 68 92 50 25 71 18 87 38 79 52 40 74 57 15 75 50 99 62 29 48 3 28 74 51 63 99 67 1 91 34 65 56 36 10 71 16 79 41 73 11 53 95 1 38 38 56 86 36 27 13 68 0 5 57 0 64 87 52 64 75 91 67 52 82 99 23 94 31 49 75 3 29 41 95 72 8 11 99 56 20 12 78 34 68 45 39 25 13 61 77 65 27 50 31 26 19 95 43 44 57 13 22 29 92 28 84 79 56 50 80 35 3 78 67 86 99 30 65 30 87 46 56 88 4 72 36 49 2 8 15 49 39 25 65 55 43 12 94 54 9 57 15 64 93 95 91 17 34 68 79 10 14 77 72 79 83 58 71 1 76 97 13 69 45 7 40 40 67 3 86 35 92 32 72 35 33 17 26 95 4 91 37 55 33 70 1 27 63 71 80 88 93 2 46 39 2 38 59 62 52 57 90 56 12 98 0 95 48 35 12 52 62 28 79 99 85 17 23 20 1 64 52 65 8 71 23 28 58 31 90 87 61 37 35 63 6 43 61 42 65 58 56 28 88 2 61 35 89 59 81 17 77 23 25 39 21 69 14 76 55 84 45 32 2 
87 14 62 65 47 36 94 53 1 64 94 17 98 24 75 38 43 21 48 26 94 88 39 6 67 93 59 90 67 21 1 52 31 85 1 6 55 22 24 24 60 76 32 73 94 50 15 63 98 83 79 13 85 10 81 8 17 30 89 18 40 60 17 31 33 74 34 36 38 61 56 25 11 26 52 77 32 44 38 37 95 41 11 21 62 10 33 50 16 63 13 85 22 23 26 98 6 72 12 53 28 83 1 16 3 19 71 1 48 91 18 75 86 36 84 27 91 23 82 57 71 27 85 59 97 23 58 22 74 66 26 42 54 95 25 94 67 55 45 44 37 25 41 30 99 72 6 99 96 99 70 68 66 21 59 69 77 14 62 10 3 14 1 85 2 21 10 99 80 2 93 27 27 27 20 66 75 22 20 24 95 37 23 57 33 15 60 99 99 38 42 11 7 35 69 50 59 68 61 10 24 61 12 98 2 98 50 14 97 88 76 86 6 53 22 40 49 40 16 88 33 85 22 80 41 49 94 96 2 26 70 48 1 62 31 92 78 17 49 55 97 39 24 90 68 74 3 75 65 60 90 37 6 61 9 14 10 8 47 76 5 2 13 41 51 3 48 69 32 47 51 36 48 12 85 0 22 50 49 59 14 39 84 1 43 85 1 85 93 96 66 62 35 80 85 88 28 46 31 50 0 34 14 50 37 5 50 99 31 8 70 98 39 73 36 93 62 93 80 68 82 97 61 21 57 64 3 65 98 89 54 75 16 5 12 60 28 52 45 32 23 92 24 4 92 58 51 52 42 72 47 16 45 91 9 41 94 6 40 57 4 91 91 43 6 4 74 39 62 84 68 2 86 95 92 65 9 87 41 71 92 56 25 56 99 95 25 67 98 6 82 52 35 79 88 79 93 55 47 99 
62 65 53 98 37 91 38 4 99 18 17 70 15 96 56 85 3 87 95 7 17 49 5 81 58 79 27 94 94 34 37 27 56 90 34 72 87 5 81 25 17 44 65 56 7 88 2 78 93 80 41 84 60 97 7 49 17 82 57 61 20 29 94 83 24 89 51 27 8 45 63 69 31 90 35 30 28 16 77 84 54 87 53 19 30 67 2 67 1 44 1 75 11 48 63 69 19 57 50 95 37 64 74 20 54 78 52 15 99 9 15 55 45 82 93 20 59 56 91 88 76 57 49 21 67 11 36 26 8 18 74 97 1 68 91 97 73 30 8 60 67 13 4 22 70 43 90 54 8 74 30 39 25 5 63 43 53 22 29 5 68 32 38 45 24 43 82 65 24 32 31 36 45 89 18 53 14 76 11 9 96 83 95 53 69 12 4 40 92 2 41 28 90 24 63 38 27 23 63 63 88 74 52 72 35 13 51 25 72 91 30 34 75 94 14 6 10 62 76 5 36 49 94 23 38 48 69 73 53 30 73 0 20 7 9 88 39 14 85 90 16 59 49 1 54 30 98 77 95 8 47 17 66 49 26 31 92 29 47 98 78 95 70 63 24 46 72 59 49 98 18 71 99 52 81 37 72 37 85 23 48 32 56 17 57 0 66 96 45 19 95 20 7 34 96 77 81 45 50 53 23 91 3 33 48 5 70 95 29 34 61 7 74 19 81 32 45 20 25 69 28 75 75 3 71 10 16 42 82 51 19 63 43 96 47 52 3 92 36 86 21 97 67 66 52 50 0 51 95 35 5 11 21 79 56 36 26 73 82 33 63 12 94 37 25 4 44 3 52 80 26 43 73 46 94 11 42 71 30 50 34 63 56 21 85 85 42 67 96 18 61 62 40 8 93 15 71 85 72 42 
92 1 2 57 68 85 60 59 49 32 23 32 50 63 88 8 87 75 5 63 62 57 47 55 6 87 70 91 19 26 64 98 62 91 18 45 19 66 27 70 20 7 66 54 24 47 55 51 75 99 25 53 35 18 46 69 32 25 82 56 64 27 4 71 51 15 71 11 1 25 84 75 15 78 21 99 67 7 6 75 42 40 81 20 20 42 23 11 35 67 89 52 67 7 0 4 90 3 93 50 82 14 3 82 75 20 14 40 51 18 4 8 23 9 22 41 84 55 26 91 73 55 86 47 11 68 76 14 87 84 51 19 94 97 44 73 47 9 78 40 44 74 3 85 2 88 68 80 87 98 27 57 20 30 43 70 12 89 75 57 30 91 19 61 62 90 19 33 59 85 13 56 39 47 5 18 4 20 43 60 85 27 77 70 28 69 26 1 10 71 98 95 52 14 3 9 73 26 59 93 19 56 23 31 95 59 71 93 67 85 7 93 31 15 21 62 55 42 76 15 46 24 93 71 64 14 80 58 75 15 17 87 76 94 51 2 29 47 9 31 10 91 87 20 36 16 56 4 43 23 69 9 15 13 68 27 86 88 98 89 45 23 65 59 61 71 38 61 51 99 19 3 90 46 16 1 40 0 59 45 12 82 17 7 46 82 79 84 87 23 40 10 54 56 27 26 47 23 69 59 71 51 84 79 49 94 31 87 80 53 1 72 20 89 67 83 93 24 1 1 78 10 96 84 34 80 15 12 17 86 90 69 93 88 74 39 70 72 1 23 19 9 37 78 45 79 41 12 38 49 99 79 79 7 20 99 14 34 60 16 71 96 21 58 43 44 47 72 81 86 69 41 81 51 38 66 6 19 57 84 29 83 25 93 62 1 5 69 49 41 79 43 81 21 88 79 83 1 12 74 
23 41 82 32 87 78 69 45 32 79 8 52 0 32 47 24 4 12 83 27 23 79 77 40 68 26 49 79 33 57 65 44 47 41 51 8 15 8 42 99 66 22 21 55 57 86 89 63 96 28 18 68 81 67 43 92 63 9 1 63 71 94 57 27 17 55 29 78 80 68 57 19 60 48 62 94 92 15 58 71 7 33 13 9 61 13 56 62 42 36 8 23 11 75 90 38 42 49 4 70 15 6 2 34 47 85 97 24 63 9 88 20 84 79 74 25 2 1 11 51 58 1 42 78 21 11 54 38 5 93 32 3 86 82 48 51 69 29 32 58 88 71 57 21 51 14 11 14 97 3 91 34 78 2 39 36 67 96 90 22 38 86 72 22 88 8 24 15 48 44 5 67 14 85 2 59 12 22 33 65 72 3 1 61 78 98 42 31 11 41 94 63 50 23 58 94 10 76 42 45 84 23 93 80 50 19 78 25 16 83 92 57 78 69 29 53 79 16 96 84 40 70 81 73 96 38 88 76 66 95 34 2 20 56 43 13 31 57 63 20 54 77 3 62 31 50 51 44 48 82 50 78 7 59 21 7 72 26 31 20 2 23 88 21 12 4 73 77 21 63 47 51 99 85 24 6 72 12 30 70 97 87 53 15 86 64 32 57 23 15 95 97 26 65 39 76 92 92 33 4 12 53 16 31 97 81 9 42 4 68 48 10 14 23 28 91 88 57 59 25 3 33 87 71 36 46 17 16 73 74 48 20 25 91 36 83 78 47 23 45 28 83 39 49 0 10 66 59 78 95 94 20 79 40 89 96 63 0 96 63 46 40 10 71 43 21 59 69 46 53 26 13 66 67 92 15 2 36 94 95 54 44 53 57 28 60 47 49 64 49 45 49 43 44 47 61 43 71 95 90 
83 13 22 38 44 18 83 75 77 57 41 98 71 93 67 26 40 53 82 69 56 95 11 77 81 72 90 87 59 22 38 24 87 30 46 33 42 42 39 1 60 57 43 29 49 42 94 23 14 7 82 77 88 24 4 92 47 43 76 0 29 28 2 55 29 11 71 38 70 1 74 11 95 57 68 99 37 44 4 21 62 11 71 28 68 67 10 78 77 8 78 13 13 67 85 74 94 62 9 80 70 2 90 58 10 71 23 49 74 29 26 32 77 87 12 60 98 75 11 30 87 85 2 26 65 29 8 14 77 54 4 12 73 1 8 73 74 16 86 74 64 79 4 71 58 88 3 37 76 78 32 12 34 89 24 30 71 20 10 47 86 55 8 9 44 5 0 93 34 9 35 27 40 61 73 35 85 67 42 16 29 59 28 65 57 68 30 6 43 63 85 52 6 1 5 8 70 4 62 29 82 28 51 88 61 50 19 55 83 74 70 9 10 78 2 73 69 34 66 61 19 25 79 17 35 92 18 65 3 65 5 31 23 23 90 24 79 44 12 40 55 95 26 51 2 47 9 87 29 35 22 92 69 64 57 35 47 64 4 95 23 44 31 59 40 37 71 91 47 22 81 37 81 76 88 39 81 62 27 72 9 83 20 87 24 47 39 10 30 45 95 70 39 42 90 78 57 13 20 75 71 40 70 35 22 35 34 20 19 31 50 31 93 87 20 88 41 90 29 49 47 3 55 87 86 41 59 64 15 65 99 13 62 10 10 30 45 51 50 39 17 47 62 73 6 57 88 98 39 61 19 37 74 67 51 2 61 42 94 28 96 32 41 4 49 56 55 93 34 72 22 28 2 48 33 50 55 34 22 11 66 76 88 62 67 31 21 22 22 93 74 59 95 90 78 70 62 82 75 32 
82 6 70 42 30 27 50 53 24 27 24 8 98 31 33 22 23 93 75 84 91 95 33 52 17 79 81 19 24 48 27 1 59 1 24 94 54 21 24 14 74 74 68 64 72 42 38 24 21 75 22 79 16 90 89 44 48 71 28 24 19 54 23 57 52 65 78 23 17 52 48 7 12 81 63 76 19 69 11 78 81 75 42 92 39 76 79 43 15 38 93 77 60 24 95 99 50 74 98 89 96 90 38 77 54 18 20 67 68 93 72 5 72 79 55 95 66 63 63 0 27 84 89 93 22 27 58 1 95 68 18 14 89 53 30 47 33 91 89 14 37 72 32 96 37 49 12 19 29 13 52 7 34 77 36 48 74 45 86 75 70 87 79 4 30 43 75 42 88 67 20 21 12 15 24 20 32 72 70 85 54 0 76 61 34 53 86 40 78 16 65 78 39 71 52 59 74 11 19 33 71 46 70 47 37 83 28 52 25 3 58 72 67 50 21 2 3 13 63 91 60 18 40 70 39 57 87 72 10 20 84 62 47 63 31 44 50 14 84 5 65 64 69 16 15 2 56 41 24 23 90 81 8 53 75 86 25 15 62 22 85 56 55 45 22 16 95 54 21 66 80 38 40 6 6 11 79 12 5 35 29 80 0 11 68 99 85 3 58 83 62 83 7 78 64 7 87 4 94 74 42 10 91 12 84 49 36 39 30 20 80 75 62 17 25 12 50 54 8 4 44 91 7 16 49 2 30 12 71 91 63 95 39 65 15 99 47 77 98 76 72 10 76 30 76 96 65 34 93 65 30 14 73 45 57 75 41 88 95 31 84 5 71 62 30 5 34 42 84 6 1 19 66 22 10 44 69 79 96 50 62 56 64 64 40 39 36 4 46 48 85 77 13 75 26 14 94 45 49 94 
35 52 57 60 70 4 19 64 88 61 89 62 84 38 2 59 90 75 43 3 17 6 45 38 26 95 72 77 40 53 15 46 13 64 82 42 38 60 25 47 50 2 25 58 15 37 27 11 6 16 75 30 4 7 75 36 32 22 21 71 71 81 10 31 45 52 60 38 50 38 36 24 57 25 52 22 72 28 41 75 88 58 72 36 86 73 94 78 54 84 56 38 83 93 60 24 68 97 46 7 81 71 50 0 88 92 54 20 97 68 66 11 81 28 6 59 67 77 76 2 93 6 99 11 68 37 47 38 96 44 65 2 67 5 81 86 64 58 19 51 68 27 75 53 72 88 85 96 52 76 11 25 91 6 36 80 83 77 5 28 91 35 9 98 8 37 67 35 20 11 70 65 17 62 64 42 93 33 56 2 0 40 44 34 42 78 96 61 75 93 22 23 93 16 78 60 97 48 26 74 0 75 37 6 39 41 81 97 88 52 0 21 35 23 75 61 78 40 70 58 21 78 72 27 16 57 72 47 21 97 34 36 96 34 82 76 94 52 57 4 82 71 37 23 46 59 20 12 13 46 96 66 91 10 49 15 90 36 94 5 96 27 53 29 45 77 6 28 98 64 82 95 74 79 23 66 8 34 18 29 37 83 4 37 19 47 67 72 54 56 18 39 67 32 97 68 90 54 44 49 68 23 94 75 8 32 14 66 33 14 95 64 53 99 35 84 1 99 92 21 93 25 86 11 72 87 36 74 92 82 38 40 43 67 22 56 77 50 74 0 90 49 93 10 42 45 29 39 23 56 45 63 70 11 79 73 14 79 20 46 17 45 62 0 95 74 78 21 48 90 98 64 42 38 9 35 63 71 98 61 71 24 97 2 89 17 12 4 86 18 58 85 83 24 66 15 21 78 61 31 
34 34 55 13 49 93 95 10 84 92 58 31 24 25 10 53 7 13 39 1 78 91 9 70 50 33 28 61 80 22 25 53 25 68 17 59 99 78 86 19 53 88 56 56 23 98 94 0 50 66 82 92 9 34 23 18 84 54 36 75 28 69 8 60 91 10 24 40 73 37 40 16 67 71 81 33 35 58 50 40 97 45 98 56 24 35 98 89 3 30 80 13 13 65 3 35 16 74 19 49 50 98 99 62 61 86 25 81 56 79 30 41 97 44 19 33 66 94 19 82 3 72 82 94 80 1 22 67 86 11 16 5 35 69 28 96 84 11 12 13 47 44 74 78 84 96 73 20 3 96 26 69 50 58 40 55 32 53 96 84 11 65 65 14 58 78 7 60 31 87 42 97 91 17 70 36 1 33 32 37 99 7 47 32 66 63 16 95 6 13 11 89 2 51 19 76 17 98 8 38 74 90 10 92 36 50 33 2 0 16 31 95 79 76 26 92 42 27 15 67 61 53 73 26 20 47 34 16 36 51 50 55 29 29 90 47 58 39 92 9 50 71 79 95 98 99 62 44 19 26 4 51 21 29 71 81 4 96 69 78 62 10 10 11 93 74 20 37 62 32 67 29 58 28 20 65 36 93 40 58 48 64 61 82 70 82 17 11 70 10 22 33 43 96 85 45 37 67 41 59 79 58 94 5 48 77 2 84 38 16 32 42 57 13 60 84 89 94 75 83 78 29 23 78 51 79 52 70 81 42 32 0 69 27 65 26 53 12 9 60 7 82 30 49 86 77 50 78 17 70 28 3 1 29 9 64 91 45 18 41 54 5 11 41 21 0 55 83 84 55 92 58 43 18 78 67 56 24 15 36 91 62 50 51 90 83 16 32 58 61 34 51 94 91 60 85 50 22 97 13 
65 96 13 34 75 63 7 63 94 58 7 57 73 71 27 80 74 61 56 85 44 78 75 3 60 0 36 57 69 47 7 19 29 90 26 63 22 11 34 9 76 12 49 30 89 11 72 22 91 36 4 12 1 62 34 6 9 99 63 77 48 53 21 54 23 25 32 18 4 37 0 19 23 84 3 67 27 48 13 8 27 45 9 61 46 60 95 12 87 54 69 16 57 94 95 73 71 53 26 90 65 93 90 43 98 7 63 71 65 97 33 51 14 22 56 71 18 4 22 8 13 64 86 43 23 76 40 5 41 26 82 64 78 55 19 45 78 14 62 70 17 85 70 66 90 5 99 70 26 6 3 27 52 25 45 13 71 86 18 54 14 28 70 79 46 39 14 26 13 64 36 81 18 94 78 46 77 24 94 80 97 94 77 40 47 33 19 39 52 28 43 31 49 75 31 4 98 85 26 61 73 88 56 16 1 83 66 86 71 81 3 10 95 12 5 60 86 17 48 25 46 85 20 21 15 51 13 59 25 9 92 31 1 48 0 70 93 28 30 59 46 7 88 95 40 20 99 74 33 35 76 98 94 27 68 51 58 36 96 23 11 47 0 64 50 35 42 36 50 57 85 13 92 65 50 25 49 26 59 75 69 16 83 10 67 69 65 18 40 43 32 1 40 47 94 19 87 8 67 25 20 74 33 99 40 85 25 84 1 23 37 62 13 16 16 38 93 79 5 65 33 18 76 20 85 42 1 69 24 61 59 10 52 39 28 45 99 62 53 45 1 13 72 80 33 96 64 82 32 69 2 5 83 6 85 33 17 46 39 93 18 49 6 87 17 56 79 53 92 24 78 72 83 89 90 77 42 42 84 65 73 4 58 25 52 84 88 79 68 88 42 44 99 28 63 7 16 13 46 96 
83 31 43 16 45 88 69 40 63 44 65 0 63 30 93 22 80 94 46 95 31 49 31 82 18 86 27 78 44 82 45 25 84 7 66 26 75 60 74 2 28 56 38 94 46 72 49 0 13 78 30 1 93 87 50 38 28 43 95 37 61 48 75 30 52 76 97 69 59 79 88 66 86 32 2 8 95 78 84 66 49 43 75 80 38 16 91 88 67 20 64 72 83 77 90 39 18 30 93 70 11 60 53 9 28 91 56 30 73 5 16 73 28 60 88 68 43 59 69 81 14 67 41 34 27 23 64 93 99 58 77 80 6 2 23 18 54 49 9 35 76 95 75 44 32 3 78 63 47 91 53 73 25 1 65 60 32 48 90 68 45 78 79 40 13 91 44 18 81 57 33 23 61 6 14 12 59 75 61 82 18 70 95 59 41 7 11 46 2 38 48 83 30 79 29 82 31 22 46 77 63 65 40 56 11 76 8 17 16 80 49 36 17 35 71 76 5 63 60 78 70 55 69 99 66 14 96 25 52 11 45 66 43 20 77 11 6 95 83 70 88 18 97 58 66 74 73 36 45 54 60 3 95 45 43 47 75 33 84 18 97 86 47 2 30 2 30 99 51 66 17 59 38 25 94 7 52 91 80 22 98 25 63 87 29 71 40 36 95 22 33 28 12 59 6 4 22 91 17 45 49 9 43 13 42 33 33 97 88 38 30 26 47 55 93 55 24 77 53 81 74 28 86 52 80 58 0 5 86 0 31 8 96 60 81 32 20 42 8 69 80 83 37 49 84 87 73 90 89 54 94 3 2 98 25 5 34 91 59 4 74 3 96 62 17 2 35 59 69 49 83 50 99 46 10 31 14 99 0 33 31 80 26 34 85 50 32 96 76 18 63 82 79 77 12 43 30 37 97 11 
0 16 28 28 73 92 41 51 56 66 38 79 83 46 71 73 70 27 60 92 1 80 50 87 40 99 42 13 86 80 78 43 65 8 13 49 31 3 9 66 34 96 55 17 72 25 99 0 18 9 33 14 65 99 43 78 74 75 23 17 58 28 43 88 65 18 16 78 24 8 48 35 24 29 23 58 54 39 67 1 0 72 43 78 85 48 49 87 75 10 63 65 84 95 44 18 43 72 43 78 69 24 40 63 75 5 13 7 49 93 55 29 32 60 85 19 8 48 97 87 53 13 2 21 63 42 53 76 87 32 11 95 40 77 58 57 50 28 7 20 70 39 91 23 74 49 60 66 6 1 3 58 56 51 88 73 19 49 58 83 98 20 3 37 11 13 94 70 90 2 15 16 56 49 94 85 67 79 68 38 84 61 67 55 14 63 1 68 45 77 70 98 87 62 73 69 46 58 59 26 46 95 22 36 75 40 2 63 94 90 49 12 69 94 76 71 1 83 92 6 20 32 54 21 78 13 11 11 7 54 19 56 82 11 16 11 28 78 69 46 84 55 11 19 21 54 8 10 72 14 86 16 24 76 26 30 4 29 10 42 48 60 88 33 38 83 84 62 70 81 8 62 43 44 65 52 93 36 53 79 88 88 71 82 62 47 90 71 12 61 66 99 88 16 7 68 35 77 88 4 89 79 47 78 57 62 93 91 32 24 28 30 60 36 11 11 1 3 70 0 58 99 47 73 72 46 32 50 4 59 90 6 66 54 69 71 22 10 45 75 14 14 65 52 72 92 1 36 37 14 5 14 46 26 52 17 7 17 39 6 53 91 55 96 44 1 12 92 12 22 42 33 43 18 51 77 24 19 11 80 27 70 61 85 21 94 91 39 25 55 91 37 71 39 86 57 95 67 62 66 
81 68 76 52 20 0 28 76 25 14 43 88 90 6 52 20 10 51 70 2 26 59 74 51 89 29 89 34 84 78 64 88 93 78 38 41 36 68 18 62 98 35 38 99 38 6 15 7 82 50 34 62 99 18 54 99 51 91 7 22 38 45 78 99 54 18 62 3 48 50 38 22 40 79 40 74 80 6 38 40 83 1 67 32 63 62 24 38 78 84 15 14 45 60 55 11 22 19 10 95 71 54 20 81 30 70 28 97 18 22 96 81 76 85 52 52 67 76 23 63 37 99 30 57 57 63 61 11 92 9 23 32 85 4 47 43 88 69 52 79 51 54 50 6 62 83 79 13 85 24 17 47 72 62 4 20 51 78 86 59 77 52 5 23 94 41 29 79 50 98 98 85 36 82 49 96 27 37 70 0 87 23 52 1 7 64 88 34 34 45 3 57 96 40 31 96 67 19 88 41 93 46 23 38 95 2 27 6 94 24 22 24 41 67 66 78 75 93 12 16 75 85 8 46 49 33 83 6 99 76 37 51 8 38 19 87 75 62 72 97 71 57 63 50 69 70 77 37 55 37 98 78 0 0 81 9 80 91 75 98 14 66 40 38 95 25 14 71 88 90 58 73 7 7 28 2 61 58 29 47 72 85 11 51 3 43 21 36 14 70 24 39 65 91 17 41 35 62 7 83 71 95 12 9 65 49 87 59 1 9 84 48 92 19 87 60 36 50 86 55 14 62 22 58 99 1 72 70 50 35 68 78 59 35 81 58 81 89 14 94 31 82 20 87 66 60 94 88 46 38 78 7 97 87 93 2 88 98 28 77 79 27 67 33 76 56 98 43 43 66 86 2 25 84 43 21 47 92 40 72 5 73 94 36 49 2 96 80 4 65 30 55 67 22 13 16 15 44 51 29 
80 16 15 35 50 73 35 13 9 32 32 43 53 37 46 93 41 57 64 24 80 98 42 71 40 35 82 82 91 9 11 24 31 43 85 71 67 56 73 0 63 26 51 86 54 93 65 71 50 41 65 21 72 45 48 67 1 16 57 16 84 69 40 39 49 83 79 44 67 85 16 57 69 24 13 81 1 20 41 37 70 71 71 84 2 2 83 20 99 44 88 89 35 98 48 94 65 68 23 42 66 0 78 73 0 4 70 27 50 16 76 0 68 30 86 16 52 81 73 88 25 32 29 98 11 15 36 86 19 98 7 50 81 85 25 4 35 12 45 48 79 56 99 7 60 1 90 46 33 42 60 67 19 90 37 99 8 88 88 15 31 41 28 40 14 44 10 17 2 58 96 98 2 68 86 79 70 66 62 21 49 29 73 93 97 31 40 67 19 69 12 24 34 25 82 7 7 25 73 16 73 88 17 78 90 60 36 80 3 40 51 54 1 66 28 41 52 95 65 38 94 22 64 62 3 82 72 40 20 64 74 86 65 9 41 91 44 24 35 13 7 67 13 40 84 61 29 63 23 27 82 5 52 99 55 52 27 9 4 14 80 42 57 79 38 29 68 19 59 32 21 54 76 58 68 5 87 39 63 52 26 65 57 84 98 64 86 27 68 64 84 66 7 21 21 59 66 56 38 78 23 8 19 24 80 27 44 94 92 2 39 40 26 82 99 50 38 29 5 91 40 9 89 87 81 51 19 24 99 94 22 1 56 88 5 11 2 81 68 45 49 40 54 98 26 19 48 32 35 90 52 55 31 70 35 94 15 58 23 89 32 83 34 16 3 28 79 51 71 64 42 54 30 55 21 75 46 79 52 85 85 28 83 39 7 37 37 26 12 56 89 0 5 91 52 6 71 29 56 15 
25 17 32 4 69 1 75 22 15 65 90 90 9 33 9 37 46 37 85 17 36 35 97 18 7 90 93 80 64 9 74 15 82 78 10 40 64 44 39 4 8 79 84 83 22 82 27 82 71 21 33 84 52 41 10 74 97 12 12 33 11 70 91 76 70 20 86 62 75 70 84 52 9 56 20 55 68 68 21 17 51 83 74 41 46 29 81 4 20 62 31 22 3 26 48 90 64 15 71 93 84 10 7 47 83 96 55 26 56 97 27 56 97 6 8 92 37 74 79 26 58 2 76 94 96 11 77 60 80 0 12 13 9 44 88 69 72 63 21 70 17 59 1 87 1 46 31 28 34 66 61 89 13 66 44 86 35 71 25 62 82 9 94 63 25 72 27 9 63 24 77 84 15 93 86 75 63 19 46 34 47 76 38 24 25 84 35 58 99 68 98 82 11 12 5 71 37 38 44 63 53 10 28 27 7 18 80 24 0 45 27 18 75 24 41 97 48 54 49 61 24 17 50 74 54 7 1 56 76 38 46 41 20 14 43 45 76 72 61 77 67 4 80 11 83 14 85 16 16 2 94 35 11 42 90 70 75 96 9 31 70 48 58 85 51 65 96 6 70 74 2 54 37 48 54 69 61 62 39 66 37 58 9 18 51 22 14 43 14 10 95 27 39 96 96 15 78 91 96 7 97 24 91 13 89 57 29 5 96 73 95 35 1 81 76 27 68 15 37 73 28 44 57 73 68 22 24 92 14 52 90 0 94 6 67 19 83 44 88 23 65 25 93 22 6 63 73 81 78 28 61 79 81 96 64 49 68 86 94 83 78 73 64 92 56 84 27 83 23 87 89 50 82 19 96 64 31 95 52 82 94 86 72 53 47 61 92 94 11 93 45 97 39 76 0 83 12 74 20 15 
58 0 54 39 14 4 22 40 33 3 35 58 87 27 15 0 52 67 12 4 66 65 71 50 75 87 55 67 81 40 80 71 83 25 12 98 25 42 69 35 79 6 81 62 62 40 14 60 91 6 42 4 60 39 82 97 76 92 57 21 43 26 59 48 34 4 27 94 12 10 62 77 13 28 81 70 9 93 53 81 45 38 28 2 53 4 43 35 10 13 66 20 10 29 67 14 32 11 99 47 26 73 73 97 27 90 0 17 58 74 63 21 68 19 55 1 62 27 73 67 23 36 81 90 55 91 31 12 68 24 31 42 19 38 66 71 22 42 6 91 25 84 2 43 63 6 47 62 2 59 42 74 73 15 72 51 9 6 62 27 82 78 32 15 0 32 88 16 45 69 35 78 24 73 72 85 39 89 60 33 45 2 76 71 95 33 9 80 32 80 97 50 26 12 42 29 76 29 4 84 89 91 26 80 97 75 2 92 54 21 57 21 64 71 85 87 70 6 1 13 17 39 20 14 97 32 77 69 79 88 6 74 20 89 57 93 16 36 40 15 43 23 36 58 54 30 99 54 57 18 91 73 11 21 38 91 35 73 85 78 73 13 30 55 56 45 38 38 75 22 49 14 18 81 63 33 75 94 2 11 92 49 29 9 62 84 13 92 58 71 86 25 47 92 40 71 89 41 54 26 36 80 51 59 72 13 11 26 83 25 64 43 23 47 97 28 75 63 87 5 96 26 67 65 52 29 47 41 53 55 57 59 55 69 16 20 8 1 51 4 91 34 43 1 11 92 17 91 53 77 61 27 92 38 89 15 69 12 85 89 34 33 2 94 78 3 73 45 38 63 97 64 78 18 81 82 59 92 79 53 60 96 55 58 98 40 80 15 5 41 40 48 23 54 47 81 83 41 98 59 
55 14 27 21 49 83 40 57 52 95 75 27 84 39 73 73 47 62 72 60 28 0 85 94 61 93 22 60 77 91 90 57 97 33 59 52 3 22 5 3 48 41 3 13 82 38 39 89 46 1 33 71 70 57 80 70 95 60 56 62 25 77 3 41 79 34 11 89 68 43 75 35 54 7 98 38 65 41 0 29 52 85 34 91 24 93 36 1 53 62 53 40 89 7 39 56 26 96 39 87 0 3 44 15 87 99 59 83 78 80 53 58 27 11 84 57 9 38 19 46 44 39 17 74 28 69 23 52 44 95 73 94 84 72 82 4 41 91 27 91 56 35 82 48 85 37 59 92 73 5 47 10 83 99 19 31 23 4 35 57 16 75 4 47 99 7 54 12 91 21 78 91 99 71 27 10 14 25 7 81 93 27 61 68 66 10 40 39 88 94 3 67 3 76 67 42 53 77 8 51 53 27 92 38 99 62 76 96 12 29 80 96 40 10 49 37 33 12 92 48 98 44 46 56 43 42 31 62 79 32 44 76 91 11 48 45 45 69 40 36 93 43 61 36 14 16 90 9 5 41 27 99 53 6 34 39 23 45 32 20 76 78 85 80 46 43 67 15 88 5 84 27 12 22 11 53 76 56 18 47 9 30 97 23 54 81 57 2 0 58 13 80 68 94 5 99 70 58 70 10 36 24 24 80 70 22 23 29 81 85 47 60 53 81 58 9 56 83 92 74 52 83 88 33 76 16 30 76 93 56 14 43 98 36 96 41 14 27 22 65 13 45 82 91 94 59 37 4 79 78 35 90 62 93 67 59 78 55 41 27 93 1 62 92 73 63 24 66 32 92 47 88 17 59 47 61 59 97 31 10 8 81 69 26 26 89 71 99 21 45 74 9 53 25 45 89 25 43 51 20 
97 71 97 80 99 31 54 65 24 93 4 87 82 87 64 68 53 5 20 49 6 97 12 54 74 92 62 89 75 31 39 7 51 12 11 85 30 81 30 72 46 9 60 56 73 42 42 38 62 11 38 28 99 7 33 33 31 66 18 73 10 63 70 2 57 33 66 0 3 13 61 22 88 39 3 57 82 41 80 0 49 70 85 45 27 51 59 27 12 39 53 77 42 22 81 93 48 15 6 81 44 11 81 98 94 81 76 89 99 92 38 27 59 13 24 35 47 58 39 19 17 7 43 96 79 14 92 38 42 6 47 7 40 11 47 24 85 26 56 77 51 55 31 98 11 74 56 59 73 98 5 38 23 62 4 82 26 86 46 34 62 86 73 82 35 94 34 98 96 34 27 32 19 70 97 35 69 80 17 97 51 0 8 20 85 97 83 44 78 70 4 60 12 36 39 68 74 26 8 89 3 61 5 95 81 29 54 95 77 27 47 88 53 68 22 36 3 66 34 82 28 14 83 26 45 98 70 82 60 88 79 12 31 98 46 26 76 36 79 48 92 75 22 96 81 59 5 70 90 63 47 19 31 51 81 20 84 50 94 35 90 45 21 17 10 35 5 76 8 79 0 70 77 52 21 11 65 43 70 80 69 74 79 4 35 55 54 7 37 34 7 57 58 39 52 64 90 28 12 89 38 62 29 9 45 82 25 6 93 74 81 59 8 53 93 8 48 91 76 55 53 92 45 72 54 0 48 54 27 27 61 34 89 6 1 87 51 89 22 56 19 86 22 14 52 54 23 92 79 35 6 7 59 98 75 29 57 70 71 95 88 21 89 67 50 77 38 3 95 97 32 82 21 33 65 22 28 31 35 12 91 80 27 48 63 90 39 32 80 11 68 2 21 94 63 35 31 93 78 59 
89 94 47 71 11 14 1 2 68 99 2 75 12 68 36 1 82 43 15 76 62 62 74 64 50 30 93 79 42 52 82 36 26 37 63 61 55 77 75 80 89 10 64 18 67 89 89 67 79 57 80 14 3 15 74 76 12 78 53 27 55 4 62 85 37 76 75 84 19 53 15 88 13 44 1 96 71 49 57 49 94 4 17 89 0 6 12 43 54 88 89 34 64 79 85 98 38 1 20 29 62 92 41 67 15 85 93 25 4 70 2 28 79 52 48 34 40 27 11 8 68 74 51 8 99 91 73 77 18 58 2 8 73 89 88 33 72 45 23 47 39 23 34 60 67 69 59 9 75 46 89 24 27 46 23 86 79 35 60 28 16 69 61 92 31 88 14 73 46 36 80 56 11 28 86 36 29 87 11 61 53 51 76 14 78 54 63 92 53 87 43 31 76 80 72 74 16 17 61 84 8 38 52 40 84 53 46 93 54 6 64 62 15 42 25 80 81 73 61 9 0 74 98 79 59 41 53 37 32 53 26 34 6 95 3 44 82 49 82 6 72 90 18 9 28 3 44 27 9 46 15 78 24 6 24 63 68 99 18 26 12 86 57 1 69 47 93 4 58 50 90 92 61 36 9 90 93 70 25 69 45 83 19 94 26 74 75 25 51 66 52 37 51 57 58 36 68 7 21 43 27 71 77 6 41 38 4 48 64 55 12 62 81 59 10 46 32 51 85 70 36 22 15 61 5 90 16 29 88 45 61 13 30 45 44 49 42 25 16 52 99 91 72 33 25 46 91 46 0 59 83 20 60 43 62 11 59 26 76 81 55 35 47 88 6 82 75 57 78 26 85 25 78 56 22 19 62 84 4 97 50 35 9 99 6 5 59 58 24 15 31 63 79 83 92 29 51 47 42 41 
69 63 95 88 75 48 70 64 19 45 27 55 93 35 31 39 3 52 4 30 8 63 63 24 75 27 39 63 93 84 1 89 49 98 94 77 32 9 72 15 73 65 5 9 1 27 64 78 22 56 98 13 48 88 40 83 40 1 6 32 89 22 95 95 96 86 37 91 81 1 40 64 39 48 58 63 46 96 14 67 47 93 81 49 39 60 84 1 17 11 43 72 18 99 89 56 34 82 14 19 80 67 5 13 81 95 70 48 57 8 35 24 6 99 61 38 5 26 1 81 22 88 71 44 60 44 67 51 61 76 19 4 87 94 85 63 75 72 32 89 93 49 72 46 8 15 49 5 67 21 20 32 20 68 50 68 56 30 65 94 27 23 13 83 85 28 50 97 74 80 70 97 74 13 89 0 36 7 27 97 40 91 21 38 54 15 40 47 37 80 39 5 19 7 95 83 87 88 56 32 41 52 46 9 81 18 33 62 54 48 77 88 0 3 72 22 76 61 73 18 99 65 32 17 42 48 71 21 32 46 49 31 20 82 61 53 57 91 42 18 3 71 56 3 16 33 25 80 18 70 80 0 67 7 74 66 75 30 11 72 88 58 92 96 64 36 83 80 74 11 38 90 70 43 19 32 22 77 55 22 57 70 2 74 91 41 79 95 42 69 25 33 19 24 0 67 72 8 83 31 28 40 30 42 83 63 96 51 44 47 19 21 80 57 11 11 86 19 84 24 15 81 23 96 82 64 10 61 20 28 39 73 84 21 14 15 87 97 13 28 38 35 33 36 88 91 51 40 93 77 77 79 7 47 21 4 96 78 46 70 65 87 93 95 61 46 37 20 69 8 76 54 87 82 29 89 55 32 2 45 14 31 1 25 45 13 73 62 42 51 16 21 5 77 62 12 44 55 37 79 
25 59 15 45 35 14 91 16 39 5 79 69 80 45 49 5 33 92 97 65 63 45 15 55 87 90 30 61 44 72 32 49 67 12 6 74 54 36 26 94 8 0 3 77 84 3 38 29 20 29 19 30 27 77 61 15 96 50 85 69 1 37 99 68 16 62 59 5 81 37 92 3 5 75 63 28 12 65 66 21 33 66 33 0 34 76 20 54 38 13 50 25 15 71 98 44 71 1 52 25 11 55 35 98 54 16 84 35 15 47 57 10 44 81 3 8 77 20 49 0 88 99 54 37 51 76 77 24 45 21 35 79 0 44 20 12 55 13 97 69 34 41 17 32 70 80 63 9 11 39 88 52 39 96 94 4 32 73 35 33 25 47 26 2 1 38 31 48 56 84 65 95 75 60 41 62 6 73 84 21 84 7 65 50 57 24 68 19 11 30 62 67 11 33 46 87 93 23 39 83 14 83 91 97 37 94 40 53 24 63 37 45 40 86 63 79 24 99 48 29 98 96 96 97 83 72 54 17 52 66 69 36 65 93 12 18 48 21 51 28 9 90 35 11 20 15 47 91 64 41 40 7 7 5 98 35 66 48 80 1 47 14 66 0 23 98 4 94 65 95 58 20 24 57 22 71 92 86 73 85 48 99 54 80 38 7 80 35 91 18 18 35 76 69 60 43 46 14 79 82 3 90 68 0 9 2 82 36 14 70 81 62 88 87 3 5 89 97 77 86 42 32 73 42 66 74 99 36 37 89 17 98 10 28 75 17 16 92 34 7 12 57 31 69 44 87 35 58 22 54 7 91 8 76 13 66 70 61 89 96 13 35 1 81 59 47 89 23 42 95 0 40 69 82 70 55 89 45 70 6 56 8 8 23 24 32 14 81 38 74 20 42 64 0 52 60 16 34 11 45 
30 11 6 18 34 33 32 80 1 39 64 42 40 70 9 97 6 18 52 76 45 41 2 39 97 96 62 59 16 89 61 88 65 73 81 13 13 79 67 43 43 48 40 81 53 0 86 3 79 81 74 38 32 38 97 22 93 31 23 85 12 32 75 23 45 43 56 54 9 2 84 85 20 47 95 64 31 74 70 1 14 68 29 9 29 90 86 36 14 49 99 74 58 27 81 71 49 86 33 97 19 3 75 85 14 46 94 86 10 48 83 96 91 93 5 85 34 71 8 96 99 59 89 87 37 58 54 19 26 99 82 17 1 30 19 32 52 88 70 4 51 62 27 32 38 35 58 59 35 70 17 63 96 67 62 8 90 89 27 32 46 40 13 51 10 48 14 21 11 77 62 29 9 40 95 60 60 2 80 11 51 28 55 1 70 15 26 40 19 0 52 50 84 38 36 23 94 35 46 53 70 53 45 30 5 86 63 5 72 6 34 76 58 31 51 17 92 73 89 84 27 55 33 48 96 86 32 16 30 57 20 7 61 20 94 99 82 20 31 98 3 23 85 51 32 17 53 24 46 79 31 27 3 63 26 82 83 75 16 38 21 88 28 32 56 50 90 55 16 79 46 48 92 57 69 87 42 36 29 9 65 3 32 82 5 86 42 46 88 60 46 18 67 90 45 20 76 79 85 3 7 45 14 35 55 53 26 61 50 58 66 33 20 47 11 85 80 33 78 37 35 67 40 12 97 5 41 34 48 8 99 10 56 56 93 78 88 45 28 72 83 66 74 0 31 46 57 95 8 29 86 66 24 83 63 99 98 91 62 15 17 71 19 97 50 58 24 73 32 74 54 45 26 59 79 85 62 0 94 97 94 80 34 46 36 28 75 80 54 55 81 42 65 1 7 43 13 17 71 90 
70 77 54 28 93 19 62 36 22 41 18 66 5 12 78 36 94 22 76 50 45 21 54 68 26 63 25 53 58 47 17 2 34 20 10 92 95 9 23 78 99 33 24 34 5 60 29 30 35 85 69 58 44 25 93 20 76 87 6 55 28 46 32 64 97 41 43 65 69 9 81 11 87 8 50 91 14 47 49 32 70 33 60 47 18 55 25 35 1 71 86 64 27 57 38 29 46 38 45 37 46 47 46 70 0 94 62 15 21 75 20 88 59 82 23 14 32 47 4 21 67 78 36 56 87 76 44 32 77 45 75 81 86 67 40 36 57 19 37 78 38 63 11 15 70 48 39 15 41 53 64 25 18 31 66 33 5 10 78 75 67 60 99 36 13 29 80 96 90 79 51 9 71 79 46 72 88 79 88 97 33 41 94 39 40 28 86 48 32 21 23 6 3 13 47 24 8 73 30 75 12 31 84 24 26 39 96 92 68 23 21 29 20 27 69 61 35 60 45 84 89 16 81 78 49 35 24 93 18 60 41 9 78 1 51 34 98 43 59 50 19 57 28 6 47 76 55 60 14 19 27 79 19 51 38 51 50 54 2 52 48 60 23 5 20 78 73 3 80 71 49 92 51 27 99 81 49 2 30 51 34 93 55 25 94 99 71 60 92 30 24 29 64 30 30 79 51 23 38 93 26 87 35 6 30 43 95 61 90 2 0 84 26 38 51 43 18 14 40 14 10 55 4 47 32 75 43 20 94 86 74 45 18 3 69 89 92 79 80 79 99 89 51 19 6 78 77 77 84 33 61 28 13 57 56 83 40 13 94 92 17 25 9 70 68 48 58 9 19 45 21 27 63 90 91 57 94 97 30 26 19 8 97 59 91 92 65 72 6 14 67 66 1 91 74 94 11 32 0 9 
9 48 24 16 30 48 82 6 63 83 10 15 39 76 6 3 79 16 87 7 80 97 66 87 1 3 39 69 15 49 5 42 65 27 91 86 13 89 39 13 56 20 53 91 93 19 26 99 53 54 82 39 33 93 82 7 53 15 6 8 40 37 6 31 8 88 3 67 51 56 61 34 65 61 67 95 56 3 18 23 6 24 41 73 6 20 92 17 6 6 20 43 11 90 27 41 33 34 4 8 8 36 37 35 95 52 27 86 64 78 94 65 5 47 97 77 26 41 96 17 51 28 57 33 43 78 3 11 12 1 78 56 49 71 7 82 25 10 46 21 50 6 21 46 30 44 87 70 53 72 42 48 92 29 32 27 48 27 96 22 65 25 76 9 96 16 98 87 16 16 8 44 5 2 53 69 6 97 44 33 44 41 34 26 9 21 95 96 34 4 52 62 57 6 56 59 36 39 24 3 2 16 97 54 85 25 60 7 68 92 79 69 77 60 95 38 31 84 0 5 38 96 36 90 27 12 76 55 78 96 51 53 69 56 69 43 71 89 3 11 96 44 67 3 67 57 2 13 93 30 72 73 20 73 68 75 32 7 29 1 32 19 64 6 8 47 15 28 74 53 26 99 51 0 55 54 15 40 51 54 80 35 3 13 6 86 52 92 99 55 83 96 1 29 71 66 92 97 64 17 66 25 28 35 36 10 60 99 23 1 26 6 50 44 88 93 82 67 80 26 40 89 5 24 49 56 32 16 4 17 48 6 47 97 63 56 99 85 2 33 18 17 27 53 77 63 65 72 95 0 31 64 43 35 1 99 33 49 91 41 4 81 3 81 14 41 65 74 1 37 37 49 24 74 77 18 13 1 0 67 22 81 2 75 5 23 9 54 76 40 79 72 65 96 97 89 54 81 95 4 
12 10 93 27 58 13 86 34 16 31 66 17 65 58 45 27 37 11 10 48 91 10 49 10 5 2 5 32 88 21 29 7 83 80 61 70 67 55 48 8 28 23 39 87 58 60 64 31 95 93 16 31 20 85 41 67 55 35 73 71 90 82 99 46 39 23 79 39 55 34 12 52 1 51 31 64 61 97 83 43 80 59 79 43 5 11 79 58 52 67 47 53 6 98 56 98 22 47 77 21 95 40 77 88 29 82 25 97 61 98 13 88 35 3 18 49 41 15 7 7 50 35 76 54 72 54 2 7 15 92 32 57 14 72 69 78 22 19 39 86 74 40 83 34 84 44 90 69 25 72 56 47 12 37 47 40 47 87 95 28 46 62 47 82 4 13 58 22 32 32 27 26 12 77 45 57 59 5 55 14 12 8 12 50 78 10 86 65 27 43 12 21 24 98 72 85 86 97 73 97 21 84 82 33 48 87 35 35 77 8 77 57 86 62 77 95 69 86 15 9 28 56 49 60 64 66 17 50 39 71 62 87 99 11 64 16 81 24 9 27 26 4 88 21 92 90 8 3 16 30 68 41 2 5 89 82 99 72 3 12 75 31 57 47 85 41 36 7 75 94 42 95 8 13 24 91 69 64 16 34 27 40 7 24 90 53 34 74 67 14 50 36 62 93 14 9 80 74 36 29 86 84 0 43 37 51 24 43 53 72 99 91 59 46 68 7 32 46 42 25 90 30 82 41 69 49 4 47 90 70 98 95 99 97 61 17 72 2 29 40 72 82 39 14 7 43 93 34 90 79 86 34 63 14 58 72 19 11 88 70 74 93 31 77 61 87 98 98 81 83 19 38 87 46 5 20 83 58 88 36 94 60 30 7 99 36 44 60 5 39 78 1 93 35 43 66 81 53 63 16 
81 72 10 18 81 32 21 33 76 53 99 70 31 17 21 88 81 91 38 34 5 73 74 98 61 57 49 50 94 11 99 35 63 50 85 84 3 56 63 16 85 51 40 83 86 22 29 66 41 75 9 41 2 6 28 29 65 81 99 38 96 29 36 63 0 65 66 27 27 18 59 74 54 12 96 80 38 99 40 33 92 16 33 54 33 44 79 35 73 68 43 62 15 19 20 47 38 26 11 36 91 31 24 18 39 24 54 57 91 20 31 24 53 9 18 37 32 40 21 0 30 7 74 13 4 14 52 75 39 43 81 18 27 57 95 69 9 79 40 97 13 41 62 48 24 80 7 45 62 3 96 79 27 84 16 72 46 24 88 76 43 94 40 38 93 78 92 86 43 29 80 44 69 66 81 20 49 89 53 87 47 15 37 69 96 89 97 11 50 10 99 54 32 86 88 56 11 52 59 2 30 62 39 0 82 12 55 65 85 26 40 34 72 14 96 73 86 9 84 24 86 84 83 16 0 90 96 83 33 25 88 25 5 66 49 54 4 49 70 11 31 80 56 11 84 19 76 4 20 27 79 66 24 7 18 15 54 84 37 92 65 88 62 70 16 89 14 89 16 27 68 97 67 7 61 1 59 61 70 13 66 97 52 47 56 17 37 42 47 3 88 10 17 48 14 94 87 20 73 42 25 44 74 67 82 96 46 13 97 90 55 93 72 34 12 0 4 40 28 30 38 19 94 58 20 31 64 24 55 69 72 44 3 50 36 75 79 65 13 11 67 5 93 44 31 54 2 16 54 14 62 82 71 0 6 79 39 76 56 33 99 89 21 81 47 75 53 10 71 35 28 82 24 86 36 73 46 5 40 12 18 29 1 79 63 49 11 6 61 3 46 96 47 61 69 97 16 1 11 11 
80 91 28 75 25 29 22 61 98 67 40 59 34 56 23 77 76 1 28 98 38 84 18 98 4 28 36 93 66 19 16 47 12 15 89 89 85 46 5 63 14 20 24 22 40 47 61 35 57 21 18 36 50 3 35 67 49 5 77 97 46 77 93 37 47 25 18 21 80 97 63 8 30 8 82 20 63 38 99 54 87 74 9 60 6 64 18 34 10 2 86 88 31 66 54 67 75 0 64 54 14 58 26 99 30 43 7 66 64 12 77 45 0 60 1 65 73 51 7 72 60 62 89 7 29 28 66 65 2 56 12 97 24 21 75 81 43 34 30 28 94 71 55 57 71 75 94 40 84 97 62 96 46 60 51 85 4 90 79 72 75 72 12 81 69 62 13 69 72 87 17 97 1 30 40 45 56 80 59 60 62 48 26 59 32 74 40 43 21 56 31 96 23 26 20 32 6 2 98 24 69 79 70 89 93 54 1 10 52 5 37 62 63 5 33 56 90 7 28 93 35 83 15 20 49 29 66 27 17 47 68 78 95 83 30 82 43 21 54 88 38 8 8 69 99 13 1 92 37 99 22 70 63 9 7 73 1 57 9 4 84 19 88 34 89 1 5 70 14 28 71 58 34 83 84 34 83 34 3 42 36 90 99 34 19 19 39 50 75 54 48 27 79 20 38 9 3 75 7 41 67 87 8 72 41 88 49 28 18 14 63 23 60 48 8 2 9 85 94 60 12 25 88 11 72 36 54 54 2 72 19 76 56 59 76 91 38 45 90 17 4 43 24 27 27 46 62 82 37 24 10 51 59 12 97 69 93 69 55 66 57 27 58 10 31 18 72 83 13 80 65 54 33 35 20 17 36 14 52 5 65 70 77 74 49 52 86 33 66 1 19 80 56 78 81 4 72 89 80 56 
35 12 32 85 98 45 1 34 92 89 33 92 87 5 4 93 16 17 33 26 77 67 36 37 28 88 78 42 81 81 36 24 14 97 88 46 47 13 36 89 17 36 96 59 55 95 23 10 18 44 84 96 76 47 23 57 16 25 9 31 96 17 64 10 13 87 32 96 58 62 17 71 42 21 6 73 83 54 81 66 15 3 92 16 70 37 12 27 40 85 8 4 77 0 39 44 61 66 70 20 73 98 56 71 7 10 95 62 49 45 16 48 13 60 77 82 32 85 90 12 96 0 73 16 14 52 91 62 76 54 36 26 91 8 12 94 37 61 99 79 89 11 82 9 2 17 63 45 93 51 99 19 65 66 10 16 25 44 2 77 81 99 75 45 77 28 39 48 59 8 22 64 37 50 24 84 78 40 78 86 13 47 29 25 30 43 25 71 25 92 41 41 81 17 99 33 21 43 3 48 53 9 7 84 19 69 34 11 47 92 17 68 80 65 61 17 28 27 94 46 23 0 64 77 22 88 56 3 10 19 97 50 7 58 67 28 90 96 63 34 67 72 81 20 79 13 95 56 65 43 99 25 18 48 78 54 30 29 98 59 57 41 28 19 54 14 14 43 3 3 81 42 1 10 74 90 53 51 83 10 67 81 55 15 10 72 45 44 45 14 44 28 4 5 26 27 6 69 68 2 32 14 38 95 94 33 0 49 42 84 64 86 34 34 81 85 23 16 15 62 13 24 55 95 22 96 5 86 49 79 17 32 88 1 79 60 65 69 71 29 15 66 95 32 8 59 34 90 14 80 53 28 96 4 23 4 75 8 71 46 89 0 84 19 36 20 64 46 14 78 98 83 67 71 24 73 83 42 74 79 62 8 15 7 34 92 48 86 24 87 74 2 33 20 63 72 6 76 73 68 
53 84 62 91 86 17 15 5 91 73 60 91 80 28 40 99 41 34 94 97 24 27 90 88 10 27 52 93 89 83 41 51 71 47 52 20 29 6 52 99 78 71 62 19 2 85 58 15 47 1 0 86 55 6 17 44 50 5 84 38 37 14 22 91 35 55 53 31 39 56 39 32 70 87 10 19 98 37 47 40 24 32 72 25 98 14 66 52 3 74 63 54 31 18 22 59 90 65 92 40 92 37 35 56 3 7 13 66 28 62 76 97 90 1 20 73 56 29 72 1 61 51 60 50 46 93 2 99 26 63 64 54 57 60 17 98 87 14 11 28 46 46 29 19 75 11 25 87 97 6 24 22 58 86 88 53 18 57 74 65 45 70 32 37 33 61 17 90 52 56 16 62 6 31 13 45 18 66 66 6 49 17 94 48 76 93 24 84 12 73 5 14 95 7 97 78 80 16 83 41 65 17 40 52 52 71 90 20 40 98 1 67 37 86 42 62 75 86 18 87 55 84 49 49 98 88 31 57 82 25 87 31 11 41 2 70 90 40 2 68 36 11 48 25 12 81 83 78 57 47 22 29 67 56 8 75 92 35 42 77 92 64 84 15 44 8 23 78 90 21 18 80 82 37 0 97 19 90 82 88 72 18 26 3 97 32 11 43 89 27 5 31 17 61 51 22 75 98 59 99 47 50 22 93 30 76 21 23 1 13 27 61 48 13 21 24 23 72 70 39 83 79 2 70 66 92 84 55 49 19 38 75 22 79 86 82 81 57 75 98 58 2 90 1 87 75 34 33 52 84 48 27 44 73 15 71 2 49 35 91 28 84 88 42 30 8 70 64 74 78 30 75 22 89 63 23 75 11 66 25 13 60 99 76 19 88 97 30 53 40 36 82 83 31 44 93 55 17 17 94 
33 68 57 33 54 59 26 16 39 31 49 25 72 72 93 98 37 4 40 6 11 22 78 19 66 1 76 44 5 74 92 37 55 88 97 73 37 6 10 39 52 74 22 40 84 44 23 8 69 29 99 43 93 65 3 98 6 3 54 70 85 23 79 33 51 64 63 54 87 44 0 97 97 12 27 43 33 80 97 35 63 7 8 14 10 59 5 97 74 7 55 0 26 28 18 93 77 90 32 25 17 3 36 66 70 85 38 26 32 0 83 42 47 14 97 47 70 38 1 93 90 51 58 58 21 34 65 1 66 24 91 94 94 61 10 97 11 30 40 4 88 41 28 70 94 90 67 62 42 24 22 73 15 6 13 87 92 99 63 54 29 56 27 56 86 76 98 78 41 13 13 54 6 53 6 67 55 43 58 65 89 15 94 66 92 71 70 91 21 68 9 84 22 9 95 35 22 26 31 10 55 39 45 39 12 38 71 84 59 46 78 91 3 65 55 75 5 84 18 31 56 66 55 98 14 71 88 9 89 2 63 65 94 40 91 48 0 10 68 85 44 33 38 98 36 37 66 74 50 44 81 91 31 31 37 13 84 61 38 47 71 43 28 22 44 85 81 28 26 3 25 39 64 77 88 34 5 47 43 79 40 83 55 10 84 57 11 53 88 69 9 76 13 39 51 2 3 36 41 48 0 63 93 22 15 47 42 36 18 59 50 52 58 65 4 57 11 79 52 77 62 78 4 78 89 29 7 33 83 59 72 36 0 20 42 17 35 77 57 68 77 16 43 50 5 22 27 51 98 84 58 25 87 40 64 97 34 33 98 81 66 16 42 43 65 53 94 81 82 1 56 49 16 85 61 51 88 14 97 9 67 78 43 74 22 4 62 62 77 87 2 89 22 37 22 46 60 90 90 14 
16 85 33 24 30 7 29 99 63 5 86 66 29 44 76 76 36 52 44 65 76 75 24 7 27 48 90 8 12 38 94 19 15 27 18 60 71 7 64 46 94 55 38 83 29 18 81 90 43 65 58 17 18 34 20 92 67 79 56 54 77 59 85 44 97 26 45 14 92 29 59 19 62 57 33 80 66 16 97 49 70 23 58 54 15 78 66 39 44 85 69 31 4 60 69 74 29 42 16 38 4 29 73 86 86 1 86 32 72 2 22 93 54 7 62 74 76 72 58 89 1 26 13 76 39 97 64 37 88 71 71 35 44 16 41 56 34 12 87 72 39 60 34 37 45 91 32 26 40 33 11 85 63 58 44 52 88 43 47 0 61 41 52 37 82 8 22 77 19 15 54 23 56 18 70 33 2 89 90 53 3 87 26 80 29 37 49 76 87 52 10 40 80 12 73 98 80 46 97 72 96 29 16 2 2 88 50 46 97 75 5 53 26 83 27 1 11 19 26 28 63 61 69 72 25 76 84 95 94 51 94 38 1 9 0 44 58 35 81 12 15 91 40 50 64 14 54 81 1 56 37 71 8 90 23 85 17 57 67 67 10 22 1 78 79 77 40 46 58 33 25 74 83 11 37 61 65 23 35 28 0 68 83 98 74 40 62 43 23 43 79 35 10 78 53 5 21 15 2 27 36 7 60 49 73 73 98 54 42 37 17 57 87 7 99 56 42 61 56 17 56 26 43 86 34 53 43 2 63 77 27 0 56 2 55 28 5 84 68 92 98 30 37 25 22 90 27 86 19 55 34 19 38 27 25 94 16 30 16 98 86 46 87 29 36 41 30 76 8 48 95 60 1 25 79 59 74 67 9 15 77 32 8 34 72 64 19 87 58 73 34 25 81 70 62 41 98 95 88 0 
21 33 59 37 48 30 87 32 90 52 90 64 13 62 45 90 71 91 94 90 51 29 81 22 52 97 0 49 18 86 27 13 97 7 15 88 94 97 85 51 30 27 22 45 54 20 31 50 93 58 54 15 48 28 27 37 47 75 16 28 2 21 89 35 67 74 17 73 91 66 89 5 31 38 21 57 52 69 72 59 72 51 7 97 0 81 30 96 59 16 31 7 88 83 75 61 71 98 91 39 51 21 62 50 76 63 79 60 59 55 25 97 59 16 29 33 15 17 32 88 27 32 37 74 71 42 69 92 97 11 66 90 83 98 93 53 89 16 51 4 52 37 6 51 75 71 67 71 33 42 63 56 32 0 94 40 76 17 11 3 42 13 74 59 22 81 54 54 79 36 35 26 34 23 42 85 62 95 38 85 87 85 4 38 36 62 98 5 90 40 93 79 49 65 82 98 33 70 5 35 25 35 61 93 74 5 23 68 32 68 62 78 4 18 26 22 9 59 48 30 25 59 26 43 74 97 96 18 74 14 89 13 91 20 29 91 67 23 51 80 79 1 95 4 8 65 19 65 39 68 13 31 57 74 7 24 46 70 90 88 99 43 76 55 50 97 13 32 69 65 51 68 41 40 29 44 84 31 89 99 16 27 70 15 59 97 88 29 12 13 41 99 56 70 48 27 84 73 20 85 96 3 67 61 1 60 27 33 11 38 65 63 50 74 56 47 94 25 41 4 93 48 97 36 87 60 10 73 24 20 25 78 97 58 31 90 20 70 22 35 93 88 31 6 25 47 86 14 22 68 22 98 87 69 41 3 66 19 22 10 43 75 77 58 79 32 58 60 36 44 82 36 3 67 19 79 35 84 75 29 0 87 42 41 8 99 63 99 25 13 27 62 59 4 60 70 43 42 22 55 
35 55 47 10 68 45 84 11 58 52 42 96 43 91 30 1 11 61 49 13 22 13 91 28 3 12 26 41 19 57 77 58 13 43 89 25 48 69 36 5 77 86 40 6 96 6 6 17 65 45 60 88 83 46 96 81 15 99 98 64 33 59 68 33 41 44 56 38 96 7 33 70 57 20 29 11 29 38 38 38 49 2 28 61 23 18 15 64 16 98 38 82 73 46 23 49 71 31 27 96 59 38 24 90 5 85 37 21 12 77 82 88 51 20 17 59 55 20 72 2 37 7 40 0 85 33 93 50 99 70 19 41 13 28 41 20 77 81 59 65 8 29 81 62 43 83 30 99 18 88 75 18 86 24 37 45 79 15 48 83 2 99 56 30 62 24 39 93 70 36 33 34 38 81 65 64 38 11 41 88 48 78 55 49 84 11 65 3 94 38 42 9 63 48 94 21 7 18 92 80 26 82 93 41 89 68 16 71 59 84 56 59 73 90 30 38 98 66 27 79 95 97 52 24 82 19 24 22 39 90 58 26 67 11 48 57 73 44 3 71 47 54 88 68 86 12 34 67 36 80 37 75 9 68 6 67 99 43 48 1 47 65 50 18 61 20 74 76 99 76 14 87 45 34 53 26 38 44 24 57 55 48 1 15 24 75 19 50 3 16 28 17 50 85 68 17 83 31 51 82 70 80 24 20 81 2 34 6 78 35 43 74 54 28 4 11 24 94 29 94 26 69 69 86 88 7 32 90 21 73 94 21 14 88 63 10 27 7 89 99 12 51 21 90 9 47 30 1 22 49 86 59 42 96 11 45 5 71 45 78 11 35 92 22 27 84 45 35 64 58 72 94 47 5 4 16 12 93 99 48 57 44 35 80 9 60 29 62 66 34 68 65 30 39 65 79 62 29 3 22 
19 33 80 30 44 62 30 37 64 90 70 70 98 67 68 98 90 85 69 20 2 98 45 6 1 43 9 4 66 1 93 29 32 42 77 8 33 32 53 49 8 90 68 76 72 90 1 96 98 63 81 0 1 85 8 30 60 65 16 69 83 97 54 93 52 91 94 83 1 13 14 15 37 17 93 1 3 98 1 31 55 86 50 37 52 61 77 76 20 27 86 37 86 61 16 25 74 22 5 73 64 11 8 11 86 87 77 1 79 25 54 67 95 79 64 56 98 48 20 21 4 80 54 60 74 50 89 42 70 6 80 11 98 88 17 55 99 89 24 94 45 57 34 7 98 60 15 8 83 45 96 85 48 43 57 15 8 74 10 67 92 50 32 63 44 51 75 64 4 69 74 81 12 24 2 95 51 54 30 66 76 32 50 59 32 98 39 70 42 91 63 1 5 92 5 81 70 24 67 5 2 12 34 29 80 76 70 52 58 46 42 30 75 76 78 11 49 28 44 84 62 39 56 15 13 99 83 72 34 79 37 79 8 35 21 88 50 43 5 70 31 54 52 19 39 91 64 46 2 81 51 70 47 40 48 22 2 7 85 73 62 3 77 65 14 16 47 38 13 7 93 16 63 32 30 81 89 72 12 48 8 37 46 35 38 65 84 78 2 52 1 8 73 70 66 81 93 37 68 12 57 27 72 31 21 62 16 86 7 31 45 4 90 76 15 76 2 34 64 42 24 66 21 24 12 64 5 19 24 8 4 70 66 47 35 63 53 94 88 59 36 28 72 43 20 10 83 80 35 82 8 83 84 14 42 61 85 87 47 44 67 7 78 59 49 62 62 67 20 43 92 87 17 75 25 0 14 48 10 60 30 27 20 76 83 94 96 16 99 56 65 32 31 13 23 88 45 14 16 39 
56 88 13 76 80 61 84 88 1 0 23 48 37 36 92 38 64 35 82 9 47 71 18 94 94 66 35 20 55 94 51 16 12 11 3 26 55 28 53 91 52 7 60 39 75 57 67 92 12 1 42 83 91 48 85 19 55 74 14 8 6 74 37 42 13 55 18 94 66 33 19 32 51 46 87 82 49 23 46 71 93 21 46 75 82 84 97 2 51 44 68 0 22 79 99 0 97 32 86 60 27 81 60 43 59 19 77 16 97 44 13 10 53 85 43 9 36 93 75 80 0 50 0 63 87 11 81 51 15 86 66 59 21 26 70 65 83 68 74 74 18 85 4 90 80 23 77 68 30 69 55 61 65 96 24 89 82 59 15 26 60 89 60 24 85 38 30 46 75 95 22 43 72 58 79 63 72 90 32 92 35 58 97 64 19 84 86 32 46 23 84 98 38 85 2 2 56 3 75 38 64 6 4 36 16 56 45 56 43 77 63 46 83 86 45 45 12 19 3 61 15 24 58 47 68 46 97 6 31 23 27 67 57 68 38 88 29 53 35 70 48 74 59 86 3 28 30 69 78 1 94 46 86 28 95 96 43 13 20 67 70 81 92 40 74 48 46 28 91 10 65 44 56 36 48 87 82 43 70 44 89 98 85 39 18 17 72 37 37 20 17 78 23 8 67 63 12 48 85 72 75 0 71 63 10 51 26 54 72 5 35 13 0 11 66 88 31 57 17 7 69 72 2 19 72 54 64 52 46 99 51 95 48 46 45 83 70 71 57 46 85 37 50 65 39 2 35 96 6 62 13 50 35 74 92 61 60 82 83 0 28 65 7 30 70 19 27 31 5 80 81 48 26 43 22 27 50 37 90 23 86 95 66 81 76 24 75 0 92 72 12 71 26 46 23 64 2 41 48 11 
93 66 65 99 66 43 53 0 22 46 99 54 75 99 94 25 79 92 75 26 99 52 90 68 81 2 65 46 27 47 89 36 29 41 22 68 66 73 21 60 18 91 4 65 6 72 42 14 40 41 20 44 41 98 78 72 48 61 78 80 57 25 54 58 46 57 96 7 17 53 99 90 50 67 11 87 74 89 6 19 36 70 37 93 6 6 89 2 60 52 2 25 1 39 31 68 94 94 3 31 71 83 43 79 38 65 34 45 31 42 33 52 86 45 63 95 47 49 52 51 27 33 52 1 29 9 27 67 64 64 27 9 44 79 93 26 83 79 19 18 97 71 25 2 90 93 66 66 39 17 58 23 71 97 78 49 72 99 72 26 96 16 55 4 77 74 81 0 28 0 51 79 17 68 4 61 56 78 86 15 90 51 42 89 60 1 98 5 55 89 80 62 39 92 12 65 73 14 54 80 66 52 85 88 62 37 43 64 41 92 67 70 33 8 31 66 72 99 37 24 32 11 52 95 84 70 94 3 64 65 81 19 28 23 11 32 69 34 6 20 76 95 84 18 99 90 38 77 97 17 19 55 18 77 44 20 71 24 97 83 11 69 18 44 26 69 91 51 64 96 5 76 6 15 90 4 77 51 59 18 3 73 40 1 57 15 27 42 85 32 89 29 1 56 5 56 52 42 54 82 42 41 7 25 54 72 69 99 17 93 46 95 68 21 31 59 54 70 31 36 53 32 5 56 82 36 38 27 7 30 36 49 52 70 34 63 20 26 77 60 37 2 38 50 18 48 30 81 76 32 2 19 47 98 86 32 35 67 64 40 6 18 37 99 76 36 92 25 16 66 38 70 8 77 93 71 56 1 39 78 15 11 5 50 20 1 45 23 63 92 84 52 38 88 32 37 89 37 42 59 
99 10 47 6 3 33 85 15 95 2 67 50 28 97 64 94 98 45 23 46 66 67 18 90 41 57 99 95 27 55 28 82 4 47 70 64 17 4 83 50 26 30 26 91 34 64 15 22 60 66 39 12 41 63 42 59 61 42 48 56 54 53 85 22 43 98 5 31 10 69 66 83 53 1 95 46 9 66 85 83 87 68 80 55 10 38 48 70 94 53 28 0 99 78 67 78 9 77 25 56 39 24 40 94 93 27 28 90 30 41 87 97 77 15 33 31 60 95 16 40 6 8 27 28 82 92 76 91 37 70 70 6 14 81 96 41 68 56 75 85 96 8 21 91 73 43 91 89 68 18 13 29 15 49 32 32 49 74 41 77 75 59 83 78 18 0 41 49 20 32 97 19 71 3 71 66 96 16 50 37 44 79 24 36 49 90 69 59 82 48 6 23 48 94 14 19 84 57 40 57 97 32 18 37 48 78 77 33 72 66 74 70 55 59 57 33 10 38 0 86 16 58 2 57 27 86 9 74 50 13 41 75 58 66 1 6 9 97 31 73 83 90 99 40 33 92 4 2 84 37 22 8 88 60 83 52 60 83 57 74 7 38 79 87 11 75 48 88 41 44 76 77 81 82 28 61 3 27 44 64 30 27 71 46 89 62 19 84 39 97 46 8 47 25 80 50 4 0 61 96 13 51 77 10 96 71 2 98 52 29 75 82 89 16 51 11 79 20 35 4 5 4 3 92 87 47 82 32 2 47 45 73 67 30 54 75 42 18 1 46 28 76 83 90 12 76 69 8 6 38 75 37 5 16 58 61 38 22 50 4 8 90 76 48 66 77 43 53 7 81 5 87 76 66 41 32 59 11 2 29 19 36 71 50 36 5 41 44 76 88 96 15 42 63 2 44 38 37 68 96 
89 86 30 61 99 41 5 25 38 93 67 89 57 51 38 48 1 15 89 60 2 31 24 48 33 40 34 7 4 4 40 63 34 88 95 65 29 95 86 93 70 90 9 65 56 33 82 79 84 18 74 18 79 85 53 36 56 20 94 37 47 87 88 23 66 79 62 87 95 38 18 35 82 38 19 52 81 84 25 62 49 86 4 17 99 0 61 10 95 70 36 31 11 79 64 15 51 78 85 6 52 28 83 55 50 37 84 75 55 18 12 61 69 92 22 50 83 42 70 83 82 28 85 73 69 50 4 56 3 75 97 59 84 72 18 3 27 20 99 13 66 37 39 77 27 70 13 65 10 94 65 3 58 89 0 2 88 94 32 70 45 21 29 37 36 58 83 61 44 53 25 35 63 51 21 54 55 57 58 97 24 52 78 93 78 53 15 51 32 82 56 84 14 36 87 93 15 58 18 93 10 66 30 69 53 58 96 75 94 22 46 79 61 28 28 86 39 16 28 43 22 65 71 2 21 36 5 67 89 28 22 0 79 21 82 66 8 5 50 97 63 32 0 30 22 18 25 53 52 74 13 91 45 49 62 69 94 5 96 90 54 68 45 57 17 16 53 3 29 84 96 52 58 50 83 59 66 98 59 39 69 55 8 66 13 85 29 5 33 59 4 18 35 30 21 13 99 78 18 43 7 38 26 43 24 78 22 33 50 96 11 31 58 88 89 29 34 9 96 1 23 79 77 32 83 50 75 92 82 30 54 11 66 93 91 86 12 79 18 81 20 52 81 90 96 63 38 0 13 1 70 90 87 11 67 68 15 44 83 25 33 70 13 54 90 92 25 66 22 81 75 14 58 27 53 83 38 41 38 18 77 29 13 11 29 0 61 53 37 77 72 49 60 85 43 9 88 55 50 11 
62 79 65 9 68 23 66 51 84 11 40 20 23 41 7 13 2 27 84 8 87 95 59 75 56 67 0 71 3 59 39 20 57 3 64 94 85 97 13 10 47 63 1 93 34 33 85 52 29 98 64 72 97 95 81 24 19 72 8 61 68 54 88 38 70 44 19 56 5 22 6 83 50 19 13 54 62 17 3 55 50 59 33 46 93 26 56 24 64 20 94 87 77 45 45 12 82 94 12 8 84 16 77 67 93 33 40 6 47 90 0 59 50 16 55 54 29 78 61 38 12 67 87 84 92 52 9 99 12 46 93 85 75 49 42 65 25 27 45 78 30 26 38 39 88 11 37 75 57 97 91 74 33 97 91 41 29 76 2 63 28 54 18 80 92 72 41 90 33 84 65 25 42 18 63 47 4 15 17 50 83 42 92 17 74 63 6 73 34 67 62 7 10 75 81 8 42 16 97 25 89 55 5 89 79 11 76 41 51 68 5 70 17 53 66 55 59 47 39 21 85 27 18 11 47 29 9 78 62 35 55 99 74 58 71 71 30 60 97 87 24 73 14 92 26 21 2 83 25 66 68 12 18 34 82 60 42 5 65 22 50 24 79 76 10 76 7 29 78 36 98 89 95 0 27 55 3 52 4 38 19 5 71 67 95 22 53 46 39 53 18 59 65 63 53 31 4 89 99 11 3 65 38 28 52 52 98 64 39 69 68 32 33 6 97 98 46 2 85 4 99 27 72 38 96 84 45 77 1 45 93 24 46 14 98 92 24 61 81 74 18 40 5 48 40 87 66 4 91 69 84 7 21 41 35 94 22 63 14 5 63 88 10 33 6 70 10 8 54 96 70 34 88 85 84 78 87 91 33 45 44 1 75 71 89 13 82 20 23 28 69 8 61 99 11 22 15 71 26 8 
27 87 91 84 22 8 58 91 34 61 24 71 83 93 70 83 28 58 95 35 35 55 38 25 44 20 17 70 97 32 18 74 41 99 76 51 23 57 97 91 86 11 65 19 15 85 0 39 41 55 24 80 27 4 73 97 38 60 63 13 5 21 78 84 75 28 63 60 56 1 29 93 94 80 57 56 5 69 19 76 8 18 54 23 58 48 42 44 85 95 11 76 86 54 17 62 46 39 54 50 11 86 68 18 18 44 0 68 15 17 29 6 25 26 77 83 21 9 0 57 33 66 35 75 17 27 0 41 88 90 91 94 11 77 76 61 30 43 65 67 4 53 91 80 97 55 48 8 62 28 25 32 76 79 5 85 69 20 11 24 12 43 84 47 69 23 6 91 51 49 94 90 85 81 81 87 71 49 69 3 31 58 7 46 56 72 30 71 70 66 22 92 38 24 81 94 95 82 98 51 72 66 29 61 8 90 63 62 12 16 34 64 68 69 99 11 25 83 89 52 84 39 57 29 35 91 0 74 60 36 8 26 38 66 51 99 80 78 20 78 55 32 80 42 71 15 0 46 9 50 32 41 32 0 59 62 14 66 28 21 64 76 84 40 64 85 12 45 1 34 26 15 52 2 79 46 42 95 0 48 86 40 9 10 29 94 25 60 31 75 20 84 67 77 53 24 82 23 64 94 36 91 35 60 31 32 7 76 4 60 37 17 39 89 9 50 19 43 39 94 18 37 37 13 26 33 69 83 32 17 31 39 12 63 24 41 1 59 39 91 42 44 8 64 1 28 24 45 11 57 37 17 92 8 75 76 25 83 34 32 67 29 4 23 13 84 57 95 45 88 61 35 39 26 25 5 47 91 82 73 36 90 11 49 8 40 34 32 74 15 73 56 54 28 80 51 88 33 49 98 
27 53 19 17 71 38 24 29 61 9 47 27 58 16 1 21 3 17 17 34 15 37 61 50 65 43 27 51 80 41 38 65 88 24 70 33 7 92 89 36 43 14 86 2 66 54 70 1 88 91 62 54 15 33 64 15 57 36 45 6 61 86 10 57 47 67 37 66 13 16 95 97 38 66 36 76 79 39 35 70 23 46 11 23 39 7 32 27 93 73 6 92 28 95 78 2 68 48 82 97 52 22 68 25 97 94 5 85 9 93 64 44 76 30 77 33 73 79 98 69 53 45 53 75 43 80 34 39 28 65 67 57 9 2 54 71 89 60 69 58 0 83 45 50 32 23 7 61 76 13 22 30 22 12 31 44 29 97 61 16 46 16 26 75 2 32 85 64 89 21 8 47 53 57 21 21 14 42 55 47 57 29 44 73 35 33 88 82 67 22 29 18 54 64 29 63 10 69 83 4 53 37 5 27 99 83 22 64 94 61 7 82 94 23 28 39 4 2 8 91 71 79 24 73 29 69 12 28 37 19 51 34 49 65 14 98 31 73 58 92 21 61 89 87 90 12 89 71 49 6 79 99 12 72 55 48 25 27 57 34 20 71 48 66 22 95 57 18 68 28 34 61 22 19 59 38 9 22 60 54 39 69 92 27 26 57 50 20 9 30 7 70 18 30 19 94 27 49 59 0 94 22 70 66 2 9 18 30 80 3 33 51 21 79 9 51 10 70 89 68 58 38 9 12 91 14 64 11 0 13 15 83 17 52 5 76 11 9 97 91 54 45 48 59 84 56 92 70 19 64 39 53 62 7 52 63 92 29 99 24 22 9 27 97 78 62 37 2 11 90 34 66 51 62 33 22 62 53 42 8 74 41 22 34 88 61 88 16 64 90 63 75 79 56 93 58 40 45 8 92 
9 91 3 95 12 45 67 19 38 88 94 83 53 51 44 53 80 89 44 55 51 64 14 84 14 70 86 47 99 75 55 76 22 86 81 5 12 1 55 75 1 46 58 97 34 60 98 19 63 45 82 19 90 69 62 44 0 34 82 64 80 10 30 48 45 78 12 49 15 88 81 17 21 7 8 82 53 50 64 50 72 50 64 72 76 68 4 54 35 66 25 32 62 56 5 16 86 3 48 70 85 45 21 82 13 24 89 55 72 83 41 42 19 89 59 71 5 41 92 24 18 13 95 0 61 35 75 25 97 29 40 69 79 28 67 17 69 7 53 63 21 9 51 26 97 80 39 96 61 52 93 63 34 23 75 75 50 50 17 63 43 92 78 37 80 5 67 3 62 6 84 40 51 55 96 11 73 9 44 14 97 45 1 97 42 72 22 54 64 89 99 25 31 24 88 23 37 64 20 36 3 96 6 11 15 65 37 45 63 55 50 22 20 48 90 54 10 9 24 88 31 19 73 11 82 57 63 67 89 41 79 79 56 24 74 90 88 98 54 14 92 1 72 67 71 37 57 38 90 76 77 26 11 26 75 99 59 56 3 96 72 84 84 40 89 32 86 21 74 64 10 17 63 29 91 62 13 4 50 24 11 14 41 0 89 9 1 70 38 51 43 99 50 30 95 32 23 31 72 32 42 86 91 56 92 50 63 3 78 89 40 96 8 67 51 37 48 84 58 15 75 3 21 19 84 89 55 11 50 93 0 9 86 40 35 76 72 76 76 81 86 17 49 15 33 76 76 86 29 84 47 32 35 9 11 25 57 30 66 5 76 26 76 67 96 47 67 60 41 19 90 40 22 26 51 45 83 79 57 22 35 51 52 25 61 59 90 76 53 30 10 48 19 70 39 40 92 45 31 1 
82 55 32 22 33 70 75 25 29 82 99 74 98 18 77 7 9 51 74 21 49 19 28 87 74 61 68 88 17 19 59 30 56 92 71 52 59 51 37 36 55 23 85 65 46 29 46 30 12 71 78 68 16 43 44 36 82 71 8 61 79 41 66 56 69 38 8 17 1 91 37 97 26 72 30 8 0 45 2 21 49 45 24 80 18 92 69 19 61 36 79 0 14 96 58 22 4 65 12 58 90 88 30 5 49 64 49 39 43 40 78 81 8 64 2 45 52 12 69 38 9 24 65 72 19 82 89 53 57 81 62 10 50 96 26 27 76 67 67 49 19 39 54 17 25 47 37 9 5 58 26 26 66 36 89 62 53 17 40 77 1 23 1 63 69 10 15 40 4 80 8 58 1 19 70 46 13 16 93 73 29 6 45 70 18 70 13 53 36 99 3 93 23 93 44 65 28 82 14 60 75 37 0 7 24 67 14 56 28 58 70 0 0 43 50 83 32 59 99 79 49 42 97 46 83 29 8 21 35 40 55 78 76 69 39 28 48 22 62 42 72 89 3 4 95 43 85 64 81 68 44 68 35 41 92 87 58 97 81 27 28 64 25 90 72 72 28 76 66 38 9 44 59 97 66 61 14 25 13 79 54 92 20 5 98 43 74 5 67 99 87 70 5 82 66 38 73 10 68 32 61 86 40 71 48 62 65 36 19 25 84 4 48 94 30 34 38 42 88 31 6 33 85 27 29 38 36 63 66 44 3 68 13 50 55 43 75 1 81 85 68 96 32 56 43 68 52 18 48 81 62 6 52 65 41 65 52 92 48 56 51 0 41 75 30 30 78 51 21 28 62 55 80 72 50 23 89 41 28 14 52 52 11 42 24 26 53 77 59 52 34 75 5 39 62 41 49 78 48 96 
13 88 59 46 3 34 46 4 24 4 75 37 64 63 37 58 22 44 26 11 61 10 82 20 83 85 49 7 1 26 95 17 88 29 94 92 46 82 15 36 91 83 77 24 30 70 62 15 55 47 64 6 99 39 95 68 54 31 23 41 11 54 1 95 28 64 57 38 80 65 7 30 79 1 22 71 57 45 59 48 78 31 78 58 71 93 66 67 28 63 4 98 33 94 99 54 27 31 77 31 1 45 88 7 55 82 33 61 13 12 24 98 91 56 14 93 7 78 76 40 95 39 20 27 50 90 45 85 25 44 50 69 70 0 83 27 31 78 71 74 27 72 37 80 70 78 86 16 67 12 18 84 23 45 67 99 3 70 78 60 36 10 11 40 42 92 32 89 99 77 68 7 90 11 65 87 72 57 47 34 33 1 15 34 58 3 9 11 98 47 60 57 90 68 30 61 65 31 30 33 28 0 56 20 55 66 98 78 32 81 85 36 19 91 70 71 26 64 13 15 70 43 69 89 94 92 13 36 20 43 91 44 29 97 39 60 0 18 38 62 94 74 60 9 69 20 6 46 94 12 20 54 43 4 74 87 97 21 5 92 42 70 49 42 95 85 25 0 35 69 82 15 15 25 99 91 49 35 68 84 11 31 70 97 10 84 95 77 30 91 18 18 67 67 25 90 28 81 53 4 32 65 42 88 30 84 0 14 61 36 88 53 68 68 75 99 86 57 4 67 33 38 0 21 56 42 95 25 10 67 72 55 85 73 17 10 52 4 29 99 60 67 82 60 33 41 82 44 51 77 28 38 91 66 7 70 32 15 15 59 1 57 98 65 56 36 61 12 39 74 27 62 71 60 86 86 58 61 9 6 78 18 44 10 34 7 90 89 15 58 68 42 35 97 83 3 32 84 12 71 
93 73 97 2 73 59 23 18 68 77 42 47 69 63 89 10 73 61 78 93 49 55 87 33 30 1 83 29 98 96 63 98 97 84 21 48 10 92 38 21 66 31 74 87 87 16 76 6 25 28 67 54 43 10 25 66 14 43 21 22 61 96 26 18 8 25 9 84 22 67 59 62 37 68 29 71 57 93 16 76 88 72 53 69 0 7 20 46 89 69 26 91 61 28 33 59 29 7 79 52 74 44 70 86 40 96 71 35 97 30 64 33 41 89 71 26 17 10 32 88 73 22 98 99 98 16 35 24 76 77 17 51 29 31 7 76 47 60 67 38 58 39 99 36 68 76 27 0 84 72 7 45 93 74 5 35 1 32 37 26 78 81 11 3 43 17 89 94 10 30 86 28 45 20 86 83 70 27 95 28 91 19 11 48 58 33 83 43 93 68 31 12 70 62 91 57 65 40 62 1 90 15 0 47 64 21 9 10 90 36 20 1 18 32 61 98 15 39 39 26 59 92 61 11 68 64 15 48 10 21 20 39 26 20 21 92 82 2 72 98 84 93 14 36 75 44 97 70 28 96 87 8 10 92 59 86 68 95 53 72 50 65 76 88 70 16 25 86 88 76 35 99 53 60 97 41 68 62 11 85 37 8 37 42 22 73 41 46 75 64 71 83 22 91 33 67 19 38 95 7 8 69 5 72 72 92 20 43 61 13 79 31 95 11 42 68 95 17 10 2 40 9 74 87 21 98 13 73 11 56 49 23 21 90 47 54 33 44 40 35 16 75 32 7 65 5 54 17 30 26 23 11 92 35 37 52 39 72 22 74 69 5 77 63 7 0 46 16 5 74 85 24 55 3 24 86 87 95 28 46 14 14 92 33 37 82 74 35 97 44 89 45 22 85 68 11 7 37 3 75 
30 33 51 83 61 40 89 47 82 75 61 67 3 83 45 71 93 87 63 19 42 62 94 2 44 27 18 74 84 91 9 86 35 77 38 3 15 8 52 43 81 15 14 82 46 43 33 34 92 84 57 42 82 57 37 70 90 97 90 17 70 69 39 14 21 22 14 37 88 78 56 69 92 41 17 54 18 60 58 37 72 75 44 97 89 75 6 81 25 58 86 31 21 54 24 95 70 20 18 56 16 70 67 26 4 55 42 33 55 45 42 41 87 94 12 74 64 11 72 6 92 7 44 29 22 88 45 40 5 87 27 61 27 88 99 90 16 47 27 28 25 58 94 9 37 7 57 49 30 10 97 90 43 38 69 14 89 86 38 34 63 71 85 8 82 84 21 76 68 15 46 38 89 42 78 46 92 13 42 90 12 30 27 52 46 44 5 15 24 16 59 36 58 56 40 76 64 59 25 8 53 18 81 52 34 91 74 0 78 39 0 88 25 80 26 89 46 85 67 16 69 30 15 47 84 87 12 2 54 59 19 84 34 16 10 53 45 12 49 54 90 19 67 91 81 52 48 65 98 54 69 28 51 24 36 38 13 74 88 45 62 21 99 73 91 96 18 10 1 61 28 5 73 80 51 8 52 51 0 91 34 73 65 48 99 82 68 26 91 98 25 94 90 89 80 90 45 20 60 18 38 79 83 20 82 14 60 67 39 99 37 79 67 67 12 35 63 32 48 31 80 4 51 20 38 96 63 85 98 75 94 30 60 52 10 40 81 17 73 23 73 33 8 23 20 57 34 70 61 22 28 80 20 63 66 60 33 84 72 86 29 49 46 90 64 17 89 48 82 13 39 21 42 10 9 16 61 98 27 56 69 45 83 13 25 86 34 1 58 83 47 58 95 31 49 97 5 26 88 1 
42 26 78 96 67 29 92 65 71 41 90 58 26 11 7 4 25 15 58 61 36 4 84 45 30 3 67 76 3 84 26 94 28 81 10 41 59 9 28 11 5 8 93 28 64 81 46 38 60 53 48 73 40 70 94 94 49 86 72 74 7 37 44 68 17 32 95 71 62 84 43 77 67 14 38 9 11 96 69 6 12 39 46 35 44 59 82 26 76 64 3 32 56 55 70 99 67 32 60 63 77 69 11 53 70 11 34 1 56 46 60 74 79 79 97 67 48 58 1 72 48 86 70 9 86 16 48 6 80 38 71 81 70 27 33 71 40 14 93 97 50 5 95 46 68 40 84 44 46 75 56 1 44 66 19 30 66 54 45 50 36 0 26 12 0 76 57 8 48 37 62 45 5 60 97 3 64 26 29 67 64 98 10 92 92 22 99 35 19 80 83 62 57 4 66 68 20 43 54 44 39 95 27 52 29 82 79 33 98 37 50 28 85 31 42 30 29 96 62 27 65 89 64 51 81 32 63 23 80 72 14 66 43 33 6 47 55 93 10 63 78 73 44 42 90 58 51 38 70 2 31 99 57 95 17 32 24 2 28 98 91 59 47 39 63 97 56 50 83 92 39 93 56 98 3 13 85 51 58 86 75 18 64 30 2 21 18 26 40 60 7 84 90 81 14 31 15 28 73 40 67 99 73 69 65 13 59 38 40 58 35 75 49 54 23 97 8 43 67 97 71 56 18 83 11 60 67 84 92 6 84 85 29 46 3 4 48 12 48 73 19 79 42 91 43 85 73 63 39 53 15 48 96 1 14 31 48 5 41 85 69 4 91 10 48 49 72 25 57 92 41 93 81 99 90 86 49 87 82 81 60 59 67 88 76 75 83 85 25 40 58 92 27 28 96 67 69 72 49 26 
61 46 79 35 46 44 13 23 75 64 86 62 58 81 15 36 82 86 52 89 92 70 92 70 28 87 4 95 94 95 82 79 67 36 6 23 62 31 61 3 38 24 28 79 86 91 3 85 30 46 19 82 95 81 40 58 46 18 59 59 21 83 43 65 99 88 70 40 6 21 39 38 1 71 86 88 22 10 63 98 80 63 46 93 42 79 50 68 33 60 73 79 46 78 56 36 90 24 55 58 17 92 75 75 5 77 70 8 9 40 43 84 41 45 70 73 67 82 90 58 83 48 61 1 88 41 64 83 51 38 80 78 91 70 76 42 33 42 1 12 80 98 82 54 28 64 63 31 68 24 47 54 6 52 9 64 31 81 32 43 6 17 3 52 93 66 44 69 49 2 30 99 33 21 69 65 70 29 33 2 69 56 31 56 53 39 3 58 19 24 45 23 88 85 50 27 10 35 93 93 61 94 15 58 27 55 48 45 73 6 91 75 24 10 0 77 89 9 36 36 93 44 68 72 44 93 18 4 58 87 96 64 58 12 14 0 82 34 83 29 23 68 86 66 47 33 35 97 21 62 35 5 84 63 28 77 98 95 38 78 17 9 9 34 67 26 24 30 78 5 89 26 84 52 35 78 13 91 72 75 37 61 66 30 24 19 0 71 18 78 48 98 60 41 76 31 32 30 77 76 60 63 36 19 94 24 60 75 95 95 62 7 1 73 95 2 33 35 47 90 85 26 86 71 22 3 60 54 42 90 77 53 64 22 46 33 43 86 49 79 56 9 47 35 58 23 28 66 0 78 50 77 58 20 29 66 0 31 79 15 28 32 28 73 24 41 96 67 59 69 32 63 24 41 85 68 27 8 35 93 37 2 13 85 6 10 53 35 85 9 67 27 98 86 5 34 66 64 14 58 
52 4 71 98 55 52 57 61 41 56 29 12 50 74 24 73 75 77 42 93 61 73 49 50 77 11 21 25 45 83 80 86 8 25 99 6 66 16 95 72 78 91 89 7 45 78 90 74 96 1 80 9 76 72 33 79 63 99 57 29 14 6 65 38 94 59 20 39 0 26 51 37 61 74 65 21 49 78 77 27 2 95 22 78 7 4 14 19 35 41 30 48 48 89 90 75 19 34 74 34 29 86 64 65 55 27 43 86 58 90 27 81 11 69 57 85 89 50 10 81 14 63 95 10 55 72 95 96 70 78 69 91 58 53 59 4 6 8 12 28 57 11 13 92 82 1 18 73 22 75 87 86 70 84 43 36 35 43 8 46 15 51 52 61 46 97 17 9 37 3 64 92 29 51 19 19 87 65 62 39 31 21 34 94 46 28 69 2 53 38 45 4 30 13 5 25 17 40 67 45 16 2 31 53 51 75 20 66 79 39 28 43 39 54 27 36 35 48 34 7 64 78 6 95 72 52 46 82 24 16 28 15 23 23 40 37 93 23 46 11 48 61 19 64 26 12 25 88 35 30 42 76 56 61 42 82 8 60 64 93 82 43 39 64 15 88 64 96 90 24 7 3 5 5 6 6 73 93 46 99 64 91 93 24 74 9 30 38 83 25 82 9 95 88 55 11 64 12 72 11 67 52 72 69 99 42 34 99 51 68 56 25 10 83 62 56 61 84 62 39 87 4 66 3 4 66 89 49 12 79 74 46 49 97 93 70 92 76 83 28 92 61 40 93 12 55 59 35 53 36 50 4 91 47 10 39 4 11 37 10 21 37 78 60 53 33 10 17 91 11 1 4 92 12 42 76 82 89 62 82 83 95 29 94 36 8 51 40 55 34 51 69 94 70 2 70 91 14 82 52 
85 47 75 61 76 8 54 49 80 35 20 41 42 43 85 8 52 5 25 19 45 67 99 39 12 90 28 79 69 11 90 31 33 52 26 55 27 23 55 65 43 67 21 79 50 39 88 87 37 56 72 43 55 86 72 11 2 9 78 52 57 12 99 84 79 94 83 35 94 73 46 84 54 3 84 20 60 63 99 46 10 7 3 9 64 19 47 78 68 7 6 44 18 16 26 40 43 37 4 9 48 28 16 37 73 18 71 50 47 38 30 74 92 44 0 32 9 10 20 43 26 92 8 64 9 9 78 14 90 13 89 4 93 37 99 97 4 87 8 38 15 10 81 67 89 78 77 57 89 16 7 19 37 76 82 16 17 26 82 19 27 19 8 8 93 36 91 11 64 56 60 19 0 34 99 60 17 89 55 79 68 79 44 89 40 0 91 91 54 47 13 14 78 49 95 67 73 37 38 36 48 64 63 11 63 86 93 98 34 89 58 91 66 88 18 10 51 70 6 38 32 37 36 61 40 32 96 78 88 41 70 31 97 51 52 26 59 87 87 32 46 89 10 5 36 16 7 82 99 28 0 0 20 10 71 32 24 29 17 72 18 58 41 33 58 57 5 69 41 75 25 55 68 99 74 92 89 49 5 44 91 44 49 6 85 27 22 8 18 98 74 63 8 86 21 85 95 54 96 96 87 3 71 98 29 27 83 81 1 93 93 77 11 24 64 11 52 68 77 73 91 97 53 55 61 35 2 72 16 10 74 26 39 7 41 34 67 15 5 55 5 30 6 68 24 2 95 28 75 94 83 54 18 85 73 49 9 99 98 18 6 97 23 99 33 40 74 78 0 68 12 27 0 66 34 78 1 16 92 61 72 11 1 84 91 49 89 33 49 53 35 86 28 16 95 49 63 0 27 83 
24 58 80 60 42 48 15 43 62 33 12 1 55 12 84 74 11 79 30 50 68 88 3 17 23 33 14 62 91 73 8 13 78 26 52 47 52 7 79 69 72 85 79 0 26 6 33 69 89 94 24 5 82 46 68 90 77 81 71 18 37 21 17 67 14 6 78 36 76 29 4 11 5 40 21 99 91 48 39 28 17 82 71 89 40 82 23 58 88 61 31 54 79 26 65 90 60 67 8 98 61 41 58 23 84 62 2 98 42 9 77 12 95 95 6 55 45 0 43 16 68 67 26 65 63 19 94 97 61 78 95 62 40 23 63 38 70 47 89 53 69 79 10 93 40 49 71 43 1 56 26 65 99 65 92 1 93 75 22 81 0 73 31 83 15 71 57 59 41 91 87 74 26 25 55 14 75 28 72 16 68 18 90 81 51 81 1 71 99 92 26 37 41 18 43 2 77 29 34 67 52 90 68 36 92 67 12 28 37 48 54 66 75 38 68 79 32 13 28 41 11 45 70 74 28 44 28 22 83 89 40 13 35 4 44 65 8 5 5 26 41 90 0 6 37 16 52 15 96 52 50 35 16 58 66 4 14 15 19 0 15 60 39 26 35 25 95 45 77 91 41 9 11 0 96 4 2 4 18 23 13 90 83 64 67 75 85 78 99 26 86 19 51 32 21 6 39 14 36 53 63 89 50 84 87 23 97 23 47 99 94 4 58 19 47 37 38 84 80 25 89 75 34 20 67 46 89 60 16 25 53 89 58 79 78 96 18 72 90 48 75 15 95 5 88 62 94 46 40 25 27 12 10 53 6 31 94 91 34 72 76 16 4 44 83 61 94 37 95 89 40 54 19 82 90 12 70 41 47 10 70 18 86 48 57 56 84 75 28 69 37 31 77 9 46 31 21 11 18 66 
26 52 75 6 1 46 67 49 84 48 4 5 94 36 5 48 79 40 14 61 93 70 94 1 87 58 42 22 81 93 25 87 28 67 30 96 47 69 70 53 18 65 59 1 67 29 52 69 94 65 49 60 42 60 25 85 16 49 58 11 33 16 77 78 28 8 11 71 73 93 91 64 45 13 13 19 77 66 78 42 72 20 77 97 21 93 33 28 26 36 28 89 79 6 84 20 98 50 20 68 85 44 45 97 40 44 69 42 69 64 60 4 25 59 90 55 73 0 12 82 16 2 57 94 47 73 15 40 90 29 38 50 61 97 33 72 32 42 1 7 86 89 90 67 76 71 83 75 31 64 68 74 3 31 21 31 91 71 90 35 1 48 41 2 64 75 44 23 87 24 51 13 64 23 48 82 93 77 21 89 97 19 2 68 10 71 64 55 29 42 49 80 39 13 49 35 59 52 83 16 55 36 1 46 68 97 65 78 88 95 36 52 62 76 30 73 73 38 34 83 9 40 51 85 18 91 77 82 1 15 77 31 96 96 97 14 25 90 31 18 22 11 36 9 79 99 87 37 8 44 14 54 33 71 41 6 40 50 51 2 74 36 41 85 44 46 59 22 55 64 48 79 62 7 93 63 99 32 67 15 76 37 57 65 7 86 20 5 12 90 29 8 26 99 74 37 17 36 77 94 75 98 77 40 88 1 83 43 62 3 76 36 80 61 23 3 26 21 37 47 86 44 4 76 98 8 61 20 74 73 41 45 59 16 30 26 29 40 21 64 44 88 79 35 69 92 4 45 15 60 35 10 27 6 44 65 25 12 10 74 88 36 81 48 50 62 39 65 51 3 56 71 10 79 92 57 5 74 96 95 61 71 69 10 46 9 48 32 72 45 13 46 74 67 95 2 13 60 87 60 
73 72 8 60 87 85 82 54 26 16 66 76 8 2 86 71 96 50 90 52 29 88 49 57 28 73 16 60 42 50 15 88 52 58 1 90 32 60 7 81 16 24 84 40 68 17 15 56 75 87 76 94 18 74 84 70 55 62 83 34 28 20 79 0 94 5 95 37 63 78 73 6 70 72 56 61 46 96 44 37 61 81 51 85 55 13 68 86 5 6 70 27 23 10 91 89 82 89 49 10 58 25 45 35 28 98 23 1 37 3 41 27 78 93 95 6 46 70 42 17 77 9 55 63 4 72 15 86 45 54 64 1 93 38 71 81 6 40 64 84 38 15 98 78 56 14 59 32 1 22 62 78 40 75 51 63 14 43 35 32 85 4 77 29 34 38 83 31 36 0 29 87 35 26 58 49 41 99 97 93 16 96 8 93 84 8 42 31 22 73 54 74 25 15 89 71 47 24 5 15 27 16 36 13 78 45 86 77 24 6 99 10 17 67 75 95 68 9 48 34 22 32 97 65 54 60 47 27 55 79 76 97 95 87 6 91 79 65 99 33 6 90 58 61 30 61 84 56 4 12 92 93 76 66 40 69 50 41 26 20 79 5 25 58 70 81 99 37 76 24 98 2 30 39 70 18 71 17 3 55 9 14 0 56 36 9 79 85 96 63 73 98 66 49 32 45 98 30 75 26 71 48 74 71 24 37 35 72 50 91 24 81 14 52 2 90 16 7 29 58 88 95 41 34 92 7 97 84 62 98 30 23 92 40 70 37 21 4 88 8 9 55 91 26 63 52 31 23 94 58 96 71 3 3 50 24 62 59 39 4 95 49 67 51 29 87 49 72 67 24 3 66 83 29 31 25 77 80 55 76 5 73 34 49 24 57 24 19 6 1 36 12 39 79 55 23 0 27 92 19 
57 13 54 13 33 17 98 54 19 30 45 21 18 12 52 55 83 56 90 32 55 9 42 17 85 16 70 11 20 11 3 31 24 55 54 1 85 71 26 94 1 64 79 25 92 18 46 30 57 95 46 62 26 75 6 10 62 88 20 74 98 75 2 31 18 62 51 47 25 23 4 5 12 41 67 13 15 85 32 18 64 76 90 2 73 11 28 49 48 87 85 64 33 67 32 88 66 82 28 87 33 57 76 82 83 21 58 28 72 88 41 6 71 58 27 68 71 38 60 34 34 6 16 26 57 87 23 41 36 28 11 48 52 6 37 30 26 28 36 79 73 47 66 55 87 5 29 31 28 30 73 74 84 67 98 24 98 15 53 71 13 42 54 15 50 16 69 60 97 18 89 58 60 39 79 32 66 77 71 55 45 76 60 85 79 28 88 49 41 83 91 34 56 38 18 32 27 52 42 93 65 15 40 52 33 14 8 46 43 66 35 29 17 49 66 90 42 43 11 50 69 35 25 57 5 22 3 62 44 91 41 88 41 39 18 37 87 77 1 80 95 32 67 65 68 31 56 86 5 34 30 30 59 68 62 76 41 4 41 29 20 95 78 78 82 46 88 46 14 48 26 91 77 99 88 62 51 96 81 8 85 87 76 86 13 56 32 36 95 23 67 82 39 42 12 71 91 52 79 39 66 64 2 6 89 91 18 49 45 59 48 37 69 88 84 70 1 60 77 21 71 86 58 93 78 23 93 50 12 45 66 27 24 71 70 34 11 97 17 10 90 19 44 56 61 88 27 93 83 57 34 55 22 31 90 21 75 13 19 36 73 42 20 19 63 71 90 51 32 35 44 48 27 62 82 58 9 3 13 87 81 33 55 68 42 97 75 55 1 2 79 92 75 57 16 42 19 78 74 8 

