0 21 76 36 52 53 8 37 67 71 79 88 50 84 26 58 47 24 16 31 66 86 80 0 84 49 44 5 20 32 17 93 24 64 8 64 57 52 68 81 5 69 21 36 60 83 44 57 76 92 56 9 58 24 96 72 86 13 54 88 2 48 60 30 77 59 41 2 85 36 50 16 76 98 53 88 91 30 57 25 12 21 88 53 97 52 6 79 36 24 50 87 12 80 38 43 22 87 26 22 21 90 61 5 11 49 60 55 91 65 35 13 18 39 17 74 91 26 29 53 22 75 82 45 17 60 12 40 60 97 85 51 35 46 67 85 90 16 58 78 41 80 64 49 71 42 15 49 80 87 7 37 76 56 36 59 42 36 99 2 9 95 76 6 69 85 82 35 1 54 2 84 48 11 85 3 58 58 25 6 1 21 94 11 47 24 69 56 73 40 65 16 96 94 60 30 87 69 40 76 13 19 82 26 77 83 26 12 47 79 93 0 81 70 39 1 22 36 73 81 93 48 30 79 57 71 1 24 79 12 31 99 37 99 60 80 26 30 3 31 46 65 1 76 44 16 38 68 69 43 76 73 78 24 36 59 45 33 66 76 35 40 95 5 30 83 65 45 85 73 15 46 48 72 34 1 43 65 11 51 69 32 45 29 1 77 78 67 87 19 25 1 7 99 62 2 94 53 33 14 
74 12 16 53 84 92 48 4 57 99 94 60 44 25 14 32 61 1 67 88 23 71 52 4 1 12 78 5 44 98 64 34 72 32 80 93 35 45 35 32 94 20 46 47 1 37 53 63 18 70 72 77 37 92 24 12 59 54 45 35 69 66 34 78 55 31 32 10 55 20 54 62 58 43 76 5 81 52 7 54 97 6 45 3 58 86 53 13 48 51 17 91 7 42 18 41 59 27 88 55 83 71 6 90 14 0 84 1 14 17 52 96 45 87 93 2 61 25 55 17 97 74 67 74 5 72 29 76 16 15 11 89 60 15 23 71 22 71 86 77 35 18 67 6 78 95 42 89 31 41 49 90 61 43 22 95 55 6 15 63 19 42 91 11 48 73 45 18 32 84 17 10 93 98 74 55 1 40 38 16 99 38 93 56 92 98 96 7 62 22 64 1 56 2 30 62 82 60 44 34 30 87 3 58 47 6 23 40 49 73 46 12 5 80 77 64 3 91 55 2 41 66 63 82 41 42 89 89 42 59 64 48 91 72 18 17 69 84 39 17 86 94 86 13 69 67 30 22 68 90 20 11 52 16 6 24 20 86 48 17 88 52 52 7 55 83 27 55 39 77 50 61 69 23 30 26 24 63 52 89 57 79 95 74 99 82 51 64 64 10 34 6 89 54 25 24 55 44 78 51 
54 61 83 40 84 92 2 36 45 64 42 22 2 90 8 40 35 39 67 69 42 6 5 27 29 41 35 94 86 63 7 53 85 45 8 83 82 85 81 98 53 35 6 64 26 76 71 97 52 95 86 57 45 46 95 24 66 60 74 11 69 97 69 22 16 3 91 38 0 98 32 45 14 2 18 84 17 95 47 5 56 58 80 40 33 54 29 14 38 57 66 84 90 84 41 90 8 40 41 80 12 11 39 13 70 91 91 5 23 33 57 34 65 32 56 23 54 66 87 57 96 7 74 19 27 46 52 28 36 97 98 38 49 88 6 49 81 96 69 80 21 80 5 95 42 57 92 98 57 38 97 85 1 18 64 12 56 85 47 17 16 9 10 67 71 74 25 37 41 75 71 80 82 18 51 70 27 69 2 80 49 71 78 37 23 31 70 46 75 55 97 12 45 47 56 48 67 95 71 75 32 19 19 71 38 37 71 52 5 36 35 46 30 83 68 93 48 20 64 66 18 54 57 6 98 81 58 49 20 60 77 24 9 15 99 6 18 83 64 4 39 62 78 91 33 76 21 74 72 90 24 72 9 4 98 2 59 78 2 65 6 94 91 31 41 21 8 31 76 79 79 98 38 48 89 40 49 64 82 44 66 13 25 87 34 0 49 9 61 70 13 44 66 71 17 74 39 56 74 82 
31 64 57 16 20 24 58 4 30 81 15 2 18 26 82 91 7 26 26 11 42 25 19 64 67 49 79 77 27 40 97 86 92 64 51 43 51 92 18 88 93 73 67 60 88 63 48 25 3 10 93 31 61 38 51 54 37 99 84 37 9 25 12 92 69 14 40 74 7 46 33 20 13 2 44 0 53 94 75 17 63 0 6 33 11 76 42 73 1 72 98 58 30 27 25 44 29 2 55 43 74 84 39 15 26 83 0 48 64 17 87 86 50 56 4 23 38 0 33 99 10 42 67 83 49 66 46 37 69 32 11 26 18 68 8 49 69 40 44 32 53 34 79 45 24 90 12 47 29 71 26 36 44 92 96 64 71 54 52 63 43 88 45 72 83 60 15 24 65 52 72 61 28 8 81 93 41 62 78 57 16 17 2 13 43 58 37 95 75 7 27 99 42 71 45 5 23 87 6 25 38 77 31 79 10 70 59 55 18 12 2 14 12 30 4 14 12 88 1 73 53 38 86 85 43 31 23 88 72 5 27 39 4 22 59 73 31 50 50 15 98 32 68 85 36 71 18 50 14 82 49 41 45 93 87 80 24 65 38 94 41 73 98 32 76 80 42 35 33 11 26 44 89 63 15 79 25 94 62 17 10 88 30 45 32 18 52 37 20 58 76 66 87 17 73 0 93 53 21 70 
6 77 98 6 92 59 69 12 53 57 93 77 51 2 42 73 9 19 10 96 63 68 3 25 9 24 11 96 56 30 92 18 81 44 44 90 34 57 76 39 82 14 3 39 53 4 9 54 12 10 25 92 14 44 40 63 19 82 35 64 59 15 67 95 3 36 46 72 75 78 33 57 76 23 20 14 60 55 37 92 94 29 29 13 92 47 31 47 77 80 46 3 64 28 49 55 62 45 89 55 32 93 91 69 49 98 43 60 77 65 21 62 82 18 61 76 49 20 36 17 16 68 44 37 87 70 24 33 25 28 97 0 52 81 56 88 59 97 10 29 3 96 40 49 48 84 94 17 62 54 70 58 15 31 97 16 42 91 98 63 69 71 94 55 43 48 18 33 41 67 87 2 66 18 95 44 12 62 72 31 2 59 66 90 3 89 12 10 71 25 32 58 52 31 7 27 42 41 23 61 76 60 87 11 23 93 6 12 67 94 39 71 69 90 12 76 78 91 35 15 46 18 74 37 9 61 2 48 80 24 33 8 23 92 85 79 57 91 12 93 57 79 47 48 27 55 16 21 90 83 8 20 61 4 87 24 20 47 13 75 49 44 64 13 18 43 31 91 80 2 7 66 32 89 80 95 65 42 38 33 99 15 48 0 46 94 93 57 10 7 9 84 37 99 90 57 9 93 7 18 
33 29 1 19 22 88 29 3 2 87 57 67 7 65 43 93 53 15 62 6 14 23 33 14 61 32 97 95 25 90 3 25 51 59 63 45 70 44 83 21 83 10 75 11 32 79 12 20 32 81 23 87 12 13 95 58 28 40 31 24 33 10 5 63 62 94 77 80 60 58 74 89 83 79 42 34 65 36 49 99 93 83 52 89 65 92 41 99 47 61 86 79 86 33 9 13 26 85 15 67 61 24 66 34 38 78 99 76 79 11 48 38 43 65 48 7 75 39 57 14 49 24 79 37 42 31 13 75 96 32 69 55 12 7 27 13 44 75 6 16 89 14 74 64 47 51 65 47 25 68 25 35 94 69 45 49 76 17 48 8 19 51 50 67 70 3 28 33 62 51 74 43 59 52 63 2 67 13 37 50 40 90 37 17 74 53 42 9 1 29 17 29 4 6 91 68 97 41 10 99 11 4 69 52 26 33 83 28 62 7 93 2 94 17 87 8 6 46 76 46 83 41 61 45 22 77 8 62 7 11 85 2 39 79 77 12 9 29 45 45 13 6 41 27 34 25 2 45 69 37 44 34 25 23 20 21 37 61 5 96 88 43 33 91 91 73 35 66 68 76 90 45 34 28 13 93 57 22 81 24 3 31 26 53 15 49 42 44 77 0 42 54 38 59 38 42 2 96 3 99 
79 82 34 14 0 78 60 70 65 48 93 96 45 10 58 90 45 85 6 95 63 23 94 98 71 85 87 82 40 10 56 67 27 79 93 57 79 4 52 41 13 79 78 70 22 12 27 74 60 37 33 41 78 7 58 61 74 8 37 67 34 90 96 69 75 72 55 73 68 11 79 92 26 20 43 14 62 20 43 73 12 72 44 44 66 42 18 18 84 84 81 11 3 59 37 78 63 91 8 51 26 45 50 20 46 73 34 51 18 98 64 30 63 22 96 53 0 70 78 51 80 69 48 79 99 27 84 5 80 73 11 6 5 40 65 24 24 43 29 29 68 61 71 61 55 87 20 78 15 77 94 48 50 78 5 70 67 81 29 39 89 47 29 4 90 75 35 48 24 67 17 53 91 75 32 23 75 31 43 51 39 73 41 74 67 1 55 30 81 93 48 7 98 79 94 41 20 13 2 78 19 79 82 87 56 51 66 48 24 18 68 59 29 77 49 65 73 54 1 35 76 83 36 10 96 31 74 2 67 0 84 36 96 45 16 50 97 17 83 7 41 44 32 19 36 57 68 0 31 19 56 18 13 23 79 56 82 65 9 95 32 31 58 86 19 32 79 51 73 85 5 81 82 37 75 99 40 32 99 95 74 45 96 99 86 61 11 96 64 75 6 87 5 14 20 69 65 3 2 93 
41 48 13 53 47 57 41 94 17 40 98 44 52 48 37 93 78 1 89 18 99 24 46 67 13 9 17 28 85 92 50 33 47 80 75 52 13 32 10 88 36 60 72 80 24 72 63 36 37 92 56 56 54 0 41 82 69 56 87 53 11 26 27 55 73 38 6 14 35 19 29 26 28 92 18 10 94 66 29 90 8 64 74 43 37 31 43 69 55 47 16 1 55 1 41 30 91 30 16 10 13 8 56 40 18 52 17 48 11 72 60 4 58 66 25 30 9 4 8 92 6 86 45 10 38 77 32 22 99 45 95 24 28 25 9 53 93 37 3 14 2 36 16 57 20 63 79 31 32 77 59 2 94 61 2 20 91 14 47 21 63 53 88 46 67 88 17 14 69 57 28 73 39 64 29 47 52 97 90 74 88 6 90 75 80 76 35 47 27 72 35 68 7 8 95 73 98 87 39 26 22 9 38 25 7 34 99 30 44 66 98 28 1 9 99 12 87 52 11 13 69 7 48 2 13 44 32 8 70 8 77 54 25 1 56 49 65 84 29 87 79 44 33 33 6 39 51 37 4 55 52 17 81 43 74 12 63 47 71 28 38 37 97 50 77 62 97 62 21 88 61 58 34 25 42 36 83 48 17 65 41 3 96 29 11 68 73 85 1 52 35 56 6 25 72 89 38 98 94 19 
92 85 69 70 80 16 60 62 88 52 71 1 8 94 36 94 16 39 5 59 25 39 37 46 87 88 42 40 65 35 67 89 41 11 34 8 85 9 40 70 94 72 55 9 77 78 88 31 63 6 1 66 37 39 41 34 39 42 87 94 41 43 55 43 8 2 71 83 46 8 22 33 80 50 51 40 42 85 15 32 32 91 62 95 28 2 63 61 33 3 87 99 14 80 88 94 45 62 34 64 50 69 1 62 38 72 37 74 33 29 39 99 48 44 60 26 19 55 38 7 50 15 25 97 21 81 40 98 17 23 45 39 17 28 91 74 73 48 1 44 69 5 98 38 46 83 35 26 93 78 60 27 52 94 90 82 33 2 80 78 31 53 97 59 59 73 90 28 68 92 65 10 99 89 17 65 42 54 30 92 58 63 35 50 6 48 38 42 46 75 60 7 76 16 50 60 85 4 19 58 15 47 55 19 2 8 44 33 93 43 27 7 54 23 96 48 32 57 29 22 16 87 84 92 78 44 4 75 30 73 82 1 19 56 33 80 82 72 74 73 38 29 40 12 82 80 23 27 55 97 27 90 32 36 44 50 19 34 27 56 91 80 75 7 31 29 61 88 72 72 61 23 89 92 58 75 69 75 52 42 14 9 31 5 73 73 19 36 51 48 90 82 94 5 42 96 11 41 44 0 
34 81 75 56 42 8 37 83 71 32 6 15 94 99 11 83 16 95 74 83 4 79 34 86 93 49 14 31 99 32 49 60 26 21 77 94 2 57 68 17 5 24 94 47 89 9 73 34 64 48 93 63 24 24 3 27 36 54 44 13 12 6 22 35 32 97 7 61 16 47 49 48 86 37 45 77 5 77 26 19 49 29 80 19 35 73 13 90 65 86 36 54 13 3 69 53 31 61 33 57 49 22 42 4 18 9 73 50 61 73 81 61 63 14 59 71 99 52 12 47 86 55 18 1 43 59 39 99 95 85 70 84 36 54 20 71 38 58 78 89 54 67 56 6 31 0 73 49 98 84 87 29 99 87 98 14 53 78 16 45 96 54 24 61 29 51 19 59 9 86 18 87 23 29 1 22 0 93 55 82 88 92 32 57 62 93 75 59 39 61 20 90 63 98 49 74 24 53 83 32 23 44 31 47 88 94 37 70 82 54 53 49 67 98 69 10 33 28 67 73 77 42 6 23 55 3 90 84 94 29 19 83 1 95 46 78 14 26 24 2 50 56 39 96 85 89 95 57 63 34 44 3 52 86 68 91 92 67 43 58 58 49 13 59 54 89 43 64 8 93 22 25 3 54 33 79 29 85 45 57 29 2 62 2 63 26 36 95 55 36 91 76 44 18 47 66 94 57 22 60 
90 59 63 4 5 87 46 95 4 70 53 63 6 0 35 65 18 60 43 99 87 9 72 20 29 69 42 33 26 11 71 66 92 20 78 62 45 77 76 16 21 96 93 14 26 52 90 26 6 50 89 50 92 61 4 80 96 69 89 46 12 79 29 20 91 40 8 12 9 27 1 17 8 47 7 43 21 26 10 93 90 26 81 61 70 22 68 88 45 17 82 49 82 73 89 67 42 79 25 25 44 21 94 18 65 3 5 6 48 6 32 51 50 14 61 95 82 35 88 49 85 79 83 10 24 17 99 94 42 33 73 30 23 95 75 45 9 81 3 82 26 60 80 56 71 9 7 77 15 24 15 42 67 18 94 20 53 56 23 95 37 94 32 11 16 97 51 95 99 91 87 8 4 73 62 71 55 35 68 86 54 33 19 89 59 97 17 95 49 44 81 2 81 87 17 43 22 27 87 47 39 14 11 11 89 75 41 1 13 52 60 27 10 82 18 15 69 78 24 8 16 90 44 92 10 34 49 27 66 33 96 43 78 63 33 44 17 47 99 57 66 48 7 95 23 79 89 22 54 56 61 23 91 15 74 81 67 61 85 54 66 11 12 39 43 44 47 14 88 86 70 60 84 47 96 43 93 45 24 18 77 55 70 27 1 57 13 24 76 22 14 37 9 41 23 0 6 71 49 90 
63 38 11 70 78 69 24 47 85 82 7 54 19 3 37 65 38 2 26 18 37 39 67 47 0 51 71 26 84 14 9 59 93 97 62 18 5 2 56 74 22 11 69 51 35 57 76 72 19 20 33 66 98 62 11 81 13 18 15 96 4 51 30 71 98 5 19 80 67 66 22 81 89 32 0 73 89 39 80 41 59 29 69 81 16 81 77 59 15 68 2 91 74 53 83 63 18 24 61 37 10 45 26 83 0 98 38 59 97 38 4 23 66 96 95 14 95 11 74 56 98 43 33 38 11 24 81 29 30 61 25 81 62 23 10 53 97 39 44 85 48 42 46 23 9 68 88 58 45 36 74 8 87 65 28 34 78 3 68 57 98 72 63 3 22 17 16 86 52 73 98 73 9 40 68 9 86 79 10 81 96 4 57 4 33 76 58 86 47 92 28 90 84 96 83 12 6 41 89 3 59 95 31 12 60 82 39 0 24 8 45 54 47 99 3 96 12 30 85 75 6 26 12 61 14 23 13 47 6 77 45 16 48 84 65 73 62 86 63 8 8 19 31 94 83 65 27 55 33 65 87 85 84 41 46 62 3 56 64 97 27 71 72 56 70 70 38 25 14 70 80 7 24 56 90 20 94 82 54 78 30 0 97 47 24 1 84 8 32 47 70 86 15 1 90 84 78 64 75 55 
64 84 34 86 79 47 68 97 87 30 72 85 2 3 67 94 11 75 59 3 75 1 85 13 1 14 58 15 79 26 56 49 73 43 72 0 46 0 91 60 11 85 41 87 70 94 69 1 43 89 66 12 35 64 82 51 54 49 5 58 81 32 44 35 8 90 11 87 91 76 44 54 92 23 25 52 24 5 27 53 31 44 43 55 9 5 85 47 92 84 28 40 48 38 61 18 21 11 3 15 44 13 94 94 69 53 23 41 75 52 88 73 28 1 92 43 23 72 73 58 74 62 96 50 45 84 9 10 36 13 72 73 93 36 99 41 94 13 72 70 0 31 49 58 0 86 23 77 96 30 48 43 9 87 12 67 27 94 81 26 94 8 78 9 89 18 65 59 28 81 44 78 69 58 94 80 90 96 46 17 44 25 92 39 12 99 87 60 79 72 53 59 74 40 48 58 44 45 57 55 10 91 15 98 49 61 95 18 54 88 74 78 44 87 78 89 47 70 60 89 12 38 57 40 41 17 15 17 66 87 87 42 92 17 97 17 65 85 76 56 25 21 26 0 99 58 98 10 18 36 48 37 2 29 76 46 98 47 83 37 24 30 59 39 3 93 74 80 39 56 12 24 82 18 88 80 77 68 95 62 82 1 35 45 49 27 16 53 29 3 88 95 80 76 92 11 86 57 61 59 
54 19 36 87 81 69 82 42 71 55 35 40 98 66 73 44 86 70 31 52 30 91 74 90 61 8 96 58 57 76 15 45 54 63 64 88 22 29 5 97 36 49 36 17 43 65 17 23 4 4 66 35 10 80 16 47 84 25 97 55 48 50 60 91 80 30 32 40 86 86 49 46 24 21 67 40 35 31 65 29 55 63 17 40 16 11 0 14 99 41 8 86 68 43 92 68 31 10 64 2 96 92 18 16 79 59 52 30 40 29 7 31 56 25 67 8 48 82 72 62 81 55 65 76 37 55 6 12 35 74 35 68 21 31 43 92 42 3 3 46 34 57 80 25 82 88 86 58 47 31 89 87 3 79 19 21 53 50 40 45 84 9 43 74 8 23 34 81 80 41 15 57 35 77 84 26 37 99 96 11 64 56 7 43 28 41 12 60 26 88 60 45 31 53 34 2 49 84 97 48 58 73 6 39 77 52 58 78 21 82 6 2 31 91 53 71 16 85 2 74 43 33 43 84 20 89 13 33 12 62 45 17 99 87 78 7 4 9 80 47 27 16 44 1 89 66 93 10 23 3 38 46 36 45 65 23 93 21 68 30 14 5 94 99 55 15 20 17 70 10 24 54 78 59 93 52 61 15 57 14 66 39 16 5 86 17 6 14 20 97 38 54 14 25 27 67 6 41 7 3 
9 78 75 50 91 86 55 80 75 65 50 35 24 82 23 19 44 7 81 0 64 49 89 84 49 71 34 44 97 30 5 98 32 5 49 37 9 85 16 41 44 44 12 78 2 6 33 95 46 4 11 45 86 25 67 30 1 85 5 87 63 64 60 85 28 15 1 75 8 33 53 6 54 48 50 39 66 0 36 49 5 1 52 43 4 57 5 16 64 45 1 67 36 4 42 82 64 64 89 53 20 12 26 48 8 1 14 41 14 1 45 70 8 84 96 39 36 21 27 3 78 93 86 53 9 31 5 13 20 72 39 79 10 63 83 50 79 31 82 61 70 63 92 90 91 43 71 40 58 50 4 95 57 71 27 1 37 40 57 47 20 95 84 88 33 38 23 69 93 94 7 34 84 88 93 76 35 29 44 72 41 82 66 35 99 18 62 58 36 38 60 60 97 17 88 69 9 38 36 1 49 46 13 21 38 27 88 77 95 93 17 23 17 47 91 72 7 41 29 96 83 19 29 31 34 58 23 37 87 45 60 85 59 12 56 69 7 47 32 77 7 57 60 38 82 83 80 65 2 14 41 77 85 26 31 48 87 67 29 33 6 29 56 65 80 42 99 55 60 98 6 99 88 68 82 49 25 52 21 47 11 4 42 86 6 14 19 45 61 62 13 84 70 68 36 27 15 61 39 43 
60 43 38 79 93 10 27 15 97 56 17 89 42 15 16 34 79 89 1 56 67 56 24 11 12 96 67 64 8 86 45 20 3 98 80 58 94 63 42 17 42 53 98 72 47 51 46 55 90 74 4 25 2 98 10 26 23 56 3 43 52 67 18 67 74 91 68 16 71 75 81 62 0 46 42 16 91 76 26 5 94 5 10 37 32 34 91 28 91 79 14 69 82 22 69 19 55 34 57 8 53 58 94 47 76 86 46 16 13 26 78 69 0 2 81 51 75 10 87 77 33 75 61 93 46 2 41 5 25 87 60 63 75 56 6 91 98 79 98 73 70 33 99 83 86 65 74 0 58 37 25 22 92 71 88 37 69 86 45 40 21 94 5 84 22 81 45 7 56 40 70 62 89 93 53 78 19 83 93 24 18 91 66 3 8 75 94 61 90 24 66 69 77 79 8 16 52 10 6 63 72 37 86 0 82 71 7 74 31 50 66 2 74 47 74 84 45 79 65 70 21 27 92 55 20 51 5 75 7 49 91 18 57 18 57 10 69 61 3 17 47 83 37 59 50 47 53 51 0 55 39 76 91 39 43 55 74 32 83 20 35 39 34 21 24 15 48 25 83 93 11 72 86 14 37 86 23 98 39 19 64 27 5 62 70 40 15 17 56 95 88 84 98 89 8 47 7 40 11 49 
35 93 12 34 33 24 87 88 39 40 39 54 86 99 11 53 9 6 67 76 45 93 46 70 38 33 89 25 72 58 18 93 45 87 18 85 26 39 91 41 33 9 99 85 12 92 85 48 1 77 1 97 81 64 38 94 71 81 89 46 47 11 25 9 14 97 81 97 75 73 41 28 6 77 29 27 84 40 78 20 20 29 83 95 1 94 67 78 59 32 91 87 87 60 75 26 21 85 52 3 75 85 81 73 48 81 50 20 38 28 96 17 81 34 86 83 68 82 87 80 12 21 13 20 72 50 33 44 54 38 24 91 91 82 10 77 86 87 13 98 69 93 25 26 80 32 85 24 6 47 4 4 82 86 9 68 50 3 15 71 49 43 89 4 42 58 78 76 96 96 76 83 5 81 46 75 26 96 26 79 68 87 15 59 31 26 72 51 58 29 25 53 51 90 11 47 80 52 55 85 31 8 97 19 30 26 87 2 2 92 55 28 37 85 0 29 69 5 62 10 31 14 87 17 20 98 54 11 50 20 98 89 54 88 74 11 92 7 31 12 5 26 57 74 53 37 91 69 83 55 10 77 97 0 40 57 86 51 90 17 59 2 18 84 9 34 5 18 4 87 80 60 9 96 20 82 88 55 44 79 38 40 18 75 48 6 18 77 67 1 22 69 7 50 81 37 17 44 58 61 
34 12 24 31 0 72 68 71 75 35 62 29 8 56 88 17 33 67 67 55 54 96 95 34 58 0 65 24 9 77 75 80 48 77 40 96 9 52 28 86 41 21 74 32 52 99 61 7 35 5 24 8 15 21 85 32 37 72 11 26 29 28 94 42 8 58 20 57 45 2 30 26 7 5 60 43 31 93 49 72 27 19 77 98 67 22 8 80 95 98 39 3 98 91 29 68 1 79 15 26 63 17 40 84 55 63 52 20 59 35 63 32 12 61 33 89 1 12 83 46 81 62 93 82 51 93 62 41 80 16 27 92 59 29 95 7 0 20 2 31 23 79 53 28 54 27 58 89 22 3 64 57 69 64 1 4 96 90 10 30 20 25 10 15 78 98 35 72 11 14 49 17 91 18 73 28 13 65 62 45 12 76 9 34 97 17 78 12 25 38 92 99 29 46 5 94 7 19 36 39 58 2 19 62 76 77 12 55 42 76 14 77 65 5 11 48 65 51 61 59 39 29 70 99 7 99 40 74 14 18 9 63 36 21 90 21 65 6 62 90 88 34 38 50 21 0 70 4 95 12 38 72 49 83 34 38 19 88 63 34 7 55 71 57 1 57 59 91 62 99 51 5 32 36 37 32 94 36 18 22 77 26 17 84 80 52 17 54 88 34 73 67 11 52 74 88 42 80 14 75 
12 71 46 94 8 26 41 66 14 52 26 49 63 7 58 71 99 92 19 0 66 35 60 1 93 34 74 49 2 41 90 86 6 9 49 12 18 97 96 37 88 90 99 26 27 10 44 80 86 19 76 27 34 45 94 75 97 89 27 23 57 7 12 75 12 31 30 1 90 55 3 36 65 21 50 12 43 10 8 0 33 18 27 72 99 94 4 33 48 6 96 19 43 60 93 35 78 88 98 30 10 94 14 28 8 81 56 28 78 1 38 26 45 71 50 66 33 0 70 29 13 3 47 1 93 99 27 66 97 60 96 22 0 16 36 84 93 6 68 49 93 86 74 31 33 27 23 63 33 57 91 20 73 1 78 24 98 4 66 7 72 31 42 94 36 47 95 21 37 99 73 44 79 53 44 58 25 67 63 71 26 47 53 9 18 85 94 33 47 71 80 43 84 13 50 17 92 90 37 23 2 63 22 36 88 74 28 24 58 38 22 27 64 65 94 33 18 37 71 99 55 44 59 57 60 86 42 56 70 29 95 85 67 27 12 42 64 1 57 57 47 51 55 23 0 55 75 11 21 7 16 15 30 19 13 50 4 26 8 30 33 36 21 44 49 92 71 34 84 2 20 20 84 84 88 6 41 8 8 29 85 78 46 32 12 36 4 21 64 81 9 84 74 58 87 39 14 90 95 39 
83 29 21 54 78 80 15 85 95 70 56 83 80 62 10 59 70 91 49 15 37 24 40 22 76 33 85 23 5 81 88 14 58 15 20 74 8 82 1 55 26 96 73 78 89 38 26 27 95 88 83 51 94 97 35 67 55 40 58 83 74 66 85 2 0 74 64 1 38 64 82 5 99 94 97 90 5 20 18 62 80 52 96 86 83 9 96 35 87 80 39 52 22 67 31 4 65 3 83 62 72 33 62 15 69 21 17 70 99 51 80 41 39 21 62 52 69 65 64 4 9 95 12 2 60 82 34 47 33 19 31 94 63 29 80 84 53 11 13 43 87 75 39 70 86 17 10 88 91 3 47 68 52 18 49 76 40 1 10 12 81 80 45 40 38 56 49 40 65 21 49 76 29 32 62 9 97 74 56 43 65 29 57 15 45 25 74 62 67 50 75 74 80 0 17 85 6 18 82 68 11 51 8 42 34 31 18 45 70 14 68 68 24 46 77 26 6 13 62 53 48 19 48 31 30 37 90 85 49 84 28 40 95 90 28 53 17 46 11 87 39 3 65 60 39 21 24 68 89 20 46 17 75 98 23 68 91 69 66 39 2 88 10 55 79 0 99 32 75 14 48 67 60 27 57 54 98 24 55 38 2 7 74 62 49 42 90 99 20 19 91 52 2 99 15 2 57 35 30 71 
78 39 79 44 19 49 70 59 30 54 60 52 51 15 18 34 48 39 46 60 33 95 6 71 71 50 70 61 81 57 53 44 80 62 46 66 98 53 85 91 78 11 99 17 70 99 66 92 31 73 90 78 8 84 99 49 72 71 4 67 65 48 47 88 13 81 70 70 40 67 70 41 62 91 6 66 91 30 29 98 31 64 60 70 87 28 82 13 81 96 85 16 87 3 86 58 79 34 39 20 50 71 44 6 46 26 79 54 0 98 1 88 98 28 26 44 37 78 18 0 87 83 13 57 83 69 24 7 4 51 41 67 91 61 81 93 7 44 24 62 51 38 0 75 55 85 65 63 87 38 57 50 53 66 28 2 87 40 2 38 48 2 72 92 59 81 7 79 0 41 47 93 91 2 59 43 7 47 89 51 95 93 1 46 91 3 5 14 25 91 84 53 53 82 95 58 74 23 35 51 58 77 24 44 61 58 2 51 32 30 46 89 16 9 7 44 21 56 89 18 52 82 17 64 41 90 75 94 53 95 65 70 55 13 37 31 96 22 36 32 92 15 20 13 27 71 82 77 12 48 28 93 21 21 71 60 11 56 84 48 75 89 49 4 17 71 69 97 60 94 59 62 59 12 34 82 38 43 60 49 40 39 74 44 6 32 32 1 4 7 94 59 12 46 58 60 44 76 3 43 
13 54 81 84 79 66 77 17 20 42 51 4 27 85 47 66 18 51 77 22 11 3 81 55 33 52 85 86 46 21 64 24 76 66 7 22 14 90 45 94 5 94 29 60 43 10 38 13 22 2 66 96 28 40 24 61 65 81 42 7 13 24 12 89 64 10 89 5 4 90 70 76 18 13 44 80 99 66 9 58 48 90 79 74 3 42 72 53 0 83 29 19 49 7 6 9 54 78 2 69 95 76 16 55 14 93 40 62 52 41 90 71 87 29 51 45 89 65 78 66 23 96 94 25 96 25 16 81 48 51 8 57 53 87 54 12 77 12 79 14 36 23 46 8 91 92 36 73 21 1 95 61 81 38 45 38 48 93 72 57 84 19 17 86 82 30 94 51 84 28 40 54 65 28 49 84 41 28 40 29 12 39 18 54 14 7 37 10 41 33 83 80 86 92 66 15 0 11 42 67 6 83 26 99 67 41 38 72 12 3 24 57 16 65 6 52 95 22 47 32 85 92 89 50 44 24 7 9 37 65 79 81 79 0 22 16 40 12 90 67 40 31 0 11 71 0 90 19 19 79 75 4 10 22 2 60 76 25 11 39 32 64 20 68 95 19 4 6 2 55 18 90 90 79 35 16 89 65 71 44 78 26 37 67 51 35 34 26 62 81 8 54 38 8 87 29 47 28 32 16 
77 84 4 53 89 22 15 39 60 74 89 75 96 91 37 37 89 11 4 20 40 98 8 6 54 65 34 55 86 63 85 28 3 81 32 87 89 26 46 53 22 81 16 11 86 54 62 1 50 66 33 36 12 27 44 90 84 3 54 95 25 12 96 2 62 56 28 53 43 34 53 9 55 1 95 49 59 75 25 88 41 8 77 33 9 72 36 75 52 18 7 21 71 75 53 71 14 87 47 34 25 6 48 61 17 81 76 40 88 62 54 1 7 49 64 85 56 17 88 68 87 11 61 96 60 72 28 75 97 85 52 35 42 50 30 69 46 3 5 57 72 43 33 17 14 66 90 28 4 94 92 54 0 44 16 9 88 99 13 61 29 57 8 87 27 58 85 74 57 14 71 68 39 58 30 88 29 65 86 55 1 19 59 56 43 10 75 67 16 9 56 50 69 13 83 11 42 2 83 84 11 90 62 28 77 96 68 5 40 23 26 82 91 24 54 71 17 42 15 7 31 96 52 69 26 92 48 86 10 6 17 50 11 43 5 49 39 63 89 64 72 77 12 16 43 89 29 39 65 62 81 56 13 42 54 91 47 34 77 49 47 74 95 65 73 49 30 4 4 81 87 43 68 1 89 90 56 42 56 3 75 0 50 27 39 41 70 24 64 43 80 24 70 26 85 60 25 84 35 89 
12 84 11 19 76 65 0 56 91 64 23 83 16 78 9 64 48 39 88 83 49 56 6 62 82 67 34 76 8 88 89 20 32 26 28 79 29 72 63 61 34 77 41 8 31 54 45 94 4 62 56 28 55 43 71 4 88 43 16 61 5 69 96 7 27 9 96 52 66 57 28 41 3 62 75 42 76 19 45 73 4 52 1 56 45 5 27 81 18 60 85 34 77 32 0 85 21 15 85 41 71 90 84 57 10 8 9 96 20 25 38 15 35 68 45 75 28 10 65 82 62 32 18 23 30 47 76 76 2 11 92 20 44 2 55 25 25 57 11 83 74 27 88 53 81 49 22 96 22 23 47 54 76 57 47 65 18 19 42 28 19 45 97 5 94 93 37 88 18 63 5 27 30 47 59 50 55 53 57 72 25 78 31 34 6 49 19 36 37 17 12 82 12 13 0 90 72 95 94 43 49 1 66 23 24 0 54 20 95 83 93 67 81 37 86 14 30 38 72 19 61 75 11 98 19 62 89 36 79 4 25 13 76 22 60 75 1 6 46 39 72 27 28 43 8 30 48 81 51 3 60 39 8 27 26 63 74 87 35 17 22 84 3 47 85 64 65 96 20 82 44 72 79 21 12 83 8 87 20 76 2 4 60 60 78 39 19 22 68 33 99 77 57 27 0 12 87 46 86 70 
86 74 26 43 42 17 46 97 89 2 80 30 10 52 68 53 45 9 20 42 57 57 62 4 16 97 60 5 91 68 11 88 45 31 40 95 48 16 54 78 73 1 70 36 31 5 63 98 63 68 31 80 26 35 21 25 44 51 63 78 68 14 15 19 24 1 40 0 9 0 80 89 26 43 75 5 14 70 51 84 63 12 18 88 18 59 63 72 28 15 92 6 46 16 60 35 60 29 44 88 2 2 84 35 27 88 43 42 5 39 50 35 58 37 89 69 6 70 27 54 36 46 33 22 53 22 92 83 35 25 46 72 30 3 49 27 33 56 98 10 10 85 69 54 99 35 54 55 24 86 4 55 81 1 76 49 42 96 16 51 44 67 4 67 57 65 76 86 75 71 95 94 97 26 4 82 54 34 91 0 70 48 7 30 86 35 46 36 96 82 16 36 91 97 19 35 12 33 89 3 1 89 64 38 97 67 67 2 99 58 18 49 32 9 0 76 83 35 38 54 24 45 67 74 61 25 54 0 14 72 28 47 67 62 99 73 30 28 25 3 59 67 17 37 96 4 3 96 21 55 86 32 96 91 99 40 81 89 83 11 79 21 89 58 10 10 37 60 52 10 0 17 1 81 45 57 76 84 51 3 23 13 56 57 14 81 22 87 23 63 44 4 20 75 83 83 41 85 77 78 
76 63 98 79 2 92 93 92 48 83 69 80 25 95 21 38 6 24 37 70 7 18 14 10 40 8 15 47 52 72 97 0 77 21 80 69 20 21 91 16 78 84 38 56 8 16 57 43 26 11 32 58 94 26 41 46 75 11 37 45 48 17 3 21 23 98 26 72 90 86 69 61 68 83 52 63 31 60 40 63 60 81 78 86 59 55 5 91 86 56 89 14 8 6 76 62 83 92 99 16 57 41 60 48 41 63 27 40 62 7 86 15 20 88 5 71 55 9 93 10 96 31 67 97 24 17 32 3 12 50 89 32 47 36 36 57 86 18 69 3 17 5 10 70 44 71 87 65 9 52 95 95 57 72 15 47 69 32 91 7 34 31 34 29 94 89 5 91 86 95 0 74 89 98 33 25 2 81 93 95 65 88 69 61 81 35 68 56 90 93 5 2 97 49 59 55 49 82 11 43 49 55 98 46 17 66 47 0 57 56 75 98 43 13 44 80 45 52 11 23 47 14 69 38 78 63 76 97 1 65 65 65 47 4 57 94 50 54 12 42 2 47 5 81 40 91 52 49 48 43 84 20 13 38 45 20 84 81 16 19 56 17 52 31 49 71 62 56 46 68 24 15 88 18 7 29 99 55 92 56 91 72 47 97 71 73 95 79 80 95 1 58 62 18 92 8 14 28 12 20 
47 53 82 16 95 53 92 97 8 99 6 44 28 24 11 39 13 94 55 37 29 45 33 90 77 79 9 50 66 31 1 43 37 82 23 93 67 16 61 50 0 16 0 14 17 93 10 77 16 7 63 70 19 19 69 34 7 46 27 74 90 89 99 57 74 93 20 53 41 55 30 27 18 3 51 93 6 60 26 45 26 87 62 83 70 89 89 15 3 94 41 15 97 52 71 1 68 60 14 61 16 31 3 6 83 82 7 30 1 90 68 55 10 2 91 68 27 76 57 32 58 32 52 1 27 26 65 56 3 85 52 4 84 90 72 72 29 15 51 65 44 57 92 88 5 93 35 40 97 82 56 58 42 34 96 86 85 29 49 9 41 42 17 95 34 57 12 87 2 57 5 29 67 23 9 4 65 26 42 44 17 24 56 73 77 73 9 44 98 63 10 89 56 30 24 70 49 77 88 51 57 63 91 43 96 31 85 66 85 70 0 75 49 71 15 32 55 21 35 43 26 11 58 63 35 16 30 56 42 40 84 39 63 91 2 86 21 4 70 15 41 93 64 90 87 5 10 95 51 50 18 40 54 5 51 8 75 2 95 37 15 88 36 32 31 60 70 59 25 16 1 30 86 96 28 0 83 24 69 67 17 65 5 50 65 60 70 8 51 55 43 23 38 43 68 54 53 22 59 25 
89 58 70 96 83 73 22 78 83 43 43 56 81 32 81 11 67 42 83 18 83 3 41 43 38 43 87 32 29 97 4 65 16 34 85 76 76 94 43 15 1 57 2 77 52 89 34 52 64 94 77 71 36 78 23 88 8 43 59 6 76 69 15 22 10 64 77 71 18 17 95 65 4 80 0 91 49 66 88 59 89 12 58 70 52 76 91 3 99 46 30 85 17 54 62 93 99 84 32 56 8 40 17 1 61 3 14 94 36 65 2 44 1 40 52 96 21 25 54 95 55 70 37 57 89 68 94 70 76 46 48 81 90 58 51 89 31 6 72 25 21 49 42 75 25 7 40 68 7 86 88 90 21 18 36 77 39 92 59 96 60 18 50 35 53 62 7 21 2 13 89 96 61 18 38 75 8 83 54 47 89 85 73 72 64 70 34 82 27 72 40 76 64 17 81 16 28 46 34 77 26 64 35 28 52 31 63 60 94 29 14 0 55 79 24 87 48 62 93 76 57 21 95 37 62 5 71 28 27 1 52 59 80 83 64 49 36 54 21 71 91 17 55 36 37 93 30 64 33 38 95 41 46 84 78 0 61 67 34 50 74 83 13 98 71 10 49 58 71 78 55 72 68 36 74 35 84 17 79 29 40 99 41 32 53 3 86 36 90 64 72 35 2 48 40 12 0 33 54 32 
88 31 79 14 84 24 47 56 15 41 63 30 84 87 51 11 18 56 15 82 11 74 7 43 90 52 98 78 30 20 91 18 32 37 7 46 31 35 6 60 34 15 78 39 41 31 32 47 90 49 32 25 43 95 48 73 63 15 47 95 85 28 27 41 57 88 92 99 62 35 3 86 54 97 56 15 16 43 82 83 64 24 43 15 2 33 54 65 88 21 23 55 49 87 52 65 65 9 90 2 24 46 42 11 98 70 32 14 76 16 43 72 12 88 18 21 68 18 75 5 45 59 94 40 39 51 36 93 36 18 57 38 89 99 14 55 2 85 11 45 50 88 84 69 86 76 2 73 78 21 77 78 26 75 68 19 94 50 40 69 25 72 56 48 30 78 96 9 46 60 1 76 56 53 25 7 83 62 43 91 68 34 49 15 68 22 88 59 18 34 80 14 0 92 84 28 9 78 20 41 91 10 14 98 16 49 38 93 43 13 21 50 96 29 31 53 50 81 31 78 44 33 51 88 9 28 10 69 21 17 2 56 4 83 29 60 41 66 50 72 84 33 55 19 56 61 83 3 0 98 17 20 63 61 43 22 9 34 4 15 19 54 46 38 2 59 32 1 4 7 74 0 4 22 71 22 31 68 84 15 55 55 62 86 31 13 26 25 35 92 6 4 85 37 7 6 12 50 9 18 
40 92 74 68 10 80 91 38 34 70 35 49 30 62 22 4 28 33 93 13 3 52 62 61 62 58 30 25 2 36 85 98 13 88 38 81 22 40 12 43 39 33 57 38 17 65 88 85 67 80 24 5 38 29 82 73 23 61 11 30 24 94 20 86 80 49 38 46 73 64 98 98 17 42 87 22 57 39 57 74 19 64 82 65 42 2 87 46 34 39 66 98 71 66 41 18 27 6 30 80 38 17 84 59 29 65 52 48 64 96 61 98 85 76 21 30 34 53 93 80 57 30 31 13 82 93 86 17 37 75 93 38 6 95 44 33 37 82 31 69 69 40 32 46 60 88 11 44 3 25 24 32 48 91 25 34 73 84 21 36 51 57 92 89 39 59 48 93 60 26 23 16 41 46 10 30 32 25 9 58 55 30 8 82 57 63 62 25 9 77 19 46 39 94 79 32 51 35 77 95 78 7 45 90 34 88 34 85 53 89 63 97 9 44 4 33 99 32 68 95 93 46 24 80 32 83 58 84 62 49 11 54 36 91 5 35 75 70 82 71 36 69 1 60 22 43 82 14 11 68 56 88 45 25 48 57 26 4 53 29 6 28 66 46 5 20 59 34 73 62 36 38 56 65 6 20 36 99 40 44 62 89 97 60 94 56 70 26 74 18 7 26 29 59 97 68 17 88 87 11 
10 65 77 27 81 98 52 25 34 88 51 32 53 33 45 37 47 70 80 54 27 31 17 12 86 68 93 40 69 38 16 99 52 51 60 4 8 34 25 94 77 83 58 77 72 15 6 22 24 70 28 70 29 36 67 58 78 74 82 9 12 93 36 70 7 84 75 57 96 55 6 23 7 18 71 72 5 98 9 25 22 22 43 90 85 74 61 49 52 33 92 44 34 95 13 3 94 33 48 98 65 27 55 49 7 98 72 97 2 68 2 62 16 93 17 89 30 36 55 73 64 65 91 4 43 67 40 51 77 60 9 98 96 64 55 80 41 28 78 23 38 20 17 90 26 79 81 0 60 57 25 93 83 86 47 6 16 13 24 9 32 99 88 17 32 29 12 99 18 6 45 46 18 34 42 73 16 12 37 10 64 95 66 45 23 48 31 25 20 53 67 46 48 44 89 8 77 65 44 99 89 34 61 56 5 70 48 50 99 88 55 68 61 17 95 42 11 35 88 94 84 91 15 70 20 25 86 11 32 70 96 76 86 79 22 58 95 8 32 34 26 67 8 10 31 43 80 36 12 95 62 1 99 11 5 96 28 37 17 93 88 19 64 69 50 36 23 91 8 72 71 44 98 78 8 31 15 73 77 50 12 76 1 25 85 49 93 49 60 71 32 43 69 4 27 58 36 71 65 77 
97 39 30 41 25 79 66 15 15 91 61 53 2 26 25 39 22 85 23 92 49 21 41 76 23 33 91 96 40 47 52 0 37 31 64 25 29 95 0 7 98 29 94 84 18 22 85 66 19 20 91 62 38 78 65 29 99 94 6 43 42 60 88 65 68 89 12 71 46 51 28 39 53 35 22 92 13 42 10 63 79 68 76 6 52 66 23 30 0 63 17 34 95 2 85 4 27 2 97 28 50 69 75 34 70 73 82 97 10 32 24 1 2 59 15 9 90 41 41 66 63 24 16 78 98 33 86 36 73 8 64 19 35 7 65 73 28 87 94 94 49 30 27 49 13 3 64 30 32 55 45 45 82 18 19 90 64 13 8 74 31 93 81 40 69 15 94 95 7 41 97 20 15 50 19 63 67 98 63 38 2 32 0 68 16 95 25 27 80 66 71 53 87 59 32 97 94 83 93 61 76 44 89 86 35 94 67 22 80 50 8 73 1 56 6 95 14 24 56 85 82 48 95 98 87 24 52 32 4 62 0 27 70 22 80 41 81 4 16 66 29 89 46 50 76 80 99 69 62 22 18 3 46 48 72 92 6 23 35 65 2 3 17 0 81 17 71 76 38 51 7 25 89 54 78 58 52 86 86 67 63 87 72 25 97 88 97 12 81 3 91 57 1 56 53 48 2 51 50 92 
68 7 85 48 56 69 92 92 31 91 77 17 57 37 62 4 70 53 36 54 43 98 49 72 92 36 20 97 80 34 21 92 82 40 1 82 63 73 28 25 95 12 50 38 40 35 23 32 45 64 87 73 84 87 28 85 47 27 65 28 95 84 79 25 61 18 42 25 96 88 46 32 4 27 22 74 41 24 41 76 47 71 91 82 93 98 98 76 79 73 38 48 88 7 69 43 3 77 95 69 10 85 26 98 60 18 13 94 80 38 22 45 43 92 52 16 84 79 50 35 82 22 61 19 94 90 23 9 51 17 53 95 82 16 35 51 13 95 42 90 3 84 23 51 49 9 49 4 68 54 91 23 94 50 23 29 41 1 61 56 58 34 44 11 22 49 26 54 91 72 71 45 92 58 92 85 58 4 96 97 82 3 18 79 31 70 52 55 90 24 87 27 54 28 68 44 65 37 71 15 96 56 26 64 82 32 92 75 5 92 7 36 96 15 15 77 52 56 11 0 91 59 61 39 49 64 93 14 7 78 30 48 46 91 40 10 10 34 77 58 6 17 71 20 1 32 49 1 65 85 66 58 95 22 26 15 99 0 54 3 41 53 82 6 36 17 81 8 67 68 17 78 21 91 44 38 21 75 78 12 86 30 19 42 7 77 15 52 66 1 96 8 22 95 93 88 71 42 85 33 
13 90 37 86 55 94 17 6 9 21 76 74 76 97 79 95 33 4 12 89 64 92 27 24 62 50 13 92 70 38 95 22 96 40 81 75 91 66 88 59 8 52 72 26 10 92 18 78 72 99 89 39 81 99 31 65 74 80 15 30 61 77 20 35 65 70 81 76 22 83 55 26 26 42 82 49 36 85 52 18 16 43 34 86 47 48 56 39 61 27 59 87 84 95 41 87 59 17 52 62 23 21 19 26 0 41 38 30 55 14 92 89 54 58 26 25 44 62 21 11 55 89 52 19 92 28 75 55 14 31 0 81 42 52 20 68 25 87 63 30 38 14 60 63 37 89 62 57 96 97 20 1 85 72 96 57 48 12 9 2 95 14 47 20 75 48 34 19 93 58 99 84 37 84 10 65 73 29 26 21 65 8 11 20 74 70 73 73 60 47 34 85 25 48 38 7 63 14 68 36 57 92 4 37 84 94 67 83 71 84 86 34 69 49 55 41 70 86 88 17 13 34 73 15 92 31 69 11 57 20 75 67 32 0 95 37 88 75 90 20 30 76 34 52 63 7 87 87 86 80 97 7 74 3 91 29 45 77 87 44 53 35 4 51 94 82 36 7 0 91 13 45 46 12 46 70 84 66 77 43 97 88 12 35 84 52 20 23 91 84 66 85 28 28 40 17 79 82 50 80 
89 74 2 13 76 11 49 60 43 10 63 17 35 30 28 38 29 43 64 12 2 63 92 95 65 66 46 52 88 28 75 27 94 52 95 37 71 43 60 67 0 91 86 8 64 78 63 91 43 74 59 41 79 74 74 38 28 12 77 65 80 32 5 93 39 53 30 88 79 95 15 7 59 89 94 4 9 48 19 11 69 72 48 73 13 92 76 85 62 68 32 91 44 54 53 65 88 38 19 27 72 67 2 7 33 21 67 18 89 8 85 54 96 28 44 1 28 47 77 16 86 97 12 55 62 34 51 4 86 33 76 6 23 75 96 68 49 97 89 22 85 42 5 15 23 36 59 36 40 78 83 84 64 27 85 40 80 65 51 9 88 63 84 68 27 19 27 61 43 98 83 75 71 15 6 3 94 55 81 83 62 73 44 17 40 53 91 51 38 85 60 57 94 53 94 78 45 79 41 35 68 69 6 30 85 73 73 93 34 73 30 5 33 9 37 82 3 37 74 20 3 83 3 64 17 57 63 27 96 19 39 46 47 84 86 94 27 81 39 6 73 14 30 87 54 36 90 88 52 6 45 34 3 32 92 17 80 1 51 64 96 19 45 53 20 57 55 36 19 52 94 34 62 66 40 73 19 59 51 50 64 52 54 70 30 82 91 81 51 67 86 24 21 40 62 29 4 58 77 12 
87 44 11 12 54 81 25 94 90 98 19 25 30 64 19 31 37 39 52 59 75 81 99 40 76 92 88 81 94 97 91 1 79 71 85 12 19 47 53 11 83 54 16 45 82 0 28 10 66 86 47 64 11 90 27 95 28 0 33 93 30 13 71 76 37 56 66 19 36 49 92 3 44 45 80 77 32 49 7 22 32 54 99 79 27 81 7 3 37 41 66 27 61 78 59 64 35 7 20 53 65 37 17 43 51 69 72 69 37 31 51 76 32 29 85 65 72 4 49 93 28 6 7 77 86 27 68 86 40 15 0 77 7 92 38 26 40 8 40 6 0 35 23 4 68 42 5 22 68 74 61 27 16 98 96 51 9 98 81 17 49 54 14 28 45 67 65 73 73 28 15 48 33 11 60 93 31 73 7 57 22 7 93 85 13 7 24 62 18 94 52 26 49 43 90 86 3 72 83 64 80 40 19 94 61 13 30 56 42 50 95 51 79 15 95 74 28 72 4 30 42 15 35 4 60 22 7 98 86 21 44 62 81 39 54 85 19 55 9 28 84 53 60 91 69 78 88 91 28 44 4 50 56 94 56 64 94 75 98 92 77 29 35 95 22 71 49 37 55 55 72 6 65 42 43 42 27 9 29 56 9 93 40 90 49 29 77 82 92 70 84 1 0 35 50 13 85 27 48 37 
62 60 69 5 25 93 8 71 70 82 43 80 31 70 20 60 15 53 62 17 25 27 3 65 96 21 83 21 73 51 82 81 43 85 14 34 97 98 39 91 24 42 97 99 11 75 0 42 33 26 49 26 22 11 47 63 80 26 67 18 19 67 5 74 46 76 60 93 44 66 4 18 31 29 21 70 32 88 59 92 56 49 72 84 41 36 30 52 48 26 34 22 85 47 19 92 99 12 99 37 87 51 90 43 39 20 53 13 3 77 30 43 50 44 9 28 5 35 18 91 4 61 91 13 30 83 85 54 39 69 54 14 76 26 43 66 42 53 63 99 59 86 61 30 58 9 2 49 27 21 60 85 1 3 44 28 67 43 11 17 49 91 91 93 25 48 89 92 82 66 96 93 68 48 60 70 4 34 99 64 17 20 64 41 66 24 3 59 46 16 65 80 90 86 72 38 10 15 9 37 11 97 63 50 54 69 15 11 53 45 18 12 46 14 54 80 8 60 85 89 6 4 26 84 69 62 2 0 61 85 6 52 23 16 14 15 74 46 37 16 16 32 78 59 14 62 74 90 78 15 70 27 83 24 36 9 34 28 17 88 80 89 34 34 92 26 67 60 11 88 91 18 85 85 70 90 49 3 23 70 40 89 14 36 42 13 49 42 49 18 61 70 22 10 67 83 73 27 75 76 
41 53 25 92 92 59 87 19 72 99 51 93 66 19 5 73 74 17 42 79 87 73 77 1 76 18 34 10 95 86 98 47 5 15 11 19 50 74 25 50 3 89 28 38 45 35 2 17 63 70 11 21 67 30 15 97 53 24 47 63 1 69 64 83 70 64 5 23 18 50 84 74 16 29 79 26 8 2 70 37 62 19 7 12 17 23 89 63 65 92 74 35 75 7 37 81 96 38 15 99 97 39 99 8 89 91 47 16 63 21 41 97 10 91 0 35 46 90 24 95 17 70 35 22 85 64 84 32 44 24 72 51 34 25 44 96 53 27 62 45 99 50 51 44 79 68 44 47 41 93 7 80 3 86 69 63 72 68 42 14 97 25 57 92 21 24 93 33 73 9 42 53 79 23 4 22 70 77 48 80 30 2 68 95 90 48 38 3 91 84 19 31 67 95 6 38 26 52 59 43 39 21 88 91 15 31 75 65 41 26 8 73 26 47 69 39 95 52 20 97 43 2 91 80 30 33 43 16 34 57 89 39 6 63 56 16 28 34 45 26 83 43 39 38 12 26 12 41 36 38 47 70 3 15 38 45 55 23 39 59 68 20 37 93 19 51 58 23 85 59 26 56 77 0 11 28 88 34 31 13 24 99 73 90 95 51 43 1 73 97 60 38 32 83 21 96 20 53 54 85 
30 96 38 57 69 89 10 71 99 35 98 62 99 73 37 32 51 99 28 48 45 3 84 38 11 95 3 1 80 82 59 13 51 4 1 25 34 14 45 2 63 21 59 20 62 81 62 12 84 81 11 44 22 6 80 79 64 97 73 52 63 0 10 28 85 3 38 45 4 63 44 94 83 52 25 72 76 64 29 52 49 55 21 34 20 16 36 56 64 99 64 12 98 21 95 53 43 49 47 61 76 8 87 98 0 20 11 66 97 40 70 49 50 39 53 61 83 94 59 38 57 43 43 73 4 3 22 25 50 62 54 72 9 2 41 71 72 17 2 1 10 11 1 42 64 55 5 83 16 20 11 68 77 68 48 16 97 28 19 84 72 63 96 70 20 11 28 8 66 99 22 38 98 96 93 41 49 54 79 88 18 19 70 98 59 13 49 13 90 51 33 45 92 34 40 37 55 53 54 15 94 55 94 61 65 94 40 30 76 88 48 85 17 97 37 86 24 20 27 23 54 47 65 97 31 60 28 11 92 26 44 69 45 39 48 41 52 55 16 70 90 72 52 78 2 48 32 30 99 56 58 35 89 74 71 35 95 25 2 20 99 16 14 88 90 72 14 46 86 78 54 60 85 56 35 54 92 42 95 2 92 25 94 56 23 39 23 32 31 78 75 21 42 81 95 36 5 39 25 29 
95 75 38 42 28 23 81 66 63 69 85 83 55 63 18 23 81 94 49 95 31 97 31 21 79 39 9 8 51 58 89 38 67 42 35 61 4 85 69 49 24 0 15 93 53 70 24 59 14 79 61 13 32 32 86 90 33 17 58 81 63 47 10 40 83 59 39 75 72 54 24 4 10 55 17 59 25 14 66 13 35 46 26 42 85 26 32 53 53 59 3 3 21 89 32 32 54 86 56 12 68 11 34 14 17 33 11 17 28 91 41 57 51 95 97 81 14 22 92 92 14 24 24 60 18 95 70 29 85 99 19 76 8 30 95 28 69 56 69 77 57 2 81 86 98 46 82 38 91 34 96 15 24 22 84 51 25 51 73 40 43 90 8 42 21 88 67 78 55 55 47 52 88 41 53 57 8 64 37 94 1 69 6 18 48 76 69 46 22 0 61 33 88 99 26 94 46 93 85 23 18 78 92 37 9 37 31 77 38 31 9 69 72 67 26 87 48 62 17 54 70 54 90 27 76 51 63 93 31 22 18 16 39 26 1 58 21 55 21 51 43 12 32 27 74 4 26 5 14 1 53 26 7 25 20 38 28 16 61 3 41 77 7 60 17 9 94 23 99 17 0 70 3 20 56 34 61 16 81 70 98 31 21 55 84 89 46 4 87 84 81 63 47 68 25 88 20 92 39 9 
99 85 16 83 63 49 86 69 92 11 34 10 79 5 53 72 26 86 1 18 93 89 71 54 33 61 19 55 40 51 96 4 54 17 20 30 94 13 82 14 44 57 66 43 97 91 96 86 7 60 54 67 83 85 35 95 32 30 4 74 34 15 40 67 43 3 66 10 28 2 19 61 67 58 61 42 88 78 92 8 78 83 42 92 20 6 56 83 15 74 99 13 49 26 68 99 54 66 44 75 26 62 31 76 91 14 39 6 17 96 95 27 99 59 8 28 28 38 80 85 34 97 25 67 65 41 32 39 23 93 79 7 43 16 0 28 92 30 55 88 7 31 82 39 79 29 31 65 27 76 65 78 90 62 74 84 87 69 36 72 95 74 35 71 31 4 31 68 88 0 71 71 78 77 17 43 69 27 90 51 66 4 60 78 53 39 74 9 82 33 0 54 30 60 12 66 34 81 16 45 46 25 81 89 15 52 47 52 65 91 70 91 21 86 97 8 82 91 21 6 46 36 68 80 58 3 77 38 93 21 63 22 71 70 18 38 57 51 46 13 8 87 59 49 62 34 63 68 38 14 50 30 36 68 3 86 65 55 40 95 76 11 35 1 20 98 18 35 76 17 32 87 85 17 81 76 87 8 32 28 99 4 66 62 3 64 54 85 38 64 39 38 45 51 18 22 58 36 20 56 
4 48 50 69 92 79 63 17 91 88 98 1 52 58 9 6 95 76 57 29 17 15 55 55 58 30 46 70 97 46 66 32 38 19 28 32 74 39 35 39 62 66 38 74 97 34 55 57 84 72 0 41 15 86 36 57 2 46 76 1 87 55 34 20 30 22 81 56 14 60 31 67 17 50 20 5 79 25 84 31 43 36 90 58 59 58 65 84 89 48 84 78 98 54 5 35 98 65 11 60 80 6 20 85 67 32 64 98 17 91 79 73 67 32 25 51 86 43 0 30 64 4 65 74 41 37 99 82 88 4 40 73 49 5 74 32 53 85 5 26 48 89 61 15 17 76 51 1 78 22 63 44 94 27 69 32 73 91 68 21 71 79 41 26 8 17 4 68 5 63 72 5 14 41 50 16 11 64 37 64 29 1 83 37 79 47 30 5 93 40 3 71 15 10 10 32 21 2 56 87 57 72 78 90 9 37 42 21 68 8 3 67 11 26 56 75 80 10 37 89 13 72 33 76 53 70 27 2 36 52 12 94 97 30 16 14 97 63 29 69 93 4 56 46 74 36 49 14 16 42 98 47 57 75 22 1 4 41 59 97 74 59 89 96 43 7 41 44 60 73 79 89 28 29 26 15 80 38 68 3 71 21 8 55 30 34 34 74 25 60 28 44 2 11 11 50 45 89 92 61 
20 54 91 69 72 9 55 19 68 74 51 78 90 73 49 62 7 67 9 6 26 12 72 48 32 32 2 39 75 74 24 16 16 54 6 84 85 18 48 21 91 47 43 70 76 40 19 56 17 91 19 6 17 27 20 89 21 43 57 73 3 81 82 34 25 93 32 35 92 46 89 83 76 61 88 96 65 45 7 0 94 91 39 34 70 23 84 18 72 30 74 12 95 38 30 83 42 50 45 81 40 35 86 45 63 20 38 67 18 60 89 99 52 13 50 45 79 95 63 28 30 46 87 49 42 93 52 70 35 75 92 2 45 71 30 88 73 92 77 16 26 73 89 97 87 39 68 47 6 90 11 86 85 76 1 28 1 10 52 76 20 15 95 40 44 92 34 32 68 77 60 3 73 56 54 76 97 15 77 45 6 38 66 65 75 3 55 52 83 33 85 88 90 51 36 89 7 53 99 36 59 43 48 7 71 61 17 31 36 55 1 63 60 14 21 80 79 42 95 50 36 22 96 3 48 57 8 5 65 22 74 4 95 54 69 36 97 24 35 60 64 33 31 48 79 14 88 88 58 11 99 70 28 21 13 24 79 14 71 65 7 15 34 78 78 42 55 51 50 93 42 36 15 63 28 77 35 78 99 85 15 21 85 22 28 22 52 28 42 62 89 5 87 32 2 7 15 71 73 8 
99 4 66 74 43 84 24 77 28 98 37 6 98 19 39 5 31 65 17 66 77 78 93 16 20 25 25 82 94 70 29 50 30 38 21 63 7 40 55 73 87 46 11 28 68 51 17 9 25 75 63 64 32 68 20 82 47 54 32 1 48 65 97 46 1 93 69 62 48 35 25 73 35 46 9 70 28 60 13 79 63 22 64 51 72 5 42 77 6 3 75 32 20 18 54 19 60 14 99 8 49 77 73 48 57 70 43 57 62 90 21 22 88 27 50 69 36 30 71 98 96 0 26 92 66 87 16 22 81 98 47 44 38 38 45 22 32 2 77 20 30 49 75 30 76 95 70 30 40 46 83 68 42 90 9 65 19 98 31 27 38 24 73 55 91 18 87 48 32 15 63 68 5 78 9 57 28 77 55 57 49 20 61 97 66 31 67 10 58 74 54 65 63 15 53 65 93 57 16 34 29 91 36 80 6 51 28 13 75 8 31 43 1 26 91 89 87 68 29 96 71 38 74 57 14 17 18 37 39 55 20 43 52 32 53 77 26 73 75 62 41 6 36 56 87 27 59 5 45 26 16 30 27 12 19 14 85 53 22 80 5 13 86 64 92 52 26 87 39 80 28 29 47 34 31 7 32 27 58 29 17 11 93 93 4 83 85 73 55 30 67 37 44 97 43 77 5 53 83 13 
31 13 1 97 72 76 32 44 82 21 16 0 34 81 19 76 29 71 4 61 41 38 42 29 19 73 20 84 36 45 75 64 98 38 11 4 60 95 71 92 88 11 96 87 60 7 5 76 99 60 80 95 78 48 58 51 74 3 15 16 64 94 4 23 46 57 14 43 15 37 68 83 83 24 68 77 83 8 42 29 0 2 84 82 70 48 81 72 30 85 64 87 57 11 92 15 97 4 66 4 70 97 30 88 42 93 66 51 24 90 51 46 19 81 25 55 13 6 25 32 18 81 41 74 83 56 48 71 15 45 27 63 52 20 51 52 21 76 67 44 95 4 32 12 97 77 83 2 64 42 27 82 14 85 52 76 3 72 68 96 6 11 28 56 14 64 9 94 52 2 11 21 38 50 73 18 44 6 6 70 10 57 43 10 75 24 11 18 4 53 68 38 60 65 2 70 75 70 4 11 12 63 13 98 55 12 49 1 22 81 10 64 32 65 49 50 0 58 32 43 39 6 15 48 8 73 53 25 11 98 22 67 56 52 91 18 9 22 58 64 35 80 86 75 4 67 41 3 33 42 64 60 83 55 30 87 59 62 53 58 30 21 2 73 52 91 95 82 29 28 10 56 65 16 55 24 96 75 34 16 31 2 98 60 76 37 57 90 36 24 78 69 65 93 35 41 13 37 50 77 
33 94 10 65 6 98 49 18 76 22 97 75 60 93 24 32 54 42 20 98 71 55 7 9 47 51 34 65 26 47 80 88 3 32 78 54 98 69 96 26 67 18 18 72 3 3 0 84 14 39 71 94 40 79 57 91 64 52 31 38 27 40 81 50 19 71 53 91 55 4 64 35 92 25 5 8 45 53 27 51 11 48 6 35 36 20 12 50 69 95 10 67 97 3 52 28 48 53 65 54 7 77 88 27 66 86 54 91 24 29 37 22 33 70 48 84 22 3 60 79 9 31 42 93 91 22 63 74 58 71 92 92 26 59 78 7 34 92 44 36 19 48 34 12 25 23 70 46 47 14 29 61 92 30 85 39 13 16 16 31 77 34 35 32 30 57 8 37 2 21 44 32 90 62 89 62 30 5 0 65 65 10 10 37 23 71 49 95 44 65 20 31 62 0 14 72 49 41 59 69 38 28 75 74 38 20 48 99 16 98 82 28 14 76 37 71 96 21 67 93 6 20 55 3 96 7 1 48 90 14 46 14 68 85 42 67 78 4 21 44 52 68 83 60 38 66 76 86 74 26 87 10 74 63 32 27 91 78 91 45 38 44 91 5 50 48 8 22 70 28 93 9 61 94 25 60 27 98 32 94 42 17 12 26 93 41 37 10 19 16 61 79 24 99 12 66 35 21 20 56 
83 6 48 61 63 35 10 37 87 54 45 65 50 70 68 28 57 99 24 13 53 75 12 81 56 79 38 80 4 56 41 60 68 48 41 57 11 5 99 6 98 52 26 92 41 81 29 13 37 15 50 60 53 90 61 83 86 16 97 19 63 89 60 4 49 0 66 16 12 63 4 56 50 38 89 94 88 27 60 85 49 66 7 26 9 45 15 31 47 43 53 12 82 36 49 25 67 72 49 75 74 85 25 15 49 62 16 45 89 62 41 18 86 96 26 79 11 40 33 70 14 86 42 15 93 65 68 37 37 7 91 65 61 27 77 54 42 35 28 77 74 31 43 67 23 14 9 80 70 59 90 95 75 10 35 35 19 57 28 28 87 77 24 43 38 97 33 82 58 69 81 15 67 90 56 86 41 58 54 13 63 30 87 68 31 76 5 77 48 10 63 61 57 58 20 84 92 51 85 86 32 76 66 3 14 76 86 44 2 69 38 17 60 69 40 93 89 10 32 33 28 37 23 5 64 54 54 93 76 93 77 55 48 96 49 48 65 79 30 12 80 20 1 89 27 73 89 51 5 6 96 50 4 35 81 36 3 37 36 62 68 12 73 24 34 41 92 43 60 1 68 2 95 82 23 53 24 16 22 26 48 54 81 4 11 78 29 37 51 79 12 74 11 6 57 98 63 51 32 39 
65 60 4 72 5 22 19 51 6 27 18 13 29 12 6 24 17 64 42 0 55 80 67 70 38 64 0 24 18 98 9 49 14 26 57 48 88 46 75 22 21 51 6 77 68 3 29 66 83 0 22 91 15 44 20 49 47 51 91 23 96 23 95 36 63 14 69 30 95 85 77 92 49 42 39 29 2 15 76 41 64 77 83 79 71 4 97 0 97 85 74 91 67 96 37 93 98 92 34 31 91 75 18 46 95 78 50 82 78 67 76 86 44 69 98 46 44 26 20 34 8 96 13 63 53 86 48 68 69 39 65 31 51 48 25 23 26 45 30 59 16 81 96 60 67 99 91 12 97 76 22 24 60 99 23 48 82 98 81 32 83 21 98 89 27 67 32 92 38 17 90 25 88 8 6 48 42 71 70 5 6 16 67 62 30 89 74 29 28 98 22 13 45 49 16 1 51 31 69 72 87 81 57 48 7 0 44 89 68 73 66 60 92 12 59 99 58 12 88 99 77 20 27 1 54 19 97 9 68 1 42 12 26 72 48 7 64 6 19 84 10 41 97 49 54 90 34 11 74 31 74 53 29 31 94 69 38 75 31 22 97 6 25 15 3 12 31 87 64 40 43 21 59 59 65 25 36 80 3 32 72 86 96 0 90 62 49 88 49 10 31 95 71 6 27 10 56 0 62 47 
53 19 32 79 99 63 59 44 59 9 43 15 7 37 34 84 82 43 93 48 40 98 97 86 68 61 27 81 55 52 16 52 58 87 70 63 46 70 55 69 21 33 71 11 32 92 55 24 36 37 98 97 22 64 49 31 11 64 79 3 99 68 23 77 16 25 44 0 41 42 48 73 37 11 68 22 22 7 84 49 29 40 68 44 99 48 58 39 65 69 97 44 80 28 61 3 9 11 47 75 87 28 56 99 92 69 25 44 85 22 93 58 16 80 79 17 76 39 49 58 76 2 74 62 19 97 67 18 0 87 40 95 84 93 45 0 24 26 65 62 21 25 10 96 29 81 78 39 44 7 3 43 67 17 2 2 31 53 61 17 57 63 84 97 25 47 4 4 44 6 15 20 95 52 51 42 12 3 47 19 63 74 81 59 74 36 9 39 25 25 50 36 33 81 50 1 97 20 77 10 9 30 72 85 62 24 16 21 90 70 4 28 86 6 38 41 73 77 94 31 39 89 96 53 22 47 73 22 16 86 87 26 53 80 4 46 10 39 56 64 94 6 6 23 56 57 77 38 93 94 58 34 76 6 77 49 31 3 60 32 27 39 20 33 58 77 47 86 84 19 48 40 5 67 8 23 85 26 89 65 34 38 42 57 93 82 62 87 9 84 88 93 1 22 42 55 16 5 40 78 
27 26 16 97 77 6 8 1 42 28 51 15 10 57 52 68 47 43 3 60 54 30 37 22 6 55 6 87 94 81 29 17 75 10 76 18 49 77 68 21 90 29 95 24 79 3 64 58 23 27 8 11 5 9 55 66 38 14 20 66 8 19 56 56 61 1 91 96 30 66 25 6 21 44 5 95 12 88 96 44 1 24 68 18 83 89 61 23 86 50 44 3 82 33 6 7 8 81 51 98 14 91 15 69 91 33 49 13 58 60 30 29 19 37 96 69 51 6 80 85 69 5 57 83 57 69 99 37 40 9 58 65 35 2 46 77 17 76 18 97 8 99 88 78 79 86 25 26 49 92 69 33 32 63 60 98 44 41 86 70 6 65 41 12 76 49 61 27 6 33 89 44 34 49 92 78 12 38 40 22 97 47 90 7 18 90 42 47 39 92 65 92 49 72 76 28 26 46 74 2 99 80 90 57 52 22 2 74 43 47 80 68 96 67 75 70 27 7 5 71 14 97 26 40 73 76 63 9 59 8 67 43 27 10 73 13 23 58 16 2 23 12 4 77 85 85 26 74 91 46 41 81 18 2 70 13 14 0 85 90 55 47 29 17 86 97 38 95 86 2 1 85 0 49 55 76 88 59 13 1 3 87 0 2 46 46 97 65 65 16 83 84 40 43 80 13 32 62 8 96 
57 92 24 76 50 55 66 95 2 54 14 80 82 31 12 61 3 37 78 40 85 17 81 6 88 3 16 11 50 14 93 48 65 2 26 46 78 76 21 38 38 95 35 74 76 56 95 27 8 79 55 7 23 69 23 85 78 41 96 82 51 71 19 90 17 38 83 28 15 9 92 18 84 8 92 65 30 24 55 43 89 44 38 94 25 29 5 16 75 97 21 55 43 39 3 3 65 70 38 9 54 98 35 55 41 19 71 25 47 13 48 26 54 4 8 84 33 65 47 40 81 45 59 13 95 0 12 74 70 68 45 2 17 72 61 8 88 51 91 87 27 17 88 68 20 27 81 49 83 30 84 72 82 26 50 69 70 92 68 64 7 2 50 11 54 5 67 10 45 59 7 39 31 79 5 0 18 82 77 91 69 90 41 33 42 12 34 86 60 98 45 9 96 71 78 27 9 22 38 4 17 33 80 56 14 54 85 27 57 35 88 96 53 27 26 83 64 40 90 57 18 81 37 15 66 43 53 34 20 64 39 39 47 60 74 79 60 52 62 64 55 19 37 12 55 7 71 25 68 48 32 98 90 59 58 37 59 18 3 9 57 22 33 2 59 60 21 63 82 96 29 28 10 35 21 40 53 12 91 36 50 37 78 44 23 95 8 29 98 92 92 84 48 99 59 58 57 17 56 97 
19 22 61 82 66 45 8 43 93 69 56 99 19 44 49 92 50 69 9 24 44 97 87 15 15 17 12 43 86 83 53 85 71 18 24 95 41 79 66 39 11 57 88 71 26 99 1 29 5 41 31 25 75 61 93 12 44 11 77 36 73 6 54 26 70 20 0 7 69 99 99 1 41 6 64 83 3 72 29 0 15 55 4 45 46 80 82 50 82 69 22 22 87 70 36 44 41 80 90 69 94 99 50 63 9 91 44 8 58 26 30 36 69 71 6 71 89 46 34 87 38 23 35 92 43 24 82 84 67 66 54 1 2 74 64 49 70 4 12 26 80 25 5 66 81 34 1 64 49 87 25 43 79 57 59 47 65 78 78 50 96 26 64 73 95 16 89 38 77 53 67 88 33 64 88 69 33 62 11 24 81 28 74 27 5 3 88 58 93 45 11 37 73 29 52 50 84 81 77 3 4 94 66 23 59 73 52 54 29 0 75 26 18 59 67 39 72 9 36 10 8 6 4 62 65 85 65 15 58 60 48 4 62 67 49 98 80 47 8 17 36 69 16 50 38 70 58 70 37 39 40 55 5 67 54 68 73 60 40 18 16 75 93 28 48 92 12 22 63 10 2 77 18 71 47 89 99 15 76 65 47 5 52 56 88 74 89 88 87 64 97 19 74 18 42 15 28 42 3 78 
53 22 48 15 31 28 0 39 69 84 12 0 79 35 79 49 42 33 44 46 97 27 44 19 52 71 21 71 57 67 86 87 4 75 99 30 28 42 27 3 26 95 36 65 71 74 51 44 26 54 57 21 19 91 45 94 55 55 67 13 55 68 84 48 50 58 11 51 87 99 31 26 96 34 14 51 57 80 46 58 48 72 66 86 63 82 11 55 94 22 47 96 71 66 70 66 39 25 8 93 87 30 70 60 46 20 19 32 97 95 97 50 92 63 84 68 3 43 11 94 62 56 71 21 44 55 4 17 58 65 17 65 61 18 90 32 93 1 91 45 81 41 60 17 55 26 87 88 38 61 2 41 61 74 13 19 78 89 98 20 43 99 3 63 7 29 52 6 92 61 42 45 59 28 39 66 77 3 27 21 97 78 85 98 73 90 87 44 38 95 87 4 74 45 70 10 52 10 76 91 83 48 20 49 11 42 61 43 76 93 23 36 3 49 59 9 90 86 75 72 51 20 89 32 76 89 18 51 17 57 29 35 78 74 8 28 75 21 71 36 50 96 97 56 8 10 35 27 82 72 61 72 69 26 78 49 84 13 91 89 85 14 37 93 6 19 59 15 21 84 38 39 6 80 7 98 24 13 12 75 31 98 3 36 45 92 11 98 46 67 65 53 96 41 42 94 70 95 33 29 
12 35 43 53 32 78 82 66 60 62 79 22 32 39 59 79 53 42 0 72 55 34 19 26 58 50 41 73 87 46 22 47 41 90 61 88 25 52 54 55 51 74 40 40 90 38 91 42 0 20 13 67 45 25 38 49 72 65 82 75 15 48 22 73 59 49 83 92 96 99 58 90 62 47 55 8 20 5 29 88 51 50 65 82 35 22 6 90 97 95 68 52 96 10 0 30 46 28 20 25 98 84 0 10 83 30 3 83 50 47 42 38 4 72 97 66 50 36 83 36 90 94 21 59 14 70 94 2 46 59 37 82 61 33 86 88 4 56 50 92 53 72 33 72 46 74 65 66 28 11 25 35 1 68 51 64 28 38 6 99 28 54 86 35 67 71 61 79 5 3 14 72 47 52 12 57 29 96 81 43 84 23 95 24 12 39 19 73 46 16 81 15 27 9 3 29 68 95 5 68 28 0 0 99 63 91 89 53 34 90 9 96 15 48 94 67 27 76 5 99 52 78 30 74 0 37 48 52 98 60 1 94 79 60 32 56 70 61 9 45 0 93 33 30 91 94 23 79 16 32 81 29 42 58 71 53 69 96 96 95 35 89 7 23 58 74 90 67 90 30 92 73 96 23 56 60 99 33 19 5 77 42 31 25 25 26 86 55 52 31 44 27 70 8 41 40 91 85 37 33 
18 67 90 68 20 46 35 39 64 6 93 45 65 21 98 55 53 17 64 9 25 99 77 55 36 4 32 59 68 19 58 58 30 6 58 19 62 12 82 31 28 47 88 22 37 71 75 96 56 31 65 31 94 74 96 96 80 29 44 16 73 15 89 21 79 12 58 74 46 87 25 35 42 97 51 52 72 71 78 63 76 32 81 28 29 46 60 69 58 39 9 38 84 29 22 43 28 18 84 0 14 17 79 64 70 57 3 72 46 53 39 82 68 20 12 1 22 54 44 75 7 50 62 74 7 1 1 84 53 22 37 93 48 0 18 65 53 93 28 78 96 29 77 14 61 91 57 5 99 49 75 82 5 82 77 0 45 83 21 47 43 86 53 38 83 47 92 31 42 75 86 25 88 95 2 2 65 41 53 53 10 5 6 33 47 83 28 47 27 11 0 72 29 72 67 43 52 18 14 93 37 2 68 22 85 59 4 55 71 30 76 49 70 5 37 49 66 1 60 71 43 37 40 76 55 42 93 39 14 24 12 88 79 69 40 36 4 17 64 28 8 22 34 88 52 17 24 21 12 20 57 17 47 97 30 83 42 55 73 19 61 23 34 64 54 10 68 60 31 9 82 79 22 73 7 54 27 25 42 50 44 84 2 25 19 71 82 56 57 71 88 94 74 90 15 8 97 88 21 10 
77 60 42 44 0 12 46 92 91 93 53 75 34 42 17 86 2 28 87 68 44 14 90 37 31 49 76 45 81 95 39 57 82 76 83 64 78 93 36 66 4 37 3 9 63 68 92 21 32 78 99 62 91 8 35 76 6 5 93 10 96 95 65 65 47 46 66 23 33 6 2 67 87 53 29 44 58 8 24 38 73 54 16 91 3 41 78 62 35 12 94 80 41 12 45 91 99 75 68 40 56 41 65 76 87 21 83 39 91 36 41 68 54 1 95 82 55 1 48 39 13 75 91 2 61 6 93 43 98 81 86 16 79 52 92 32 49 2 8 62 47 62 79 3 94 45 44 68 40 44 42 8 96 78 20 1 11 1 30 92 61 70 75 18 19 57 46 64 43 6 98 94 85 93 73 24 77 32 90 93 25 86 25 25 4 58 32 72 59 21 44 63 3 89 70 27 63 78 30 24 71 26 63 51 13 0 96 35 48 53 83 68 58 15 36 73 18 97 4 20 49 87 59 40 64 41 62 26 83 30 13 55 25 3 8 89 16 57 28 31 9 83 21 50 95 48 82 25 45 97 28 25 6 21 70 30 81 40 28 8 91 65 7 93 95 95 49 74 20 67 45 33 99 12 61 2 41 99 70 40 57 36 16 70 97 8 75 29 85 53 68 9 12 31 88 28 67 76 62 81 
4 66 99 48 43 47 7 29 75 85 81 75 51 48 3 84 70 5 76 62 68 92 98 0 86 76 35 9 17 33 38 20 49 22 42 45 31 76 55 6 25 87 63 74 86 44 7 98 14 58 42 41 18 21 54 62 91 48 2 43 87 69 22 11 21 71 61 83 50 35 84 86 28 83 4 36 18 19 34 53 68 53 48 1 52 84 91 18 21 91 75 91 11 6 83 20 27 45 17 75 45 44 28 61 31 87 92 54 27 87 9 32 76 40 72 71 45 9 22 97 15 85 43 44 20 11 71 44 56 8 38 61 23 71 73 30 62 10 18 11 26 71 12 88 67 33 92 66 70 4 75 34 53 6 2 76 71 4 58 93 2 28 24 4 88 68 24 66 94 59 43 80 87 15 43 21 8 47 62 63 25 29 34 42 0 98 80 23 51 49 70 51 11 66 6 25 36 68 8 84 74 80 67 24 8 75 49 30 83 94 96 62 9 93 99 68 91 70 44 47 40 30 17 42 3 84 94 99 60 85 71 4 98 80 90 32 19 27 39 28 52 18 54 50 39 82 61 41 11 92 63 61 14 43 32 61 76 12 90 31 47 84 11 56 6 31 52 47 43 59 69 98 52 99 62 75 5 37 62 25 22 42 77 7 10 4 99 48 76 40 43 12 45 46 14 42 15 73 25 42 
64 7 51 33 34 77 83 43 82 47 28 91 30 22 62 49 95 74 90 16 91 98 65 23 63 97 18 70 88 78 52 73 95 28 49 64 91 96 12 11 78 46 44 56 86 38 98 43 93 31 61 49 51 8 40 8 8 51 47 93 30 50 82 59 43 56 47 0 62 64 22 70 30 88 9 3 55 93 97 0 61 68 55 42 6 96 55 94 76 66 47 67 96 89 99 73 13 8 48 52 99 53 17 25 33 8 45 97 76 54 46 56 14 30 38 96 76 49 99 37 32 20 16 91 46 68 23 14 63 21 9 9 62 3 4 79 47 53 94 5 1 91 34 72 65 7 24 50 95 90 69 83 27 4 4 38 56 49 41 3 91 41 42 67 92 51 29 86 56 93 50 4 63 71 85 32 84 73 85 21 77 73 22 1 49 22 81 19 47 69 83 87 81 2 7 25 76 35 74 30 77 75 91 42 1 58 27 11 73 18 11 64 45 17 97 50 6 34 40 23 82 25 43 3 79 51 55 96 74 89 88 16 85 27 53 78 71 84 23 74 95 80 45 76 36 42 93 16 75 8 88 9 37 47 54 79 31 83 24 95 95 15 27 40 17 65 90 9 1 45 11 76 39 14 14 29 29 64 49 3 23 68 91 46 33 33 51 98 40 12 0 47 26 47 47 53 40 81 40 74 
72 5 89 66 24 87 35 98 16 67 42 80 79 14 31 78 69 78 76 37 7 97 28 15 63 51 44 68 78 55 65 18 35 92 2 79 30 89 44 36 33 99 16 3 34 98 77 84 53 41 0 59 23 50 68 40 83 93 77 84 23 11 75 28 59 34 26 44 98 51 97 2 29 9 55 47 40 56 21 88 9 52 70 57 12 27 36 34 73 68 51 62 56 93 39 97 50 56 40 13 31 89 33 97 63 43 75 20 45 36 3 23 70 34 67 10 22 72 67 16 29 40 66 82 88 58 40 93 2 48 94 29 25 39 50 24 71 46 63 16 26 70 87 93 48 79 43 23 2 73 50 46 63 4 62 83 28 44 20 91 79 71 74 57 8 45 94 68 6 31 80 84 18 75 88 42 97 11 17 23 55 2 25 94 96 54 83 97 74 8 69 39 27 46 69 20 1 39 34 17 91 72 18 35 53 77 7 88 51 86 51 31 50 83 20 33 95 17 40 46 56 87 32 94 68 27 39 35 83 34 90 30 66 15 9 35 24 58 0 62 25 92 67 23 50 84 83 82 37 86 50 71 66 35 9 52 6 72 80 5 66 24 37 11 48 98 53 40 54 76 75 26 40 81 66 98 79 58 82 27 45 83 97 79 54 22 84 52 51 64 23 27 55 18 69 37 0 99 53 31 
23 77 60 24 66 41 80 81 21 7 68 0 51 97 5 91 34 62 60 71 97 90 70 52 49 45 32 60 58 21 51 80 44 20 2 38 49 56 81 87 25 81 18 38 35 20 30 94 81 93 63 61 44 68 59 93 77 43 59 3 43 36 21 82 88 44 71 53 81 79 5 89 66 46 56 89 22 72 68 94 0 30 3 81 38 81 99 14 25 6 38 99 50 16 44 22 55 43 85 4 65 56 31 14 80 52 30 68 11 74 82 87 86 69 45 31 41 45 34 10 15 4 9 88 19 28 35 11 10 20 52 24 81 36 4 51 0 93 39 36 82 76 9 67 99 58 5 52 88 8 43 94 22 95 63 13 2 10 16 50 39 31 66 60 89 36 8 44 17 19 69 92 96 32 17 7 28 61 54 24 28 50 48 5 55 82 81 30 64 61 41 63 97 80 74 94 94 66 95 92 51 57 94 13 52 56 50 13 19 54 14 70 51 83 99 8 49 17 96 68 12 50 35 65 61 19 75 86 74 8 52 23 54 51 3 78 66 34 15 13 19 33 63 19 0 19 21 23 0 35 58 27 67 7 94 60 41 84 22 69 96 37 73 19 3 92 12 76 63 13 94 91 97 6 62 6 20 70 74 61 65 90 71 82 59 97 50 81 4 91 55 83 25 97 84 17 1 94 17 71 
14 41 37 53 55 1 63 44 41 77 21 90 98 13 65 18 99 48 71 80 14 77 34 75 15 63 86 52 17 44 37 98 99 61 97 34 20 22 65 81 34 82 96 3 82 20 82 59 40 93 60 68 32 52 2 66 25 77 79 10 46 18 9 1 14 87 30 56 80 62 94 44 83 26 1 84 54 75 19 0 48 58 94 46 77 49 61 51 96 14 67 67 76 37 93 34 28 98 27 0 56 23 56 97 49 50 9 72 24 27 96 13 34 69 49 73 98 17 61 67 11 10 57 96 59 71 33 18 92 2 54 69 59 63 48 14 39 56 96 32 19 2 17 11 18 52 73 34 69 14 75 90 34 5 95 21 8 9 93 88 67 7 41 23 29 16 50 40 5 18 74 19 67 13 6 82 37 33 18 1 32 54 27 71 69 3 27 25 98 19 57 50 92 21 57 52 35 36 98 98 76 39 90 78 25 89 38 49 65 2 35 37 83 63 61 98 37 41 70 17 97 54 60 16 83 53 42 62 40 89 12 81 59 18 34 81 8 68 47 81 61 49 82 31 84 51 76 72 1 17 43 28 2 12 95 43 36 73 36 53 36 93 67 92 74 93 88 51 60 79 47 53 26 61 85 94 57 9 89 33 2 0 72 47 4 79 38 91 92 18 82 50 76 15 24 73 17 63 81 40 
54 27 74 46 38 26 41 31 53 9 4 24 26 59 47 53 91 85 85 63 2 93 66 69 75 35 31 8 33 60 73 58 57 71 54 83 88 64 49 33 85 74 45 2 39 88 65 51 12 76 19 68 62 0 70 45 9 17 20 87 5 16 95 2 65 46 62 29 13 27 47 85 24 78 56 59 49 20 26 1 74 51 10 89 81 41 47 42 14 41 78 7 34 27 81 63 3 74 93 52 92 31 37 94 6 72 32 29 74 20 98 86 17 53 12 51 78 82 20 82 91 35 47 74 27 57 1 18 86 26 64 63 49 28 97 93 27 28 27 23 84 47 21 14 6 44 70 85 49 57 55 6 31 75 85 0 8 66 64 74 62 54 43 83 56 98 5 38 12 63 39 55 55 96 2 22 0 35 44 64 39 29 42 17 59 89 37 73 41 14 78 57 8 90 18 67 26 57 9 40 12 11 93 18 73 29 55 30 23 82 18 0 99 29 86 73 90 85 39 83 71 98 90 19 90 86 32 52 86 18 95 4 44 21 65 39 72 69 26 86 91 29 23 12 29 55 55 54 0 87 75 69 53 4 50 38 75 74 47 9 40 59 17 57 46 93 18 59 31 76 99 92 49 64 52 28 38 2 21 69 65 36 16 69 87 93 12 11 52 2 77 87 37 93 33 84 92 8 66 53 
71 6 64 15 72 27 9 50 48 62 96 14 18 18 23 0 54 54 97 96 79 98 55 5 4 29 37 28 46 96 79 78 95 47 12 69 25 38 58 51 26 95 55 76 22 7 41 17 73 41 65 41 35 78 5 97 13 77 25 22 66 35 10 89 47 55 34 67 38 70 79 50 81 61 52 68 33 21 0 85 48 44 44 18 32 34 98 60 81 11 35 90 42 19 3 23 51 18 63 40 38 73 40 33 71 84 1 57 72 98 52 7 60 82 1 22 39 11 32 40 3 6 66 43 90 26 17 88 76 20 67 80 74 48 92 0 27 20 27 36 50 52 35 28 96 38 70 5 59 35 49 89 83 33 61 21 52 14 70 31 69 13 46 69 60 16 76 20 97 26 53 56 43 21 7 99 28 34 89 12 16 48 86 62 10 98 29 53 70 93 92 41 86 50 75 13 7 39 88 41 38 20 9 90 19 84 13 81 69 17 99 43 3 72 27 92 43 72 82 91 75 18 72 13 0 77 64 40 15 35 72 78 17 59 25 38 79 41 81 6 10 3 79 89 35 81 48 87 22 91 72 46 64 97 86 20 22 11 59 71 17 67 95 92 14 28 70 19 15 40 31 49 23 8 11 67 92 97 72 58 35 91 82 51 60 82 58 37 81 1 41 81 39 46 11 18 86 9 12 13 
45 41 31 90 88 12 77 48 47 58 48 25 79 4 69 98 15 45 35 17 79 58 98 75 4 70 90 61 4 56 95 26 87 24 72 51 98 27 99 97 35 83 41 17 93 98 94 34 42 6 19 20 98 61 17 45 25 82 93 4 48 84 95 47 84 49 63 61 92 97 99 33 52 8 1 2 34 5 15 31 79 33 28 41 65 88 24 70 48 42 32 36 11 72 23 31 8 92 0 91 87 2 37 1 91 49 68 23 97 90 32 55 32 10 35 24 85 82 13 59 76 26 71 53 28 38 32 52 92 13 35 83 73 83 79 37 70 42 68 29 26 83 15 23 65 37 31 15 9 86 85 75 78 58 61 22 83 25 42 6 31 52 68 21 92 14 24 0 72 67 79 44 73 77 66 81 69 63 98 35 97 74 4 39 49 10 43 23 69 13 73 54 14 66 54 66 28 4 39 39 2 56 98 30 7 5 63 65 96 18 34 47 90 53 78 31 77 74 5 42 88 78 21 40 59 25 71 14 75 26 33 93 34 21 9 62 71 21 80 99 30 15 57 85 2 95 46 18 14 86 95 0 95 32 13 3 12 86 45 72 39 50 46 63 99 94 52 50 85 23 98 66 48 51 5 93 0 72 85 60 41 66 41 0 11 15 14 36 13 18 25 53 72 50 26 68 57 51 51 15 
18 33 36 6 85 37 70 88 53 56 43 43 97 51 63 12 14 35 96 26 64 40 47 12 36 61 52 89 97 21 13 48 13 9 48 16 77 64 30 62 83 80 36 4 50 59 60 52 19 32 27 82 63 87 30 10 41 18 45 93 34 78 72 18 94 74 88 52 49 10 84 78 85 14 20 78 1 24 61 73 86 46 19 3 34 41 83 82 71 55 26 9 12 48 10 32 61 16 17 93 91 34 47 76 35 91 15 18 37 28 6 71 60 14 47 14 63 37 35 37 56 75 53 21 40 37 63 7 95 54 67 40 22 39 24 70 18 12 16 39 14 69 59 13 88 6 61 31 32 87 64 27 6 74 86 36 49 3 89 30 88 10 2 20 83 19 7 46 33 75 84 75 81 29 3 44 2 92 11 89 16 90 38 39 40 52 59 87 35 17 63 66 70 35 57 50 84 9 71 64 88 10 19 22 45 70 8 79 11 38 18 20 20 24 11 74 23 37 2 29 23 66 48 51 27 81 74 5 92 65 14 61 4 47 25 65 46 39 28 11 98 14 6 78 75 20 21 35 65 93 88 43 96 20 25 96 46 96 59 18 4 87 86 76 80 16 6 12 81 28 40 35 95 82 2 36 77 19 98 3 21 16 26 1 2 66 98 22 67 97 25 77 11 63 88 27 92 75 69 62 
13 80 8 60 79 12 36 33 78 83 52 29 56 98 21 94 49 68 23 84 71 30 88 93 65 94 12 71 97 22 27 72 62 89 44 62 69 63 42 91 31 85 84 74 16 0 24 74 6 46 39 83 49 76 31 7 46 26 66 70 26 12 96 21 12 62 83 64 97 35 89 26 79 49 77 73 20 12 49 54 4 64 44 94 6 16 44 10 63 28 46 64 59 5 60 82 8 23 82 90 40 20 85 79 94 52 41 67 4 59 18 98 4 38 84 98 24 24 17 55 55 12 67 64 16 57 7 83 57 45 49 10 85 82 69 46 13 12 30 72 13 98 17 29 89 96 60 14 65 45 11 85 18 43 30 23 66 56 60 43 28 46 76 65 32 77 91 14 63 34 25 43 2 83 7 96 11 18 28 40 33 24 58 97 13 31 59 33 56 26 81 70 47 99 79 6 93 33 97 96 68 7 26 45 7 36 83 70 78 1 27 77 10 0 89 51 27 74 62 29 75 19 32 33 8 88 26 87 89 74 8 59 81 97 81 13 41 76 79 80 31 19 19 35 94 80 78 58 44 79 99 51 90 55 82 56 95 18 68 72 55 56 44 64 81 58 29 28 95 22 61 46 33 65 50 34 56 38 95 90 41 5 17 49 17 18 67 86 22 35 14 66 3 35 97 26 44 89 96 74 
37 60 34 11 80 48 53 29 49 45 85 13 57 62 86 8 80 61 58 64 31 9 24 81 90 32 30 54 7 38 24 10 47 5 42 43 29 26 16 53 32 5 28 40 24 73 92 62 48 30 68 18 26 86 10 68 83 33 72 12 65 4 78 68 86 73 93 0 63 37 11 46 49 22 72 86 6 10 76 47 68 11 42 67 37 32 39 88 63 91 92 55 46 69 42 57 89 12 71 63 94 72 65 87 17 96 4 49 60 61 97 39 68 14 62 23 90 58 65 40 20 59 27 96 38 28 51 25 73 2 23 7 95 98 23 28 66 63 14 53 37 98 37 57 85 89 80 87 9 59 58 65 92 20 52 38 22 25 31 27 61 23 6 26 69 5 86 34 7 55 92 15 50 73 94 93 66 78 86 51 40 81 79 78 90 21 10 74 41 88 24 24 93 87 76 8 12 60 36 37 57 4 35 7 6 54 89 12 71 95 38 98 61 83 72 68 43 12 80 55 36 94 91 19 85 70 61 66 48 47 81 48 82 42 7 24 41 25 94 90 41 83 98 69 79 41 37 63 86 40 47 90 38 33 84 25 30 49 89 0 98 34 79 48 57 33 75 54 19 86 69 38 90 82 96 91 59 79 57 2 35 85 31 78 43 14 70 58 35 98 27 69 9 1 8 28 70 38 81 75 
33 53 25 45 81 35 69 21 95 37 37 25 83 58 20 76 39 93 7 41 48 26 45 89 90 16 33 21 22 51 63 88 2 91 96 6 19 48 52 38 14 71 5 22 1 37 42 64 79 43 69 74 66 38 49 70 44 55 6 95 88 34 66 20 42 10 0 26 22 28 55 76 97 85 69 46 5 65 24 45 74 18 17 66 96 72 48 41 3 51 63 65 56 45 38 85 62 76 74 45 17 47 88 28 26 0 93 0 91 50 0 48 64 20 35 93 54 2 53 57 95 46 28 48 95 42 94 23 1 63 78 14 49 74 64 12 72 18 97 22 96 69 4 24 54 3 55 79 73 95 14 96 41 69 80 39 16 84 24 67 91 1 56 57 64 43 67 36 7 24 48 60 39 92 9 18 71 1 1 82 56 86 17 30 24 61 81 39 7 58 50 37 93 65 71 7 65 59 85 63 60 19 71 67 81 24 22 61 7 97 44 41 91 45 15 16 88 48 49 87 37 54 65 12 30 78 76 36 21 22 5 50 22 85 10 39 28 73 57 78 83 91 81 30 43 39 0 42 6 4 84 68 84 91 65 61 18 50 75 23 22 65 89 8 81 88 61 43 34 8 92 17 13 62 24 97 19 32 68 79 13 83 48 1 7 25 18 43 70 0 24 89 63 18 99 10 86 75 7 92 
95 95 80 17 40 12 9 3 7 56 15 96 69 27 80 87 75 4 92 11 24 36 35 61 56 47 68 48 44 41 18 33 49 40 9 7 33 16 20 44 3 7 8 12 99 23 43 26 66 16 58 5 51 10 35 40 86 14 32 73 27 0 48 59 18 41 35 6 26 38 32 91 52 17 52 76 54 70 86 97 7 41 61 56 44 26 10 70 20 49 94 62 68 11 74 65 34 64 85 91 46 54 38 25 41 10 87 23 82 58 13 53 35 63 77 20 97 68 94 98 34 78 32 46 61 86 24 60 3 40 57 65 82 25 18 29 71 50 57 18 55 86 44 17 28 62 90 10 29 4 12 81 16 63 56 50 61 81 82 56 15 68 17 17 80 25 4 68 84 30 42 77 46 70 54 58 16 19 83 98 52 19 40 50 67 95 15 85 85 40 47 4 65 42 34 98 90 79 48 6 2 72 57 43 50 78 41 47 35 12 78 43 43 7 5 78 99 98 61 24 11 51 8 32 66 93 16 13 16 91 57 86 61 70 23 49 28 22 15 1 67 55 1 30 5 53 57 8 30 64 14 62 46 54 41 10 5 13 70 94 24 54 89 89 3 78 29 18 31 66 81 39 6 54 77 2 3 18 98 93 34 81 97 84 90 37 6 43 14 30 78 60 12 70 54 6 54 86 0 31 
43 91 59 58 24 87 38 60 63 16 49 92 18 69 39 2 8 4 83 18 5 68 54 24 36 25 53 33 82 80 99 95 40 23 88 94 71 96 52 24 75 73 18 74 42 52 73 79 55 40 8 53 67 51 83 53 82 89 69 8 97 82 25 3 95 39 98 90 9 87 54 77 87 67 68 79 7 46 61 76 20 79 32 48 35 72 21 8 96 80 76 41 25 42 45 10 39 0 99 63 10 35 53 24 41 24 13 22 60 72 75 40 45 6 64 8 86 49 60 73 22 65 60 84 69 14 32 26 68 80 28 72 92 75 57 92 47 51 19 60 26 12 89 76 76 22 64 77 42 39 27 18 26 91 70 66 42 45 94 16 71 37 37 82 85 13 14 2 36 72 75 20 39 15 45 79 81 74 44 6 41 95 88 46 42 60 34 83 71 19 75 42 63 41 66 65 96 52 72 61 37 26 21 7 17 66 56 6 26 57 71 88 63 3 9 75 61 83 4 78 56 84 23 16 60 18 6 0 78 60 51 74 41 35 17 64 84 75 38 65 69 21 31 58 30 81 95 86 40 56 16 63 82 20 21 45 67 3 7 75 26 5 6 28 64 70 10 12 10 92 43 91 65 93 30 57 80 11 54 82 90 59 25 64 39 39 58 94 51 16 63 19 16 87 98 8 54 83 34 7 
77 27 95 77 99 16 93 64 93 79 61 24 91 52 44 38 33 53 90 15 44 92 63 32 68 71 19 18 20 43 39 16 81 26 49 38 78 52 32 4 27 63 65 95 47 11 33 60 16 75 77 19 70 17 10 57 79 55 37 89 61 68 2 11 24 64 70 46 42 8 15 5 20 13 15 4 59 61 76 4 11 43 83 42 50 90 66 11 60 68 52 6 78 55 78 42 24 85 55 35 92 44 89 70 55 8 65 51 54 76 9 54 26 2 7 77 95 59 5 49 31 6 35 48 93 88 17 62 76 60 37 23 54 32 95 75 57 92 3 91 56 13 87 35 9 93 18 40 50 56 28 4 25 66 95 16 28 0 81 66 85 67 23 22 87 29 57 74 97 77 23 4 82 45 20 15 25 86 24 70 18 62 51 80 53 38 76 69 67 33 24 24 2 77 20 69 8 37 87 56 59 71 88 95 11 90 34 97 45 23 65 0 31 71 14 88 67 84 26 24 48 53 16 44 23 94 71 56 63 77 49 56 71 18 29 92 84 22 46 30 21 6 89 17 81 96 73 17 4 26 61 21 13 2 49 79 88 55 57 34 59 53 59 80 38 90 47 14 67 23 24 65 82 73 44 2 25 98 71 90 7 58 0 55 94 42 37 85 50 30 94 44 32 50 88 72 43 63 50 70 
94 31 55 35 71 91 81 55 46 83 6 43 0 67 37 50 17 47 75 61 72 20 38 17 79 66 93 57 51 42 77 28 88 93 80 3 4 63 21 39 20 12 28 18 84 9 62 51 40 11 14 11 27 93 8 42 59 87 18 95 32 29 10 43 70 76 28 50 45 23 24 35 88 58 74 97 70 4 72 94 10 5 91 17 69 82 2 30 92 75 59 21 72 29 59 63 87 30 45 56 7 34 50 54 49 12 31 0 50 71 34 38 76 53 98 64 64 85 78 22 59 80 31 12 3 47 77 61 47 50 63 80 5 96 62 92 67 77 13 92 92 64 50 68 77 59 78 15 52 0 5 42 3 97 40 83 63 13 52 1 23 16 72 51 8 5 98 75 31 75 46 77 45 67 58 24 13 43 61 36 55 21 51 41 60 37 4 95 74 65 8 34 45 56 10 76 55 25 24 81 28 9 47 66 32 94 3 73 81 77 97 3 71 14 87 63 98 30 36 75 0 66 5 5 75 14 39 0 70 16 17 46 34 31 52 43 90 62 61 67 71 77 23 33 11 38 91 74 78 83 96 0 79 15 38 13 1 50 37 10 85 7 53 67 93 9 81 2 33 19 48 24 5 11 27 82 64 52 73 95 88 24 0 78 37 10 44 19 6 41 69 31 77 88 44 28 42 58 77 41 
24 45 16 9 63 63 85 13 29 50 14 9 10 93 15 32 69 14 23 71 2 73 54 66 1 52 41 4 44 13 70 68 28 53 52 88 52 66 61 31 82 23 66 18 58 14 30 54 20 55 83 8 61 23 34 56 25 92 97 63 24 87 6 64 99 85 49 9 76 30 2 15 16 95 16 18 3 91 21 14 77 93 0 26 52 80 31 17 62 94 0 63 5 9 86 16 28 87 99 84 67 89 45 86 62 86 22 62 81 80 48 85 40 88 85 82 70 46 26 72 99 16 10 81 99 27 98 53 87 1 34 44 86 53 10 0 68 20 46 26 21 86 91 18 53 0 55 52 71 43 15 82 72 44 91 60 50 33 49 47 29 1 54 77 52 52 5 60 22 17 17 77 14 59 18 67 5 85 95 39 76 5 86 54 94 32 38 58 99 8 1 37 44 29 30 0 49 60 94 6 61 61 35 40 13 0 16 64 31 99 26 36 96 18 6 97 56 99 89 31 77 42 0 44 11 23 68 85 22 71 56 87 32 73 72 94 28 30 26 14 76 34 75 59 75 49 69 98 26 28 14 88 12 77 79 91 75 22 78 59 41 60 25 59 91 35 32 48 5 11 40 61 30 43 37 83 14 45 85 82 21 5 22 97 93 35 58 11 70 30 41 75 77 82 23 17 11 32 26 61 
48 61 6 56 27 12 39 36 12 40 19 17 96 77 57 81 71 94 45 8 67 51 36 8 55 79 23 98 3 77 99 90 83 43 55 28 15 27 86 11 61 13 19 42 55 92 34 25 58 4 31 97 19 17 21 95 33 38 52 14 27 52 35 10 8 68 9 8 16 6 82 52 49 60 56 6 14 98 3 32 27 71 98 98 57 32 14 91 62 63 56 16 88 3 86 23 42 2 38 37 36 67 99 94 25 61 56 28 66 7 18 35 48 50 40 4 89 28 76 81 23 6 37 28 69 8 8 54 2 52 3 98 87 24 48 66 32 8 25 41 82 31 36 85 84 73 14 19 67 37 35 1 55 3 12 51 94 13 24 53 63 14 80 12 95 95 11 19 43 77 60 44 79 15 85 95 24 60 23 50 92 91 91 82 62 39 89 25 36 61 63 60 65 28 5 43 30 59 2 94 88 96 13 18 15 65 60 33 90 11 93 82 3 19 76 45 40 44 28 29 46 28 25 39 8 54 25 26 75 28 10 23 33 38 84 79 64 58 95 58 29 6 34 70 56 51 97 65 50 3 73 20 16 86 78 8 89 96 81 37 23 14 23 97 66 57 28 50 78 3 92 87 50 45 47 79 84 80 27 47 11 13 55 57 55 10 58 50 95 78 97 98 45 29 0 28 2 94 22 99 
15 70 24 27 23 40 80 81 30 67 11 14 3 52 95 45 45 74 72 31 79 72 85 62 89 81 71 22 57 70 94 63 17 33 35 75 47 55 41 55 50 6 62 51 39 17 97 27 48 82 34 11 52 30 9 68 20 14 2 4 35 55 60 26 36 62 69 18 15 2 50 86 77 87 67 30 22 53 53 52 8 36 54 8 90 57 85 50 72 0 94 97 41 35 20 39 66 95 41 5 49 6 86 33 54 33 8 14 84 87 7 12 40 73 85 95 93 67 16 24 99 15 19 6 1 77 62 63 49 99 37 4 32 77 47 32 73 35 47 27 54 26 58 70 8 29 78 39 94 97 95 11 97 95 53 2 46 96 61 70 72 41 11 42 8 73 15 25 35 15 74 79 87 64 55 35 20 4 91 93 16 64 30 7 37 81 7 39 57 62 10 99 32 91 56 67 18 68 95 26 19 92 18 7 67 72 70 18 29 31 18 72 47 31 53 11 71 7 63 33 52 22 57 34 68 80 32 92 93 20 6 23 81 54 15 38 38 74 27 40 34 8 53 10 68 45 43 35 63 10 3 89 70 4 70 32 4 72 70 13 97 32 30 81 57 17 64 22 9 42 70 60 43 33 30 3 22 4 74 97 22 91 16 71 20 56 69 61 69 31 4 85 87 59 25 4 96 1 74 31 
79 96 95 47 77 68 17 36 13 19 32 19 99 85 25 62 97 6 25 88 73 53 72 57 81 3 8 35 53 22 86 34 13 72 17 45 35 11 20 17 73 49 26 33 90 23 60 43 29 98 99 94 38 66 47 65 26 19 15 26 1 96 78 19 34 22 41 1 93 21 13 45 31 8 20 44 7 3 15 45 4 92 39 66 64 31 41 4 63 71 2 71 87 36 30 65 62 14 23 40 40 57 78 9 74 19 62 32 35 92 92 29 7 96 9 97 94 6 97 58 94 11 76 67 35 56 32 8 77 96 71 57 43 13 25 92 55 90 19 16 42 81 25 43 81 35 29 55 16 52 1 72 18 71 99 57 85 1 34 46 56 69 48 92 78 80 75 63 49 45 48 56 66 36 54 26 67 79 70 15 98 58 71 10 28 31 53 19 18 84 30 60 34 79 4 91 37 82 15 18 96 89 21 89 33 84 57 42 31 21 26 57 85 46 64 63 42 23 39 9 29 79 46 61 43 55 73 36 85 7 3 8 32 76 2 23 42 17 44 13 3 30 75 7 0 74 72 12 10 59 45 24 90 32 78 47 44 78 44 91 69 11 65 77 54 11 3 6 2 59 1 48 7 92 14 26 11 60 91 96 76 68 42 0 50 49 64 42 24 42 25 53 46 46 34 26 17 46 92 61 
3 39 10 18 61 45 94 21 99 26 52 44 43 24 96 44 4 4 71 95 99 89 75 66 19 0 74 79 73 82 88 52 47 75 28 81 79 72 89 65 19 91 25 8 79 88 49 9 24 4 6 42 82 14 80 77 32 90 57 51 39 37 0 16 78 24 10 21 68 72 21 49 75 70 80 31 12 69 70 86 30 21 14 46 8 88 70 75 77 66 54 79 22 45 88 33 19 42 90 79 1 31 35 95 47 17 26 50 63 57 79 8 83 22 7 60 81 5 34 55 27 13 79 95 90 84 64 54 6 50 94 86 73 76 95 71 60 11 6 52 51 58 16 79 59 81 1 59 94 36 80 22 25 12 6 50 44 88 27 71 51 30 59 64 44 91 85 19 53 36 70 89 20 95 72 46 8 65 47 12 37 37 0 87 99 9 88 56 75 68 99 86 79 36 21 58 35 72 41 16 71 4 68 67 78 3 29 29 28 42 71 43 65 76 41 67 54 54 9 14 71 87 50 73 61 18 56 6 60 27 86 88 77 95 54 48 26 72 17 57 26 44 63 67 19 41 5 90 5 21 24 84 81 23 41 12 41 26 40 0 66 88 65 95 39 53 18 20 96 1 57 66 90 72 52 88 77 0 42 19 44 24 95 13 84 35 16 60 47 7 84 60 54 27 6 41 41 23 53 60 
42 42 84 95 17 20 1 71 74 5 93 94 44 74 12 10 16 99 7 44 84 8 9 24 94 72 25 37 44 47 54 72 54 27 28 29 18 21 16 4 74 21 49 64 19 43 44 2 13 71 65 70 32 43 99 95 13 32 58 31 87 66 59 79 79 8 63 59 46 4 32 62 2 62 92 17 68 75 23 46 68 27 63 79 49 23 78 27 99 25 29 84 86 57 34 65 90 13 90 14 99 95 24 82 13 61 84 81 28 10 89 22 72 55 26 25 77 60 38 69 5 60 77 28 38 90 52 72 93 58 93 34 23 55 69 55 20 99 47 58 49 20 13 61 10 59 95 32 63 62 74 56 10 26 31 34 14 71 89 29 86 72 8 30 6 45 15 98 1 2 51 59 94 9 76 59 60 28 5 0 36 5 19 16 86 89 75 51 66 38 57 59 97 97 27 22 46 56 45 51 26 16 20 66 72 81 23 1 97 28 39 99 66 65 9 3 38 71 9 98 91 61 71 40 13 62 93 36 57 75 49 77 62 35 0 3 65 40 71 91 22 12 32 80 8 79 16 27 93 39 20 72 96 75 52 8 50 76 72 73 94 96 13 33 70 33 22 72 71 54 7 96 1 49 9 29 19 21 48 84 11 8 17 4 33 47 53 92 20 65 78 76 26 38 34 94 5 37 37 74 
66 56 22 5 57 85 46 7 9 28 17 3 45 48 61 75 99 47 64 40 96 35 48 23 32 89 72 33 51 51 82 60 1 12 39 98 78 54 75 49 29 73 2 96 42 38 98 65 5 38 81 95 77 76 73 6 68 69 27 41 21 67 13 79 8 55 91 10 13 71 76 99 75 86 88 34 46 42 96 65 35 84 70 22 59 26 95 22 3 62 70 3 54 88 10 62 63 82 42 1 0 95 20 75 56 41 99 81 25 72 41 39 21 17 61 44 66 40 44 7 51 88 39 26 50 36 32 75 87 23 96 92 50 76 96 99 23 68 55 91 48 24 7 29 8 33 96 74 83 53 1 72 39 27 76 43 41 47 0 94 10 40 57 23 92 5 12 3 8 1 51 5 74 74 88 8 15 60 13 15 58 19 70 69 68 63 26 42 84 39 15 68 11 60 32 93 20 94 32 60 52 38 53 94 92 50 94 35 43 91 20 64 97 5 39 24 52 44 37 2 98 45 98 21 11 10 70 27 89 99 4 81 77 9 91 48 16 60 94 0 34 20 67 5 70 27 15 2 86 82 96 96 64 49 96 84 44 16 83 36 84 64 95 88 14 45 2 15 61 60 71 39 46 36 37 45 8 17 28 46 38 58 89 83 56 83 0 94 85 69 23 61 16 77 94 6 72 74 94 36 
64 27 35 25 11 68 13 21 4 91 92 34 61 82 42 48 80 64 29 30 95 93 78 93 25 78 10 37 41 56 74 7 27 79 72 42 7 34 20 20 44 77 76 54 78 64 48 66 0 50 16 77 37 76 71 89 11 55 68 25 20 51 24 83 45 22 99 45 24 92 18 91 78 24 32 71 97 46 39 38 74 23 17 63 91 74 32 57 71 12 51 50 86 51 58 77 42 42 12 99 66 28 66 73 82 90 3 53 67 6 46 88 60 77 40 55 49 7 55 96 96 2 26 34 94 80 61 20 71 77 63 39 43 64 34 27 26 20 15 43 83 47 43 27 6 90 81 57 12 95 9 31 38 23 80 44 80 62 21 9 79 41 23 46 13 51 52 41 13 7 82 26 85 44 68 95 54 85 51 22 59 55 30 77 78 96 54 82 88 86 66 91 6 72 50 35 79 41 29 90 68 93 37 57 58 35 98 21 78 5 88 38 51 37 57 39 23 86 72 61 75 6 87 43 88 49 54 35 22 81 37 74 81 68 0 5 28 91 13 25 13 8 78 0 86 26 35 80 77 76 18 64 76 75 17 61 26 72 32 46 1 57 56 54 70 38 79 41 74 80 29 14 20 97 94 45 50 71 9 21 73 93 88 87 71 46 93 0 44 53 36 39 16 16 66 10 14 25 97 78 
77 74 65 25 22 64 63 85 67 82 29 38 2 19 69 96 85 37 81 40 28 24 69 31 19 38 18 49 18 0 36 4 3 37 43 14 71 9 67 2 39 77 11 34 84 17 34 97 53 66 57 51 96 61 53 9 35 35 65 68 20 83 94 78 59 37 89 64 11 88 36 59 52 99 81 66 72 62 75 6 55 48 99 26 23 92 66 70 35 20 31 87 47 9 24 5 34 38 32 79 87 1 59 18 30 59 62 17 73 16 4 12 52 30 53 16 49 93 37 49 36 35 44 49 92 28 29 24 90 40 4 57 66 0 76 88 11 67 49 28 95 54 21 42 47 62 68 31 7 24 82 23 65 57 0 58 42 75 71 20 37 40 4 51 13 50 43 16 81 66 75 94 2 0 9 70 88 55 0 67 92 57 69 11 26 94 98 39 9 66 92 48 31 32 74 39 19 1 76 23 31 64 40 4 91 94 73 69 35 21 69 17 25 85 89 39 3 55 76 8 69 29 25 9 2 78 52 21 4 82 70 4 38 33 15 69 85 25 74 93 93 72 3 25 92 10 15 68 93 78 4 40 95 49 54 39 28 36 83 93 16 42 14 28 49 13 10 94 69 99 17 66 45 48 29 98 39 54 11 8 35 37 59 32 50 84 83 49 65 36 15 34 0 7 76 38 60 76 31 35 
53 33 73 88 20 61 49 61 6 55 25 71 45 66 20 72 95 47 4 59 79 32 0 52 27 59 52 19 47 26 63 79 15 67 89 97 21 51 29 69 27 31 25 44 56 71 37 6 16 98 92 99 48 18 21 44 61 20 50 95 27 31 54 31 55 50 68 8 32 90 42 63 0 16 31 56 6 87 92 37 99 82 13 98 96 49 71 66 98 36 1 97 63 59 24 90 35 16 35 43 17 18 63 42 85 28 18 43 50 82 10 91 88 53 81 35 89 44 42 29 95 30 90 30 31 47 65 45 17 83 66 95 49 40 70 67 32 66 47 80 49 87 47 53 21 57 69 88 41 61 98 70 0 42 89 9 84 25 0 43 21 13 93 67 47 58 77 82 91 78 98 15 81 72 99 30 32 13 64 49 43 51 39 48 91 95 54 19 85 58 26 85 25 88 96 67 71 10 69 62 37 28 39 41 65 32 62 55 85 92 44 47 96 66 33 80 10 63 29 87 11 79 11 35 75 39 46 49 66 94 34 67 7 28 58 22 98 31 3 51 34 52 71 86 47 90 51 41 92 29 78 50 48 50 55 8 7 9 64 67 15 48 28 19 68 6 58 97 59 33 95 31 1 60 94 77 88 39 38 96 66 33 48 16 30 33 97 80 87 28 94 21 18 66 47 28 12 74 68 43 
0 99 10 98 29 68 49 4 23 98 38 1 54 23 44 68 32 23 15 85 77 71 32 48 16 18 18 26 95 24 0 15 21 87 92 81 63 11 92 29 65 45 67 35 47 4 90 94 11 12 51 44 64 30 58 27 28 99 10 74 34 32 54 6 67 26 21 32 2 7 62 13 41 61 8 3 54 22 26 60 98 59 54 8 33 13 7 16 54 73 59 87 40 54 50 84 25 40 80 26 46 20 57 3 23 90 51 32 53 78 83 3 5 90 76 43 94 44 68 36 38 32 37 70 85 99 91 56 31 22 55 63 87 64 23 41 24 81 86 39 15 85 43 2 89 28 37 81 22 95 18 57 33 39 88 23 38 53 71 38 62 90 36 33 78 4 29 51 7 40 74 67 68 73 40 43 16 61 28 7 50 86 46 23 74 88 23 97 94 22 68 88 41 38 80 86 2 84 95 94 76 45 47 17 77 56 63 18 1 45 11 29 8 58 3 82 70 71 59 5 77 92 47 99 4 16 18 90 36 68 96 42 16 70 37 45 25 92 88 28 97 0 48 50 19 25 24 88 44 10 80 14 40 33 59 46 96 14 16 42 50 97 26 2 86 89 15 30 64 27 74 49 42 47 40 59 71 24 60 8 64 30 10 53 94 95 42 70 8 15 40 29 10 65 31 59 26 9 54 44 
39 51 71 60 83 68 58 71 9 8 52 44 74 51 73 37 83 12 54 26 76 71 63 28 48 82 44 4 57 34 99 85 21 42 45 17 76 16 40 59 76 39 28 77 99 98 96 7 76 67 40 4 81 65 93 39 14 34 53 38 38 68 27 2 10 55 85 86 26 72 64 18 8 67 0 22 6 89 45 27 4 24 96 72 13 47 74 21 62 99 98 96 77 46 57 74 34 62 63 1 12 86 75 69 70 91 68 75 43 9 54 20 59 31 6 71 47 32 22 55 72 27 70 95 26 6 72 35 86 19 7 38 62 71 57 56 89 22 83 2 99 11 92 31 29 83 74 81 92 32 52 80 82 60 51 87 50 48 63 73 81 30 64 86 45 8 94 14 17 22 54 76 45 77 3 63 31 26 55 57 10 27 85 61 94 17 71 67 24 38 23 41 68 47 0 68 44 76 42 99 7 70 5 80 29 25 94 77 40 20 26 64 40 30 81 17 39 98 83 36 1 73 44 75 86 6 1 50 19 50 92 65 65 58 80 68 8 2 83 56 29 75 20 2 30 83 96 93 74 55 58 37 43 21 62 38 39 23 40 73 75 76 42 13 34 94 15 4 53 88 48 45 97 16 14 81 41 95 30 93 86 88 22 19 97 10 9 18 55 66 76 83 95 29 86 78 43 38 57 57 
80 30 78 39 72 83 15 20 12 42 14 72 87 13 21 73 80 69 56 61 63 84 23 68 7 17 28 46 58 62 79 39 13 6 97 63 10 69 10 45 28 65 85 83 89 94 53 96 94 60 12 32 14 39 11 91 83 12 6 29 34 22 42 65 61 95 96 65 64 8 6 53 47 70 16 65 61 11 0 60 82 9 21 58 24 12 94 21 76 22 27 28 88 22 19 96 71 5 5 48 77 57 36 51 79 63 80 83 2 60 34 76 64 42 31 89 70 0 42 34 45 83 34 39 66 50 77 63 4 12 22 73 25 21 44 51 8 46 60 24 73 85 13 32 77 53 26 65 23 77 48 81 67 35 8 9 10 75 67 7 67 24 84 91 9 83 34 43 28 25 3 69 60 83 15 54 95 28 25 15 15 41 87 18 93 10 1 14 56 47 24 76 76 14 95 15 60 10 93 21 17 35 60 54 13 92 70 7 45 93 86 63 7 99 61 79 51 80 97 52 98 35 73 21 59 20 63 8 34 56 95 17 58 76 52 70 12 74 60 70 24 35 67 52 22 43 84 1 17 78 87 45 30 56 90 38 25 47 67 63 20 84 2 12 16 15 7 37 95 67 22 20 82 42 33 87 76 44 29 30 12 2 65 73 40 73 39 65 57 0 88 28 32 10 59 86 66 18 17 29 
28 29 47 84 6 34 15 59 50 28 52 22 99 85 25 5 74 33 36 75 19 45 10 6 45 29 1 30 60 16 45 43 43 31 77 56 69 95 19 53 14 66 97 37 54 92 0 36 42 34 16 87 52 20 89 62 64 91 50 8 66 73 29 6 26 60 74 40 14 77 79 45 39 10 27 42 98 18 94 84 83 87 36 90 43 23 13 47 87 87 77 94 57 85 3 59 99 54 87 50 1 28 8 30 86 64 59 13 62 58 78 90 94 19 72 51 88 88 78 74 41 97 9 97 24 81 76 45 41 64 20 99 66 32 50 32 81 80 30 99 90 42 94 20 70 8 52 8 96 46 11 74 83 14 59 40 64 19 24 54 93 58 61 50 58 37 21 64 75 58 61 24 39 61 20 66 67 45 24 5 22 60 81 8 27 44 59 49 56 28 27 6 58 52 17 68 36 56 37 98 16 83 63 51 40 74 5 39 34 6 23 63 30 28 92 91 19 80 96 56 88 64 0 79 32 78 86 60 4 99 53 93 13 17 63 53 37 75 33 44 49 79 6 78 97 45 16 96 99 94 8 6 92 20 64 2 43 52 78 8 11 47 62 34 69 77 12 73 54 19 92 45 55 5 46 49 77 71 61 87 33 43 21 79 49 50 43 69 44 2 98 64 84 9 24 64 17 92 11 32 
92 94 73 25 49 70 36 85 5 98 74 51 19 29 80 98 82 44 93 60 50 76 66 93 95 27 3 16 15 40 48 22 62 56 69 28 97 79 27 1 22 54 5 33 13 74 49 28 91 57 46 79 38 35 89 31 61 11 67 14 53 51 31 10 57 25 12 56 54 16 50 22 54 27 4 0 33 12 48 4 89 40 98 89 46 21 61 53 77 0 51 69 78 0 24 4 43 22 34 30 40 86 60 44 0 9 27 81 61 97 80 7 34 15 52 42 40 95 96 44 15 33 97 90 3 46 70 53 35 97 7 1 36 3 30 38 4 89 0 24 37 60 71 52 97 29 13 15 84 66 27 95 28 16 47 68 99 99 75 13 22 67 3 38 49 1 20 80 91 53 50 4 31 85 95 0 55 70 57 44 96 56 74 71 43 52 82 92 34 14 89 11 10 49 65 8 83 94 10 60 96 90 8 85 41 67 53 19 2 49 92 52 62 39 77 11 68 13 49 37 37 63 89 20 78 57 38 61 71 16 68 67 99 85 75 88 26 24 61 48 41 84 1 56 62 70 27 96 23 31 70 72 63 70 98 83 86 41 74 41 4 10 77 72 57 88 91 29 7 51 54 36 21 54 70 59 2 52 74 14 37 42 99 20 64 71 34 85 71 79 89 53 70 71 78 44 73 17 60 7 
67 24 58 2 1 40 49 94 84 39 80 56 85 46 30 30 52 18 27 18 16 17 7 85 17 45 63 34 95 23 93 19 82 39 15 11 85 84 31 12 3 34 66 27 88 75 56 74 72 47 98 81 13 97 19 88 26 91 44 64 48 17 72 80 24 73 86 98 57 99 8 94 20 53 35 34 77 94 76 15 55 42 19 15 66 33 54 35 33 53 53 30 35 17 79 67 26 16 91 8 10 93 43 8 86 64 49 94 28 97 61 42 70 3 50 99 96 32 44 89 4 19 41 1 72 34 35 12 51 9 62 24 15 75 38 45 81 15 82 98 93 81 78 62 3 78 3 22 95 34 89 7 69 97 81 21 20 80 28 70 19 76 90 71 92 19 95 22 49 38 36 75 41 43 5 80 80 0 9 79 33 15 93 65 51 11 30 9 81 99 17 89 51 90 16 49 34 30 19 46 59 45 61 33 15 73 84 87 13 11 89 39 32 79 99 98 34 97 65 90 74 67 0 6 90 69 68 97 48 17 86 82 78 1 25 47 35 1 63 32 44 45 47 45 51 98 17 34 31 76 85 95 24 60 7 17 76 19 30 28 18 47 76 17 99 48 90 5 70 13 60 91 15 76 7 82 67 8 25 90 49 50 41 65 73 86 75 73 82 58 70 29 9 91 68 64 76 47 62 1 
31 71 94 91 90 34 49 74 94 81 44 74 25 72 0 48 36 17 8 51 67 88 40 29 60 19 52 26 59 43 43 0 6 30 56 56 27 26 68 84 66 49 57 49 21 7 23 95 9 26 50 83 91 24 15 95 91 98 46 64 60 58 79 81 31 10 39 63 20 43 17 21 91 49 90 72 63 73 18 70 1 51 76 28 75 2 24 72 31 28 75 94 17 34 75 21 19 98 7 16 16 59 32 28 51 11 33 55 71 68 81 43 27 61 36 98 98 65 79 8 90 8 35 91 64 93 54 79 94 16 92 74 28 65 5 26 16 69 52 69 59 71 96 87 51 61 48 34 36 15 16 62 23 36 89 88 64 9 58 17 22 15 61 22 31 97 12 10 58 53 45 6 37 13 66 21 82 49 97 64 61 63 87 63 91 75 39 40 42 1 17 71 53 79 23 68 89 11 17 49 99 25 12 87 44 40 12 2 71 95 42 75 6 69 31 18 40 58 55 28 13 4 80 23 78 93 19 75 2 7 35 83 5 15 63 52 45 79 78 29 50 29 77 44 62 13 77 4 57 7 10 56 93 40 83 86 65 35 95 99 27 73 71 63 52 85 36 0 99 6 92 72 28 85 32 6 54 19 69 76 74 87 48 83 55 76 14 22 99 22 31 90 15 41 13 77 94 26 45 88 
30 81 2 79 92 26 41 18 29 32 7 27 36 90 48 29 70 60 80 31 3 34 13 81 15 96 5 59 33 98 36 31 54 76 43 35 6 48 38 64 99 38 11 57 98 41 96 71 66 24 47 53 50 84 63 34 2 68 74 42 12 92 62 98 16 83 72 68 15 79 31 15 4 14 52 9 61 62 42 41 39 52 25 67 86 14 71 1 12 6 38 9 88 66 10 53 23 74 62 13 6 15 30 35 13 49 24 31 35 78 43 62 74 72 51 29 41 69 99 58 45 39 63 78 96 75 6 47 76 37 6 11 11 80 46 13 53 77 69 12 46 46 91 15 54 65 45 68 19 94 76 4 26 13 6 41 12 7 8 88 38 76 87 77 10 66 62 93 16 56 88 84 26 17 82 7 55 57 14 88 70 28 37 95 10 22 7 99 28 83 81 13 65 44 72 36 24 33 63 10 87 84 64 82 89 78 15 31 82 93 88 96 56 10 20 80 13 44 29 60 13 21 93 78 77 7 80 52 52 69 5 25 45 15 3 87 61 83 24 43 2 66 77 13 84 82 63 63 47 37 18 39 14 74 12 98 55 82 52 60 10 30 79 86 66 16 95 15 41 15 15 50 76 82 50 94 71 83 11 39 49 76 44 56 88 58 45 46 74 6 16 40 51 5 47 68 19 34 85 93 
78 58 97 88 58 67 27 72 12 81 76 61 23 17 24 45 5 58 70 50 2 58 84 78 46 80 7 67 2 3 37 85 31 28 78 15 2 27 12 18 15 80 74 72 59 67 70 39 79 20 65 28 40 33 56 99 8 73 92 8 10 34 67 36 36 72 41 44 83 16 0 49 33 16 24 5 51 48 38 53 38 26 79 63 79 81 83 38 91 70 74 35 60 59 79 58 41 5 72 86 78 41 5 49 28 89 84 87 50 31 43 33 16 90 32 53 7 29 6 0 69 21 61 51 70 22 96 74 7 4 21 98 54 18 89 13 11 99 44 31 1 0 19 75 31 22 11 23 40 88 17 36 53 8 29 85 83 51 96 77 37 50 81 39 75 50 41 78 99 78 33 77 78 92 84 44 43 68 10 56 55 52 28 32 72 81 57 20 4 86 73 6 16 51 44 19 98 91 96 83 58 90 83 88 20 57 79 80 54 38 23 93 59 28 71 52 93 19 30 97 99 24 43 38 34 19 41 38 42 4 16 13 31 68 61 17 20 60 96 30 50 75 15 29 17 76 97 33 32 2 68 16 30 67 44 89 2 27 6 58 23 73 43 91 70 70 41 75 40 85 46 15 26 51 54 53 24 68 11 51 50 41 27 0 21 76 31 18 65 17 73 92 81 62 79 14 44 93 29 99 
67 97 62 98 87 74 44 44 4 61 6 25 18 82 99 29 55 20 11 57 21 94 15 82 89 52 38 90 28 98 70 44 13 6 65 80 16 84 60 3 41 57 91 80 52 0 47 41 12 21 13 80 41 31 76 28 10 5 24 26 78 75 76 63 91 78 25 73 77 85 11 58 48 45 97 15 12 72 36 29 96 17 53 64 13 99 0 82 40 98 99 46 95 18 34 96 4 87 99 92 10 81 14 24 0 61 43 3 39 36 2 80 47 58 99 68 97 1 2 91 32 59 69 7 22 50 62 70 84 63 98 61 0 8 83 78 97 90 64 24 48 33 17 3 26 14 38 82 2 39 4 23 69 65 0 45 15 58 18 77 28 80 56 81 10 35 6 15 4 30 85 33 4 3 89 65 25 68 80 10 48 48 56 39 63 38 74 68 11 68 27 95 23 96 55 56 16 60 5 92 80 67 82 90 45 50 30 24 30 51 15 61 29 60 87 59 87 56 28 22 20 31 21 57 85 86 0 97 3 52 74 56 45 63 19 1 89 79 87 92 55 13 60 18 23 75 20 86 40 6 85 66 69 67 32 62 62 38 15 29 70 76 10 8 12 36 44 71 68 88 45 78 11 17 14 39 49 25 25 57 18 59 23 94 55 96 27 88 59 24 76 8 57 62 77 12 60 45 28 87 
20 83 24 42 35 75 99 21 40 6 32 91 46 5 36 78 64 34 16 79 11 32 46 5 21 40 11 51 57 37 92 2 67 62 16 3 26 83 54 70 71 82 15 37 75 11 73 64 51 65 37 32 15 30 42 60 93 4 52 66 72 6 12 87 73 59 80 74 76 53 38 30 30 45 44 98 17 65 70 33 21 37 71 39 94 70 69 58 49 84 75 56 64 63 52 76 12 5 14 54 41 41 64 57 49 91 63 35 49 66 83 79 20 98 98 11 68 20 81 55 46 39 89 14 53 32 92 49 38 64 84 36 38 60 32 42 73 80 22 0 37 64 19 70 42 97 5 16 85 96 86 14 15 61 46 83 59 21 67 27 50 63 27 36 46 96 61 53 25 69 68 36 16 94 8 46 91 76 46 88 86 31 50 40 0 41 62 4 27 54 66 38 93 68 83 25 2 26 57 99 37 16 20 44 75 1 96 86 49 81 11 4 42 71 19 44 94 37 93 4 60 3 98 81 18 70 59 67 76 71 10 28 54 11 35 11 36 83 20 78 78 90 29 47 85 82 62 15 27 4 27 36 31 56 20 33 61 65 69 52 62 1 1 31 35 8 73 86 82 85 32 19 82 77 64 79 40 6 35 8 14 98 27 76 30 18 51 41 98 41 63 21 52 70 94 69 44 29 62 8 
53 35 7 13 43 52 15 56 30 73 14 28 44 4 22 23 88 71 22 98 86 26 58 81 64 80 41 81 98 60 65 74 58 46 39 67 91 21 20 95 3 25 91 47 87 76 48 38 50 20 88 32 24 9 78 86 44 17 45 12 52 87 55 67 28 40 42 66 34 91 53 32 4 56 13 80 22 99 5 32 2 82 54 14 93 44 79 56 35 79 32 13 10 29 1 32 91 95 81 69 86 65 23 30 72 73 86 16 41 89 68 46 51 87 16 88 79 20 56 64 74 84 44 45 85 66 45 5 36 33 12 73 45 17 10 42 39 99 92 86 13 31 47 43 65 21 86 44 88 58 43 41 56 95 82 72 67 18 31 41 14 96 7 85 18 46 30 43 70 76 40 59 85 71 88 8 45 11 64 35 0 8 38 77 9 60 26 37 63 29 41 57 69 2 57 86 90 24 3 2 19 23 57 78 85 59 72 53 81 4 1 68 1 24 46 17 22 43 47 84 86 15 57 92 78 93 44 28 60 51 84 75 41 12 25 96 82 73 87 13 64 98 70 44 33 20 6 63 5 20 3 7 30 88 68 43 40 52 98 38 0 91 98 13 77 95 74 73 59 27 20 12 39 0 99 50 40 82 0 43 9 19 36 32 98 60 99 98 19 15 40 21 98 81 41 84 73 40 25 40 
8 64 97 68 88 6 32 4 48 57 70 77 99 84 43 27 74 7 39 32 40 34 73 48 19 47 45 89 96 0 86 70 70 59 80 18 46 24 1 70 27 92 2 35 13 39 40 5 51 5 23 49 21 9 91 40 38 22 77 80 42 5 13 10 92 90 66 61 82 78 89 53 60 33 14 88 78 25 95 49 36 99 81 42 45 88 4 84 11 66 11 68 40 4 54 16 70 32 23 51 23 8 37 61 8 91 30 22 14 32 31 84 78 59 51 27 53 35 46 13 35 44 85 54 41 97 72 50 76 57 90 0 93 70 70 13 6 46 76 86 10 33 89 10 71 27 3 43 83 98 31 31 89 46 12 97 94 97 56 46 95 37 9 77 76 36 61 34 6 38 46 15 41 81 33 98 25 73 82 23 66 73 99 49 93 34 72 14 41 30 74 48 22 12 54 42 85 58 13 23 0 11 10 73 83 14 43 97 56 71 99 86 62 4 40 87 16 31 49 45 88 10 54 41 66 18 74 78 27 73 41 21 97 73 66 78 37 50 55 58 26 55 4 81 28 52 32 6 1 60 62 21 34 96 72 49 42 91 85 26 38 99 16 40 12 28 87 40 34 56 89 46 77 95 47 76 11 59 5 74 72 79 36 95 40 63 59 35 50 0 43 17 15 37 59 35 74 53 48 23 
66 51 20 60 28 58 17 30 91 51 9 30 62 43 31 14 29 37 32 40 62 11 68 40 17 36 50 66 89 14 95 20 18 33 41 77 76 44 6 27 5 34 81 91 86 72 43 79 17 25 31 43 67 25 87 42 96 95 85 38 11 16 6 47 73 17 0 81 64 21 74 13 56 98 8 13 32 18 4 85 17 15 12 97 60 7 97 60 69 93 12 27 36 64 70 39 71 67 33 95 76 17 21 13 4 82 4 23 36 69 18 81 68 47 19 29 53 19 98 54 43 28 2 80 2 56 71 60 84 95 56 16 80 64 10 22 74 5 95 61 47 5 56 10 38 73 48 76 31 27 90 75 90 11 76 58 31 94 1 32 45 97 12 51 17 58 50 18 85 73 98 72 88 46 27 69 23 97 14 46 93 57 81 31 11 69 10 25 55 45 20 28 13 17 58 77 10 27 45 5 81 69 81 72 64 40 11 82 16 3 22 54 51 7 10 24 97 80 0 84 80 4 91 87 13 79 10 49 24 31 39 76 7 29 68 88 21 67 56 60 68 27 28 56 58 0 90 39 4 3 62 83 60 5 15 63 23 95 0 60 1 30 12 18 61 1 99 53 53 75 46 8 60 17 8 85 48 64 37 63 84 10 95 75 62 75 28 40 26 54 80 10 68 17 47 41 45 53 69 7 
64 77 36 53 34 6 89 77 0 23 35 62 14 61 24 88 63 78 70 59 91 62 53 42 54 46 98 10 83 97 59 97 69 15 83 80 60 8 57 12 67 32 72 32 1 93 22 21 82 74 49 16 56 8 49 36 73 11 87 16 30 65 5 11 96 35 83 64 38 52 10 8 87 49 3 94 46 28 14 19 87 55 12 98 80 65 10 17 48 30 39 4 98 69 27 46 49 11 0 74 58 19 5 92 3 62 26 56 43 35 19 61 54 81 8 50 55 83 69 81 79 93 49 17 67 70 33 38 81 53 66 30 78 67 18 98 72 25 35 53 86 34 68 72 40 8 89 7 34 0 9 99 46 86 51 13 74 46 82 62 82 99 20 47 46 42 40 66 64 55 99 73 59 94 16 16 80 28 11 30 96 67 72 16 10 27 79 48 86 54 23 3 63 91 0 97 72 3 57 46 25 72 85 34 76 65 68 64 51 61 98 34 49 83 44 16 3 3 70 63 63 39 88 20 73 0 52 9 30 57 99 91 47 60 71 74 79 13 20 92 75 64 9 60 29 66 38 26 39 94 36 94 62 55 65 10 42 62 53 35 19 94 55 68 65 36 95 21 72 52 16 21 90 23 14 8 69 79 18 78 44 84 85 32 66 12 26 12 9 81 86 19 68 21 33 42 95 46 7 64 
85 48 92 11 76 56 43 97 60 70 68 81 89 89 65 26 87 29 30 7 95 93 5 27 68 26 25 28 61 8 20 78 44 80 31 93 55 81 69 39 91 67 92 15 55 53 27 47 34 9 91 15 95 30 32 18 35 13 46 76 68 64 89 0 73 75 6 44 97 84 64 8 9 50 45 35 68 24 92 28 74 74 7 31 53 28 92 38 17 34 94 78 31 96 33 54 50 47 77 44 18 11 7 93 26 79 5 70 99 46 16 52 3 27 63 56 85 83 81 63 55 25 91 67 78 15 47 55 89 87 24 16 8 12 44 17 46 30 66 91 65 31 95 68 13 16 66 65 60 95 31 55 84 70 74 83 45 28 25 12 61 3 43 20 5 2 25 50 2 95 12 7 92 19 89 76 57 77 74 43 85 93 10 31 37 2 71 5 85 13 97 20 67 55 53 61 24 93 3 60 57 83 81 70 87 23 33 67 82 90 65 45 48 39 21 73 68 35 25 58 57 45 32 68 66 15 60 51 58 29 2 36 0 48 92 3 98 45 97 26 65 87 37 4 82 94 73 81 36 2 38 33 2 96 1 68 18 39 86 73 46 22 13 26 81 95 88 74 90 95 51 92 9 16 8 55 30 87 78 47 86 48 60 35 3 6 46 87 71 31 12 52 36 48 34 65 46 49 98 21 
34 43 39 98 78 5 14 80 80 76 48 54 96 3 64 40 88 47 9 85 74 80 33 87 24 15 95 18 3 44 70 57 14 95 75 31 0 67 49 96 1 51 3 42 69 45 6 99 65 87 39 16 98 20 35 19 15 99 65 68 86 98 72 37 95 53 6 36 64 92 87 65 36 39 94 8 5 32 33 0 87 98 52 49 15 36 20 28 60 4 84 92 93 82 91 54 84 19 83 84 85 26 62 87 41 60 79 8 32 42 75 12 49 81 68 87 86 97 13 33 88 38 60 89 15 43 37 47 33 96 95 1 7 27 20 69 53 1 84 53 7 98 50 39 28 70 10 47 6 49 90 30 70 6 36 84 73 15 36 22 38 48 2 4 39 1 66 60 47 88 38 12 46 76 95 60 74 62 72 48 91 94 47 24 94 42 29 25 14 13 69 63 44 43 28 35 44 70 23 52 51 36 8 12 59 96 34 96 53 94 16 88 94 11 68 87 88 51 56 83 46 1 36 27 3 77 41 94 54 76 1 4 97 65 32 38 88 97 11 75 9 24 7 63 86 95 88 38 61 66 71 55 42 91 56 14 77 82 40 68 26 38 62 20 2 27 12 29 68 33 21 63 92 54 49 58 75 60 96 2 64 22 30 60 64 11 71 59 80 54 94 38 43 23 23 81 89 70 25 18 
28 76 49 71 4 10 13 49 26 33 36 43 29 50 95 75 11 5 7 43 31 53 47 76 85 21 84 71 63 10 51 29 58 8 32 13 89 86 9 99 65 58 68 64 32 16 28 35 0 1 9 86 30 39 7 41 28 63 69 13 3 96 70 5 13 30 24 82 65 77 79 69 83 59 76 81 26 51 98 97 17 39 45 14 54 8 54 85 9 1 86 44 69 6 2 19 6 58 1 5 2 7 8 2 61 76 27 11 11 50 73 12 73 43 66 62 26 17 71 85 23 99 62 68 33 53 66 30 11 92 61 23 43 68 12 71 45 69 43 18 93 43 93 85 72 22 78 4 79 88 11 41 99 73 46 67 44 50 87 59 67 81 50 79 13 84 47 72 42 42 98 33 98 89 34 48 19 62 39 89 23 47 30 76 88 19 6 96 61 71 61 45 70 51 5 26 75 43 68 88 21 83 21 1 89 16 75 52 73 69 62 8 84 80 88 71 38 50 30 49 56 62 84 89 49 52 15 91 45 33 4 63 8 28 91 69 79 48 66 78 58 29 79 90 61 77 45 97 29 60 58 31 14 61 24 83 91 74 85 75 11 42 19 66 29 66 10 94 22 78 25 93 95 12 6 38 3 56 37 83 30 26 49 17 62 78 84 70 44 31 14 18 78 90 45 53 4 27 64 40 
20 60 73 90 63 0 82 97 33 71 27 85 8 41 20 92 40 84 38 58 21 46 80 35 57 61 22 71 11 32 94 10 85 51 69 20 2 95 33 54 19 37 92 42 91 47 35 47 32 51 28 77 61 94 53 83 72 72 86 29 28 14 60 84 40 71 75 24 85 48 1 34 10 74 36 90 36 34 50 47 35 82 67 8 28 1 51 89 28 73 16 19 23 20 10 79 53 9 21 98 7 87 83 37 29 62 39 55 58 8 69 63 56 15 7 66 54 70 83 26 72 45 89 64 94 45 8 91 4 83 76 65 28 28 31 70 48 17 48 50 37 59 51 12 80 53 31 81 28 25 40 69 65 5 57 40 35 7 73 83 18 11 44 38 68 99 80 13 47 19 81 18 14 90 46 46 70 60 96 13 1 2 40 71 73 95 4 48 33 97 46 32 98 75 65 52 12 80 56 24 55 12 24 85 56 21 48 24 2 73 95 11 54 53 45 24 82 65 86 48 37 94 51 86 56 61 50 36 35 63 33 96 7 44 2 39 27 19 46 51 28 54 54 79 26 14 44 27 83 22 94 55 26 60 36 32 52 48 45 73 42 92 40 68 88 91 75 61 51 70 43 34 49 36 41 48 53 37 9 20 85 45 57 42 36 34 97 66 91 83 68 72 68 59 97 14 56 62 39 83 
17 9 65 90 4 15 90 70 67 86 0 17 67 76 39 40 36 8 53 25 89 48 4 64 5 72 36 86 85 99 61 64 68 48 58 74 50 20 71 91 61 78 29 39 25 90 44 70 52 90 10 21 68 54 77 74 77 20 12 9 27 75 42 56 17 87 20 87 17 13 94 13 86 43 59 49 32 59 8 12 11 68 58 37 70 77 79 82 69 41 70 83 73 99 90 65 99 7 1 32 51 88 1 92 58 63 79 49 38 23 70 65 26 47 74 66 10 61 73 91 60 25 39 79 98 41 81 88 46 2 5 55 8 35 8 81 54 96 25 47 74 54 44 57 47 13 57 39 49 14 24 62 22 6 96 78 89 39 27 48 86 17 90 73 50 16 97 83 45 24 57 96 77 88 8 5 13 35 25 97 93 12 0 82 60 6 48 67 39 96 75 23 40 12 34 16 27 17 91 99 63 5 51 52 69 29 47 17 60 34 12 20 93 60 9 60 69 23 46 75 90 47 79 49 23 32 67 84 58 64 77 17 5 49 6 14 45 78 81 24 85 40 79 95 10 64 91 63 41 75 65 37 62 94 25 19 47 99 71 84 48 12 84 80 90 79 39 54 13 1 65 83 47 39 66 50 18 61 57 80 28 97 66 94 17 4 6 53 53 23 51 65 40 13 40 25 2 70 23 86 
94 99 60 37 98 61 5 22 36 24 89 95 47 1 29 66 33 9 50 90 40 59 62 83 58 55 13 11 22 12 11 96 51 37 63 59 87 88 44 87 24 51 37 43 6 51 22 40 93 41 20 31 36 10 82 1 7 22 2 23 88 76 82 44 60 45 4 41 57 15 86 60 95 48 90 57 7 27 33 49 66 28 86 95 66 66 5 55 29 66 17 69 3 82 35 99 42 89 87 70 12 53 88 2 64 45 4 20 52 57 65 96 58 2 82 99 49 30 80 58 55 3 64 48 28 66 49 36 28 28 50 19 52 32 90 41 31 44 6 45 32 85 15 30 28 23 17 78 29 54 79 62 50 81 24 80 89 80 97 73 30 89 3 87 70 27 24 84 37 7 93 99 71 71 59 34 37 51 67 61 50 37 54 90 32 48 8 46 5 93 99 31 69 2 24 67 22 98 70 75 68 68 34 7 86 23 33 5 31 15 11 0 13 65 81 11 24 53 6 18 88 19 67 40 44 90 59 2 90 85 63 3 59 22 63 16 20 33 21 74 33 69 3 70 17 69 55 64 66 6 36 87 83 91 28 8 67 45 61 33 88 12 25 28 83 29 53 4 46 74 62 86 43 74 57 4 87 98 25 30 7 52 24 74 93 58 0 10 26 91 17 87 87 51 30 85 30 85 47 96 
98 32 82 53 6 19 66 93 10 46 91 97 6 68 64 54 82 46 81 67 58 84 21 49 23 22 39 47 67 82 91 14 6 48 59 34 45 58 54 18 2 62 41 28 35 96 85 92 43 4 96 7 6 44 95 99 25 66 99 65 71 80 67 6 62 75 58 58 28 13 85 50 71 38 15 92 11 46 22 80 31 93 85 93 63 59 8 32 16 65 80 28 96 35 28 3 48 48 62 28 68 71 22 86 26 87 8 32 97 57 81 97 30 56 43 69 28 49 56 77 17 88 0 68 45 71 62 34 46 82 13 57 56 83 3 78 62 99 33 65 97 68 32 16 49 16 52 49 17 30 79 45 74 20 32 20 95 45 92 83 32 83 65 29 60 67 30 1 43 52 58 50 64 85 52 64 95 19 78 22 18 23 48 77 61 91 72 64 72 75 84 21 40 62 32 71 96 6 12 59 58 68 35 84 92 79 89 94 0 52 10 18 4 42 41 68 18 87 32 85 7 50 64 80 36 87 8 83 21 84 61 41 90 53 4 42 92 18 59 49 29 23 20 73 22 0 68 7 39 2 44 43 16 23 37 17 11 1 77 70 38 81 24 99 51 29 24 1 45 38 13 98 69 52 4 67 96 50 82 2 86 18 27 37 24 44 39 44 22 38 45 16 32 45 19 68 50 34 9 85 
17 75 9 64 72 43 5 15 99 66 99 56 46 62 22 76 98 31 78 64 16 41 34 8 58 20 0 81 85 55 89 85 15 93 69 28 18 84 61 77 78 98 42 94 36 78 21 8 86 99 30 70 37 71 54 43 24 86 56 58 91 92 85 38 28 24 26 66 16 7 54 18 93 21 37 31 31 94 68 20 49 63 74 13 89 38 67 88 10 87 15 42 89 65 68 19 18 69 8 37 1 32 93 14 85 79 78 8 39 50 63 8 22 37 63 2 41 31 89 56 45 32 72 37 65 38 32 45 95 54 18 30 70 91 70 44 1 79 30 20 24 6 57 45 21 68 49 37 52 94 58 63 68 95 97 68 2 63 51 71 15 44 62 88 81 33 28 29 37 99 29 92 83 34 56 39 70 68 88 5 46 84 61 68 95 17 56 51 9 36 95 30 8 32 46 80 56 88 37 64 97 46 11 99 39 90 82 41 78 13 72 22 40 3 73 35 55 39 90 93 20 37 10 25 20 80 15 33 43 37 79 18 2 56 51 78 77 46 48 44 60 47 64 57 81 8 23 73 55 99 7 59 38 62 36 37 39 46 49 28 16 77 27 3 79 1 59 89 8 54 85 47 9 78 97 74 9 68 59 94 79 35 87 4 20 23 31 18 63 20 99 5 17 82 5 34 1 21 17 47 
40 19 43 55 64 14 40 88 93 70 85 85 24 82 45 73 88 81 5 27 6 96 87 63 10 82 24 35 54 17 74 29 41 23 92 84 77 95 62 12 28 13 84 7 29 43 67 70 93 10 88 33 56 29 67 54 89 84 18 39 37 55 49 66 12 35 89 53 8 93 42 46 74 83 2 64 82 20 39 86 11 4 98 75 15 38 0 27 76 48 69 18 87 72 68 11 40 72 46 58 34 13 55 77 84 11 97 63 12 80 54 42 15 1 36 70 29 13 82 82 22 45 14 19 26 1 21 79 81 97 91 68 70 25 84 89 73 44 50 20 62 87 71 77 8 59 93 74 21 73 81 47 40 33 77 27 85 4 73 7 84 25 40 91 80 99 46 87 81 48 29 96 84 73 92 55 82 16 79 50 28 70 96 4 1 51 70 37 72 14 56 55 56 18 96 46 5 33 61 67 48 2 53 19 78 2 15 70 30 26 88 66 97 88 37 64 9 51 20 50 44 96 38 74 69 23 16 22 32 65 89 48 71 34 96 60 53 2 78 32 2 92 5 3 84 43 10 89 24 69 12 10 64 9 27 40 55 99 8 19 57 25 53 75 13 88 16 68 96 37 87 45 13 34 98 45 93 52 60 35 7 25 51 64 8 48 94 19 43 24 0 8 25 79 87 47 27 25 62 94 
76 31 19 38 68 84 55 51 41 61 71 84 41 19 23 37 32 75 89 32 20 89 76 33 87 58 89 57 64 83 66 99 99 81 21 95 73 94 52 54 19 51 26 37 43 68 72 92 37 13 90 62 71 70 35 83 7 90 64 89 68 55 11 83 23 41 11 27 91 28 48 61 63 66 47 24 19 2 28 34 35 54 81 47 7 23 35 86 65 3 16 46 11 49 7 21 16 4 71 30 15 2 28 85 58 87 92 61 8 70 37 42 44 90 52 79 0 52 14 73 14 61 20 60 62 86 76 30 88 27 62 66 31 12 92 50 31 56 22 60 7 37 5 1 70 73 62 47 86 82 69 57 21 20 26 52 84 36 31 97 29 64 72 12 21 70 60 83 18 15 1 84 42 45 50 70 56 95 34 27 94 79 79 17 31 8 80 66 65 53 4 54 43 69 1 43 29 73 40 21 72 7 29 57 36 24 48 18 59 8 1 18 47 32 46 10 31 81 35 5 94 7 79 39 72 97 76 85 94 95 59 39 20 3 9 28 37 84 29 85 81 64 31 77 33 74 56 68 21 63 79 62 14 48 28 62 10 63 2 26 48 97 30 21 2 45 82 1 89 83 71 86 4 83 92 87 97 23 50 94 49 42 4 85 69 43 42 7 93 57 52 75 51 88 21 29 35 4 92 71 
33 64 44 78 84 82 23 53 14 13 88 32 4 75 37 17 96 76 30 3 31 58 64 68 28 90 52 57 82 84 19 91 69 83 34 88 91 75 38 70 56 90 82 3 21 80 12 54 57 42 92 82 54 50 50 60 94 77 63 45 83 21 43 4 23 12 82 21 7 79 11 27 20 20 0 67 80 10 27 53 47 59 76 83 29 49 92 36 29 72 45 42 90 83 20 43 21 75 47 88 56 43 95 68 65 82 61 87 6 50 55 26 51 86 53 22 73 99 8 67 41 42 80 0 68 6 69 35 46 72 11 74 44 78 74 92 79 3 2 8 66 82 35 8 19 3 49 21 44 48 84 50 63 77 30 14 92 22 51 25 47 59 40 71 85 95 3 91 11 29 19 42 44 24 45 28 30 70 2 41 81 40 10 40 95 12 84 84 15 63 62 89 94 4 19 10 7 8 44 50 40 87 88 80 97 91 31 69 53 32 45 21 65 19 46 46 23 63 77 56 67 93 98 54 62 55 24 99 80 92 87 41 2 17 9 82 28 95 79 40 22 11 26 35 58 62 58 40 37 98 39 76 58 76 62 9 76 16 11 20 22 22 1 28 65 79 65 85 53 83 39 41 99 16 49 35 99 43 9 77 84 33 44 68 44 9 60 97 98 99 60 58 60 8 18 97 58 45 30 69 
0 69 35 27 40 71 1 46 72 3 70 10 73 64 94 65 56 18 30 19 15 37 70 44 67 21 77 63 4 39 94 49 38 60 93 78 95 81 59 68 38 15 14 78 74 39 3 70 70 97 85 2 7 76 26 80 62 69 52 60 20 29 2 18 86 36 75 0 78 32 84 72 36 85 17 78 85 86 43 64 42 72 5 95 51 10 0 74 5 56 53 81 52 40 49 75 69 69 15 18 97 30 57 39 18 83 90 33 2 86 72 31 73 69 42 6 86 85 16 79 36 18 29 9 43 70 57 93 94 36 47 87 50 25 81 56 49 80 83 88 76 29 0 30 73 43 47 62 44 95 22 51 76 60 28 84 58 40 92 20 45 43 44 48 71 87 43 84 68 43 46 47 27 61 93 98 1 17 13 55 86 15 77 89 88 48 6 8 31 83 79 75 50 27 45 36 84 31 50 26 59 74 69 1 63 72 65 42 54 49 65 63 67 36 70 65 13 83 83 66 53 81 30 54 50 28 64 73 7 24 63 91 22 8 9 2 93 68 53 43 82 22 32 19 39 32 70 25 1 66 54 41 76 68 73 26 64 15 15 75 22 80 98 63 98 9 61 59 16 7 48 25 40 60 81 54 78 58 66 90 54 95 80 67 49 54 24 35 52 58 15 47 40 30 87 97 74 41 24 4 
60 95 92 15 97 11 15 82 93 54 37 87 48 0 97 4 14 73 86 28 59 91 52 85 98 54 50 26 15 36 29 92 49 83 47 53 68 95 5 11 51 40 46 18 65 43 37 73 10 68 48 98 68 48 18 76 59 12 26 21 64 22 49 4 4 10 62 16 9 60 28 42 17 84 8 23 43 90 8 14 2 35 86 45 11 95 37 29 19 84 44 27 41 95 24 76 69 94 41 56 92 90 96 95 46 6 28 87 90 31 49 26 52 14 64 36 97 31 8 11 66 26 16 99 46 15 30 71 86 2 72 64 30 65 57 17 26 74 94 34 92 96 41 34 47 33 94 87 81 83 64 83 49 83 74 62 24 75 15 5 57 86 63 41 18 66 95 44 1 37 50 59 19 76 32 49 72 32 79 51 91 53 9 93 15 77 70 19 62 33 26 55 81 42 41 26 24 3 65 6 84 25 91 67 46 95 6 12 70 35 41 56 7 32 47 80 0 49 11 75 96 78 53 89 83 54 23 68 33 57 92 53 10 87 99 5 66 77 51 83 49 14 86 1 50 48 90 9 9 88 55 50 3 71 82 62 49 50 9 55 36 69 4 61 43 56 76 90 10 78 90 81 77 25 11 63 20 61 81 31 1 64 48 63 6 30 74 23 97 11 87 14 41 18 65 95 12 6 43 50 
58 86 53 82 15 36 95 57 91 31 37 94 37 31 19 79 73 77 24 76 35 63 97 50 97 75 7 14 36 67 76 84 34 21 34 88 90 68 40 72 57 14 10 0 31 91 55 69 85 99 30 83 2 51 66 38 99 50 69 63 31 49 3 0 39 3 2 20 50 87 32 40 49 67 56 39 65 30 62 10 65 47 62 31 98 68 43 30 19 14 25 50 10 78 71 47 20 16 92 97 80 46 12 64 79 12 67 63 82 79 94 21 81 7 57 30 15 88 60 84 10 6 49 66 44 29 81 81 37 13 46 88 19 10 40 56 72 38 3 13 51 89 65 95 50 62 91 49 46 69 37 30 99 64 22 68 65 26 21 97 23 40 38 24 39 62 28 69 95 98 27 20 3 90 37 32 95 28 40 43 5 49 14 76 62 23 59 63 6 72 31 0 29 83 50 59 69 97 44 95 28 10 44 6 30 65 26 39 52 85 20 97 7 86 50 67 83 19 50 52 85 57 39 34 11 84 96 1 4 29 39 1 64 59 22 48 21 74 6 97 5 13 14 14 89 15 91 59 59 20 45 27 93 20 56 82 42 29 28 19 96 21 86 28 70 30 37 52 90 97 63 61 79 60 43 27 57 24 71 11 33 26 73 3 3 13 84 4 37 92 4 41 98 48 45 24 26 38 96 10 
47 94 11 60 45 70 31 87 70 12 39 91 58 33 30 84 61 37 9 33 56 19 46 46 17 72 28 43 61 98 17 42 0 41 8 97 52 87 70 75 89 1 71 77 97 10 12 35 34 42 36 9 36 21 52 43 25 36 99 84 10 24 14 54 12 99 7 49 62 20 60 91 33 22 54 83 94 83 55 76 86 61 25 11 96 6 84 95 58 96 77 81 21 63 40 13 47 38 75 68 13 43 96 94 14 91 37 1 37 49 30 18 78 78 55 96 28 81 79 23 77 92 0 47 23 91 19 73 93 83 70 45 89 33 52 0 44 72 17 60 91 5 46 62 61 90 92 23 41 88 40 39 37 80 26 29 50 88 42 51 35 75 98 44 84 27 98 19 92 14 44 67 99 73 79 67 83 75 54 65 81 98 9 78 91 33 0 24 89 30 7 82 52 64 88 6 40 31 11 12 89 75 90 99 17 83 77 50 89 31 46 61 83 83 28 32 49 1 17 59 97 25 44 62 84 24 56 11 41 51 2 2 32 4 13 44 46 25 24 51 50 68 60 64 84 48 14 54 89 89 99 79 84 13 58 77 0 5 38 78 81 22 21 35 71 25 56 93 97 89 7 33 98 80 7 66 2 27 47 84 11 50 12 27 65 2 85 1 31 77 85 72 70 11 18 79 92 51 14 15 
26 66 16 85 62 41 85 62 36 89 83 53 45 14 81 61 68 33 1 34 1 87 75 93 27 56 50 63 39 36 8 85 33 76 45 18 29 77 44 93 58 2 77 50 49 67 18 6 2 72 17 37 63 70 66 16 81 88 41 71 18 58 38 84 99 74 55 69 83 63 89 6 57 31 91 87 47 39 83 32 50 60 82 54 32 40 39 57 43 75 19 42 63 3 27 68 47 78 13 65 5 87 44 86 96 42 51 3 49 12 28 83 76 98 13 92 84 28 30 9 97 45 48 77 2 45 21 32 14 43 57 55 66 53 85 28 83 33 58 22 33 81 20 74 21 20 64 79 55 14 90 36 76 98 27 63 93 71 46 16 11 17 89 14 34 49 43 33 75 98 48 65 71 57 84 30 72 28 91 37 46 90 93 41 22 62 97 49 54 17 19 29 98 53 55 7 5 11 68 45 35 35 92 40 61 38 28 83 57 53 24 7 16 36 33 5 25 65 62 38 32 3 76 91 79 29 96 58 40 91 94 11 7 38 68 78 97 63 80 3 21 94 57 60 22 44 55 15 17 67 34 59 68 60 5 93 67 94 99 78 22 57 14 56 80 33 50 4 34 28 24 5 51 49 59 18 10 90 59 96 73 97 93 96 97 42 82 36 89 64 79 72 32 57 67 75 53 79 23 97 
25 37 59 75 43 13 98 65 62 99 64 16 85 9 86 24 19 12 34 91 82 16 23 67 12 60 19 8 38 68 3 30 45 82 75 74 10 82 82 6 50 41 76 18 17 65 34 12 90 87 42 75 28 60 25 48 0 8 16 33 23 88 46 62 34 3 46 1 70 16 19 73 73 74 53 82 50 51 30 47 67 61 42 76 89 42 11 90 60 2 28 4 45 31 7 83 28 52 33 33 26 75 88 85 95 0 40 66 7 57 59 14 29 47 22 21 37 36 77 94 18 87 9 77 79 17 83 98 56 70 83 85 87 51 39 55 40 8 69 99 20 5 24 80 89 41 54 46 86 20 93 84 64 22 35 89 86 66 71 9 9 71 98 14 43 68 90 18 93 67 92 52 6 13 20 78 49 88 33 97 66 96 62 71 14 18 0 48 33 98 68 8 71 60 96 83 61 50 30 99 0 28 81 70 52 68 14 60 11 10 72 55 84 74 23 27 42 69 18 33 32 66 13 42 91 54 54 97 85 53 82 49 4 22 91 72 62 53 47 1 3 85 39 47 57 25 53 49 90 82 59 1 43 84 81 84 44 51 96 36 40 98 44 9 74 35 67 84 84 86 27 69 11 35 54 71 48 53 32 57 25 12 73 15 35 37 11 29 98 1 70 15 29 3 46 11 8 30 41 70 
75 82 98 89 89 2 89 31 97 94 76 59 76 1 37 12 55 74 52 66 54 66 76 63 29 22 21 74 65 87 29 8 74 57 39 45 81 72 71 76 57 48 36 89 98 4 10 3 95 41 52 3 3 28 97 79 98 73 9 46 34 38 34 75 94 23 4 9 61 51 78 26 22 19 37 6 75 57 6 5 28 20 63 75 33 14 74 4 74 74 82 97 94 91 82 29 30 92 11 7 31 58 44 8 39 39 4 24 23 12 91 46 69 53 9 43 61 36 35 85 36 39 52 52 25 10 79 98 50 12 53 66 86 61 54 22 89 40 31 15 15 5 86 89 42 54 13 54 61 86 88 47 45 18 30 98 63 35 90 86 38 24 54 92 87 12 12 82 74 18 50 45 86 89 95 74 56 66 4 49 76 40 69 18 68 58 1 9 77 26 31 68 23 38 46 89 85 11 77 65 69 74 63 31 69 94 78 50 89 29 14 23 3 22 25 33 57 71 85 17 94 92 70 96 76 63 60 82 60 6 62 34 26 66 8 52 86 1 15 73 76 86 11 33 72 40 66 37 37 68 38 79 71 87 30 95 13 8 1 55 88 29 32 15 14 91 95 9 27 78 37 35 50 11 67 90 6 82 46 81 79 95 52 7 90 84 20 65 31 75 41 15 74 60 69 80 76 42 30 29 
40 70 29 6 65 75 54 63 22 52 10 58 67 95 90 40 65 4 37 77 69 6 88 27 17 27 45 10 32 77 98 94 0 71 31 97 48 18 83 12 66 6 57 99 61 77 85 7 72 17 91 44 11 71 90 11 10 10 86 25 51 90 14 76 10 95 67 58 76 9 3 52 80 45 37 45 34 79 5 91 41 77 54 89 22 40 27 45 39 2 67 48 76 4 0 8 41 1 49 45 63 18 30 60 32 19 20 7 69 10 22 69 74 15 80 5 41 16 50 36 22 45 19 84 31 6 10 10 50 28 72 60 11 46 84 99 52 97 63 42 62 42 44 8 26 50 75 95 20 98 16 74 39 33 91 4 17 54 73 61 95 6 58 4 24 93 20 26 66 96 42 46 54 79 82 33 86 16 68 0 24 88 49 44 92 36 55 25 12 67 85 98 92 6 41 60 57 60 0 52 62 47 89 18 96 26 86 24 33 92 7 72 28 85 77 21 83 80 98 3 11 33 78 12 19 52 77 13 6 45 18 82 18 61 20 3 85 49 38 52 43 42 24 66 52 85 63 38 44 67 34 1 43 68 55 56 50 80 48 26 15 14 75 76 80 72 34 16 27 86 27 82 89 14 7 82 60 20 77 82 93 55 53 55 94 92 22 69 52 78 13 65 37 25 7 85 83 23 24 50 
76 3 77 65 33 0 95 90 65 86 53 2 20 79 76 10 19 53 21 52 90 50 91 6 71 80 17 18 96 9 98 68 64 98 79 46 6 80 81 3 18 11 68 33 68 91 3 86 55 67 97 25 54 80 83 98 61 2 15 74 78 72 52 43 97 38 35 24 93 46 45 76 20 56 30 4 14 91 22 74 84 83 66 35 30 36 13 33 95 18 47 9 49 7 66 87 97 19 7 28 80 6 87 99 13 79 86 35 61 63 9 7 32 79 11 87 66 66 57 6 74 22 26 5 30 18 43 87 63 36 0 69 10 53 27 8 55 5 54 33 37 39 59 92 71 36 22 40 69 39 10 22 73 5 72 0 95 97 5 4 4 19 86 24 23 57 0 12 46 27 84 99 38 67 53 42 47 31 89 47 11 33 22 28 85 23 36 86 55 84 26 5 43 63 76 21 20 7 36 59 96 67 1 56 49 43 59 49 22 6 73 83 56 45 27 41 41 32 80 52 39 32 99 99 76 92 48 47 64 44 9 4 63 79 29 53 85 15 97 4 4 7 6 81 97 88 14 21 89 88 94 74 49 79 7 69 51 34 84 83 11 18 88 80 83 17 0 25 91 44 11 11 71 72 19 65 57 88 91 3 17 43 79 83 72 42 16 36 89 77 5 28 14 67 89 22 66 71 41 5 
37 4 24 16 89 11 86 14 16 91 86 27 30 17 31 40 60 26 48 99 57 14 63 43 52 74 51 43 70 24 58 76 25 24 85 32 30 95 45 0 55 88 14 42 71 63 58 24 30 13 8 95 68 99 18 11 1 6 63 26 66 59 21 51 47 13 94 54 44 95 5 21 9 86 8 36 69 95 96 8 53 69 56 36 44 85 65 73 98 13 38 32 67 62 39 62 25 25 71 80 61 17 82 58 82 11 56 40 22 66 56 87 69 8 8 41 55 29 1 93 6 26 6 61 64 48 56 68 13 2 56 14 20 64 56 26 66 2 66 23 16 57 51 50 75 96 60 35 13 81 95 26 17 93 83 20 29 65 51 18 55 99 8 37 10 36 46 23 54 79 30 97 7 46 29 41 30 80 67 53 8 59 16 53 87 42 7 90 75 25 78 51 89 51 73 37 58 1 78 73 97 46 63 44 33 51 78 59 22 51 66 68 46 81 39 41 65 85 0 26 28 44 23 96 53 48 17 73 40 27 6 25 40 23 31 27 44 46 18 96 67 91 53 95 39 29 75 19 26 82 8 57 62 30 75 9 10 57 25 81 76 79 63 19 90 46 20 76 32 45 76 38 10 59 36 23 45 86 3 38 11 45 57 18 25 64 30 65 17 62 37 71 31 87 45 50 19 31 35 64 
35 91 45 54 55 95 83 48 70 63 8 39 18 30 32 22 76 84 15 68 93 63 76 24 48 48 87 6 55 79 72 74 71 92 57 11 68 59 45 73 61 42 74 21 10 46 0 52 55 3 0 11 86 76 87 67 79 58 95 65 59 4 6 91 67 24 48 63 79 23 60 75 11 34 93 41 40 15 19 33 46 26 51 42 72 65 39 94 93 78 75 61 82 71 71 78 96 91 90 86 11 43 86 5 27 83 57 47 30 10 63 97 78 59 9 36 56 78 78 45 65 2 72 86 8 93 53 72 9 69 86 85 80 91 0 56 21 65 93 74 23 52 61 83 90 8 50 90 1 43 76 65 51 56 34 57 46 0 57 48 34 26 18 52 35 88 33 27 25 24 71 51 59 11 61 72 66 11 86 91 36 73 59 6 84 31 76 13 35 34 39 91 79 2 64 70 15 0 3 23 76 32 21 97 75 5 31 51 3 70 32 88 79 26 70 63 43 18 56 87 71 57 46 25 29 65 9 79 89 48 48 59 25 29 19 21 34 36 26 49 76 56 74 49 84 80 72 69 16 39 60 31 19 79 8 13 15 83 4 49 87 33 89 88 1 24 39 90 28 22 20 34 69 68 66 33 27 25 50 99 40 49 17 92 66 23 43 64 10 24 75 30 3 1 38 74 42 83 92 29 
9 94 7 13 14 40 65 24 46 71 72 34 58 4 55 39 96 29 88 21 68 89 80 2 21 54 91 84 2 79 25 18 58 68 36 6 20 39 35 32 11 36 61 97 62 20 74 31 53 20 35 41 19 72 48 38 23 70 64 95 45 49 91 96 86 72 71 34 38 61 71 54 81 30 95 85 20 85 78 21 46 34 92 47 7 43 47 97 87 15 60 22 9 91 10 92 30 22 67 65 37 38 43 49 49 72 36 70 81 83 70 81 43 94 22 12 18 60 77 65 16 32 68 58 16 75 6 25 21 10 98 34 56 98 53 58 66 97 65 59 68 30 27 10 38 0 79 8 86 89 46 47 75 49 64 66 30 32 38 8 87 16 90 22 51 69 42 24 44 59 54 41 86 74 29 96 57 5 61 86 86 21 93 45 27 42 76 87 57 61 72 72 16 64 88 80 54 80 86 73 60 93 55 39 81 63 88 56 19 43 61 34 7 51 32 83 24 71 88 65 87 92 6 78 25 30 60 5 78 89 32 21 81 79 12 54 47 45 91 90 4 63 86 86 48 5 9 41 86 76 31 55 83 88 45 73 25 38 57 29 42 21 98 82 71 53 84 93 56 65 60 93 89 97 34 11 21 74 44 21 90 49 31 82 58 45 93 67 89 97 85 59 82 1 2 17 58 27 88 69 
87 1 85 50 9 94 51 88 83 14 91 54 43 26 26 49 31 23 61 85 51 25 70 79 75 51 33 20 95 65 92 38 4 63 59 5 64 16 75 35 32 49 41 58 46 63 45 29 2 82 27 85 41 96 89 46 12 61 51 39 97 48 48 63 43 93 82 88 47 9 92 80 51 99 53 9 94 64 35 41 15 46 41 43 15 28 42 56 61 17 84 10 8 34 0 76 89 1 54 58 45 67 78 56 93 52 92 77 79 50 98 38 27 75 88 30 59 59 13 45 67 73 31 96 65 68 39 27 68 26 42 61 74 0 95 39 64 92 58 47 85 19 52 87 5 57 24 3 87 3 6 59 89 48 62 17 35 79 46 93 23 39 23 70 79 2 90 8 7 8 23 74 61 56 6 89 26 49 73 14 7 98 80 17 95 25 47 50 47 37 89 37 35 82 73 12 99 79 30 87 14 14 90 91 82 62 20 92 48 37 62 70 21 59 44 77 66 90 27 63 55 4 88 88 70 58 72 40 34 90 4 38 90 27 5 97 84 83 74 47 73 10 25 99 27 82 30 71 61 58 13 11 77 82 15 21 99 35 68 97 13 39 84 99 82 96 46 46 32 53 32 47 81 53 28 94 52 15 22 44 16 41 23 47 92 97 61 14 43 49 81 52 59 82 97 14 14 67 62 46 
85 15 49 23 62 16 76 67 17 54 55 40 79 23 3 74 41 16 76 55 65 68 66 60 56 23 25 0 59 22 73 34 31 65 62 20 86 85 40 85 37 11 55 50 11 48 43 57 91 94 90 38 5 92 16 38 84 14 34 16 64 72 66 2 18 14 99 17 1 6 2 77 88 46 96 67 15 60 33 15 6 33 56 32 51 85 27 26 20 23 9 95 57 60 35 65 27 24 72 3 97 65 72 94 42 3 75 62 76 72 97 61 43 16 78 12 36 79 63 19 63 2 90 45 43 32 74 96 93 34 77 74 48 73 68 77 68 74 8 80 52 58 37 63 57 79 15 27 99 39 92 70 45 51 69 45 5 63 48 26 85 4 1 1 65 10 76 94 57 31 31 37 49 27 48 12 60 2 12 36 96 91 53 58 59 19 94 16 3 25 25 76 30 74 50 93 45 20 84 64 69 67 67 24 19 88 69 93 96 49 70 1 28 32 19 16 24 0 28 21 45 94 9 26 84 64 46 1 91 83 22 3 85 52 90 74 56 11 37 45 2 37 35 94 70 55 70 39 57 12 24 29 80 42 7 75 67 15 2 18 19 7 17 48 20 8 62 94 66 38 96 1 41 24 47 28 10 19 18 8 64 81 86 16 39 41 32 51 56 45 13 43 57 68 0 95 46 37 32 28 
69 3 26 12 9 91 32 23 49 47 47 31 87 53 42 65 95 27 96 71 94 91 33 49 78 6 40 27 0 25 67 2 91 12 6 95 27 98 65 70 66 33 12 3 90 86 0 36 31 36 83 43 81 38 96 15 97 29 45 89 77 74 57 38 10 32 89 17 78 54 9 6 49 64 35 48 67 90 91 59 47 36 13 98 50 52 27 98 47 9 86 81 37 2 8 8 9 98 32 71 38 49 49 2 67 95 10 43 8 92 69 39 15 64 10 93 24 51 70 58 30 83 45 26 65 72 81 21 21 12 25 77 16 93 21 11 99 80 66 92 28 95 68 90 24 82 65 72 23 97 21 30 69 21 68 4 44 68 56 93 53 37 60 74 11 40 48 84 69 74 2 55 76 25 81 32 37 23 75 6 64 8 64 91 89 60 72 56 14 86 69 15 25 73 39 95 51 64 40 22 77 61 24 14 23 85 83 61 62 20 40 55 22 10 98 24 68 1 45 10 47 37 72 83 69 48 92 95 29 52 59 93 8 57 66 12 37 63 72 8 88 35 28 4 33 17 16 22 57 43 79 53 76 20 36 39 62 94 61 23 60 72 22 76 49 14 41 79 14 63 30 17 46 62 79 29 66 56 58 12 88 53 34 94 60 8 58 92 91 72 16 15 60 44 29 88 73 80 25 39 
79 33 62 5 80 64 0 29 12 71 88 3 1 97 37 36 56 30 82 65 89 40 33 30 2 67 4 88 27 36 2 6 19 78 56 28 79 0 4 93 27 54 54 7 53 38 25 4 79 94 8 48 99 27 62 56 56 27 55 77 3 28 88 13 47 12 88 49 42 28 39 36 95 77 23 43 40 4 34 46 41 24 56 9 45 89 17 2 53 23 9 94 5 37 6 59 37 0 54 73 81 75 89 95 29 0 85 40 72 58 36 1 46 61 29 93 59 19 52 0 18 68 15 88 50 72 13 25 95 59 69 79 84 29 42 66 68 27 46 97 39 62 7 33 99 91 89 80 54 39 57 41 73 60 41 79 65 11 69 22 85 15 2 20 52 14 21 0 45 46 3 23 72 75 26 63 27 87 46 25 85 71 89 6 33 76 7 30 54 64 74 84 33 49 9 55 32 50 24 73 90 62 67 1 16 21 10 71 86 70 97 93 88 1 43 66 6 80 89 77 2 37 60 31 61 90 30 18 49 25 77 54 30 25 8 88 25 61 76 56 97 7 30 87 44 19 89 18 33 81 46 30 36 40 30 80 53 81 93 82 33 92 49 67 46 4 44 79 37 13 13 47 39 49 80 20 39 76 57 14 45 5 91 38 96 44 94 35 83 45 13 65 3 69 76 91 88 52 84 47 
28 70 80 92 20 98 72 43 48 88 88 97 70 93 60 96 66 53 58 23 25 92 91 87 80 5 65 35 63 99 88 4 89 52 72 66 76 69 19 81 80 38 90 67 65 38 37 65 43 7 3 33 15 13 15 11 2 52 25 59 75 95 68 33 20 80 52 65 40 94 15 2 97 44 7 86 81 11 30 56 34 5 12 72 79 80 57 74 84 91 5 18 57 2 92 63 1 4 89 46 72 84 12 13 2 21 19 31 94 67 98 43 24 53 39 9 7 81 13 87 50 36 83 88 99 2 43 25 93 78 87 89 54 73 48 95 8 81 45 13 81 44 87 50 44 18 70 35 18 52 94 3 5 33 79 38 24 22 62 28 95 84 54 29 8 36 77 3 10 4 38 57 9 29 63 39 34 65 66 31 93 49 2 46 64 29 19 60 81 74 41 19 23 72 65 27 73 2 45 98 44 35 22 54 74 90 43 75 82 92 23 37 70 4 87 47 87 31 57 37 80 50 60 55 1 57 2 66 90 45 78 19 26 84 25 14 69 11 35 37 53 32 5 48 87 69 26 83 46 21 91 74 92 94 83 32 34 87 47 23 25 26 29 7 85 60 75 37 44 60 62 38 22 81 80 53 8 44 75 65 26 6 51 2 54 94 29 17 6 73 21 98 72 17 65 81 60 71 39 53 
50 17 38 5 78 68 19 95 24 78 13 82 19 58 38 10 57 94 36 91 39 61 80 10 23 10 8 34 99 62 87 7 60 82 25 0 51 87 63 43 55 1 74 29 31 21 91 41 93 46 94 69 7 62 15 75 92 10 68 62 67 67 57 78 12 67 76 27 87 0 92 20 17 26 76 43 48 31 84 0 46 90 16 44 93 20 92 99 93 3 6 40 35 28 94 91 5 68 95 67 74 97 50 79 87 50 24 31 65 96 27 11 97 46 97 15 58 75 73 39 2 95 38 13 87 47 73 73 31 65 37 40 78 72 57 60 36 15 42 46 55 16 33 25 17 51 23 55 72 35 95 18 17 36 32 4 88 30 80 66 15 83 84 37 77 47 32 90 96 51 41 80 36 63 22 51 10 87 32 11 89 9 98 41 4 28 7 38 77 44 65 42 36 32 62 27 62 80 33 61 28 65 55 60 74 37 78 52 73 23 45 4 37 99 54 47 23 22 73 86 42 57 49 26 74 38 24 49 34 58 18 83 86 80 66 63 41 75 24 17 65 8 74 30 87 46 10 22 56 50 56 57 44 36 92 2 34 71 38 88 4 1 16 25 25 74 11 0 92 39 22 93 38 8 47 56 27 51 80 82 53 91 5 67 93 47 54 13 51 93 27 31 64 29 63 82 86 34 82 24 
91 30 98 49 41 37 16 27 85 84 14 32 57 47 20 39 12 53 99 24 53 70 69 43 83 62 26 4 79 32 55 30 78 13 21 81 17 90 48 58 70 15 1 36 73 93 52 6 94 54 94 58 65 28 58 60 39 16 78 63 35 20 93 19 10 82 59 4 70 79 0 6 33 74 64 13 64 61 11 39 85 10 44 60 70 34 11 93 27 75 28 28 87 70 14 67 17 35 51 63 33 99 48 38 6 63 97 40 26 91 87 83 72 18 89 1 16 40 96 27 48 87 22 19 58 66 52 57 78 31 71 89 65 60 88 91 98 13 30 84 79 80 29 25 55 36 73 10 44 14 69 89 52 0 72 83 0 8 32 77 46 30 65 39 90 21 0 13 27 87 65 38 40 34 1 26 11 25 76 39 88 40 6 76 62 63 0 24 61 49 29 61 23 91 82 92 24 54 19 55 64 83 36 50 88 10 91 86 63 9 45 63 83 50 66 31 50 18 92 36 50 83 5 42 84 8 38 21 12 19 35 78 78 60 15 59 95 16 2 80 76 81 38 15 86 24 66 99 1 10 6 37 70 27 10 71 22 68 89 53 61 20 54 17 63 82 48 98 30 41 27 56 64 95 73 86 83 26 6 72 6 20 4 35 53 10 78 29 68 27 58 9 72 14 73 13 50 41 45 18 
88 55 78 39 81 41 10 89 25 36 74 41 37 18 14 99 92 78 99 79 2 41 75 97 7 67 3 17 16 93 56 31 57 12 55 25 99 5 47 63 52 15 78 78 79 18 74 16 42 93 45 19 80 30 34 52 56 0 14 50 83 66 99 75 94 46 6 49 92 77 47 5 73 73 77 92 59 23 51 35 19 97 14 26 7 15 36 63 75 50 24 43 54 48 31 8 74 11 39 92 90 72 45 66 19 3 20 35 49 72 20 28 0 16 85 79 94 78 84 45 6 99 42 69 6 96 7 78 9 6 9 6 24 42 14 91 50 14 71 31 70 7 90 22 24 25 25 2 66 4 20 39 95 13 60 36 29 96 93 94 68 47 61 82 11 38 62 80 91 28 54 10 80 31 41 38 59 48 91 57 93 10 18 72 78 6 26 99 58 69 15 55 14 29 27 52 42 10 1 24 57 19 5 15 58 44 89 51 33 57 87 81 89 10 59 33 17 12 4 51 73 68 78 15 7 38 55 93 21 37 43 72 28 10 51 56 85 18 53 30 3 7 8 53 14 85 91 66 74 73 49 23 99 43 86 19 67 33 17 85 60 67 39 31 13 36 6 21 95 85 23 31 52 68 68 23 70 84 34 2 37 55 98 24 71 80 11 73 79 94 68 83 56 80 10 30 43 19 68 40 
27 13 25 37 97 96 33 15 7 50 76 37 20 33 79 69 37 26 97 1 50 13 53 48 44 53 48 57 50 94 90 78 70 66 52 52 9 21 88 98 53 26 76 85 1 35 36 79 90 96 59 23 21 3 0 19 9 64 45 55 58 77 76 45 18 77 3 41 24 64 41 44 78 26 95 19 19 69 69 18 65 72 46 46 91 18 93 37 10 22 97 28 88 4 17 25 85 40 16 24 6 57 84 0 0 89 34 38 75 27 93 89 46 33 10 2 88 3 0 22 87 35 39 33 87 87 95 74 23 52 57 12 16 16 97 55 78 91 90 28 96 81 50 69 25 91 43 48 68 78 76 97 88 12 4 54 96 94 72 91 30 10 40 6 73 38 43 36 21 4 70 1 38 87 62 41 75 22 37 32 48 84 99 62 10 91 36 66 54 69 33 12 52 36 71 66 57 1 75 80 44 36 81 94 21 49 42 66 43 70 19 89 75 75 95 23 60 78 7 98 25 44 82 50 77 28 99 38 81 71 65 63 43 23 34 99 22 24 85 75 26 79 58 84 89 53 81 25 22 11 97 5 69 28 10 25 3 72 75 1 80 90 73 36 26 37 42 99 84 10 77 41 27 53 86 64 27 72 88 59 25 92 22 68 75 83 95 96 44 30 53 81 22 52 7 55 78 14 57 35 
7 28 88 11 66 0 11 10 16 98 42 51 43 92 33 23 26 51 99 32 56 89 87 3 0 0 34 53 30 54 63 6 56 79 75 74 35 60 41 53 16 50 81 1 31 43 51 61 66 22 39 72 5 5 74 42 37 57 4 2 54 26 19 1 90 77 14 90 79 38 19 18 80 59 66 54 82 12 36 34 68 74 87 1 73 29 74 71 17 33 19 49 71 96 83 99 29 88 69 62 45 68 95 85 54 7 13 93 42 33 48 52 31 25 30 38 15 51 55 13 85 47 40 47 80 62 85 37 86 26 56 67 65 56 51 93 85 25 54 76 62 37 50 76 87 17 46 48 68 22 52 89 48 7 74 24 89 54 58 75 72 21 78 20 80 32 76 38 6 25 9 64 75 20 12 1 57 37 97 3 11 58 39 70 6 97 87 47 51 38 38 32 59 84 56 14 9 2 94 74 19 35 85 67 24 79 4 37 28 52 32 78 36 11 22 89 55 57 61 24 1 72 28 48 44 11 34 44 16 60 64 10 15 67 75 93 61 8 31 20 44 84 55 26 79 62 82 70 56 35 65 40 79 54 6 93 21 42 40 51 78 8 52 49 19 45 59 66 54 68 5 47 49 0 18 6 57 25 67 24 92 35 55 51 42 75 82 52 81 73 90 15 14 9 56 81 77 14 37 9 
48 51 74 70 44 16 65 51 93 13 60 56 79 6 43 20 57 62 5 8 5 76 51 87 88 91 81 54 3 28 93 90 30 50 17 96 28 64 91 68 27 7 51 25 90 10 21 20 0 5 59 99 39 75 81 96 12 18 31 77 37 96 67 86 68 87 23 93 26 92 9 38 40 49 98 52 64 32 40 94 96 95 99 85 90 42 50 9 7 82 49 78 46 7 50 13 7 87 80 19 57 64 55 81 27 52 94 44 66 1 1 95 43 88 51 87 27 65 55 67 4 11 17 80 58 63 55 90 2 39 16 19 73 93 49 28 92 57 71 2 54 27 60 18 24 72 5 49 8 16 75 21 52 29 13 60 97 86 14 18 57 30 59 0 14 5 67 79 52 39 28 14 18 8 25 28 92 67 94 34 95 12 48 60 2 28 26 85 15 78 11 32 17 11 72 24 53 45 0 47 70 5 3 63 6 50 24 1 85 94 18 2 40 55 24 47 22 64 76 84 93 89 49 77 5 4 93 75 57 74 97 16 50 61 2 17 96 83 36 84 14 35 81 35 21 30 44 87 60 93 55 72 7 22 89 72 25 92 92 34 86 30 58 41 77 46 70 9 94 46 98 66 71 75 55 71 48 2 36 92 37 4 90 90 91 56 40 42 58 59 78 65 97 7 3 23 82 64 51 23 
99 95 30 10 61 99 15 6 57 53 12 13 56 15 14 38 11 57 32 23 94 52 95 27 41 75 4 34 37 83 97 35 8 5 72 21 31 53 10 93 14 13 72 11 61 79 96 67 58 8 49 86 72 21 90 37 94 92 20 21 94 7 91 79 44 62 52 42 5 19 88 43 77 97 67 17 81 81 38 25 89 69 29 11 37 13 49 98 33 93 33 36 18 36 91 14 59 73 82 90 88 75 1 94 1 65 6 8 15 72 12 50 51 84 94 92 19 9 58 43 25 65 73 8 84 70 55 54 97 54 29 93 63 3 73 99 3 28 13 31 11 67 32 67 20 17 22 18 21 83 74 91 98 78 93 73 45 73 12 71 67 9 46 82 22 45 59 76 58 80 0 75 62 48 44 95 36 76 7 64 91 80 57 19 80 83 33 38 31 45 26 31 40 55 73 29 6 11 56 1 74 64 99 36 39 30 97 76 32 86 34 4 58 12 70 99 56 44 48 88 52 82 0 83 77 58 2 52 94 12 96 1 16 68 61 49 22 56 11 6 3 21 70 90 61 52 47 86 5 13 20 79 64 13 72 42 72 99 44 68 50 20 47 65 78 36 60 26 71 40 10 78 6 70 5 47 17 74 58 65 40 86 11 42 98 32 48 73 11 11 1 76 46 11 13 5 19 20 18 85 
59 61 86 4 55 42 81 7 52 51 40 11 28 12 6 13 98 33 73 39 78 40 23 42 67 21 33 24 88 61 80 51 69 59 34 55 32 87 27 9 76 24 5 85 1 17 45 41 84 74 63 86 79 80 15 10 8 58 89 46 67 77 9 23 94 78 88 60 45 11 23 34 5 28 97 78 87 46 15 10 92 49 66 22 88 77 69 65 10 90 23 57 27 5 59 7 41 91 82 70 60 32 73 1 69 66 31 35 75 95 30 15 99 13 37 44 37 25 28 63 24 21 88 30 40 98 64 83 26 40 21 62 43 84 28 7 42 76 93 59 80 41 84 21 97 89 65 40 52 30 26 3 14 19 3 64 67 86 49 40 77 94 80 35 17 85 66 51 43 57 37 44 14 38 30 71 16 67 78 89 59 54 13 58 20 85 26 12 35 55 58 6 71 93 73 46 3 69 13 46 37 9 88 39 82 96 36 14 6 34 72 28 5 36 58 7 63 17 15 25 64 35 19 16 23 74 78 79 48 47 82 40 31 31 42 86 51 37 57 37 54 74 79 16 71 64 53 3 74 49 68 69 67 8 84 47 29 39 48 37 96 19 41 56 13 57 94 85 85 35 7 5 33 7 3 2 28 10 42 41 61 11 83 72 23 36 52 14 34 90 3 49 16 97 77 27 47 14 82 91 
73 41 12 22 86 85 15 29 12 62 20 22 81 65 60 19 0 65 48 42 21 25 67 2 74 9 96 56 10 67 72 85 34 27 21 31 41 56 56 62 88 88 5 22 29 41 9 86 98 22 48 30 54 46 67 73 65 99 24 24 57 10 41 3 80 76 38 85 98 36 74 25 42 8 67 56 17 1 36 72 46 51 80 83 10 84 1 29 42 27 42 82 53 68 97 40 19 58 83 75 42 73 17 93 64 90 27 48 34 36 19 34 32 76 60 81 8 34 67 31 23 1 50 27 9 37 55 48 56 56 0 70 64 48 68 75 2 82 28 95 10 6 8 51 38 73 55 75 80 62 70 58 87 46 64 22 81 42 97 68 54 34 48 73 0 71 85 94 95 17 68 37 28 34 52 28 10 98 55 93 70 95 82 19 70 68 91 13 1 5 9 36 38 9 76 1 35 56 22 39 15 41 25 50 73 14 74 61 55 23 66 5 67 93 79 42 77 88 24 13 82 83 48 7 63 43 20 42 96 77 8 49 58 19 73 52 15 65 64 69 41 36 49 84 2 84 40 50 35 79 75 44 15 65 6 30 77 81 32 91 19 80 75 25 21 96 62 6 65 11 16 92 29 42 19 13 88 92 14 20 68 59 8 6 32 6 79 8 56 51 88 16 57 3 23 91 91 66 68 78 
48 37 27 67 78 91 78 82 12 9 21 87 29 66 7 66 81 57 98 6 41 66 15 62 69 88 87 26 48 7 89 8 30 29 65 18 41 20 44 55 42 60 81 44 97 51 12 5 87 72 33 8 27 84 58 81 63 42 76 2 5 78 36 46 62 40 66 92 28 14 58 1 90 95 54 74 80 77 46 75 18 2 86 57 46 78 85 28 24 68 67 17 0 19 12 45 97 54 1 62 85 35 48 68 13 7 99 86 15 98 86 99 20 31 2 90 19 41 84 36 79 72 69 20 36 53 2 72 9 20 84 24 48 1 26 39 46 81 18 44 1 77 64 45 87 39 56 62 97 12 27 13 4 89 37 22 38 22 14 92 9 52 25 97 79 42 92 75 69 3 41 35 62 94 96 22 22 9 98 89 24 46 73 2 83 55 54 25 32 13 44 88 25 32 73 25 40 72 65 75 39 91 41 40 86 45 86 42 6 56 10 81 77 13 68 59 13 70 75 17 1 30 35 74 94 6 16 77 18 18 50 48 27 27 26 94 22 42 89 28 98 89 14 96 86 68 78 45 37 2 93 83 26 25 56 10 31 88 73 13 30 92 75 41 77 97 3 26 81 45 50 9 38 89 0 90 54 11 56 28 8 15 4 95 82 34 60 97 96 21 38 12 51 86 16 43 86 79 58 51 
68 66 33 20 6 32 61 8 66 94 6 83 57 74 72 48 69 74 84 39 93 12 5 51 21 44 41 50 21 23 69 46 49 93 18 74 99 62 60 18 12 17 19 27 60 9 33 62 19 11 23 19 75 75 39 57 40 22 33 65 98 8 57 10 19 71 9 87 20 20 99 79 39 96 77 84 37 81 58 51 57 94 56 90 34 49 8 55 37 60 98 64 78 46 14 32 67 54 93 50 53 80 44 7 56 27 74 84 21 55 20 13 38 55 14 47 76 74 52 53 67 82 94 69 63 13 63 60 79 47 16 63 95 48 4 12 65 58 63 66 23 53 99 8 10 39 50 27 87 22 74 22 83 24 30 33 72 53 2 97 98 7 68 32 17 30 87 87 1 53 48 8 31 5 75 53 82 8 68 6 94 65 55 54 64 74 5 59 98 74 61 4 0 0 2 2 71 64 73 91 21 20 20 31 46 33 64 87 25 76 28 35 5 75 8 66 82 69 37 53 15 84 45 68 54 16 49 96 54 84 41 34 15 24 89 26 11 63 53 43 39 34 6 70 5 52 82 34 41 59 28 27 38 23 58 30 55 54 67 7 73 28 44 52 66 3 53 62 18 50 68 73 85 57 33 76 25 33 32 89 6 45 3 70 63 32 40 25 95 29 94 6 48 31 7 74 18 51 61 46 
99 82 99 24 18 71 95 29 6 16 81 84 0 76 6 10 31 45 38 42 94 11 59 67 8 57 84 16 44 42 17 27 35 47 11 65 90 51 62 4 98 70 20 35 43 50 65 82 93 67 65 65 33 79 10 6 27 74 3 53 11 98 44 28 49 96 35 55 77 17 23 58 3 60 14 76 84 17 64 31 45 3 73 29 23 97 79 48 64 46 98 50 47 25 84 46 78 51 77 79 88 9 89 82 29 48 95 70 66 4 6 4 64 83 50 67 33 77 54 25 44 69 67 30 45 77 67 17 1 27 39 45 90 79 26 13 62 0 31 67 93 91 12 26 33 45 52 62 30 83 74 40 81 7 16 74 19 57 42 84 10 9 98 16 48 99 48 27 68 42 62 44 97 69 58 96 16 20 7 59 38 23 0 74 94 88 51 17 88 49 45 36 73 11 66 16 17 85 24 71 59 4 63 64 7 52 8 87 26 71 78 93 49 25 45 79 51 72 80 88 21 89 64 28 75 14 91 26 17 73 78 70 85 77 11 52 42 31 42 43 78 64 98 89 44 97 38 81 61 19 21 7 92 61 75 97 39 66 93 14 28 79 54 87 52 89 90 55 23 46 95 51 8 30 71 62 2 64 70 83 79 54 53 81 28 61 37 46 38 12 91 75 95 67 12 95 67 95 16 10 
25 21 25 71 57 61 69 86 96 96 44 59 74 99 63 11 58 73 35 24 86 62 10 62 85 54 35 37 55 89 77 80 56 96 2 41 79 85 36 90 92 86 51 58 56 48 8 20 0 93 1 86 45 62 46 83 30 66 24 66 15 90 32 50 16 92 55 98 77 30 83 28 88 3 72 35 83 51 48 89 5 65 23 62 19 18 95 36 59 85 35 9 95 22 7 64 2 43 99 61 92 20 28 80 40 33 71 54 23 34 43 57 14 54 77 53 58 8 57 80 91 5 44 67 15 38 32 21 5 38 36 52 82 47 53 13 34 46 32 89 54 47 92 53 33 34 86 37 92 38 3 61 10 68 11 48 48 88 8 78 9 46 84 67 46 67 14 20 16 61 26 46 34 76 64 29 29 98 35 30 24 14 7 84 93 69 83 31 37 61 39 86 63 81 52 79 96 68 73 53 61 41 47 13 66 40 32 96 62 23 88 91 43 7 11 12 79 79 29 41 11 5 96 14 42 45 64 0 57 7 21 83 6 40 1 83 99 55 1 86 89 31 33 17 8 89 96 30 68 24 69 73 0 5 25 93 14 84 36 13 96 2 89 42 82 53 89 88 88 37 18 60 93 96 42 84 27 96 9 81 89 11 11 64 58 7 36 76 80 32 0 79 94 39 46 87 81 96 26 3 
5 66 98 66 86 73 75 35 53 96 72 66 32 60 15 57 41 61 14 75 31 31 7 97 41 36 64 62 92 29 18 8 30 90 88 43 76 97 11 58 48 89 39 76 16 7 61 73 19 45 42 89 55 47 98 76 39 79 83 38 61 32 51 93 92 89 45 20 64 58 83 82 22 43 72 92 18 8 80 36 42 5 78 79 1 23 65 31 71 14 78 8 35 65 7 51 62 7 93 53 82 91 75 75 95 90 28 22 16 95 61 45 37 52 13 92 80 51 88 15 94 91 31 23 83 72 44 89 21 20 24 85 84 44 95 12 30 94 42 61 9 88 44 72 77 29 42 37 64 7 63 60 47 57 92 60 75 77 79 81 95 40 2 84 60 53 98 42 71 20 49 30 97 52 85 35 9 46 62 41 85 83 9 69 42 24 14 15 2 88 15 11 27 8 58 43 21 66 66 56 6 26 84 72 5 69 99 51 29 42 9 29 8 51 32 82 76 72 85 79 88 62 42 72 30 30 66 14 12 47 61 87 32 77 93 56 52 36 52 51 10 61 86 44 52 35 90 57 84 44 0 32 86 37 34 64 2 80 28 68 35 44 36 3 96 34 50 73 55 34 26 37 35 71 3 55 6 71 92 79 18 51 21 79 39 67 20 90 82 64 21 70 56 53 27 51 50 19 35 8 
88 25 62 17 0 80 2 22 12 48 37 51 70 66 46 48 55 90 48 99 54 52 56 75 3 51 57 52 63 94 2 1 57 87 52 44 45 24 64 96 81 68 43 79 81 66 44 90 71 24 54 10 46 46 51 96 95 64 8 29 78 14 70 47 62 46 71 42 91 39 73 50 46 80 12 43 34 55 55 82 82 71 57 20 3 84 56 69 84 37 38 87 19 34 94 2 29 12 21 42 33 94 49 83 5 89 69 64 57 73 19 24 80 81 67 96 9 65 60 53 46 95 68 97 55 12 35 79 48 76 16 48 11 55 16 84 49 41 58 70 59 93 47 39 18 53 42 47 26 25 87 33 54 77 66 76 28 35 57 14 70 78 61 10 14 55 97 64 66 2 7 96 23 49 89 75 11 67 99 25 32 60 33 84 43 6 88 79 1 87 24 99 72 73 48 78 37 27 57 28 37 86 32 87 14 78 27 73 35 23 70 85 78 70 94 38 41 88 45 3 71 88 7 84 29 35 53 48 92 1 96 4 36 23 4 90 70 49 50 93 26 65 42 60 65 51 5 17 72 10 98 20 88 22 11 12 41 83 71 21 64 75 82 43 38 24 12 66 13 28 81 22 85 89 89 85 0 67 3 35 21 75 63 73 75 5 13 81 4 53 88 72 20 75 86 85 40 85 64 10 
6 13 82 5 71 71 69 77 39 78 28 96 36 69 44 79 5 53 23 79 11 66 38 18 36 63 54 32 36 14 56 95 26 39 15 41 73 39 31 19 14 44 24 61 55 59 29 33 88 15 89 88 81 52 46 15 33 34 92 37 81 71 36 69 92 66 82 23 74 33 71 72 70 93 71 82 16 29 58 0 54 1 33 41 27 96 52 94 46 12 53 19 28 64 7 83 36 93 17 67 18 45 45 71 94 18 84 34 50 43 94 19 39 60 5 37 23 30 87 60 51 89 85 44 84 81 23 97 35 14 60 12 13 16 56 57 22 5 85 49 18 17 18 39 25 69 99 57 75 3 32 56 72 21 12 76 25 30 58 81 44 56 21 54 92 0 29 14 31 48 28 89 2 15 98 15 74 70 9 12 15 9 24 71 10 64 21 68 19 31 41 76 27 47 47 83 50 67 12 29 44 65 6 63 88 82 22 76 58 41 64 68 1 62 49 29 76 74 10 96 95 88 51 97 64 43 85 40 79 39 1 99 29 82 14 46 20 12 98 58 23 56 99 81 55 88 84 65 95 3 41 59 76 22 58 2 44 73 88 32 64 18 16 63 67 81 86 64 33 82 17 36 35 89 52 0 61 33 88 19 2 71 47 50 14 31 12 19 34 55 44 80 52 86 93 30 81 16 88 73 
63 53 28 63 34 79 61 61 93 87 79 40 9 30 99 48 26 0 90 21 79 46 44 39 51 13 23 56 7 6 93 14 34 99 99 62 34 98 71 27 61 60 87 84 76 64 71 26 51 98 52 20 69 70 18 79 97 82 51 96 25 99 77 23 7 78 14 66 33 49 94 51 96 7 69 14 4 22 37 15 93 35 42 99 6 44 96 32 55 21 41 50 28 11 48 91 29 60 81 15 38 2 14 76 27 36 65 99 76 86 10 0 17 13 28 87 70 22 47 55 85 46 9 95 20 58 90 99 80 71 60 52 2 28 14 35 45 35 35 19 84 38 42 93 82 43 29 83 51 22 7 92 5 21 27 11 47 20 18 54 32 46 62 1 88 91 88 87 34 72 58 89 65 56 49 61 76 21 50 60 87 26 84 82 1 54 50 85 3 41 53 85 90 72 20 87 4 27 90 81 7 3 35 1 34 86 55 96 16 22 19 1 58 52 22 82 80 9 55 82 27 69 87 47 49 51 54 82 2 33 17 21 38 28 87 24 51 7 51 15 77 76 12 27 54 15 0 79 82 94 38 1 99 44 80 17 34 66 0 25 83 7 69 70 97 31 83 30 89 26 67 90 99 90 97 2 81 94 35 14 8 1 83 23 16 46 60 99 96 53 53 33 22 46 45 17 48 12 86 66 
63 89 65 53 82 88 89 61 54 3 47 19 17 70 58 64 49 48 94 16 51 92 23 97 71 47 19 5 50 88 7 53 69 35 13 22 55 78 62 48 34 53 60 17 2 94 50 15 15 24 87 85 7 15 40 82 99 68 97 35 55 53 77 86 11 4 85 12 73 48 6 49 24 88 66 88 9 75 5 8 8 48 76 81 69 71 25 92 49 38 56 34 79 25 49 70 10 36 88 57 89 71 34 21 40 52 60 38 88 3 49 84 70 58 70 1 68 18 46 38 41 18 12 83 99 94 95 44 25 35 29 18 81 65 73 99 42 21 75 24 11 12 31 23 84 92 16 0 65 69 62 41 76 63 80 58 86 10 39 62 65 5 93 10 23 67 45 53 7 67 47 37 80 24 50 44 47 52 29 23 14 20 83 60 33 64 50 54 40 95 61 13 13 50 28 9 19 62 84 31 14 99 80 50 93 5 32 44 66 8 60 42 65 12 7 96 68 79 76 27 54 95 56 63 1 71 22 13 64 84 15 54 28 87 50 30 74 73 15 23 61 95 98 80 30 3 15 56 82 95 19 23 82 33 10 84 37 66 62 76 17 15 46 18 55 4 1 35 9 27 60 24 29 45 67 89 79 67 47 25 86 32 75 75 47 16 93 55 74 72 78 46 65 53 77 90 13 19 48 45 
80 47 47 31 77 90 63 46 82 94 23 22 40 78 44 46 54 66 30 97 75 18 64 24 57 48 88 47 98 2 8 33 62 32 12 33 93 30 49 15 67 90 54 80 44 17 61 86 81 90 96 37 16 70 85 73 35 26 82 40 52 86 69 27 28 60 7 30 9 61 27 51 24 74 69 67 47 33 0 35 27 8 89 76 86 90 13 78 3 69 16 26 61 40 23 82 41 94 71 25 2 79 31 3 71 50 84 62 72 10 35 58 57 88 91 58 84 73 83 79 27 68 98 36 89 63 61 75 29 11 66 99 91 12 6 39 23 69 35 81 24 96 79 47 62 82 7 98 50 14 41 43 1 3 24 43 78 86 49 6 80 69 2 3 77 20 92 22 53 1 42 22 81 39 12 45 58 59 25 85 9 7 61 59 48 62 10 59 82 39 85 65 11 45 47 66 2 63 5 36 64 93 17 79 73 87 21 56 29 1 89 50 59 43 28 42 17 57 55 3 32 53 74 71 1 95 87 88 24 34 24 58 88 13 83 60 4 85 60 10 16 5 59 66 47 14 26 29 87 8 17 35 73 56 20 62 54 28 61 44 43 55 6 20 49 10 93 14 21 43 19 89 22 55 86 8 94 76 75 84 98 23 2 61 24 40 34 35 7 30 60 14 70 84 39 13 36 10 79 96 
52 39 27 5 79 80 3 33 66 53 66 22 82 22 71 50 21 69 30 77 87 6 29 92 61 7 47 18 96 94 29 67 1 15 48 87 48 90 34 64 78 65 60 87 72 78 39 89 4 31 86 0 18 77 68 71 52 82 62 7 6 58 51 31 52 13 81 62 16 83 87 2 87 0 21 17 23 5 40 32 34 18 91 74 53 46 93 90 87 59 48 6 72 79 72 63 2 40 32 43 99 34 22 23 91 10 49 29 55 8 28 43 74 54 33 57 39 28 43 27 59 92 72 6 92 47 5 48 55 35 39 34 74 34 54 74 8 47 48 78 49 72 8 27 5 96 36 65 16 93 44 66 72 32 7 81 30 39 50 77 29 4 79 30 48 61 84 12 62 96 58 65 12 59 76 28 49 62 27 7 21 56 70 68 68 95 61 0 72 12 95 83 22 50 0 52 53 2 0 64 20 71 54 89 48 55 44 33 76 41 8 46 53 13 86 33 77 97 46 86 4 73 12 38 5 77 50 75 53 65 74 35 66 89 81 68 90 22 44 67 98 18 9 40 4 79 43 0 34 86 73 88 38 9 29 21 99 53 81 68 37 38 2 36 56 63 59 46 61 6 63 65 5 11 3 98 94 52 47 17 20 10 64 45 12 58 21 52 99 78 16 87 56 57 96 52 63 7 36 60 
17 70 6 32 35 70 97 58 72 75 17 6 29 13 37 90 64 75 57 60 81 52 48 15 91 10 55 75 69 67 4 66 75 90 1 51 36 45 1 48 17 76 32 64 0 7 49 6 57 92 89 81 33 75 5 56 81 97 68 4 1 18 86 15 9 94 24 43 98 18 29 52 98 32 53 26 78 4 28 74 48 29 89 22 84 11 19 75 30 2 71 11 28 39 79 80 62 90 75 40 59 36 30 77 50 65 64 2 29 13 69 94 56 18 48 0 45 25 57 92 2 93 60 14 4 72 79 56 31 70 5 41 34 11 61 23 1 20 68 44 88 8 6 61 29 75 12 6 68 75 93 50 22 19 78 62 20 92 90 0 46 6 88 26 52 55 71 47 39 17 19 77 7 30 9 87 43 32 11 69 22 59 65 86 77 42 59 22 85 71 80 24 30 22 78 81 80 80 27 61 17 97 27 33 15 52 83 18 35 1 30 97 82 3 86 24 83 43 53 59 14 81 92 95 0 22 20 27 70 94 19 36 46 78 21 83 83 80 4 80 4 46 41 33 36 33 4 46 81 51 1 20 3 30 4 73 34 58 81 35 50 73 17 69 34 34 81 76 31 52 52 97 43 43 99 30 53 7 67 95 78 44 59 87 60 18 26 43 42 35 43 39 25 25 19 43 82 15 75 99 
88 3 74 82 6 57 50 15 44 83 62 33 38 48 6 17 38 18 79 45 60 3 76 23 46 22 34 35 89 23 26 13 29 68 56 2 11 58 24 88 29 48 82 81 90 74 40 9 64 96 15 10 50 63 5 40 42 72 1 12 43 73 40 53 38 85 20 54 70 8 38 59 13 93 51 86 89 77 43 67 83 85 57 95 70 32 6 54 19 12 66 63 1 1 79 28 79 17 23 86 85 13 28 42 7 4 1 17 51 99 56 41 77 53 30 12 76 40 43 64 96 76 43 40 41 18 56 90 29 32 61 73 94 63 50 25 35 68 96 65 25 31 67 48 48 33 67 64 14 69 64 47 2 38 17 10 42 90 39 26 7 94 29 16 25 96 47 73 97 37 40 83 13 41 20 83 36 19 30 11 26 82 72 54 11 28 8 37 37 96 47 5 78 99 65 34 32 34 16 90 10 27 4 78 86 53 46 48 95 77 55 74 20 23 24 42 77 16 8 43 96 32 22 94 53 43 3 44 69 80 5 51 65 22 97 15 73 67 27 51 91 2 84 25 58 19 28 10 31 0 9 69 78 74 54 42 84 90 52 13 51 18 50 44 31 39 99 18 32 3 33 9 68 53 23 31 2 16 80 95 14 46 42 86 4 15 92 0 71 64 20 6 83 16 39 27 23 24 58 30 
14 61 21 78 80 60 86 17 75 5 28 45 48 17 40 16 24 97 0 97 27 94 22 39 36 90 16 34 33 90 58 92 35 58 99 21 61 46 51 94 26 26 7 11 97 9 7 75 84 77 66 32 71 70 8 55 6 8 72 69 33 17 54 95 36 92 30 11 54 3 39 35 33 71 7 21 3 17 83 4 88 95 93 82 39 49 96 55 21 82 92 49 4 50 3 92 88 12 96 59 52 55 1 68 71 76 66 44 24 71 76 99 6 76 74 27 8 88 43 94 34 44 76 61 9 99 69 58 56 47 99 18 18 90 99 44 73 66 81 88 23 94 65 47 32 86 89 58 69 9 41 21 92 38 44 34 16 6 80 94 66 7 60 48 0 96 91 7 69 75 31 69 13 47 99 61 58 83 2 72 22 34 86 7 8 61 72 4 46 45 4 56 72 58 55 48 22 29 74 58 82 24 86 42 48 20 98 76 34 65 97 4 16 82 9 81 84 55 51 82 58 58 76 91 58 38 11 26 85 73 16 21 32 14 96 71 98 2 50 17 42 54 46 35 38 4 48 63 22 45 30 17 24 84 73 35 34 77 78 31 36 80 53 43 0 27 38 29 7 49 79 35 90 81 40 48 60 86 37 64 82 76 77 68 64 95 4 21 6 82 54 19 67 35 24 65 93 33 4 92 
98 17 48 3 12 62 56 36 27 11 21 48 86 2 76 0 7 95 47 33 73 9 28 53 47 52 75 14 15 10 74 47 39 59 55 21 10 96 58 35 34 27 44 45 52 33 35 53 60 51 50 47 0 98 40 2 23 48 16 79 31 24 80 86 10 93 98 8 7 97 30 48 81 18 17 32 60 20 46 6 76 69 71 29 42 36 50 78 56 4 64 36 0 53 9 43 36 5 18 12 92 60 76 92 84 28 62 52 48 2 88 79 50 81 28 74 83 61 5 32 48 99 3 52 10 95 66 92 20 77 55 3 12 97 19 22 72 37 97 66 54 65 94 1 90 21 14 28 71 61 6 88 49 12 24 56 78 25 11 81 42 27 84 6 79 68 0 99 12 25 79 29 37 80 84 72 84 86 25 63 79 2 38 47 86 21 85 59 78 39 56 31 26 2 87 8 97 85 19 94 57 0 36 19 26 95 94 3 65 76 93 77 10 69 7 17 64 1 80 38 53 9 33 74 13 50 14 15 67 5 88 84 65 7 95 4 72 46 51 43 72 19 86 87 61 94 5 9 98 95 42 88 0 95 93 77 83 82 50 27 84 34 47 53 42 20 94 78 55 13 1 15 30 80 7 76 58 61 14 12 84 13 71 98 49 69 42 52 62 12 87 1 68 97 15 92 40 12 99 54 
51 28 6 84 33 17 33 41 55 67 96 89 27 94 39 79 55 55 2 84 88 83 48 49 8 67 2 33 85 92 83 42 65 71 19 54 95 60 40 9 0 90 4 41 45 42 53 0 70 57 86 97 44 71 31 10 79 62 70 17 87 30 90 6 96 38 76 4 72 99 76 98 67 28 78 11 69 97 90 89 7 28 25 59 59 20 2 13 89 56 0 24 94 64 64 2 69 74 36 86 62 60 25 44 98 23 42 52 36 63 31 61 73 38 69 73 3 2 94 73 75 63 59 73 36 97 20 5 6 73 9 30 43 1 74 48 25 5 40 52 0 9 94 25 5 4 56 87 62 26 15 3 0 89 5 93 23 32 12 87 57 76 25 33 6 76 13 98 38 81 3 78 24 69 63 44 97 95 75 58 32 62 5 34 88 81 76 52 39 35 26 9 34 44 1 38 84 76 0 37 31 42 17 67 48 44 64 75 43 93 70 78 84 47 75 59 92 6 33 61 46 9 55 55 7 15 41 27 92 53 68 2 19 62 16 34 61 67 87 97 31 96 37 18 38 22 74 58 27 46 92 68 22 50 58 32 46 79 1 20 18 27 80 88 15 32 61 32 58 4 65 47 39 50 60 18 22 85 87 2 69 32 85 30 54 26 69 5 79 43 56 18 99 50 74 76 58 88 59 20 
83 84 94 85 13 21 74 64 13 74 99 56 23 8 32 15 39 97 54 65 96 26 3 21 13 6 56 41 48 18 76 35 57 72 46 30 88 20 68 14 62 87 37 3 19 70 40 90 19 27 51 57 83 98 58 76 22 11 99 84 18 58 26 85 11 63 57 23 33 7 86 96 33 26 60 24 19 62 71 4 85 12 98 52 51 46 89 99 94 49 51 93 90 60 14 53 89 84 70 31 39 58 56 19 3 86 63 50 79 76 67 8 66 44 39 47 77 2 20 84 44 0 60 79 50 92 96 27 12 29 30 43 62 33 26 94 90 66 15 74 46 57 96 31 76 52 24 90 64 50 23 64 64 77 10 15 46 2 48 9 15 89 54 6 87 40 63 75 29 28 20 79 0 59 12 5 34 58 0 60 40 90 61 46 58 26 88 92 21 91 98 64 74 24 55 25 24 35 25 87 93 35 82 70 81 55 86 41 76 87 86 54 33 2 83 76 43 92 87 99 43 5 61 43 45 90 92 27 47 90 18 0 40 15 77 79 22 38 9 51 47 96 39 31 64 82 89 42 46 84 67 75 12 42 74 28 97 75 20 1 24 61 3 22 69 92 52 25 86 74 94 61 2 39 51 72 80 79 67 9 71 80 60 21 21 44 57 47 9 35 34 87 18 16 27 37 89 26 57 21 
97 53 5 0 77 6 86 80 57 19 25 45 35 86 66 61 25 77 54 33 70 90 31 52 85 44 60 31 90 41 42 2 40 9 62 71 85 16 39 20 4 11 22 93 1 77 20 42 4 47 57 62 83 92 79 89 77 11 20 39 75 61 28 93 62 28 68 87 49 84 15 75 16 84 39 70 41 92 32 0 6 16 49 13 60 61 46 45 11 34 80 27 85 75 42 45 71 9 81 99 73 0 19 26 58 44 45 35 72 69 76 33 0 23 63 11 93 46 39 25 58 14 36 12 46 69 14 99 72 35 11 33 1 79 57 37 48 49 89 85 24 79 33 58 90 27 20 83 19 65 36 92 58 65 0 41 61 64 70 19 60 4 91 89 30 1 41 35 8 5 82 28 72 26 51 22 2 66 61 2 85 32 47 67 8 85 4 10 6 81 15 60 95 63 69 9 59 50 53 33 81 2 47 43 33 78 17 55 26 63 13 43 51 93 57 94 67 53 67 85 42 70 53 35 97 8 16 70 73 6 43 6 8 43 63 82 5 35 20 49 81 86 55 59 54 98 50 72 55 97 30 8 4 81 56 79 51 51 22 98 63 81 65 83 24 79 31 42 63 97 21 53 48 91 54 41 9 89 49 29 24 96 85 91 40 29 35 89 0 52 97 21 33 19 9 84 25 48 35 91 
59 96 78 7 97 78 63 91 76 12 80 47 83 76 76 91 7 97 72 80 81 55 70 75 67 64 67 88 36 1 83 36 26 65 91 6 3 64 90 78 60 78 37 31 3 12 3 71 11 67 81 61 60 85 57 2 58 29 73 63 44 38 30 62 39 98 62 70 91 83 91 20 12 26 17 80 21 96 17 69 99 82 51 31 67 16 61 57 13 84 57 34 29 39 90 92 87 92 29 13 91 16 13 69 92 34 24 48 28 0 24 58 32 90 70 47 58 37 4 94 80 6 89 53 67 4 25 23 0 76 34 33 54 28 90 89 40 41 93 79 16 48 14 92 48 99 97 21 16 21 28 14 24 68 43 91 27 14 56 95 56 8 19 58 28 33 4 46 73 19 34 42 1 77 64 31 62 21 62 60 21 54 62 56 48 40 92 81 44 95 87 51 79 82 32 69 26 24 96 19 54 72 89 33 32 41 73 71 3 64 31 89 13 10 86 33 72 96 83 10 42 60 5 11 99 88 91 73 83 82 90 58 56 40 7 99 48 9 91 86 42 68 5 95 61 3 4 0 93 3 34 59 78 37 92 5 98 20 51 35 31 66 29 87 65 56 4 49 17 66 88 91 31 41 24 87 95 71 35 18 50 64 59 28 67 67 42 94 96 97 99 43 35 83 15 72 44 90 0 46 
72 78 90 72 98 56 28 32 74 96 21 54 63 81 15 80 54 76 40 93 27 43 64 8 46 27 94 82 34 75 51 15 36 31 70 58 84 15 28 55 83 12 56 21 29 53 94 63 77 6 22 12 73 9 74 35 84 37 7 68 89 12 84 67 29 19 27 52 40 55 42 68 72 66 21 99 23 80 24 87 38 43 44 75 89 85 97 47 93 69 42 47 72 31 28 7 0 92 44 94 94 81 84 46 48 22 16 47 33 26 69 17 32 29 49 47 80 54 0 65 14 63 79 14 59 98 15 27 60 80 88 38 91 91 11 82 16 60 60 61 55 23 28 76 84 15 66 96 88 0 57 61 82 3 77 71 39 7 49 14 77 93 84 74 14 23 11 63 43 40 95 15 2 63 6 9 77 41 12 1 44 75 10 34 26 61 90 26 43 56 2 40 52 94 41 30 27 71 79 2 53 74 79 18 25 78 11 23 59 54 20 46 13 60 36 72 69 21 52 28 47 71 13 6 44 59 52 15 75 5 12 30 2 54 93 61 93 60 19 76 3 60 49 93 45 69 86 56 99 51 20 69 39 46 31 36 77 12 68 40 9 20 11 8 43 24 37 34 80 38 10 88 47 74 38 71 67 47 10 58 28 67 70 44 88 40 68 78 67 29 23 27 29 44 10 84 83 73 27 73 
12 98 67 37 22 60 50 23 47 11 30 69 1 2 29 26 38 77 44 66 59 66 39 33 43 41 49 97 99 7 38 51 21 69 76 84 85 3 98 95 38 67 4 10 85 2 83 58 43 81 11 99 92 63 90 28 76 71 74 43 21 15 27 20 17 40 27 23 58 61 18 43 63 28 58 89 48 64 30 61 73 8 96 27 3 40 37 88 23 94 60 79 15 70 75 67 58 97 13 70 56 51 98 28 30 71 57 36 47 1 95 95 71 46 25 27 19 2 27 61 33 2 58 81 37 90 43 89 80 98 93 93 55 65 78 54 56 3 36 46 73 7 50 27 29 15 60 66 64 99 30 1 25 51 53 20 5 45 86 25 61 26 37 23 96 16 85 64 0 63 97 97 38 92 58 29 16 35 38 68 58 68 96 11 35 1 1 53 33 86 7 84 59 68 43 12 42 94 32 75 70 25 14 94 91 83 1 18 43 90 26 15 82 94 35 57 39 4 25 64 28 12 65 53 10 10 84 37 21 8 88 10 51 28 64 32 67 52 45 50 39 65 66 12 43 39 72 52 30 17 23 28 63 73 1 57 92 99 68 66 58 51 70 38 38 8 59 64 2 90 43 20 2 42 0 22 45 89 54 15 75 26 89 41 33 36 83 64 35 87 7 90 36 94 53 62 39 69 83 33 
25 39 71 33 50 71 74 99 53 6 48 38 54 16 60 60 98 45 59 13 38 86 49 58 99 56 64 63 70 79 87 8 90 18 89 32 75 30 38 19 93 36 37 91 92 40 40 65 79 64 33 53 86 12 41 41 24 47 46 61 32 6 97 44 84 99 76 70 79 69 76 19 20 42 98 12 24 81 69 23 58 5 60 71 69 77 8 72 42 82 0 51 32 82 67 58 52 34 33 3 12 30 46 55 47 68 88 81 30 86 91 63 46 60 53 96 61 57 38 70 85 65 46 34 23 7 62 22 4 91 13 66 2 27 38 10 56 74 16 23 39 41 85 68 80 41 72 67 10 32 59 12 78 80 20 53 67 45 46 31 7 54 54 32 51 35 14 93 82 68 53 33 18 57 36 15 94 40 1 25 43 11 35 2 39 27 49 57 78 60 54 42 25 92 48 80 13 30 40 31 26 74 13 81 83 46 96 36 51 30 44 21 32 68 29 31 51 22 11 37 8 81 24 30 51 83 45 67 11 19 49 81 51 0 70 44 62 55 89 18 71 33 52 48 29 45 47 16 55 29 36 22 56 34 98 96 72 60 39 20 90 44 12 55 45 34 46 40 24 62 7 77 7 90 39 38 27 12 27 96 21 28 77 20 98 49 53 35 37 4 51 8 29 76 71 20 60 16 54 93 
88 42 13 50 70 54 31 62 1 79 46 4 16 15 38 74 58 48 69 60 20 41 86 74 60 87 36 36 9 30 57 39 47 71 4 33 36 95 9 37 67 80 47 27 64 34 42 4 68 93 65 47 95 53 1 71 55 82 88 21 99 49 9 80 40 90 53 9 38 67 8 46 90 53 48 78 90 82 67 72 41 39 59 59 93 62 43 87 67 27 11 48 66 87 76 99 51 5 93 55 7 37 18 54 9 32 99 92 41 97 43 7 33 9 9 84 75 14 6 21 59 27 25 84 7 13 84 82 40 21 3 39 35 20 77 61 12 87 57 30 29 41 87 56 42 25 76 67 32 32 12 14 40 14 17 82 13 44 74 25 52 10 94 84 43 18 15 10 27 17 78 44 27 52 35 65 18 42 88 12 44 24 63 9 28 89 85 57 72 10 13 66 34 77 13 70 42 78 9 17 31 54 90 41 70 88 11 22 84 44 45 79 60 78 48 95 21 82 87 11 65 93 48 42 18 88 77 38 44 96 98 7 11 30 93 86 50 19 90 60 41 51 82 82 19 66 78 99 31 59 24 4 67 56 82 76 45 81 74 16 85 20 65 44 64 9 18 2 28 35 69 46 36 47 73 32 53 76 19 22 40 82 0 89 50 11 4 21 34 86 96 23 66 10 17 67 1 19 38 2 
19 71 65 94 29 48 92 27 62 76 17 8 18 13 50 42 47 17 91 44 81 73 2 72 78 78 16 21 74 56 25 58 39 79 43 53 20 38 20 55 3 86 45 4 40 15 20 26 85 20 36 83 99 5 90 94 78 16 72 25 19 13 23 29 61 59 62 18 94 29 69 98 59 6 91 66 95 11 20 66 52 43 90 50 71 77 58 82 48 32 85 40 77 84 80 35 87 63 29 54 74 2 26 89 15 20 63 96 50 63 63 9 32 62 87 66 97 55 11 20 35 87 77 2 39 58 43 85 52 55 71 68 0 3 45 59 77 24 93 59 13 62 37 60 70 33 49 59 53 34 21 79 8 15 51 50 5 64 1 79 9 83 5 74 53 10 84 25 15 3 60 6 45 96 62 47 73 28 82 28 28 74 31 23 5 9 98 0 20 52 74 40 84 79 31 60 28 65 4 30 29 83 1 19 9 57 93 21 42 4 83 82 21 67 87 74 53 74 31 9 39 16 90 49 56 19 37 23 29 14 69 40 45 46 4 58 53 97 27 26 71 95 31 72 45 73 71 41 76 60 50 73 66 74 77 45 1 68 31 31 73 27 79 43 17 50 77 92 33 72 61 63 54 22 28 19 19 16 68 63 95 5 71 32 78 48 35 57 28 68 4 27 55 82 5 56 61 41 16 29 
86 34 92 56 75 86 60 55 79 53 2 29 53 91 65 92 34 89 95 37 32 76 73 96 47 50 52 83 55 78 0 48 23 68 95 20 81 37 69 83 69 38 61 58 62 56 26 44 70 12 66 28 9 5 71 29 70 2 0 51 5 0 98 5 4 24 73 92 80 9 44 47 82 28 76 24 54 79 28 10 99 39 56 66 84 41 83 91 83 44 93 81 10 33 31 66 98 51 69 72 76 48 4 69 49 8 45 23 98 92 36 58 80 49 41 9 4 94 16 89 94 11 47 16 35 16 4 65 52 34 64 75 1 88 12 6 86 64 34 12 85 43 34 29 17 58 68 70 17 51 97 68 55 71 82 89 67 69 80 46 26 83 74 81 80 71 87 93 50 14 80 3 36 28 25 3 22 46 91 92 96 15 37 16 99 60 53 59 58 32 38 62 57 80 83 59 69 31 2 3 44 76 26 99 98 91 67 3 60 25 28 1 76 40 37 28 65 42 53 7 20 21 77 72 28 71 15 33 82 75 18 19 48 32 14 61 83 60 2 58 30 7 4 53 85 29 81 37 74 86 10 73 98 40 50 73 31 66 93 86 65 31 44 27 55 97 26 40 63 11 27 35 53 69 11 93 51 98 41 54 57 86 24 20 91 73 65 41 39 8 46 91 21 7 47 91 68 50 44 77 
71 36 90 15 51 21 13 89 91 47 76 28 90 7 94 33 64 53 46 23 67 41 74 11 19 95 46 48 35 73 54 72 34 75 94 14 34 4 77 0 88 60 32 82 93 77 26 91 76 62 72 72 43 36 77 35 18 67 76 10 85 77 12 80 77 21 29 23 18 27 72 42 83 33 39 81 67 61 62 63 47 29 45 83 76 71 27 74 78 47 66 92 20 38 12 49 82 8 69 7 29 60 70 57 79 14 82 97 87 81 11 40 25 71 79 93 12 49 95 65 79 39 56 87 59 68 16 17 95 62 43 73 9 45 15 6 44 99 65 41 9 99 89 39 87 46 15 46 17 43 63 0 6 64 14 94 59 7 90 9 60 81 99 1 10 16 19 16 34 33 11 65 2 6 12 68 4 68 45 25 31 55 41 62 62 88 55 86 30 31 36 48 7 23 73 13 94 79 30 61 42 74 66 31 41 25 67 54 76 63 44 86 73 22 82 92 83 0 16 79 87 12 59 39 70 18 84 35 67 37 99 45 47 99 92 72 50 14 43 21 63 73 14 62 3 12 38 57 2 33 90 24 26 91 98 21 73 52 10 3 84 53 15 29 29 69 74 63 97 60 37 15 54 57 69 93 65 93 64 10 10 33 83 49 20 70 3 80 34 56 41 26 74 33 70 65 93 54 48 85 
95 83 74 69 1 55 82 90 12 30 89 98 91 70 27 60 88 86 52 64 3 46 26 88 80 72 24 92 74 80 70 29 67 70 57 14 14 22 9 42 75 89 42 58 30 54 72 30 26 76 30 15 23 86 33 12 54 70 76 11 0 50 15 57 50 39 21 96 67 64 94 41 30 36 21 18 2 51 20 10 75 74 57 26 63 88 13 30 97 23 60 9 28 19 48 5 55 10 37 59 95 68 32 90 30 97 62 93 43 4 61 57 54 14 25 83 22 80 76 48 47 27 46 35 77 57 50 55 10 97 82 0 95 2 77 29 74 70 71 96 54 9 69 38 95 63 62 66 28 6 12 75 30 10 7 56 59 15 90 52 83 49 68 43 57 55 95 11 38 82 23 90 61 74 40 23 7 16 27 75 69 26 2 34 10 1 55 5 82 29 91 95 23 82 43 67 68 57 43 56 47 92 29 32 55 59 24 56 9 7 25 32 62 16 46 83 98 58 33 30 51 15 60 13 21 40 91 40 73 25 97 95 64 94 6 69 17 72 88 62 33 31 56 24 18 32 96 58 50 38 63 74 29 37 92 81 18 72 67 28 82 59 20 69 1 11 2 6 93 69 87 65 56 16 28 21 9 15 23 0 98 34 59 6 41 79 36 45 92 52 64 45 66 40 94 85 82 35 40 38 
90 22 62 32 32 90 17 88 4 87 52 25 55 68 14 45 42 1 60 29 73 62 74 67 57 30 53 0 40 54 46 18 9 87 41 8 64 45 34 44 66 18 32 88 12 62 20 44 12 20 84 26 33 72 29 63 80 43 86 37 54 56 10 54 44 0 72 72 25 41 28 1 83 62 24 86 1 70 37 70 63 26 16 8 54 28 29 52 90 5 69 33 49 61 65 81 21 14 22 49 73 2 19 97 76 89 15 90 3 14 32 88 32 0 83 50 98 68 77 19 71 94 29 60 60 57 11 56 60 63 44 71 75 84 63 22 24 81 76 13 9 77 75 17 54 99 98 69 4 34 83 0 32 68 48 33 31 61 52 94 39 32 47 5 43 43 16 60 35 8 62 70 55 10 0 35 21 65 30 24 93 29 53 58 80 69 92 77 90 55 60 0 36 86 89 31 34 68 42 52 14 17 54 90 21 31 52 7 90 56 96 80 56 57 0 78 15 88 82 51 38 92 78 5 19 75 82 71 83 77 36 30 24 40 48 73 32 23 75 59 12 10 3 8 37 54 43 3 65 29 94 60 58 53 19 94 18 61 96 46 70 92 67 13 89 25 60 90 59 66 48 7 99 17 14 57 89 24 0 34 55 16 52 83 6 16 31 79 95 59 81 59 52 27 7 17 33 0 62 58 
51 40 25 22 24 48 36 15 38 99 25 63 68 17 71 37 23 99 70 27 38 97 11 51 32 68 28 43 5 77 9 32 99 93 24 69 90 54 6 5 62 79 47 5 85 88 84 14 56 76 87 63 61 50 44 69 58 97 41 19 12 16 78 73 7 33 2 68 25 5 40 0 81 64 58 96 13 61 44 81 97 61 44 38 42 48 92 3 55 64 28 29 63 29 33 84 27 9 55 30 89 20 78 7 26 50 26 37 88 88 57 43 87 29 67 56 20 98 21 13 26 48 3 16 89 40 54 10 84 59 42 91 67 31 79 75 73 70 83 12 74 1 15 15 40 24 89 51 96 92 82 72 55 29 55 76 18 21 13 34 85 60 1 8 6 54 53 95 74 50 68 0 96 85 32 18 87 86 78 41 96 2 46 56 67 19 4 34 74 33 97 49 46 53 98 1 51 85 66 32 66 87 90 2 41 2 6 79 65 55 38 38 79 52 38 16 33 94 77 38 74 10 84 87 64 76 74 73 69 40 35 58 56 6 93 10 25 65 55 71 92 71 8 79 26 47 38 77 37 98 40 23 97 9 32 87 10 71 37 25 28 48 32 16 32 33 57 6 57 3 17 33 63 38 70 24 87 5 74 6 39 7 87 86 83 67 26 94 36 72 67 76 20 51 80 26 31 94 98 33 
76 63 84 18 87 60 66 88 1 31 97 8 80 29 55 78 1 3 97 99 39 17 11 75 66 46 57 49 28 80 39 53 46 0 2 18 14 73 49 48 4 74 44 31 75 68 84 8 50 48 71 27 26 9 23 22 85 74 25 53 47 10 2 55 96 28 1 28 74 45 38 99 93 36 8 94 20 32 14 43 18 24 18 81 81 15 57 44 85 93 37 46 57 10 13 82 49 70 99 89 11 44 91 98 59 67 95 61 24 58 24 8 93 94 36 70 5 1 38 25 7 45 61 74 0 99 69 39 53 65 66 80 76 71 66 24 22 97 37 34 2 16 95 83 24 6 35 78 37 34 25 75 18 52 53 28 39 97 69 85 57 3 59 54 33 88 60 82 99 76 84 22 19 43 12 75 19 91 51 96 65 46 52 91 14 52 56 6 71 88 51 5 63 91 89 74 58 61 73 32 97 30 38 8 81 72 61 76 48 95 38 53 85 65 85 64 52 0 67 8 46 24 17 6 10 13 86 5 72 52 5 25 88 73 21 49 10 38 66 44 13 81 34 56 78 87 62 40 15 32 3 16 55 21 12 85 91 41 0 59 74 91 64 1 5 0 43 12 1 72 89 52 37 58 69 50 27 76 89 87 19 99 29 11 34 95 48 34 0 59 32 83 40 5 89 30 6 87 32 67 
99 8 60 71 44 20 85 54 1 25 11 70 36 71 36 55 32 27 73 32 20 68 42 1 58 21 62 65 18 26 70 94 55 41 44 91 51 40 83 29 10 92 39 73 71 63 99 80 40 63 71 80 67 18 70 79 97 97 61 89 54 57 60 46 69 34 13 28 1 78 82 43 8 70 91 3 55 75 13 94 31 48 97 9 50 6 12 50 0 60 38 4 60 4 21 51 18 85 71 87 3 39 56 71 31 16 53 28 45 87 59 76 19 63 9 68 72 80 15 65 56 30 83 74 75 7 62 76 89 17 30 68 55 13 27 61 89 52 14 74 64 64 5 82 66 82 69 0 98 73 84 5 0 99 87 16 35 54 79 30 14 94 33 22 87 69 76 2 40 36 66 18 24 84 39 73 76 15 37 6 86 27 7 33 44 87 73 42 1 14 84 28 5 72 98 62 91 64 35 26 52 86 73 35 5 40 69 53 31 4 19 42 26 72 24 15 76 82 42 83 0 73 12 27 19 76 75 23 49 97 20 36 35 24 98 19 44 13 86 65 97 23 50 87 1 83 99 24 69 36 94 99 81 0 16 91 55 96 53 98 11 87 70 77 83 1 78 22 40 93 40 26 10 11 69 81 88 87 75 11 34 2 97 4 26 12 5 91 26 21 91 70 85 0 11 1 31 68 18 89 
21 21 97 27 88 72 53 85 26 58 57 96 96 94 26 36 77 75 69 71 22 71 51 80 73 87 17 99 92 43 24 20 12 58 41 69 61 77 14 87 15 87 66 77 57 65 91 91 38 71 24 85 77 3 63 60 73 11 21 39 93 41 76 74 60 39 82 87 4 64 4 95 52 46 71 55 99 96 2 90 71 62 68 90 39 31 28 65 44 54 39 62 2 42 20 0 45 55 79 98 34 0 74 75 24 91 71 45 82 65 44 44 38 30 55 89 30 77 86 71 7 11 42 16 36 62 42 1 76 44 43 22 81 53 13 54 51 90 77 61 8 90 69 55 58 38 91 87 88 23 41 20 45 94 20 20 53 13 28 10 20 57 7 18 56 24 14 46 45 99 56 63 27 14 32 12 84 94 66 67 61 19 5 1 34 31 15 39 91 71 68 14 5 98 91 55 44 43 39 23 83 18 61 52 67 80 59 33 23 58 60 83 39 80 25 1 46 31 24 76 34 17 90 90 91 83 99 76 75 75 84 83 64 31 64 0 30 66 76 58 47 42 39 99 28 17 82 94 82 84 63 40 41 57 56 74 31 80 22 98 60 84 87 11 21 38 25 54 34 15 84 51 25 66 22 84 43 48 0 80 69 67 67 51 52 68 1 57 40 37 74 76 87 99 18 54 12 88 55 3 
42 67 51 30 51 74 44 82 9 48 99 80 63 68 94 64 51 23 24 24 91 86 85 43 21 14 19 77 23 11 56 74 91 62 13 46 47 86 66 12 65 29 39 10 49 28 50 79 99 96 2 14 90 39 72 3 5 22 32 7 6 88 78 4 32 40 77 29 1 74 64 31 59 99 15 5 38 65 64 70 35 25 75 24 36 60 75 67 95 52 74 62 99 48 58 37 29 73 88 7 88 58 70 38 55 70 60 30 6 85 52 82 11 80 23 45 86 93 81 55 24 59 92 78 76 1 56 20 86 97 94 34 52 75 67 42 90 46 10 0 54 6 82 38 92 67 61 54 98 67 72 28 71 66 44 56 5 41 84 81 92 80 79 11 93 75 92 87 15 36 37 92 45 62 42 64 49 85 6 87 87 88 74 86 92 99 16 16 76 79 37 49 42 94 95 9 76 91 38 96 59 78 49 41 71 4 71 96 70 38 83 39 97 50 40 36 88 45 37 37 47 2 68 32 76 4 98 45 60 44 11 61 28 9 89 36 53 64 98 43 83 89 13 58 69 59 6 63 38 92 3 88 1 20 13 9 83 76 15 70 97 60 43 56 8 2 7 61 70 89 71 88 1 8 27 89 70 5 28 87 66 24 14 28 19 56 32 65 26 75 43 18 36 89 16 18 63 23 53 83 
98 13 90 57 39 90 20 96 60 26 81 71 40 61 37 10 4 14 65 64 14 34 46 49 20 94 0 70 31 42 16 3 9 79 6 11 66 67 95 66 32 12 62 87 77 55 14 73 60 14 11 37 33 47 28 48 85 87 53 29 34 57 52 4 36 15 97 92 57 67 21 16 68 62 88 44 64 54 51 50 15 92 20 96 85 44 61 27 99 27 13 66 68 38 20 31 38 1 85 76 32 87 38 82 51 32 93 30 42 74 61 97 62 68 94 54 77 52 52 81 55 60 76 83 43 79 54 51 36 62 51 19 91 85 58 91 54 54 97 0 21 63 60 25 52 42 22 39 66 99 14 35 8 77 28 60 45 46 84 25 49 72 63 12 79 54 61 95 15 44 14 91 31 2 99 7 34 63 48 10 51 8 95 68 43 86 68 18 41 2 15 64 53 56 5 23 83 54 94 71 29 70 34 43 76 1 0 2 15 97 67 40 44 73 47 21 3 75 83 17 72 75 51 45 88 54 48 61 39 42 47 51 89 44 74 67 3 73 53 95 99 25 61 8 34 49 90 86 96 20 50 24 61 93 3 64 55 55 85 42 56 72 38 58 49 98 34 19 72 95 19 29 50 44 32 67 87 60 47 50 22 6 61 48 40 48 85 8 17 97 97 21 93 70 64 9 60 44 2 28 
23 41 62 37 97 32 1 76 86 26 16 89 78 71 32 72 21 0 43 22 30 66 14 95 50 54 84 39 95 11 54 66 40 89 17 43 59 51 12 36 16 35 91 4 55 0 30 85 25 5 98 41 15 96 84 35 8 78 32 13 28 73 13 40 84 78 54 26 20 75 56 87 83 40 73 19 37 30 8 51 87 87 70 58 83 41 17 54 90 61 42 83 58 59 97 67 95 11 11 90 24 34 51 44 98 91 97 81 73 43 7 41 52 3 19 56 10 68 67 67 64 55 19 24 45 10 4 74 55 98 1 1 44 67 63 32 21 73 73 63 38 73 21 99 10 71 72 76 33 56 47 35 47 7 71 41 14 48 86 58 30 74 36 8 12 66 45 10 21 2 7 29 0 66 94 46 63 48 26 50 14 7 53 94 93 3 78 21 48 83 53 26 91 75 64 90 58 67 73 83 45 95 49 98 92 56 28 6 91 51 86 65 16 0 69 79 77 22 52 80 23 66 28 23 27 37 72 45 72 93 39 62 85 30 45 46 41 53 41 14 84 98 17 2 56 31 99 42 12 12 44 28 84 4 58 5 65 60 50 65 37 50 22 0 14 89 15 42 99 55 7 11 12 75 98 96 52 12 98 5 56 85 75 91 29 15 76 63 81 44 88 67 2 21 60 21 11 83 81 46 
83 5 16 45 91 61 4 8 47 3 11 93 16 54 1 25 25 70 66 70 95 89 83 55 73 79 67 24 72 55 69 5 72 95 48 35 43 7 82 89 14 80 66 81 40 61 18 39 25 17 68 97 72 92 67 92 53 2 52 81 2 51 41 28 34 69 37 81 74 59 81 48 51 4 15 75 89 83 54 5 87 92 73 97 55 15 7 98 39 27 6 10 16 78 27 10 73 83 98 84 31 64 89 16 20 45 58 27 2 28 8 78 54 75 95 25 96 55 41 87 25 2 11 96 42 12 28 40 50 45 38 88 43 66 62 50 77 96 50 30 96 5 86 10 39 98 28 46 64 41 11 57 94 24 29 2 20 93 83 30 20 11 14 12 13 77 60 98 41 62 69 16 65 84 90 43 76 9 25 32 34 99 94 68 98 7 82 62 67 25 66 47 68 17 70 81 57 73 10 63 56 29 41 56 83 39 65 38 99 36 58 94 62 87 38 69 78 13 72 88 46 48 55 19 41 20 38 94 71 62 46 6 30 3 15 99 70 8 22 86 0 24 50 84 81 31 26 35 41 52 91 29 66 98 95 63 79 86 33 56 92 52 2 46 31 34 26 96 52 93 11 97 2 67 79 99 70 21 80 63 83 86 53 77 74 79 6 87 50 68 28 83 39 83 18 60 24 92 64 12 
71 97 50 75 21 6 7 3 17 48 54 73 1 89 52 63 38 91 72 54 87 99 80 94 73 95 68 48 1 92 67 46 14 20 60 81 33 2 19 71 91 63 77 12 50 55 42 92 62 3 84 21 13 29 31 17 0 25 99 32 12 33 97 43 46 29 33 31 79 61 51 20 39 92 45 49 46 55 93 79 3 13 36 68 48 24 77 57 74 75 22 95 7 65 68 19 6 58 29 68 94 5 27 38 49 18 90 75 69 45 94 9 56 86 54 30 9 30 36 54 91 83 90 43 61 51 12 29 14 38 48 89 70 41 54 88 57 93 48 11 92 65 56 77 97 55 75 35 2 77 42 27 90 15 91 37 79 3 19 74 70 97 89 17 67 20 97 74 12 69 90 29 82 67 77 84 15 83 31 0 34 76 21 65 58 41 81 64 60 17 59 57 51 99 89 1 70 16 73 41 37 62 61 28 4 55 71 5 41 61 29 37 70 91 11 68 94 23 55 1 64 69 62 91 44 41 56 8 91 44 80 73 37 21 5 96 81 81 11 26 51 23 11 9 72 94 76 39 71 63 75 15 79 87 38 95 14 13 66 35 4 40 42 97 59 92 38 82 65 77 17 32 2 24 55 73 59 81 98 58 79 56 43 99 22 12 20 30 72 44 67 34 47 88 69 78 95 24 43 54 
4 95 33 89 93 91 10 76 84 92 80 46 13 66 60 69 4 34 27 63 74 90 74 12 51 52 87 92 17 29 10 7 75 68 87 37 0 50 60 23 58 15 41 63 54 21 34 96 98 94 1 72 20 12 40 70 73 48 45 81 74 84 61 94 45 74 62 51 15 24 93 9 53 26 58 44 53 80 72 44 6 81 64 34 23 96 22 99 35 72 11 40 25 99 93 55 82 11 59 20 71 1 32 19 37 9 23 30 10 74 56 2 22 97 61 75 38 32 45 80 51 37 73 27 10 52 2 56 11 57 34 36 47 37 38 65 75 4 52 4 38 24 0 82 38 0 60 59 33 74 4 16 1 69 71 79 46 50 88 56 87 42 63 98 68 52 44 10 54 64 44 23 91 55 57 83 72 20 77 21 89 44 66 72 20 81 32 7 28 32 22 1 26 72 38 82 32 99 48 83 30 87 20 83 3 91 15 66 38 79 15 74 28 57 98 32 8 98 38 60 60 72 45 64 73 77 74 70 58 28 86 95 48 26 89 87 54 88 66 83 43 76 36 70 89 1 5 75 93 94 87 97 94 9 65 4 99 64 41 15 67 92 0 19 51 14 9 83 67 35 69 5 92 26 46 68 49 23 95 65 32 63 31 83 95 79 30 42 4 88 57 84 29 72 64 18 7 65 92 20 
10 82 94 64 48 95 46 0 2 9 48 31 8 39 48 57 2 86 56 89 53 23 62 42 27 18 59 81 49 77 8 62 95 50 3 49 3 30 52 7 51 70 75 53 33 16 61 32 0 98 95 10 32 92 86 72 17 75 1 16 4 29 39 4 15 92 69 40 14 59 99 73 45 22 30 2 15 29 81 64 20 83 2 64 96 63 8 56 72 60 74 58 24 17 27 91 5 22 67 72 59 62 13 49 43 77 31 11 55 29 77 44 2 73 70 0 54 24 59 18 7 16 70 32 94 84 62 35 13 58 39 74 53 67 68 0 49 48 35 0 17 22 33 77 34 36 27 90 52 75 28 27 82 86 44 89 89 92 24 27 63 15 67 61 65 14 29 29 79 41 38 12 91 91 21 2 49 0 73 29 21 69 87 55 1 84 25 34 49 48 47 59 28 5 1 10 61 63 44 45 94 37 36 83 31 68 0 72 54 29 76 74 29 4 28 81 49 49 13 98 74 76 46 72 56 75 91 21 4 23 48 0 33 8 92 38 84 69 48 74 70 88 71 32 65 61 62 30 54 89 76 2 93 52 60 42 37 71 29 13 50 48 99 17 80 63 79 29 58 26 95 41 63 35 3 40 52 41 59 61 86 80 50 57 61 96 82 52 13 4 9 70 16 11 71 96 64 8 69 95 
26 19 62 44 11 0 80 57 70 54 33 43 31 58 11 0 31 81 20 95 99 50 58 61 49 1 93 79 56 49 38 33 19 77 17 97 2 5 86 32 28 97 57 88 52 63 34 91 13 25 42 70 56 17 75 82 21 20 13 75 76 88 30 99 30 78 51 49 2 12 1 73 33 83 91 79 22 31 68 13 49 65 95 50 54 46 97 84 69 54 99 75 53 63 29 71 13 15 10 62 57 75 48 75 49 35 79 4 59 66 29 39 11 22 84 83 47 11 28 44 88 38 39 72 94 77 18 20 19 65 56 4 22 20 16 26 73 64 16 32 61 36 5 68 26 58 2 88 63 17 75 62 38 87 40 1 51 98 54 72 25 86 6 82 34 66 66 75 24 28 23 67 68 42 51 57 86 59 55 61 9 68 52 61 72 35 63 72 57 90 61 44 5 52 96 45 36 69 60 22 86 34 36 56 34 14 61 17 11 23 7 71 1 69 73 89 37 65 56 1 50 20 99 11 57 53 18 49 20 13 30 27 8 38 11 84 89 22 97 85 49 64 76 62 3 22 55 19 41 5 87 13 89 54 67 6 12 59 11 57 55 18 14 8 25 44 28 14 77 92 24 89 45 76 96 81 92 61 18 79 24 35 7 72 67 55 67 16 27 61 8 5 19 68 50 72 9 40 14 79 
16 58 14 80 3 9 93 89 51 52 22 56 51 83 58 49 62 52 33 58 52 91 90 38 74 79 79 17 20 30 55 91 8 78 2 98 53 54 5 82 80 65 59 95 81 61 98 57 97 39 74 99 2 4 59 44 88 67 49 67 19 30 17 61 29 50 34 13 57 87 28 99 52 27 24 95 71 61 8 16 68 45 34 36 86 66 3 78 76 80 72 68 89 8 93 50 33 65 52 78 38 36 48 52 21 37 54 49 3 59 20 84 56 94 24 53 71 96 32 41 30 31 36 89 47 16 23 53 86 82 5 76 45 73 96 62 22 25 17 5 56 12 54 0 80 47 30 93 21 58 40 41 22 66 60 93 31 51 38 75 67 27 45 77 89 90 95 57 28 54 85 38 67 58 13 34 77 26 2 20 96 32 76 24 33 62 69 29 47 59 52 27 33 23 91 9 78 91 86 36 61 48 70 8 74 54 27 71 21 88 65 96 85 51 72 13 26 64 91 8 27 5 35 98 83 58 37 57 80 64 97 76 56 3 47 73 36 73 70 66 6 22 43 99 67 25 52 2 69 46 90 96 97 2 40 11 29 56 41 33 56 82 8 92 90 43 69 74 45 65 75 83 32 15 0 33 87 83 56 28 15 18 66 49 11 76 11 67 63 1 68 36 65 27 86 73 49 92 20 18 
22 68 61 60 77 86 67 95 83 70 43 66 59 87 90 48 21 73 7 10 86 82 18 23 91 36 20 19 72 75 88 26 10 33 66 7 67 89 46 4 21 76 95 37 5 25 36 65 1 16 46 51 45 81 63 77 83 94 83 97 0 46 65 85 85 91 80 8 37 75 75 5 97 10 10 28 74 3 46 27 25 80 90 15 33 51 39 35 16 31 1 87 91 26 47 33 51 28 80 60 68 60 95 98 97 65 76 8 24 59 33 55 60 23 32 97 16 73 25 28 58 65 86 42 48 4 29 70 5 7 98 27 19 59 18 6 7 12 67 80 34 64 80 92 35 52 8 2 44 97 66 41 42 90 8 22 83 30 48 17 74 8 18 48 58 22 91 14 7 38 42 93 53 18 73 71 5 19 82 5 77 37 78 54 95 88 49 58 21 89 40 54 79 95 76 39 69 60 0 25 3 17 12 99 79 89 2 51 90 64 65 59 17 39 81 66 69 54 51 59 65 66 13 16 67 80 95 90 77 22 95 4 29 0 78 93 87 45 24 46 2 71 91 56 14 81 63 37 49 32 4 73 27 76 78 64 50 87 84 94 21 18 37 6 16 23 24 76 97 82 3 29 50 76 46 63 28 9 15 49 10 82 88 23 36 34 81 49 32 96 75 22 50 57 18 40 21 70 90 59 
6 1 3 30 69 63 3 84 29 65 66 7 92 11 69 69 58 22 72 48 46 31 48 52 91 51 1 42 99 40 67 23 25 28 92 69 56 33 21 69 3 92 48 46 27 14 98 16 80 83 4 57 55 33 75 32 48 41 52 39 62 52 1 91 7 96 41 89 69 0 46 3 9 98 97 16 80 28 78 8 91 33 33 67 16 24 75 23 73 33 41 12 86 35 54 96 50 98 59 95 31 61 76 53 88 23 81 29 38 42 70 96 65 12 86 58 75 77 94 57 95 68 9 36 76 34 47 9 68 92 90 42 55 97 65 49 91 39 43 90 86 28 50 73 49 32 25 36 50 81 90 5 53 19 28 76 95 81 16 75 13 76 14 15 51 70 83 71 78 18 61 91 70 6 50 2 40 1 16 58 45 70 12 48 99 21 14 51 40 52 52 14 19 68 83 54 90 58 22 68 57 96 45 47 32 80 85 92 77 95 60 15 30 98 64 73 62 45 14 10 97 44 33 85 32 98 48 90 72 19 60 32 81 77 16 34 40 67 28 55 8 50 97 12 35 32 65 77 48 61 46 21 48 95 21 89 76 53 3 76 57 99 28 26 13 29 25 18 56 1 68 14 97 43 35 84 83 23 56 91 12 68 32 43 73 35 33 1 81 53 70 59 2 21 77 58 93 53 30 53 
42 32 15 61 17 76 17 89 31 37 66 96 83 2 65 28 10 66 41 70 97 53 82 7 91 25 44 74 10 15 57 51 50 90 65 33 19 18 61 7 90 89 73 72 71 26 37 17 93 82 33 52 79 7 71 50 66 67 53 60 59 13 67 17 26 57 36 74 67 74 81 12 4 75 13 10 95 6 79 10 86 17 84 42 32 66 72 34 5 19 47 76 84 77 28 78 16 96 62 99 70 10 66 97 78 75 72 7 20 74 29 63 43 97 59 44 98 82 90 35 39 0 92 59 6 73 76 52 24 19 1 1 79 28 7 16 42 17 24 70 89 56 53 86 50 89 75 71 8 72 38 86 1 49 34 48 88 59 15 80 12 85 27 76 58 26 98 81 91 45 95 44 90 49 60 54 22 45 30 39 95 14 58 75 45 83 46 96 10 33 52 28 78 40 68 31 16 70 1 92 14 19 31 48 23 45 26 25 32 33 80 43 41 93 30 49 94 35 16 91 25 54 37 20 77 75 42 10 8 23 86 7 93 47 97 43 97 72 98 19 83 69 71 80 5 21 44 45 25 89 20 96 0 46 80 3 58 98 16 34 30 49 51 9 7 21 80 96 3 23 94 45 39 53 93 25 91 79 50 90 16 77 54 52 47 68 34 82 31 65 77 63 94 8 40 4 28 46 54 16 
73 84 64 3 60 65 31 91 16 41 42 69 70 48 65 34 87 78 54 53 7 48 2 0 89 96 27 89 57 12 73 19 52 16 33 16 99 69 17 2 39 21 46 25 51 96 90 31 22 31 30 31 83 72 15 86 78 37 58 51 25 57 54 60 31 72 93 65 39 45 39 85 0 25 26 23 88 35 85 35 31 47 24 28 57 35 68 68 42 59 83 34 20 99 25 36 78 7 72 90 89 53 73 77 48 63 84 54 32 91 90 45 71 83 65 14 52 26 24 39 68 18 52 76 95 8 6 50 6 40 69 50 87 38 78 53 46 9 91 31 35 10 1 69 44 21 21 74 88 14 40 27 24 38 22 3 65 2 68 83 38 57 86 1 67 58 68 98 98 69 50 62 42 83 97 56 29 82 28 95 46 13 89 71 54 75 84 95 2 15 1 51 10 77 29 84 57 91 9 3 57 14 74 38 56 17 80 30 18 82 25 10 33 93 97 47 51 82 0 29 11 30 83 80 3 48 3 3 43 23 22 1 18 16 75 80 45 70 72 18 48 6 90 22 53 32 76 44 14 13 0 1 23 43 79 5 75 54 55 13 47 96 78 63 89 43 69 99 37 49 78 25 66 0 69 13 71 64 28 86 23 22 53 2 30 70 5 32 65 43 99 31 13 33 7 70 54 31 75 28 
57 42 25 95 32 46 43 27 46 99 71 8 71 91 63 8 20 39 96 42 18 27 53 96 47 69 51 10 78 80 51 59 56 17 95 79 83 90 0 1 66 35 79 15 93 6 70 93 42 62 46 58 96 86 3 37 51 58 79 42 36 58 87 71 47 30 86 1 66 46 59 27 80 15 74 91 69 49 86 46 39 67 61 41 2 32 7 77 88 3 7 35 81 97 44 72 5 81 19 30 77 89 82 52 98 31 72 91 92 34 22 22 16 62 74 94 20 9 89 25 83 88 43 32 11 93 89 59 30 54 66 38 53 62 95 17 27 27 3 75 33 76 95 27 8 7 65 94 43 93 83 17 23 45 42 82 68 11 24 84 54 50 87 4 77 43 63 53 0 27 86 48 72 55 93 61 7 42 69 61 78 93 88 12 88 58 54 76 8 13 51 26 70 83 94 53 45 39 22 13 11 3 92 22 37 14 72 13 5 92 12 50 74 47 71 27 86 23 5 11 94 92 48 86 65 18 18 76 61 90 76 45 83 47 46 80 33 99 92 31 19 59 0 93 93 65 73 1 22 88 16 58 6 45 57 24 51 36 12 78 10 36 64 48 68 27 92 47 43 85 12 18 60 1 62 99 41 49 70 67 95 49 91 30 64 62 59 87 9 95 48 2 55 13 99 82 47 32 62 22 
60 49 1 35 36 52 14 48 38 73 74 44 66 51 85 47 68 1 5 15 74 45 50 97 37 93 93 0 91 64 71 46 91 65 27 69 84 66 56 91 10 71 0 81 53 20 80 0 63 21 81 9 46 8 98 23 7 12 98 74 5 40 24 67 52 38 62 97 99 9 76 25 35 13 65 77 10 65 2 26 41 9 45 21 54 30 87 11 93 39 34 3 83 97 14 36 39 40 14 82 5 35 49 86 96 34 62 29 45 79 36 64 0 55 22 30 85 2 2 98 39 72 57 76 19 81 47 81 93 79 26 17 90 39 68 81 26 66 77 53 64 68 18 31 22 14 44 73 23 28 15 99 98 80 58 5 1 58 19 75 97 56 84 18 3 37 49 94 32 77 74 56 37 90 40 15 94 70 43 9 81 99 82 99 33 28 2 61 39 10 84 58 83 5 34 88 52 61 24 82 34 95 51 39 24 16 41 79 89 75 86 55 97 21 15 61 20 10 21 36 15 99 40 81 24 32 33 55 39 55 81 45 96 20 74 57 15 65 87 27 18 49 15 86 42 81 42 18 48 28 51 51 96 4 81 69 7 99 37 77 66 83 59 18 31 80 81 23 96 75 92 4 73 72 36 67 9 47 46 14 80 72 64 46 83 53 45 18 28 76 73 59 92 53 51 50 58 35 46 41 
14 65 25 62 90 28 98 54 60 72 64 96 28 40 35 20 35 54 96 35 32 94 7 72 73 93 37 92 10 49 77 38 10 3 41 92 18 66 13 26 10 90 20 57 13 91 9 98 76 66 16 64 70 81 69 74 58 43 17 37 29 78 24 34 19 5 50 95 84 96 0 88 75 50 22 24 33 17 34 59 55 0 40 94 74 68 64 45 58 63 43 89 42 51 33 38 73 35 46 10 56 99 81 99 64 84 33 38 71 42 94 8 50 9 55 17 88 17 64 94 14 26 86 19 10 54 94 50 96 77 10 86 87 20 46 80 80 73 35 42 44 57 13 73 3 34 38 36 33 55 12 85 92 86 40 79 83 81 61 25 45 59 10 43 0 1 24 70 55 15 62 89 90 84 78 73 46 63 81 92 76 10 22 37 22 81 15 91 48 50 27 80 67 62 34 12 3 20 79 38 82 20 3 74 52 47 19 52 42 64 32 32 62 38 40 95 28 97 44 16 41 19 19 18 38 12 90 26 45 83 10 72 16 18 34 62 23 96 66 75 83 93 58 17 46 31 87 94 28 72 78 29 74 38 39 36 31 54 37 64 21 32 55 87 5 51 82 61 69 84 52 2 21 83 48 7 60 82 51 95 36 88 55 72 40 61 85 86 77 81 57 42 71 6 88 87 94 77 97 54 
72 99 81 80 69 84 75 41 52 41 56 13 28 47 65 29 7 39 98 11 73 67 16 86 80 76 50 70 90 74 9 62 24 21 24 14 70 30 97 63 11 33 65 57 38 64 21 29 53 56 86 47 5 70 99 94 75 80 57 85 25 97 75 80 92 71 94 68 92 35 62 26 72 11 75 91 32 71 51 71 40 60 93 84 27 96 81 38 32 21 57 11 28 18 35 49 92 59 36 60 68 97 36 90 47 93 55 2 69 48 75 29 35 99 67 71 50 99 88 99 35 35 1 81 90 93 49 8 16 71 64 37 25 95 5 54 97 65 7 38 70 90 61 48 91 53 91 47 47 86 98 97 49 54 15 86 27 58 64 46 1 49 98 65 15 92 43 27 89 9 39 69 50 44 64 87 63 2 86 9 21 40 12 59 49 46 21 8 87 1 46 87 30 7 28 69 22 98 40 57 3 43 29 53 53 3 65 39 91 58 76 12 0 31 14 53 88 12 84 19 79 22 49 30 63 24 12 0 23 40 76 63 0 14 23 10 51 44 56 43 23 97 21 66 77 78 44 57 97 78 0 85 2 73 78 15 4 7 12 63 57 94 49 77 83 69 38 81 77 91 89 41 88 95 17 39 3 13 93 85 84 77 4 55 57 54 92 55 38 34 58 21 57 16 46 36 0 22 94 97 
26 52 0 49 25 97 99 25 94 52 39 29 5 37 70 76 66 46 5 74 24 12 19 31 86 14 34 16 12 84 47 83 86 84 8 28 82 5 1 5 26 59 80 18 93 55 36 49 51 79 47 32 3 81 66 36 64 44 42 68 21 99 57 19 78 57 59 10 56 97 97 21 68 14 1 91 91 89 47 33 96 34 40 31 26 13 73 73 79 11 46 85 14 43 51 8 45 28 79 98 86 7 96 5 19 82 6 61 19 65 19 78 39 8 86 82 21 48 18 2 76 33 78 98 48 60 31 11 27 34 17 9 24 77 9 77 39 37 86 80 14 10 68 56 22 44 9 35 28 22 14 6 94 15 53 48 65 22 31 83 29 26 41 30 67 41 86 16 17 76 19 75 51 43 45 32 77 1 91 15 68 3 45 58 38 74 76 82 48 37 88 97 46 3 38 86 54 1 45 58 36 40 99 47 22 26 11 62 30 57 27 53 68 96 31 57 70 76 72 54 25 10 45 88 2 87 85 16 5 60 7 96 73 55 79 3 59 10 90 89 71 35 68 53 5 31 95 92 48 6 15 25 37 79 48 45 18 73 7 93 85 50 32 18 34 27 95 92 43 83 46 50 51 42 51 65 97 77 31 10 27 61 69 97 35 13 43 20 9 77 86 37 32 71 80 27 53 46 71 70 
65 33 79 72 15 36 68 38 42 99 1 80 88 24 52 82 83 17 15 80 15 62 54 35 5 19 15 24 93 18 46 0 94 76 57 72 2 20 63 71 84 59 70 30 74 54 98 27 22 57 52 90 76 10 33 19 65 94 4 32 11 30 54 18 41 32 19 58 48 82 63 62 9 23 74 11 21 33 65 25 3 35 78 69 57 80 29 63 90 88 84 32 90 18 9 5 34 49 42 61 81 58 21 87 83 17 52 64 30 20 59 40 26 82 52 62 85 85 68 77 67 33 31 91 46 1 12 9 73 43 70 37 94 32 5 95 82 71 14 56 28 59 44 42 32 29 72 68 49 15 64 81 28 21 21 74 52 13 18 25 43 30 51 99 6 73 71 46 28 44 70 44 3 10 2 82 40 42 72 48 32 15 82 36 86 12 66 97 10 37 5 86 35 54 4 19 30 63 63 99 55 28 1 7 39 45 68 42 18 16 53 49 10 73 73 41 28 31 49 71 87 41 31 63 54 96 19 88 8 35 77 63 6 47 27 18 81 88 29 51 7 47 91 44 91 29 79 41 55 68 92 61 40 69 81 5 46 66 50 27 78 69 92 13 6 93 68 36 68 79 94 76 29 95 26 65 44 8 58 84 45 13 81 58 23 22 87 36 41 42 26 11 72 62 13 38 86 54 15 50 
37 38 91 94 19 20 37 31 28 12 19 57 88 88 45 43 51 10 5 47 79 98 79 73 81 92 60 62 62 18 62 68 47 37 0 52 50 14 41 87 3 63 98 93 19 83 75 87 36 94 7 10 6 12 9 69 29 89 9 20 54 73 39 57 26 61 88 75 16 1 58 36 86 59 43 59 19 80 9 19 47 19 88 35 52 23 19 46 96 28 88 52 67 71 47 74 22 12 76 58 48 37 40 3 92 90 93 4 43 1 77 26 19 43 30 39 24 34 82 77 26 68 76 7 12 96 21 2 20 40 5 75 58 47 15 39 61 87 74 11 27 97 20 85 12 75 63 13 7 55 43 89 28 51 11 41 50 0 71 78 91 43 1 67 39 81 74 85 98 98 60 73 52 16 46 64 15 40 76 23 96 21 79 2 2 68 43 49 47 0 3 65 75 39 76 88 22 96 87 5 65 22 52 90 45 10 99 86 47 9 8 73 63 68 9 94 6 23 49 36 53 42 98 52 1 90 64 66 23 45 16 86 25 41 98 69 74 91 27 0 52 5 85 12 97 32 52 63 34 72 20 14 28 44 72 15 63 10 19 32 99 10 70 77 27 82 1 91 87 7 13 13 71 66 53 60 92 13 95 1 69 87 6 30 6 80 77 21 16 26 79 27 85 9 53 45 25 25 19 11 
45 38 78 54 39 43 45 76 58 11 31 25 92 84 37 80 5 68 69 30 41 18 2 34 97 24 76 19 26 30 62 26 19 28 46 79 52 8 13 64 83 26 88 39 41 35 34 29 52 83 39 24 16 10 0 74 92 73 20 14 3 42 59 71 26 21 77 63 35 41 29 66 62 54 34 38 55 88 69 49 84 0 16 76 80 45 75 43 9 67 2 43 54 15 26 23 56 93 35 42 6 45 84 63 71 60 1 79 63 11 70 23 52 97 33 17 34 49 42 12 28 86 8 33 77 94 31 34 19 53 19 9 84 3 24 82 66 6 28 5 59 52 81 4 16 49 87 1 5 62 72 90 10 42 27 45 28 99 65 27 31 7 98 48 38 76 47 17 80 85 88 49 94 44 1 87 17 28 53 40 81 70 26 28 26 79 50 23 21 39 69 2 19 97 80 98 78 81 70 8 88 26 61 6 84 29 15 9 69 6 38 35 50 46 80 19 60 73 11 6 38 32 71 0 23 93 5 24 31 78 97 68 14 20 27 57 74 41 95 45 7 23 17 82 57 78 98 62 4 0 72 55 19 16 55 65 95 1 53 81 61 47 19 49 23 26 70 9 67 54 33 80 32 15 39 96 41 66 63 30 99 68 2 21 66 9 53 20 31 55 40 14 21 81 82 42 26 34 41 59 
27 30 73 38 66 18 88 18 74 99 81 2 28 49 41 81 9 81 21 58 72 93 17 27 26 54 80 52 15 67 2 31 19 12 14 18 72 1 84 47 17 7 42 35 19 83 97 3 40 47 98 83 38 14 5 79 24 28 98 50 23 80 7 68 30 55 5 57 90 30 82 36 97 8 87 89 49 75 13 41 45 7 81 2 91 54 96 54 84 41 72 53 96 27 57 7 76 37 18 70 41 6 76 68 98 0 47 99 33 27 38 46 38 40 82 31 41 9 86 62 9 51 94 17 25 95 15 7 37 77 9 10 56 26 28 44 73 29 40 10 68 8 24 88 62 48 69 31 75 79 70 32 27 60 35 5 79 68 19 85 86 47 58 36 43 56 39 92 93 94 0 69 28 55 91 32 22 6 30 30 58 28 18 23 63 26 97 53 4 98 7 17 58 3 25 53 91 58 77 31 98 38 85 69 67 99 63 29 17 78 68 67 96 84 32 13 32 16 58 6 59 1 88 34 50 13 61 33 31 27 45 1 89 23 1 41 16 7 0 56 71 8 12 55 16 75 85 6 50 50 23 84 80 25 74 24 85 29 35 27 39 58 89 35 57 92 13 90 16 45 33 48 76 20 74 13 47 29 57 99 26 96 11 10 16 19 13 68 15 51 71 91 72 77 19 25 90 37 0 96 
22 76 27 30 13 59 22 2 67 6 60 7 58 2 0 85 58 29 25 70 56 64 45 91 29 11 16 83 8 98 0 78 30 96 54 86 29 47 40 90 31 63 41 76 17 36 16 84 47 0 29 89 49 98 84 96 54 84 32 79 88 35 31 65 53 32 54 19 60 25 99 84 7 58 89 3 56 78 76 52 61 13 18 46 65 2 6 85 35 52 86 12 69 16 38 56 78 14 67 61 11 14 61 32 8 49 60 79 65 24 80 45 30 74 52 49 0 5 45 44 77 71 40 96 88 34 13 60 69 1 72 33 9 52 68 60 21 22 78 85 59 54 16 26 26 29 95 29 51 85 90 65 23 97 84 12 71 87 4 60 74 85 54 47 10 61 21 29 14 99 75 28 14 64 24 95 63 16 15 78 37 40 81 85 30 82 83 23 44 64 46 13 46 91 98 70 3 39 35 78 4 67 47 34 71 63 31 66 39 13 47 9 6 8 81 8 1 14 37 89 59 2 25 82 20 73 57 95 31 8 84 48 78 9 29 91 25 9 19 52 26 23 1 94 39 87 4 85 80 9 18 92 31 47 47 4 9 88 58 42 70 67 58 30 72 47 94 8 8 80 86 16 74 18 51 28 39 16 84 37 95 20 30 2 32 0 41 59 35 92 96 14 25 63 2 78 34 96 82 21 
73 98 53 52 13 37 10 32 74 51 42 59 47 61 16 83 34 78 18 30 32 70 66 43 59 98 44 28 57 36 73 53 7 37 59 68 50 14 61 13 72 31 18 24 19 49 57 88 69 76 80 46 84 8 73 54 64 83 4 22 77 19 78 53 86 84 66 9 6 20 58 40 58 46 40 75 67 65 69 28 62 41 77 38 77 92 85 23 61 82 18 69 8 89 19 60 51 10 16 99 7 55 23 4 16 67 19 29 64 19 36 4 37 3 51 83 17 4 10 21 32 39 41 63 44 26 46 39 5 69 78 29 0 52 13 86 24 78 25 13 93 93 82 76 4 5 92 92 84 62 91 41 23 82 18 64 56 42 84 9 76 96 4 67 66 9 92 94 24 84 8 93 78 98 30 91 13 39 13 90 36 45 78 2 70 87 46 76 92 13 93 15 56 43 30 59 7 23 24 55 87 31 9 74 92 42 9 58 31 49 45 73 11 68 17 13 8 47 70 41 49 84 4 93 66 42 83 18 98 94 45 58 41 56 87 38 86 68 19 72 63 59 42 76 24 45 97 38 97 68 65 78 30 29 15 2 53 41 9 3 59 15 58 78 47 71 88 73 52 18 60 22 0 9 6 44 36 87 74 32 93 7 82 45 19 21 64 23 58 40 38 76 23 48 72 20 24 45 42 74 
98 31 4 20 34 87 30 60 50 70 39 11 81 69 32 75 13 1 88 99 52 51 87 77 1 55 0 7 20 20 71 42 9 15 22 33 49 33 58 17 82 6 90 12 40 8 8 71 83 7 99 59 67 38 96 51 13 58 51 56 12 94 45 57 44 38 96 89 90 31 54 14 60 3 57 63 78 30 62 50 13 77 73 26 31 78 52 18 28 51 12 75 39 77 20 66 48 40 36 6 0 22 69 92 25 1 77 83 96 17 58 31 36 14 61 45 97 65 37 69 57 24 70 59 33 63 78 61 67 90 95 21 11 84 73 62 92 41 22 81 57 7 87 75 23 53 81 19 16 40 77 41 56 67 48 64 87 94 82 8 4 22 24 5 92 91 24 81 26 29 68 25 53 47 54 85 62 96 19 42 64 32 25 41 26 35 39 36 92 96 15 44 96 69 81 7 30 53 63 9 29 34 22 70 73 72 24 70 82 42 36 63 50 11 49 50 46 48 7 76 96 76 82 84 65 99 92 78 81 40 21 81 23 61 38 64 59 96 39 14 58 59 60 60 5 35 41 91 40 26 16 79 80 54 75 13 6 45 87 52 26 62 16 42 4 12 62 80 94 82 35 72 78 75 18 29 93 75 8 93 44 21 37 94 83 70 34 94 31 1 64 89 40 85 82 7 78 57 83 82 
43 10 34 76 6 90 16 93 71 18 48 96 71 49 75 64 73 12 58 93 93 33 91 10 95 20 77 69 67 26 92 21 8 76 74 0 87 64 20 33 90 70 75 75 80 62 75 19 46 48 64 54 91 36 10 23 24 95 39 23 67 21 51 42 48 56 49 53 72 61 7 53 62 46 58 83 8 8 11 15 95 30 21 58 33 1 27 59 54 18 69 42 52 41 54 44 20 42 37 58 98 73 53 80 63 50 20 79 1 67 99 66 3 26 18 29 11 94 56 75 5 16 10 74 12 13 71 88 70 79 39 73 71 61 69 66 30 30 3 28 21 88 61 41 87 84 98 98 22 2 43 18 97 63 68 70 10 3 68 22 80 89 6 66 17 15 9 20 26 86 1 5 4 81 47 71 85 41 24 70 46 53 41 61 39 83 29 59 91 38 85 85 22 77 80 78 68 60 55 10 12 98 64 23 65 59 19 69 71 71 43 88 37 67 69 96 6 82 2 40 42 14 68 41 63 36 15 93 34 21 32 23 39 98 90 6 0 99 35 14 9 76 24 73 97 4 53 78 67 45 47 90 63 55 27 44 99 0 60 66 9 48 64 44 23 31 35 13 45 7 60 72 25 66 91 85 5 16 19 15 80 80 80 24 98 53 80 39 86 91 11 94 25 35 83 8 8 23 73 48 
84 29 61 99 41 35 84 91 18 23 32 8 7 3 32 99 36 68 41 29 45 43 88 48 28 97 84 80 67 87 98 89 14 4 76 76 73 93 31 63 70 13 92 49 32 83 61 10 44 88 3 71 86 42 26 5 44 21 5 12 63 16 24 17 7 35 43 7 63 2 79 86 43 70 35 17 1 38 69 98 35 70 89 84 56 54 87 84 41 93 84 79 60 16 49 27 45 64 7 23 53 33 98 80 61 79 68 85 24 34 53 39 31 32 61 42 52 29 45 78 65 60 94 49 47 13 30 49 94 62 80 73 42 45 6 76 58 54 69 85 5 85 24 20 2 31 49 41 76 66 65 87 78 74 47 84 39 77 2 87 93 29 46 4 27 76 44 11 21 12 80 68 6 89 16 98 28 20 90 70 19 9 31 18 79 83 90 61 84 34 63 58 95 1 88 13 95 17 7 60 35 34 54 10 57 93 15 76 31 13 52 77 2 90 78 52 53 31 8 23 55 19 55 14 95 14 0 28 66 68 73 44 9 99 75 48 42 56 27 27 49 64 79 97 8 53 0 44 58 66 90 64 19 51 11 82 37 0 36 96 52 85 44 87 24 18 98 74 79 92 78 98 30 20 11 23 13 26 3 91 1 0 22 72 8 0 19 30 5 91 61 21 62 68 5 56 40 37 17 3 
78 28 45 46 64 96 63 74 89 17 84 60 27 9 69 92 78 17 15 4 0 52 7 0 31 70 96 24 95 99 58 76 10 4 95 99 57 42 52 91 69 54 27 64 66 70 90 60 50 2 58 49 29 45 5 57 24 53 77 70 39 79 54 88 44 44 46 28 88 1 98 74 48 42 0 18 57 57 87 99 71 3 94 92 80 67 65 31 31 70 92 51 67 19 5 96 6 24 68 78 54 21 57 78 51 71 58 83 84 11 62 61 50 52 53 95 54 79 57 95 74 50 40 94 84 26 51 76 23 64 54 64 90 10 89 83 24 14 78 91 40 41 56 88 58 61 88 30 26 75 94 4 69 39 74 68 9 4 63 99 40 5 48 79 80 12 21 95 17 60 88 45 0 81 77 41 27 63 35 10 52 13 24 43 23 66 66 84 70 93 54 89 43 97 82 22 52 3 54 39 70 43 36 62 16 5 69 43 49 32 85 55 65 51 62 52 75 12 40 91 7 97 5 99 35 77 3 34 11 23 88 38 49 17 90 61 49 16 83 40 13 97 16 56 44 15 30 94 92 0 40 49 73 85 97 69 52 98 53 94 8 12 31 66 88 49 38 3 74 49 36 0 70 67 90 82 77 60 18 26 35 73 65 21 31 91 85 30 27 58 18 23 40 10 91 55 42 22 55 92 
43 38 85 52 28 32 92 40 1 73 19 23 58 25 64 80 22 48 60 71 83 74 43 17 77 22 44 98 0 70 34 35 20 50 52 80 64 70 26 47 59 76 97 57 13 59 77 37 32 93 13 71 40 47 91 11 73 50 5 74 41 8 55 48 82 85 33 23 41 99 80 90 11 56 16 22 78 35 28 49 59 20 73 35 47 56 12 14 24 96 59 57 41 32 54 24 80 7 26 82 91 61 29 34 89 97 79 32 59 21 25 75 47 94 8 23 47 28 76 77 4 62 94 8 73 22 51 27 47 12 97 12 35 43 39 83 78 83 60 31 59 73 32 16 14 48 86 18 44 45 5 57 67 50 34 81 99 6 17 28 26 64 52 94 28 13 24 12 33 98 1 16 7 27 32 48 94 9 47 97 3 34 73 85 9 90 38 52 18 28 13 40 37 91 97 31 46 90 85 10 59 91 79 11 93 67 62 54 31 36 62 59 86 3 77 34 72 48 4 25 79 80 51 14 80 53 40 84 33 76 13 32 35 8 10 27 3 61 46 90 11 91 48 61 48 80 32 16 78 55 98 54 4 6 67 79 0 11 31 5 58 22 82 47 89 30 45 69 21 93 24 54 36 33 17 14 70 37 8 18 58 7 25 58 0 63 9 71 52 87 85 5 52 92 86 94 25 37 74 96 
18 28 59 83 49 86 21 27 2 66 23 33 89 0 21 43 75 21 52 61 68 74 21 81 8 66 75 22 24 74 19 97 66 12 69 24 75 6 80 91 79 39 54 96 26 26 65 38 98 73 22 65 29 61 96 24 77 45 83 51 49 15 41 43 97 42 52 27 45 85 54 95 5 76 61 84 33 45 3 30 64 56 61 8 22 70 34 83 11 3 62 44 36 38 40 3 4 99 33 20 7 7 34 79 9 49 92 76 90 85 81 31 61 20 70 54 51 23 67 29 50 5 22 69 70 18 47 32 42 41 52 36 17 96 53 46 14 43 82 97 18 34 20 79 78 71 32 70 29 39 90 91 3 59 89 4 46 94 68 47 59 82 36 51 44 36 43 85 41 92 17 78 52 16 76 64 26 60 21 5 11 1 40 21 33 94 45 66 68 8 41 16 68 45 3 12 67 47 8 11 0 82 3 56 5 87 73 2 81 50 91 75 1 99 58 30 36 48 88 82 56 95 11 70 39 37 83 7 46 78 87 97 37 11 1 75 64 36 70 70 80 95 23 39 80 12 13 86 1 15 39 45 39 95 90 94 75 52 33 34 82 79 26 38 20 61 90 22 33 81 68 64 86 90 45 65 39 24 20 46 11 34 37 34 24 76 94 31 1 93 25 63 58 0 67 23 47 94 72 90 
24 43 36 39 59 51 41 26 14 15 94 26 14 56 76 91 64 42 43 82 11 16 55 70 98 51 27 28 44 60 65 10 30 39 8 7 19 6 83 70 89 1 82 65 47 91 34 4 54 57 92 39 20 57 66 8 75 50 94 20 66 86 75 59 18 52 92 74 83 67 26 52 89 26 41 60 81 22 44 3 38 57 66 49 77 4 28 68 68 7 87 92 30 16 92 16 36 65 66 29 94 94 79 1 85 2 27 99 12 85 58 53 0 74 29 84 21 57 59 51 73 32 0 59 11 10 65 6 44 28 76 63 25 63 75 88 26 73 68 57 64 63 48 65 73 4 77 9 88 36 32 29 27 4 27 62 49 43 89 89 11 20 7 78 6 2 59 54 74 16 60 6 90 58 73 88 0 79 13 76 10 38 7 17 13 62 1 32 45 73 54 36 21 20 11 10 68 16 70 87 99 5 34 3 37 54 79 81 34 28 43 64 12 13 27 68 27 84 22 54 57 76 26 92 32 42 44 48 0 95 95 42 21 13 96 32 50 77 28 6 41 77 5 74 13 58 61 45 74 9 93 43 79 70 66 72 82 61 66 4 52 44 77 52 66 49 16 0 96 12 5 67 99 88 12 98 29 86 26 17 4 9 92 0 27 28 18 37 22 21 72 85 3 20 45 56 8 83 39 4 
75 51 50 45 96 51 44 51 37 27 60 60 16 56 93 17 80 70 46 18 45 98 28 16 29 89 79 2 67 53 40 99 15 74 50 92 98 28 53 9 40 59 56 25 79 86 77 13 14 0 33 56 57 33 36 84 63 41 83 44 1 30 73 66 69 10 87 67 19 74 22 1 6 40 57 68 15 36 96 61 29 3 85 30 76 64 69 66 36 7 8 76 56 13 52 5 88 65 87 7 78 44 12 83 96 48 29 90 19 8 2 92 90 77 24 29 30 32 66 61 40 38 32 34 16 8 34 11 16 65 35 83 80 96 15 98 29 6 54 63 67 67 19 63 88 40 27 81 26 73 9 58 27 36 13 59 75 78 43 69 58 84 35 12 36 81 27 51 93 22 5 98 12 50 6 85 43 90 89 53 16 60 76 9 46 12 0 3 47 23 75 18 17 12 43 49 70 55 80 1 96 52 38 84 49 51 24 63 72 41 96 58 96 59 52 49 72 66 24 89 15 75 26 58 53 87 34 59 83 66 46 33 15 67 97 13 58 4 9 25 82 56 82 43 7 40 25 74 10 42 43 13 12 30 63 47 23 63 6 78 57 2 60 18 49 21 77 88 56 3 29 86 45 46 37 33 68 69 19 74 59 36 28 17 80 84 59 95 13 11 73 17 82 43 67 93 63 18 31 49 
78 14 88 90 93 41 35 27 11 80 62 22 11 24 70 10 10 65 18 6 38 15 4 61 30 73 79 10 12 8 28 49 32 59 61 3 87 48 41 30 44 36 81 21 90 34 18 15 63 69 20 77 35 43 54 69 48 40 76 16 84 92 22 8 7 4 29 14 82 95 34 54 88 68 13 29 77 74 4 90 53 21 9 60 10 79 1 42 96 57 78 48 59 54 89 25 70 4 4 38 63 54 84 86 75 74 26 62 19 68 47 35 3 11 36 62 26 87 3 51 42 2 72 1 46 26 27 5 65 51 6 45 41 17 45 87 47 81 92 25 21 57 53 95 9 64 55 83 76 83 78 45 39 89 83 28 48 89 50 91 48 69 23 31 88 56 26 24 26 17 23 50 17 27 80 82 88 37 52 81 46 63 24 80 78 24 71 0 97 37 27 4 88 14 10 13 72 92 87 74 79 74 30 24 37 52 73 55 27 52 88 37 55 7 97 83 99 53 68 54 54 20 46 3 28 6 97 71 90 95 76 16 83 44 94 92 37 50 64 75 94 63 58 22 8 75 71 90 19 82 42 46 38 28 83 89 61 1 46 68 65 50 92 43 60 87 3 21 3 91 5 81 2 57 64 66 79 80 72 46 65 53 60 23 33 7 66 70 54 83 58 65 18 62 93 50 13 24 77 72 
49 25 67 50 10 85 36 53 67 44 50 67 77 5 31 21 84 16 6 93 87 4 68 41 59 77 49 10 83 77 8 96 83 54 40 1 18 65 15 96 68 13 35 45 40 9 32 6 62 62 9 15 52 17 86 69 34 96 53 99 64 35 91 98 7 93 70 95 42 48 9 95 3 41 48 78 48 3 40 27 35 71 25 99 18 68 86 12 79 4 20 4 55 19 24 10 87 74 18 96 7 50 62 73 91 2 96 5 12 58 42 31 64 46 63 46 0 43 81 23 56 28 16 86 4 79 9 55 82 9 4 79 48 51 90 47 8 19 5 8 13 6 21 47 40 43 50 3 90 84 55 14 59 47 27 8 36 69 15 78 45 30 63 25 82 31 40 56 31 27 21 71 53 83 32 38 47 66 32 87 93 9 92 84 43 59 59 47 86 3 50 82 59 13 21 89 68 38 37 97 58 48 9 24 35 57 36 82 97 35 75 58 24 60 80 93 25 75 2 82 2 67 57 28 68 86 84 0 10 48 1 89 56 49 89 68 83 24 61 19 67 50 68 79 75 51 46 58 48 19 5 38 9 39 18 67 76 25 17 61 24 73 28 45 14 82 65 77 26 17 39 47 92 31 47 27 87 57 52 83 16 35 63 43 9 69 15 40 52 90 68 17 39 90 14 1 86 47 64 71 
75 98 38 83 0 42 8 13 6 54 28 68 29 47 98 0 21 36 1 46 87 21 9 83 58 5 90 80 51 60 96 38 51 96 61 42 88 68 27 94 99 49 42 31 52 27 12 86 2 52 0 42 73 75 59 52 33 60 29 67 22 17 59 9 16 8 85 89 39 3 71 29 99 16 0 87 4 67 98 20 26 93 71 76 95 22 95 24 25 93 36 1 97 66 6 88 52 92 54 19 70 29 25 23 28 62 9 70 74 35 0 59 72 3 76 83 64 20 45 70 41 46 16 15 46 3 5 56 79 74 80 14 55 8 93 51 13 91 44 73 37 87 14 70 73 90 13 92 20 35 57 71 33 53 88 96 29 41 15 97 95 80 83 78 68 50 3 98 63 40 22 79 37 92 59 58 95 30 87 22 0 89 35 14 62 88 63 57 65 70 82 6 82 32 46 12 9 17 63 88 92 11 59 28 74 68 73 38 61 95 34 50 67 48 31 60 71 82 60 66 38 67 32 16 28 21 31 68 68 83 72 52 2 73 7 90 13 81 10 31 64 58 30 7 45 30 52 12 44 38 0 18 92 61 86 34 99 35 60 61 71 75 15 63 33 26 57 14 45 81 15 33 10 21 18 86 55 34 27 79 46 58 11 97 68 54 44 77 77 62 98 24 1 96 28 0 36 71 3 51 
58 34 83 43 18 25 15 35 44 8 36 77 52 5 17 44 65 72 98 68 17 85 44 52 3 40 3 84 43 6 39 35 65 86 0 6 52 3 6 57 20 48 47 97 82 11 18 91 79 18 55 68 56 94 68 62 84 42 48 42 30 61 98 94 77 35 0 5 85 89 8 17 23 2 80 4 0 8 13 61 34 15 13 17 40 36 8 62 44 90 63 75 18 66 84 13 98 92 73 65 4 53 16 66 18 98 6 1 51 56 75 67 15 65 54 22 96 64 41 15 47 20 95 59 6 83 0 68 60 17 93 49 73 58 21 49 64 12 54 69 22 51 76 13 2 87 47 72 25 24 11 13 86 52 81 77 70 75 56 90 24 54 25 98 1 3 86 1 18 4 36 27 78 22 92 94 1 81 79 58 9 65 66 1 44 19 77 17 98 65 30 4 13 62 80 56 75 54 80 11 27 50 52 36 97 91 39 94 18 99 96 13 7 67 26 83 2 3 27 12 91 47 71 21 76 15 64 10 59 38 71 98 39 74 54 96 1 87 64 58 48 37 88 8 23 43 78 86 70 37 58 66 93 48 63 82 24 37 63 89 97 19 67 99 58 49 13 82 26 99 88 50 52 79 73 28 42 3 79 95 18 2 88 91 26 88 94 47 65 34 18 24 46 21 76 46 53 97 23 10 
46 17 99 61 48 21 49 61 55 25 25 53 78 28 51 5 92 91 87 35 99 59 57 60 1 8 9 26 19 55 62 69 87 63 25 72 54 7 40 98 34 83 12 93 8 93 0 3 70 45 71 22 23 16 96 12 11 68 52 84 80 12 27 91 85 23 94 54 46 2 20 79 64 55 8 39 30 59 47 51 16 70 42 10 60 93 66 69 63 29 55 55 21 35 37 43 50 87 70 72 95 80 47 13 40 11 16 2 96 36 83 90 67 86 68 88 30 23 57 94 57 11 39 64 89 7 98 6 40 38 56 42 33 35 71 84 66 61 78 23 80 82 58 67 34 78 17 38 46 56 7 28 5 38 63 30 60 66 32 32 26 27 57 43 56 41 22 51 95 40 0 29 56 7 6 6 10 96 65 0 51 94 77 79 32 99 57 26 2 91 84 12 21 72 81 76 21 56 57 11 22 88 99 40 92 34 48 37 97 57 87 70 13 15 78 34 37 44 83 16 80 14 18 46 16 20 72 64 43 86 79 4 87 73 54 34 14 35 56 29 45 42 28 67 33 53 80 86 36 63 42 55 22 82 18 43 15 55 77 24 34 53 18 9 10 63 55 9 48 66 26 61 10 65 4 35 2 19 1 2 86 70 74 24 46 93 88 83 67 57 50 95 2 28 16 14 56 94 88 57 
9 95 69 83 98 8 3 75 40 8 47 55 90 51 51 58 2 90 83 53 30 70 41 6 16 62 74 80 64 98 47 27 14 10 55 19 23 13 13 15 32 34 8 28 60 88 84 18 33 2 81 18 10 6 75 12 40 61 44 75 55 75 94 91 1 47 66 6 81 94 89 34 53 20 65 42 57 63 87 55 11 71 44 45 23 78 80 90 96 40 66 42 27 21 25 80 40 22 11 80 74 26 64 41 43 10 49 93 84 23 42 10 5 54 88 47 28 92 52 44 38 99 95 30 90 1 10 79 63 35 82 24 88 85 34 31 34 28 14 84 89 48 70 82 6 27 15 8 33 57 90 97 81 54 13 63 64 9 87 67 61 35 90 59 14 79 35 61 23 14 62 28 32 82 59 96 7 47 16 83 86 50 63 65 34 37 82 72 48 6 98 77 86 52 37 44 29 47 3 75 33 56 18 72 86 36 36 64 22 84 98 8 84 41 79 26 31 60 55 61 86 89 53 4 22 67 5 52 80 31 13 8 81 95 94 77 66 88 99 89 33 27 22 21 66 36 14 73 42 20 36 43 34 80 32 29 46 9 67 59 99 67 43 20 13 81 54 42 1 46 10 68 80 13 72 67 16 73 44 65 91 27 80 70 56 73 53 59 93 20 15 80 90 25 39 28 3 19 13 8 
94 16 6 52 97 61 48 37 31 22 20 12 1 10 69 69 1 59 3 60 31 98 92 39 74 42 18 8 87 26 13 18 65 39 59 50 82 38 37 56 86 86 60 50 20 78 61 9 57 57 5 17 21 82 32 37 14 54 68 55 96 36 40 97 6 87 45 30 27 62 49 27 65 96 18 72 92 53 77 29 90 25 52 44 17 64 49 78 19 25 76 26 54 66 39 73 62 33 39 15 82 64 10 60 32 90 87 98 26 13 53 78 14 50 76 9 6 83 16 9 71 92 71 69 49 13 73 45 80 11 59 53 33 60 33 71 32 31 27 67 20 12 77 79 20 84 73 7 97 65 57 83 72 17 50 51 93 92 24 26 92 58 87 49 19 13 54 18 48 51 69 80 5 88 92 61 77 47 14 87 64 45 16 28 98 66 75 0 99 66 30 31 7 43 12 67 45 37 92 62 13 46 15 56 34 64 96 64 64 23 73 57 10 79 20 11 67 1 18 69 71 13 13 85 8 64 89 58 78 59 21 45 38 80 67 12 97 8 3 63 73 60 88 84 96 3 22 8 45 52 17 66 71 60 47 51 95 23 16 35 42 23 99 79 75 81 34 51 5 39 82 43 8 42 8 20 81 33 91 68 43 78 14 22 97 19 29 70 9 51 19 97 61 90 39 84 92 42 24 66 
99 91 88 31 50 50 80 82 49 73 49 83 50 74 87 62 36 14 6 54 37 44 0 69 52 34 77 19 98 57 52 45 82 15 31 92 58 62 90 38 16 72 4 48 65 98 18 65 73 53 48 90 11 97 29 35 58 80 28 84 84 15 68 27 18 43 37 1 36 59 24 83 91 60 22 36 64 9 92 4 51 92 9 2 7 76 10 66 87 32 34 56 82 45 90 81 99 23 24 71 1 86 8 2 9 86 81 90 40 63 28 6 78 71 98 96 82 72 89 26 72 83 85 83 37 65 7 30 14 84 58 58 12 17 36 3 70 47 54 31 91 16 20 24 86 10 7 77 67 45 9 4 76 67 26 88 40 33 47 55 10 40 91 57 41 66 5 21 67 53 25 18 32 24 26 34 8 81 20 96 7 55 21 76 55 74 25 68 91 3 38 27 32 84 1 36 41 3 82 76 87 2 6 84 84 71 11 3 99 37 68 75 57 59 42 13 30 2 30 26 39 61 11 43 82 60 46 40 3 38 5 85 46 69 57 73 17 13 75 88 11 44 41 10 85 11 96 40 12 73 80 75 71 26 36 55 30 97 8 53 35 10 80 52 89 45 57 64 10 67 22 72 61 88 77 42 3 4 38 73 45 18 1 98 59 49 83 6 68 65 85 66 54 23 84 72 55 40 44 46 
55 15 23 60 20 99 37 47 0 90 66 87 30 21 35 24 16 80 61 96 18 26 66 44 91 80 29 66 44 77 68 50 57 10 92 79 60 95 32 44 79 58 10 46 66 45 79 17 33 2 82 86 66 83 54 95 18 55 67 73 52 96 6 45 27 65 3 54 46 38 32 26 52 58 71 39 45 72 85 52 14 63 25 24 24 59 79 94 87 79 13 98 68 17 49 42 25 62 9 25 5 42 87 60 12 76 53 46 55 65 56 9 75 43 76 82 98 92 19 33 31 88 93 96 11 44 47 26 56 47 62 27 21 2 71 87 94 94 64 34 77 68 82 46 41 54 21 54 90 1 39 37 89 82 65 84 94 65 30 57 3 30 81 21 15 62 42 54 78 98 48 0 90 9 5 88 51 8 17 99 63 54 91 42 50 26 90 34 56 80 87 98 90 93 96 54 94 82 13 18 57 67 16 59 31 65 90 42 86 50 92 91 42 70 15 23 9 50 68 41 69 41 22 25 58 43 65 67 30 37 15 7 34 48 21 88 35 58 17 82 8 54 73 66 14 15 35 65 10 19 98 94 29 80 95 52 22 56 21 55 91 53 66 92 25 55 15 19 94 65 58 92 23 29 98 85 91 4 30 56 41 62 54 36 29 13 86 64 10 40 0 43 6 70 72 81 23 67 54 75 
32 42 0 33 47 84 65 96 17 38 97 26 35 73 10 36 88 5 58 60 94 35 70 6 30 74 58 96 66 60 98 68 34 62 84 37 74 57 83 6 97 27 88 18 67 77 75 17 54 66 32 74 27 81 6 81 16 6 0 26 37 78 74 3 79 43 43 7 46 54 28 48 26 0 7 6 93 71 65 0 72 30 12 14 36 82 53 96 74 18 30 38 97 97 51 44 39 91 86 92 47 45 76 74 69 37 46 11 82 10 63 21 13 3 90 1 30 42 60 98 14 14 63 70 52 89 62 6 19 24 20 79 7 68 78 98 8 99 80 60 77 17 91 79 41 15 10 23 60 97 41 64 4 11 41 70 85 63 12 34 14 44 96 97 32 58 52 23 65 92 74 86 66 18 3 94 53 41 71 79 22 83 48 89 6 43 50 27 92 89 12 60 16 2 89 45 9 82 20 75 16 78 44 32 53 32 28 48 68 72 22 10 24 64 75 66 82 60 35 1 14 40 5 43 78 93 60 36 35 42 39 39 31 27 94 79 83 15 94 74 6 82 36 59 19 45 12 38 84 60 92 95 2 84 38 95 46 3 57 18 85 1 36 22 48 33 48 82 79 51 1 67 12 26 34 15 6 52 56 10 58 57 36 86 84 94 96 25 67 95 80 82 47 59 13 25 27 98 45 6 
78 60 84 8 24 44 63 37 93 87 7 42 82 82 73 21 37 0 67 25 42 13 81 25 18 12 32 67 58 44 87 87 59 26 85 8 13 88 18 62 69 76 33 85 28 10 57 61 80 40 75 18 37 53 35 86 40 24 35 65 95 74 84 36 14 65 10 97 40 30 14 97 97 85 6 47 26 39 29 1 9 77 47 45 11 59 35 78 3 87 92 54 81 72 41 6 79 93 4 32 63 86 56 28 21 73 69 30 6 44 53 82 1 10 13 9 89 59 61 52 39 66 48 95 61 42 45 88 71 58 19 92 1 24 0 40 98 31 99 55 55 17 76 84 75 37 39 35 85 26 77 37 91 83 50 76 2 64 74 15 13 72 2 13 34 61 54 99 59 89 45 69 90 66 36 90 31 21 30 71 45 18 71 0 83 31 80 36 36 6 54 94 46 84 11 93 7 95 81 45 16 70 24 78 21 47 51 64 78 22 90 56 41 8 14 83 79 35 92 43 87 48 35 6 48 68 36 45 55 7 99 21 57 62 27 42 59 0 98 40 70 36 30 22 7 85 32 67 28 49 7 23 12 86 15 6 49 70 70 48 43 94 38 80 19 57 41 82 1 14 69 23 10 55 28 23 42 87 35 10 17 31 53 86 90 68 50 24 89 64 13 68 29 34 91 82 13 75 61 6 
45 91 48 68 71 71 34 36 99 68 24 40 82 67 58 72 66 54 82 93 14 60 97 93 71 57 98 94 64 4 84 81 82 16 66 61 11 8 33 64 31 94 82 28 68 79 53 78 78 89 69 27 22 65 93 40 17 37 86 56 71 96 46 0 96 25 13 98 65 58 13 32 19 87 15 87 2 50 7 55 92 31 61 6 84 50 74 45 77 36 37 18 82 36 47 74 68 71 59 20 77 42 66 91 39 78 13 69 16 31 61 48 36 22 56 25 53 21 16 3 25 93 53 1 21 74 62 12 41 48 33 3 4 46 87 15 25 50 54 65 26 8 85 57 32 52 7 13 24 49 67 3 60 32 19 36 93 95 1 9 51 10 83 34 81 59 74 68 43 1 99 7 57 28 59 73 98 95 21 78 37 38 43 84 11 92 11 92 45 12 42 18 95 84 4 38 20 66 61 39 52 46 3 72 12 39 65 13 14 38 92 31 13 88 96 83 69 95 21 80 69 39 2 51 68 49 86 14 14 85 53 8 73 45 1 40 8 89 85 48 50 20 30 60 78 67 13 24 50 80 96 86 2 58 33 7 22 71 67 39 66 2 89 10 21 46 48 66 68 90 9 43 12 27 36 94 78 75 23 22 2 31 38 66 27 80 90 78 42 25 72 60 88 95 47 6 40 41 90 79 
32 54 59 50 27 94 62 1 65 44 18 81 66 17 97 89 36 48 99 18 2 71 81 98 41 50 41 47 34 74 21 82 16 58 27 47 88 73 48 56 70 38 34 66 77 56 14 27 70 8 22 60 45 17 25 17 60 78 21 74 72 38 57 52 13 76 47 5 46 96 50 8 69 90 34 97 0 13 81 27 75 67 88 7 0 55 90 20 29 27 73 55 13 3 68 73 62 53 81 14 17 79 79 49 82 58 28 85 93 4 77 78 50 33 69 77 33 93 46 83 73 41 85 45 81 62 77 4 47 62 35 91 9 86 36 41 10 72 86 31 10 94 36 7 64 46 32 82 63 51 18 92 62 64 19 89 61 88 91 9 97 9 47 43 27 65 37 59 28 26 21 94 99 61 40 51 3 46 55 91 10 1 18 4 51 40 69 94 64 67 39 30 51 0 26 35 34 44 54 77 92 46 81 23 70 71 30 86 62 5 12 32 55 31 10 54 61 45 37 52 99 69 37 44 61 37 83 22 27 36 11 52 71 54 82 94 61 30 30 63 82 91 52 20 69 10 9 80 2 51 21 85 32 12 53 42 24 26 4 49 24 67 83 75 40 44 11 2 40 36 51 38 81 76 91 95 89 56 89 94 57 98 62 35 29 34 6 81 11 34 3 52 43 46 35 15 23 71 25 36 
97 95 91 12 89 60 85 27 45 35 72 53 54 94 99 66 13 82 6 0 78 97 5 26 96 98 19 11 88 22 85 7 90 1 68 89 82 12 54 66 63 65 67 85 2 76 14 71 73 23 47 41 54 46 66 19 85 97 35 48 48 87 52 51 70 25 19 48 79 62 57 60 63 76 38 25 16 46 53 97 20 71 74 84 13 15 14 9 16 1 43 45 27 17 93 62 82 59 68 78 76 43 27 46 91 82 68 50 61 42 33 50 66 25 91 58 78 3 49 25 49 13 82 35 59 64 79 58 65 71 59 70 85 56 60 51 93 81 95 7 11 30 42 59 48 97 81 23 78 6 34 26 6 20 18 54 26 12 45 79 87 85 87 29 91 59 28 61 4 52 37 57 52 12 72 10 96 47 54 54 91 20 10 89 73 28 65 45 51 45 4 90 81 69 69 95 92 50 67 81 93 19 7 31 83 86 15 47 41 87 0 28 4 6 17 21 65 20 92 29 6 11 32 15 33 7 78 51 35 56 20 81 83 61 65 66 77 50 2 6 0 77 68 65 17 58 31 48 55 96 86 29 72 59 13 65 65 35 32 54 73 5 32 17 66 4 26 42 89 3 98 41 27 26 22 59 7 69 64 54 46 76 93 14 8 35 63 77 25 69 43 67 72 20 51 1 59 55 28 46 
51 41 75 7 65 88 49 45 29 31 67 85 2 56 71 55 51 84 37 14 20 42 73 95 11 95 97 71 36 39 89 38 40 23 73 38 54 40 55 97 84 1 62 38 15 52 70 1 51 51 28 93 22 64 4 17 79 85 54 90 43 58 18 88 11 79 32 35 27 71 30 64 50 69 67 3 74 28 56 39 34 46 28 89 27 36 38 86 43 46 49 76 44 69 11 1 60 68 67 17 15 15 87 1 17 57 43 64 26 28 17 34 40 47 69 35 64 3 29 61 15 34 76 5 2 8 80 96 35 51 91 28 74 62 58 40 21 19 53 57 16 81 63 86 51 92 19 22 52 24 53 75 87 69 97 79 9 63 92 27 25 14 92 6 57 78 95 51 72 41 63 45 46 65 84 6 29 91 45 32 75 10 72 4 60 36 13 87 49 67 5 58 29 18 58 41 43 85 1 12 96 10 39 80 18 38 98 11 81 15 25 66 78 55 32 63 13 21 27 12 71 38 21 62 27 83 13 17 8 45 2 75 96 10 54 39 60 74 67 92 24 4 65 22 31 98 35 73 7 41 81 91 82 42 1 15 8 97 53 43 21 12 40 65 85 88 16 58 26 67 48 82 21 94 46 52 5 30 35 97 8 44 81 23 18 25 61 4 75 81 41 83 13 81 80 18 22 98 37 92 
2 19 12 53 12 20 51 99 57 25 73 72 66 15 45 26 80 89 96 54 73 21 46 24 76 68 6 5 43 51 97 26 99 56 53 52 18 20 34 64 81 70 40 9 41 32 83 44 59 9 64 0 60 35 4 78 98 33 21 74 64 63 47 31 26 13 49 31 65 61 81 39 60 69 86 93 67 77 51 78 75 16 67 47 6 37 91 19 64 56 83 15 10 46 40 4 14 9 33 87 32 76 53 71 7 42 9 84 62 61 3 56 12 88 98 46 59 81 50 4 13 65 34 89 20 45 68 32 63 82 25 20 4 63 46 32 97 57 30 13 86 27 65 57 47 52 37 18 77 46 27 52 54 0 3 35 11 2 23 28 30 47 97 73 79 19 56 19 98 99 53 52 9 21 99 90 19 80 47 91 30 80 40 37 17 57 6 59 42 94 37 24 2 72 5 95 32 76 87 20 42 98 6 19 49 18 35 18 29 0 50 4 33 94 74 91 0 41 47 81 17 97 73 15 91 73 96 77 87 63 74 46 54 7 1 31 33 90 10 62 36 84 48 97 15 2 53 39 91 74 81 94 56 52 5 18 73 14 67 16 73 38 94 30 21 86 69 87 70 81 59 34 32 20 66 60 79 47 68 61 73 97 81 94 20 97 35 4 21 75 70 84 69 99 91 0 23 52 63 53 
7 27 24 69 33 49 48 46 73 73 85 92 94 31 80 56 48 6 8 38 66 53 9 92 63 36 45 3 73 31 87 73 40 0 83 27 20 89 26 26 93 88 66 29 26 78 55 25 92 81 67 43 32 90 8 29 56 75 40 79 74 37 1 32 45 72 17 25 0 41 83 2 80 32 48 23 38 92 45 24 81 60 30 64 12 83 10 18 59 38 63 29 58 61 81 54 39 11 74 39 10 93 25 90 81 82 71 51 29 72 1 78 89 78 47 4 85 5 80 28 60 83 4 5 54 46 26 2 53 85 42 64 44 78 6 43 61 72 7 12 87 37 66 58 71 71 7 56 32 50 34 34 96 97 57 18 17 50 53 84 27 31 44 25 96 78 3 25 90 75 35 31 68 85 33 5 20 2 2 72 55 24 76 17 78 36 51 41 63 48 67 46 50 11 74 34 86 59 48 35 90 64 4 24 85 31 18 39 82 41 60 59 24 17 30 68 30 84 17 29 72 28 57 74 49 58 94 26 60 68 88 18 89 37 99 26 81 39 85 79 8 51 77 82 34 67 35 48 20 93 29 71 17 94 34 28 37 73 69 29 64 0 61 57 61 32 38 33 61 21 58 26 31 28 88 64 42 29 25 29 65 83 21 70 33 2 29 45 32 15 3 96 33 69 89 77 60 79 13 3 
56 41 72 83 26 68 30 54 67 71 78 54 20 34 38 95 49 20 57 32 0 47 99 35 36 34 13 73 50 16 86 41 94 39 24 99 81 68 43 52 21 80 67 44 90 30 92 34 24 0 55 6 52 31 35 77 96 7 97 54 5 70 51 18 95 11 26 89 96 54 39 89 81 90 43 22 21 19 31 66 42 10 79 91 77 26 21 15 5 44 88 32 47 40 77 92 44 65 10 18 48 51 30 81 46 52 52 21 75 14 39 28 51 66 5 82 6 91 38 92 79 89 24 58 7 88 32 43 52 26 96 17 92 51 99 73 16 30 20 16 88 93 71 15 28 33 28 52 51 52 6 49 63 30 55 60 62 45 24 12 92 64 55 63 96 47 31 29 83 4 29 88 42 1 52 44 8 93 98 12 37 64 13 14 96 7 26 8 67 35 29 31 30 4 81 4 5 25 19 8 68 75 13 24 99 83 43 58 23 7 17 83 94 51 46 38 47 8 97 75 54 54 58 19 64 83 16 95 42 11 84 91 86 85 92 53 31 13 41 58 2 24 6 89 37 33 70 65 11 37 16 12 35 58 61 21 18 87 29 1 75 55 25 81 13 63 76 79 52 1 13 32 28 2 73 65 23 98 14 28 80 79 82 73 99 7 56 72 42 86 67 93 17 15 73 75 54 21 91 77 
92 86 30 27 21 87 14 51 54 67 75 19 38 68 17 90 45 89 32 33 50 31 40 80 91 6 95 93 76 16 51 32 59 7 99 83 58 70 40 64 41 54 96 85 66 90 27 0 54 29 80 51 85 21 66 17 1 80 32 78 7 58 54 35 67 70 61 62 10 90 56 92 12 80 12 99 7 43 73 15 80 45 62 3 16 74 95 61 28 88 24 30 36 37 89 19 82 46 32 81 45 9 14 30 68 94 34 57 97 77 67 54 61 58 76 21 6 53 21 80 94 12 83 75 14 59 27 56 43 71 60 19 92 30 22 83 92 42 43 77 1 86 76 42 9 89 91 24 83 6 28 81 74 67 88 94 85 46 98 57 3 13 96 41 73 41 40 63 40 41 19 74 10 20 86 14 14 20 75 25 0 29 54 77 45 65 25 94 90 69 76 78 57 40 65 42 75 46 47 85 85 36 82 78 80 6 3 11 14 37 4 95 39 66 53 59 69 54 80 4 32 48 98 80 49 52 60 32 7 33 45 9 42 74 88 18 27 88 52 12 89 55 21 27 47 45 39 20 17 79 78 47 39 83 80 31 31 81 39 88 15 34 52 68 71 30 28 9 28 25 13 42 97 21 40 72 57 10 38 31 5 14 79 97 72 61 62 74 68 92 2 69 98 69 41 2 77 50 31 56 
22 95 49 29 8 85 11 7 39 17 66 69 26 72 11 58 45 80 36 58 35 47 87 31 88 39 72 26 43 9 61 90 42 21 14 76 73 58 19 27 20 11 61 18 55 94 9 24 45 91 45 38 88 75 28 20 10 54 88 93 97 47 54 0 51 44 78 59 17 52 56 25 24 10 78 37 73 86 42 8 45 91 22 15 92 73 35 33 51 83 59 98 11 4 82 29 69 18 34 0 11 43 46 81 68 23 92 90 74 21 82 52 47 26 51 93 58 31 18 33 28 71 67 78 38 88 48 82 16 48 90 52 39 11 52 98 63 71 64 18 68 72 73 88 86 25 4 83 6 11 58 2 47 80 17 76 5 35 2 51 5 54 14 86 93 28 7 37 85 88 10 1 71 78 59 4 54 0 5 6 5 3 38 44 82 88 69 41 21 17 86 51 43 40 53 72 82 70 79 85 35 96 98 58 45 38 24 11 40 80 29 85 66 33 80 60 33 89 34 33 1 2 53 59 66 91 81 90 89 77 40 51 44 93 15 86 0 26 83 13 59 71 41 24 77 20 74 70 90 25 42 83 45 26 55 38 3 73 52 97 75 54 66 34 68 33 71 53 87 73 61 35 23 99 25 65 75 56 45 85 47 87 11 96 93 90 83 45 81 36 43 53 46 39 0 59 64 79 24 66 
71 79 82 65 5 6 17 22 3 92 89 42 51 15 78 83 66 92 63 59 52 10 86 25 56 1 92 74 75 15 55 77 59 11 6 74 72 46 41 83 21 50 42 68 51 33 35 1 59 98 57 49 65 45 28 26 1 45 24 50 81 69 0 11 71 67 64 63 52 93 4 45 29 81 3 12 50 44 58 9 84 38 66 43 95 4 7 71 87 69 85 84 50 21 10 64 39 10 58 19 2 33 72 80 76 69 14 18 16 38 10 76 94 10 89 60 82 62 77 17 68 11 99 95 83 67 27 7 8 37 58 91 9 37 59 99 85 98 81 81 81 82 9 78 20 8 36 73 23 17 15 63 76 33 25 60 71 83 9 21 97 42 37 14 85 89 66 50 61 17 85 25 2 29 21 62 74 62 46 17 45 44 17 14 17 69 29 14 7 29 69 25 7 18 7 53 71 25 85 31 50 4 6 63 98 13 7 53 9 95 30 81 72 35 62 18 81 14 9 82 70 13 75 12 13 25 79 56 69 93 87 72 47 76 63 99 50 15 38 14 60 2 5 44 52 98 56 58 31 0 34 79 40 95 10 18 71 24 71 34 46 93 69 45 21 78 46 28 32 3 48 18 71 73 55 47 66 57 17 62 44 55 80 78 21 12 16 82 49 69 69 52 91 5 80 67 90 52 9 99 
50 58 15 8 30 67 99 81 17 84 54 68 43 39 86 43 18 54 15 88 60 17 62 69 94 61 86 25 45 11 49 23 68 74 45 37 6 4 99 35 10 0 95 13 92 44 2 29 90 59 88 26 91 25 42 98 2 73 75 48 26 96 62 33 44 33 56 0 78 72 77 85 71 75 88 16 35 30 74 13 61 13 99 57 78 12 5 78 91 1 57 40 50 18 15 53 68 93 56 62 71 60 34 30 26 62 32 99 65 89 55 30 52 86 68 88 2 65 82 38 2 58 23 8 12 80 14 94 56 0 43 99 83 86 2 27 95 29 17 26 45 9 33 41 42 60 63 61 17 38 11 29 66 34 20 5 16 24 29 97 18 13 63 90 65 3 53 27 57 61 13 2 24 46 0 61 71 5 43 96 30 46 62 64 11 39 49 22 82 21 73 89 60 3 50 28 38 59 91 99 52 88 81 3 88 89 83 31 11 68 85 86 18 41 8 75 94 63 30 24 7 75 90 22 49 32 26 72 8 7 59 74 52 96 37 84 76 24 15 51 59 49 21 30 7 70 29 89 98 12 34 83 62 22 32 42 14 71 96 95 54 25 38 73 89 12 76 70 97 36 64 40 7 60 35 2 68 51 72 19 35 8 91 14 68 98 82 15 78 40 87 72 68 31 76 72 88 15 88 60 
13 78 66 79 77 65 94 83 50 95 87 72 46 89 11 1 88 71 98 97 93 43 49 24 91 35 93 6 5 71 43 63 91 33 29 3 51 8 92 63 44 83 96 45 98 74 27 41 62 5 38 73 72 68 12 7 34 51 76 99 86 55 2 26 79 16 97 41 4 17 3 2 22 57 56 58 23 99 59 2 46 68 63 47 53 15 29 56 93 89 87 37 45 27 9 38 1 77 81 76 76 68 56 40 32 30 59 90 78 80 43 59 37 56 73 14 10 36 8 75 40 27 84 89 85 63 63 63 30 95 2 17 68 53 3 16 71 78 36 73 81 53 7 29 10 1 35 31 39 31 41 81 56 40 68 22 75 87 82 36 14 18 76 63 7 12 44 50 42 42 53 4 15 98 94 35 54 64 23 73 63 81 40 94 5 68 39 90 42 71 72 1 11 21 95 4 50 38 2 99 29 96 80 63 89 47 69 42 67 7 7 9 38 16 4 42 57 19 1 69 42 7 22 43 95 86 51 85 79 65 86 31 61 13 22 25 5 48 16 54 27 56 68 30 44 86 50 27 66 65 61 64 27 31 12 22 13 52 39 12 8 51 25 17 45 34 23 87 30 61 75 50 22 69 86 21 26 49 86 28 91 78 33 67 10 31 6 2 62 31 93 13 13 30 32 38 65 94 95 4 
24 67 34 82 18 8 44 21 87 19 68 59 40 94 27 29 30 76 19 22 12 96 47 39 24 24 10 13 18 28 17 21 8 24 72 80 29 28 96 96 27 54 76 13 66 17 28 23 91 16 57 30 81 53 5 67 43 31 14 39 11 42 79 10 65 41 18 73 42 16 0 63 7 32 5 21 32 15 55 48 90 53 10 47 33 7 45 65 26 37 51 83 28 35 99 30 39 79 24 40 26 98 13 72 81 76 8 55 79 89 34 93 18 69 87 69 39 30 10 88 59 41 14 54 70 7 70 29 3 76 58 27 60 25 35 23 4 61 22 29 93 37 23 69 63 98 20 95 83 27 15 16 24 23 19 4 75 58 52 21 92 90 44 90 68 85 30 43 49 9 36 28 72 93 83 49 6 50 88 5 65 32 77 58 96 15 66 88 34 19 44 31 34 92 57 94 18 62 1 49 94 91 29 15 60 19 50 93 54 91 65 81 90 47 52 42 48 61 7 38 40 21 79 54 86 69 95 75 59 8 54 17 70 95 64 24 75 13 24 16 15 0 69 13 13 38 28 87 43 25 49 60 7 57 62 68 99 91 72 76 14 39 63 78 10 57 56 63 51 69 45 30 54 69 13 33 62 39 68 70 9 83 53 32 22 92 99 9 21 45 25 85 88 3 9 52 68 61 10 49 
64 49 20 33 30 41 57 46 81 81 34 26 2 95 31 6 49 18 67 6 24 63 74 92 60 48 72 56 35 44 82 38 36 80 95 82 99 10 16 0 91 27 92 80 71 69 83 11 1 95 13 79 81 29 62 98 58 23 3 58 20 52 12 61 33 54 52 24 77 51 60 46 56 75 47 48 27 97 61 46 65 16 87 67 55 43 50 42 86 70 60 53 1 86 31 55 34 94 7 29 45 53 75 44 86 52 71 69 42 52 36 88 10 35 7 6 71 85 23 6 25 3 97 26 13 27 89 67 28 26 50 93 42 54 70 31 35 54 39 39 21 88 70 85 46 46 98 86 84 19 43 78 38 64 43 53 56 69 52 82 82 37 72 1 1 43 73 47 38 5 65 47 55 42 5 92 31 67 84 20 74 57 34 87 61 31 30 65 91 61 77 60 40 51 32 65 84 56 32 76 72 65 31 5 4 39 74 42 65 88 61 15 85 96 70 1 79 42 58 86 37 96 72 0 62 21 27 16 85 13 46 72 91 58 22 80 53 42 60 2 94 27 28 65 90 42 78 31 19 75 62 65 10 17 97 10 17 97 93 46 88 51 37 34 98 41 94 65 49 6 37 53 44 38 87 22 88 25 5 62 21 33 51 38 23 83 67 7 48 32 98 37 39 16 11 0 2 68 71 12 
32 29 95 78 50 72 8 31 39 51 84 17 69 87 33 36 47 4 83 11 84 78 81 27 48 78 61 47 97 96 48 60 7 62 12 38 25 45 68 28 0 46 3 29 28 11 56 76 82 35 33 53 23 52 88 12 19 83 35 94 82 78 91 5 37 69 50 33 96 41 42 68 22 80 33 38 70 40 36 37 24 48 57 70 51 32 29 45 14 29 64 1 37 64 98 40 82 97 93 2 31 72 48 0 49 43 36 87 13 74 93 84 62 67 83 6 92 36 89 5 27 63 2 2 87 8 10 41 62 8 47 94 78 86 0 31 90 74 54 0 23 17 46 8 15 60 22 12 48 74 84 26 14 80 55 3 35 92 30 79 94 49 98 96 34 63 88 58 12 56 24 70 7 33 56 26 64 15 76 80 37 28 5 65 89 90 48 52 61 66 40 47 53 81 28 73 66 47 34 0 79 95 62 65 17 55 87 10 48 0 63 75 18 73 10 8 30 88 93 6 58 13 50 64 48 10 95 92 91 82 98 70 47 6 8 96 86 81 67 55 3 99 24 73 64 52 93 91 76 14 89 60 28 76 46 71 74 29 16 98 71 44 78 36 5 89 54 44 57 40 0 50 93 44 51 53 90 11 55 81 60 60 54 52 90 73 78 0 95 14 94 42 77 10 73 57 32 60 75 32 
83 28 57 38 11 20 23 36 24 21 28 31 44 34 26 23 33 47 38 74 67 22 87 82 94 18 86 50 73 51 40 61 30 42 11 20 44 53 6 85 7 90 84 53 51 56 98 27 31 74 84 73 75 23 33 83 48 10 22 86 95 42 97 99 76 72 42 23 72 28 50 1 54 90 62 82 98 67 46 88 31 66 47 34 30 38 29 19 14 56 57 66 98 62 86 93 9 12 62 28 8 38 28 27 29 93 43 10 99 17 34 6 98 31 90 21 72 72 23 2 76 62 39 77 42 21 31 95 95 88 23 79 87 93 32 16 72 3 71 59 61 11 13 51 34 9 50 85 6 75 51 87 98 62 79 64 48 48 7 99 80 22 44 35 41 23 73 24 68 56 66 30 52 33 21 74 26 40 99 67 59 85 32 3 53 94 66 30 35 52 79 38 19 5 82 20 35 35 49 82 80 53 12 26 37 84 80 61 99 65 44 3 91 49 76 50 61 25 21 5 11 23 63 23 49 57 66 80 88 52 78 31 84 28 33 0 75 46 35 73 31 86 31 48 55 35 41 71 84 55 33 2 17 3 31 0 13 34 21 16 84 52 29 14 33 14 88 99 18 85 82 13 69 40 42 18 97 22 44 82 0 16 65 31 20 14 71 57 3 19 50 23 4 22 26 88 22 44 74 61 
15 48 36 89 13 32 26 50 96 76 17 76 60 8 16 24 80 30 26 59 88 34 56 83 50 66 49 44 63 48 23 10 41 98 35 55 36 60 71 76 53 76 47 49 65 91 17 36 58 2 26 78 14 63 42 72 29 72 57 87 77 88 39 67 68 13 33 97 57 94 69 79 70 82 8 40 22 97 41 16 37 2 85 89 40 88 85 87 34 76 4 89 27 94 58 72 29 88 39 83 8 33 80 72 38 74 58 94 87 54 60 68 97 81 40 44 3 90 97 52 23 98 56 69 25 60 91 60 82 99 17 50 30 72 67 22 14 45 78 30 92 54 86 83 78 41 47 5 17 85 94 46 83 2 38 47 92 13 47 52 86 38 14 45 78 77 95 54 12 33 68 45 14 25 31 81 85 97 45 33 41 53 92 5 26 9 25 57 27 45 10 95 22 81 0 22 48 79 4 84 14 99 79 3 76 60 78 7 13 17 99 7 47 39 14 59 97 13 47 68 10 80 32 62 36 16 61 6 20 38 98 51 56 15 17 47 78 13 13 25 59 13 22 5 16 21 17 89 63 31 18 27 62 9 65 81 35 83 6 99 47 82 53 51 40 70 8 93 65 42 94 58 38 50 16 15 11 77 29 42 93 60 76 84 17 54 0 3 51 70 63 45 28 71 48 42 64 34 97 63 
28 69 10 23 2 74 33 34 0 81 14 16 9 10 39 67 21 71 99 72 17 13 12 24 8 29 0 97 16 97 48 54 67 48 92 23 27 78 83 30 4 11 40 31 1 11 83 77 34 78 92 21 88 1 88 58 10 48 93 55 14 89 13 37 95 33 6 55 18 74 25 14 14 69 42 72 20 37 6 54 87 64 80 42 17 64 77 82 34 52 51 73 40 0 64 89 3 42 86 71 6 87 74 3 6 33 30 43 75 50 19 81 28 77 30 82 50 24 53 62 24 61 30 38 2 29 24 97 27 26 37 14 55 27 95 88 29 6 10 71 5 57 57 79 49 37 20 14 97 43 77 79 73 0 26 20 2 56 38 19 48 69 35 53 54 16 76 2 14 24 63 9 10 82 73 43 19 61 88 34 62 39 61 84 80 51 2 19 6 80 70 87 56 87 56 11 86 60 56 16 33 59 40 68 55 97 43 46 53 95 52 61 7 6 4 37 93 4 27 56 73 83 4 78 58 60 16 36 95 17 29 11 6 43 59 81 59 90 58 31 43 89 22 7 94 62 28 40 37 41 5 11 56 28 7 72 99 4 30 38 58 22 73 75 98 80 42 40 10 65 68 15 94 53 54 73 42 98 3 31 47 80 44 87 38 91 41 56 73 95 55 11 74 95 53 99 48 2 82 92 
52 42 71 25 53 69 70 51 36 94 22 26 3 3 87 45 63 0 12 95 51 13 79 75 7 72 57 88 77 9 75 77 62 89 20 95 48 12 28 56 51 41 97 46 98 60 48 68 67 0 17 57 49 2 30 75 49 36 89 17 83 29 85 92 7 90 87 94 84 93 58 29 27 17 59 54 3 30 9 65 87 81 72 84 96 38 4 15 53 89 41 67 76 95 80 57 20 45 0 40 44 22 54 1 65 45 30 56 66 93 91 36 50 16 81 63 95 30 68 50 98 78 24 97 76 1 31 15 23 2 3 85 56 38 21 25 23 98 44 25 47 61 50 68 76 97 63 84 99 84 92 0 29 4 35 72 49 76 47 3 38 94 95 92 92 17 62 13 27 66 94 15 83 10 45 78 86 97 63 80 66 42 46 71 49 9 62 28 5 13 72 44 81 99 29 98 37 63 19 68 29 86 24 18 93 52 6 33 59 66 10 58 6 6 43 60 54 26 73 12 68 38 54 23 94 47 9 11 54 16 34 82 8 46 66 98 2 27 31 97 99 46 82 63 2 82 58 90 40 31 60 8 36 77 9 80 15 80 27 82 48 44 56 72 68 14 3 61 17 43 89 56 79 19 83 82 19 40 9 71 96 53 66 78 87 85 24 78 12 28 27 67 6 51 1 82 49 11 5 90 
54 8 52 52 58 87 35 12 28 82 46 75 37 66 88 55 45 85 57 6 43 66 8 68 24 6 89 39 12 99 30 71 9 94 96 49 64 69 76 52 49 43 26 27 39 63 78 82 44 67 66 75 98 17 20 54 10 75 43 68 84 0 87 33 91 38 96 76 50 60 35 15 15 55 73 79 11 85 4 73 30 50 48 22 28 55 1 8 17 91 25 80 17 8 40 43 15 42 38 76 63 78 28 49 33 86 47 6 20 19 90 16 94 22 70 6 78 71 39 79 76 87 61 48 60 73 4 45 45 11 36 59 79 54 19 77 55 64 48 73 26 72 11 76 5 67 34 12 87 69 48 98 63 25 84 96 88 22 17 25 58 14 11 50 35 32 64 63 13 89 7 35 54 66 97 57 42 69 46 79 59 69 23 99 99 71 66 11 73 2 33 37 37 82 22 71 97 40 34 49 52 89 29 73 22 68 98 2 97 12 16 8 54 75 47 22 15 51 42 34 47 75 61 13 46 14 95 66 59 90 22 76 59 92 90 90 45 66 47 63 74 44 86 55 65 71 57 20 55 27 58 64 71 16 65 26 30 76 60 35 9 42 44 35 67 26 98 15 28 92 36 34 54 14 40 63 43 57 41 81 76 94 88 58 0 17 92 55 40 67 19 37 98 5 96 16 50 83 33 0 
77 30 4 12 96 0 96 73 5 86 11 68 40 76 17 95 19 86 44 54 76 46 6 20 2 33 66 87 2 56 78 20 87 80 80 40 4 83 8 76 90 20 58 54 30 97 61 16 71 47 43 48 46 11 61 25 61 3 25 93 87 67 86 8 19 22 81 96 63 40 70 25 2 40 4 50 99 49 76 80 64 72 62 7 75 57 94 48 12 36 99 46 84 42 14 55 91 20 5 36 64 81 72 95 41 79 79 9 49 52 17 40 30 50 65 39 26 40 51 76 14 34 66 69 17 99 87 42 54 86 40 57 79 84 14 87 32 79 72 91 91 30 13 40 2 15 96 27 12 56 14 90 59 87 91 27 18 96 0 72 17 16 28 27 93 87 30 56 30 70 27 63 50 35 29 79 35 88 58 92 88 94 1 21 0 29 94 91 35 83 20 78 18 87 64 57 33 32 55 52 51 62 4 97 92 87 63 82 82 37 5 34 54 76 69 66 48 78 42 70 61 14 46 76 24 89 59 96 71 94 64 76 39 13 18 78 35 38 19 96 89 15 43 88 22 27 41 72 47 69 96 51 96 8 19 45 95 0 14 3 28 41 34 26 67 98 34 94 67 4 71 62 66 84 97 66 17 99 79 48 66 81 1 27 86 13 79 49 56 42 49 43 63 12 77 54 3 41 76 72 
59 70 61 7 49 62 51 22 6 81 49 58 67 16 51 30 93 45 38 17 22 89 71 55 52 77 9 3 73 81 16 53 91 82 2 20 36 12 0 13 69 23 84 57 81 53 98 35 84 52 44 97 73 63 6 20 47 71 49 74 35 40 82 12 23 90 10 45 21 45 66 42 63 79 88 57 25 20 80 55 76 82 12 92 82 34 32 58 77 94 55 59 8 21 53 34 92 72 5 81 23 27 55 14 59 31 69 64 49 65 51 13 27 47 31 35 83 89 82 96 53 14 49 37 5 12 31 79 80 74 75 21 27 65 92 12 37 29 71 67 96 12 57 38 44 91 25 14 43 96 76 3 92 96 96 48 64 14 66 46 14 75 11 16 8 55 21 58 90 88 5 89 39 73 92 65 8 26 22 36 83 39 86 22 60 70 59 57 92 9 99 40 99 82 42 3 6 5 77 80 21 87 24 68 76 73 73 39 45 60 82 73 57 86 36 34 68 1 8 84 82 98 22 76 17 73 1 81 53 39 10 15 10 8 48 4 37 18 35 11 30 70 40 82 12 53 5 30 33 50 13 72 64 65 14 75 99 55 85 3 46 97 90 75 53 94 65 54 78 97 68 6 11 62 65 15 93 36 90 43 57 79 16 22 21 39 9 0 82 68 37 16 8 35 78 75 55 57 67 98 
50 87 14 88 85 42 29 11 66 15 43 9 83 13 95 62 69 66 57 52 17 52 96 89 88 57 82 44 63 73 85 39 97 70 34 32 23 16 44 35 34 54 68 39 99 49 95 39 53 76 63 42 32 11 5 46 1 51 70 45 74 18 16 6 27 20 76 83 45 22 86 74 54 98 89 21 74 74 35 61 8 79 19 87 3 49 77 6 87 54 21 51 91 32 64 18 77 87 76 96 80 62 39 9 16 73 17 17 83 47 69 93 70 5 36 43 47 2 32 10 14 80 77 78 34 56 33 84 41 73 21 32 3 6 86 8 3 88 49 56 18 58 87 87 64 92 48 77 95 7 22 21 15 35 92 45 63 28 99 71 14 29 21 59 30 21 16 98 91 36 1 85 11 94 14 58 13 34 1 94 56 94 34 96 45 29 43 80 19 85 73 36 13 86 66 88 61 75 21 64 21 55 77 13 11 43 82 7 1 38 36 41 12 64 66 14 60 0 26 21 53 0 69 95 20 26 73 67 5 32 29 13 60 71 33 35 73 25 55 61 40 92 41 3 65 18 44 12 73 90 92 41 29 71 73 51 78 48 74 21 14 24 3 77 36 55 12 45 2 24 36 37 3 68 96 75 91 50 1 18 95 65 11 59 56 4 70 0 92 28 56 14 86 15 13 14 73 26 44 79 
41 92 99 42 25 54 28 58 40 26 73 83 30 36 37 64 17 97 52 64 25 30 29 17 99 1 61 34 56 90 43 83 50 45 18 9 71 86 23 64 14 73 99 79 10 31 79 23 44 16 46 84 5 98 47 79 40 42 20 77 1 30 46 42 33 99 6 62 28 48 47 4 57 18 89 12 96 93 33 74 14 27 50 31 88 24 95 15 73 34 2 4 78 14 41 15 71 34 43 44 84 8 93 70 87 91 85 31 43 80 14 61 78 92 94 27 23 16 69 22 79 70 19 99 93 26 3 99 23 30 48 60 87 50 68 96 42 47 36 23 68 35 92 73 4 10 51 56 89 67 88 68 77 72 54 5 9 98 62 73 94 36 11 5 78 71 2 47 29 46 62 54 50 46 53 38 1 41 61 23 59 15 26 24 3 33 60 22 19 78 64 47 98 26 54 64 28 53 77 74 73 44 82 56 61 22 6 87 55 45 63 60 99 49 41 42 2 10 61 40 41 62 10 9 97 78 6 44 1 93 63 27 41 65 22 46 69 13 79 97 69 50 7 86 39 42 78 79 61 57 81 40 61 30 56 56 63 2 63 46 58 36 46 30 13 29 40 68 39 92 52 51 52 80 71 82 71 76 69 95 84 28 84 61 55 11 41 92 78 72 92 94 86 9 34 88 9 56 69 89 
58 11 24 6 26 27 44 79 77 25 66 97 84 78 33 65 58 79 27 24 72 63 67 35 69 23 25 73 70 34 9 66 14 39 53 58 26 47 14 74 39 72 73 62 84 90 98 4 6 64 60 73 84 78 90 5 16 4 98 0 71 79 28 46 88 58 77 10 96 29 5 14 0 16 13 10 88 50 17 55 59 4 73 26 31 59 6 70 34 59 52 57 72 44 2 38 19 2 21 74 29 95 12 8 61 7 31 64 41 41 99 54 6 25 22 52 76 9 63 79 23 11 44 10 10 43 38 1 47 53 1 40 24 30 32 88 21 76 59 24 70 47 88 56 66 65 10 54 59 96 9 11 80 70 14 93 32 93 17 24 1 9 48 61 61 23 2 73 72 71 45 67 43 80 63 46 15 82 31 81 0 24 63 64 91 19 53 18 99 7 87 51 76 81 84 8 33 88 23 12 3 88 29 73 44 88 78 95 61 11 99 85 96 93 15 98 11 66 79 70 77 31 36 49 24 64 11 86 7 79 38 72 92 71 30 29 66 51 51 68 9 71 11 61 54 35 55 94 85 95 54 40 52 79 84 10 62 72 90 46 99 43 90 82 22 48 61 32 44 13 39 16 19 0 87 78 63 50 48 92 55 74 67 61 83 94 90 51 1 96 33 74 66 95 58 93 26 95 18 85 
31 18 38 52 81 81 67 11 86 70 58 87 88 24 90 9 75 20 15 44 45 44 39 34 47 49 27 46 74 72 49 97 85 43 43 12 17 14 7 77 31 24 84 99 84 39 83 27 79 64 59 21 62 76 26 63 90 20 49 40 25 84 58 88 12 62 20 55 42 15 86 31 54 74 36 42 0 72 90 72 87 36 22 0 81 64 32 37 20 84 48 32 71 89 32 81 32 16 39 62 29 48 1 6 20 82 16 13 23 19 78 39 8 43 76 64 89 64 82 7 43 85 16 2 61 92 49 9 35 46 73 8 16 93 40 6 40 74 73 75 70 61 64 97 56 89 28 79 75 80 52 34 10 35 16 53 42 82 35 43 31 54 30 58 37 47 3 10 70 76 51 42 15 92 88 90 98 14 56 38 13 1 10 81 46 74 14 82 54 25 39 99 4 14 58 99 16 20 18 70 75 14 2 22 96 58 42 33 3 54 38 92 49 93 35 89 25 10 76 72 34 79 96 63 16 29 68 44 44 5 92 47 34 10 13 44 48 18 2 18 93 46 27 81 15 77 69 38 98 83 43 0 9 75 28 97 9 66 18 97 1 15 58 9 71 23 41 64 64 47 67 10 95 56 74 39 10 86 98 83 25 65 90 1 39 96 41 69 35 27 90 17 99 4 64 96 18 4 78 61 
99 71 55 49 53 53 5 52 58 2 35 16 15 29 95 96 77 44 64 88 24 47 13 20 79 82 82 22 56 43 88 4 37 65 36 14 20 37 78 0 79 91 76 11 51 77 4 37 70 66 77 38 86 22 79 83 40 71 68 14 9 27 71 52 91 49 67 58 59 73 23 88 89 68 68 41 98 11 70 91 62 58 80 10 72 20 87 38 10 9 29 30 79 72 63 90 32 63 91 9 46 91 6 75 29 92 17 89 30 33 81 91 89 0 61 0 51 1 71 72 81 19 99 10 12 98 67 26 64 59 6 2 2 89 27 46 39 45 77 80 65 9 93 56 52 20 91 82 61 65 1 2 6 0 88 32 67 53 28 23 15 41 94 77 26 94 28 45 49 22 25 81 34 73 33 95 10 30 99 33 61 36 18 96 28 74 69 13 48 54 90 5 78 61 60 87 94 33 15 35 89 63 89 26 82 91 99 43 84 22 29 8 80 78 98 49 92 8 30 79 36 47 69 53 4 87 92 52 95 68 2 41 78 96 16 31 60 58 89 25 92 4 17 33 64 16 88 13 65 86 78 30 22 13 16 35 74 67 98 71 96 58 3 42 69 61 44 49 0 70 8 24 45 1 79 8 36 40 6 97 11 4 43 74 47 64 53 14 62 1 10 49 73 27 35 11 73 82 59 40 
47 91 96 13 48 19 54 42 60 43 2 1 58 14 71 22 89 45 70 39 74 70 75 29 50 31 53 8 94 63 70 71 20 12 61 56 3 47 36 19 85 82 33 48 91 77 99 66 78 66 28 21 42 36 94 0 28 26 15 20 36 28 5 19 87 95 14 72 73 90 35 58 98 75 59 87 93 71 79 99 86 5 59 93 88 45 91 85 54 68 15 23 28 45 44 99 92 0 40 6 14 66 84 92 67 80 76 90 41 93 86 57 95 33 63 11 6 59 74 53 49 9 82 83 93 35 86 0 24 81 91 29 47 13 67 24 41 16 47 15 37 19 82 19 35 25 43 22 8 20 3 80 16 37 52 25 83 32 89 86 82 31 87 98 15 82 87 67 75 34 10 21 19 10 77 34 77 23 72 31 72 23 25 45 35 36 93 32 47 86 23 96 14 70 88 64 62 4 5 36 37 20 67 14 11 4 8 25 6 62 63 1 72 39 9 37 98 23 12 73 92 63 49 6 9 55 21 68 24 65 98 28 11 57 95 31 3 63 27 61 53 14 57 49 7 62 43 87 74 48 87 79 22 13 15 70 2 36 52 42 66 28 60 7 86 93 37 27 81 21 73 45 22 83 41 54 6 95 99 32 78 92 28 72 2 66 84 13 6 34 47 73 47 73 11 80 1 76 75 19 
89 72 8 58 2 68 34 49 60 94 73 47 34 72 20 92 91 0 46 70 11 70 11 74 88 64 53 96 37 22 59 46 65 51 74 88 87 8 23 25 85 31 77 53 15 31 47 44 9 46 3 14 23 22 52 80 4 77 44 42 53 75 79 5 15 10 40 94 88 32 69 63 29 90 42 42 36 48 64 52 41 80 84 60 54 44 45 88 71 76 94 15 53 79 21 83 66 53 90 45 22 73 32 71 65 7 25 77 89 37 65 31 62 29 33 30 94 15 71 13 29 1 97 50 53 46 14 93 11 95 96 84 23 63 12 44 64 66 30 35 47 5 44 22 12 35 13 52 17 83 15 32 79 12 70 60 50 53 21 67 1 6 18 28 66 30 77 35 23 68 17 95 93 95 98 88 23 89 14 99 70 27 63 76 80 17 16 60 79 74 76 0 52 33 99 32 71 7 98 23 33 91 29 10 87 49 31 50 92 99 2 79 46 93 35 35 89 5 57 75 92 82 81 72 72 9 72 29 39 84 48 9 82 4 36 11 69 74 79 56 74 86 6 11 84 92 61 22 24 14 35 73 18 18 41 61 98 44 53 55 45 59 7 84 50 52 20 67 92 74 49 37 22 88 2 20 0 32 68 75 31 34 79 57 96 20 68 29 29 3 14 57 45 54 55 33 82 61 54 85 
15 89 18 89 46 26 54 5 54 57 87 90 50 99 37 76 10 26 38 64 26 30 47 19 40 95 76 27 81 81 30 86 15 23 3 29 88 68 45 39 19 8 23 50 15 63 77 49 25 39 34 79 43 54 59 38 41 40 89 0 15 66 23 58 74 77 17 97 52 35 81 70 46 23 80 0 92 92 18 73 48 94 41 9 62 81 83 78 4 79 52 37 76 30 3 68 91 53 83 24 32 57 84 17 64 75 33 40 5 40 6 47 63 61 48 83 63 4 3 83 30 99 91 52 21 96 48 21 39 20 56 67 90 52 31 8 79 36 60 25 40 2 31 16 35 71 13 17 84 64 55 99 97 20 3 13 2 4 99 96 40 43 63 38 10 18 86 49 9 43 75 71 11 30 42 96 7 24 28 86 91 52 27 17 0 30 19 15 61 9 80 46 89 52 65 40 74 37 64 45 18 62 63 83 29 84 39 10 31 84 95 55 16 3 30 67 36 81 45 39 40 17 67 34 30 81 98 1 24 72 3 51 80 99 12 57 31 12 41 91 71 83 12 47 13 7 94 17 55 89 83 29 6 83 55 93 84 24 94 6 68 98 89 52 81 84 78 80 80 10 90 74 72 81 17 43 36 67 33 48 48 70 78 16 24 75 98 99 82 79 61 63 0 13 67 51 53 19 57 29 
40 86 44 76 89 74 16 46 64 67 84 76 52 8 74 20 16 46 62 35 68 4 6 3 18 60 65 18 2 67 76 71 63 68 84 12 19 58 53 17 38 43 35 28 13 51 19 58 37 94 72 57 30 61 74 19 9 63 30 65 18 59 4 99 2 32 42 79 40 90 42 8 93 43 93 69 93 12 33 98 32 72 35 62 69 9 81 90 90 30 0 13 64 25 77 61 0 66 38 77 42 28 66 62 29 35 56 75 96 1 35 35 11 76 49 90 29 72 11 53 39 17 61 90 53 28 67 96 29 47 75 81 93 97 44 44 70 31 70 25 68 99 18 86 9 23 60 17 64 74 20 71 63 32 22 95 36 92 18 68 58 61 14 71 67 22 65 13 5 63 4 7 39 15 42 95 94 7 74 97 12 35 95 30 63 95 43 5 49 13 41 98 82 46 67 40 58 21 89 82 13 43 10 50 81 23 71 61 91 42 77 89 16 47 2 71 69 43 40 67 0 15 53 98 25 56 98 16 66 52 43 90 75 31 31 58 8 69 73 40 55 54 9 27 33 94 67 96 4 94 44 74 14 90 7 3 40 93 59 38 37 66 29 98 57 40 61 6 18 56 51 13 34 89 68 19 65 64 91 29 88 85 45 54 90 26 88 6 74 7 22 15 29 14 45 62 97 28 78 79 
51 91 79 52 9 37 33 15 94 41 46 85 34 65 49 78 41 16 91 91 99 68 42 67 78 50 0 89 87 37 51 68 21 48 99 52 15 40 39 32 44 10 3 69 17 68 81 58 57 42 43 97 88 23 32 21 30 57 98 79 17 89 32 38 26 62 92 98 20 57 39 73 49 85 7 76 41 8 57 48 72 61 7 88 4 4 88 41 79 83 87 61 37 26 28 96 41 69 73 69 88 24 41 35 59 84 3 95 71 16 8 37 2 94 20 89 7 91 62 36 92 76 47 47 27 2 33 87 83 73 28 30 40 65 73 1 66 85 73 2 66 71 20 96 33 87 18 44 49 80 90 86 54 16 93 45 25 55 57 67 51 6 47 72 63 16 46 53 40 70 69 32 14 3 67 30 39 62 9 56 15 83 27 14 55 51 14 49 69 4 1 27 17 36 23 12 2 97 61 83 63 49 49 78 64 23 74 54 0 34 36 86 80 28 18 49 2 89 2 82 54 85 17 72 37 95 48 22 32 76 38 92 31 36 4 87 58 23 85 90 6 14 13 17 85 23 59 26 76 78 49 22 5 50 9 9 8 80 58 97 53 37 49 52 46 6 61 68 39 11 67 34 63 88 90 26 61 28 34 58 71 91 51 69 41 63 5 23 73 21 85 58 33 48 22 10 26 66 85 16 
36 47 38 91 18 31 20 45 36 83 43 93 94 38 7 16 10 8 80 1 52 15 0 16 61 90 1 55 98 94 44 52 47 3 68 69 32 59 59 29 66 45 41 90 61 24 23 15 88 49 99 44 46 55 12 8 60 25 17 14 35 61 77 23 27 35 18 87 76 12 66 26 4 52 74 81 33 26 69 37 44 66 82 88 30 35 34 89 42 71 23 92 56 75 58 98 28 47 96 38 66 70 71 73 61 94 68 8 85 46 22 47 45 23 33 80 92 49 75 44 52 18 59 97 21 72 29 69 63 27 34 85 62 5 40 98 77 37 36 48 1 90 93 1 52 97 8 36 69 19 90 13 61 16 81 80 70 57 39 19 39 12 83 37 73 61 74 21 89 71 49 56 10 61 32 10 83 14 50 21 36 71 30 27 1 87 1 97 92 32 72 89 25 84 81 6 46 42 45 16 60 26 29 93 87 26 57 78 56 51 92 99 17 28 54 6 69 9 18 49 14 66 80 46 83 13 82 47 46 57 29 86 46 24 14 30 16 55 89 30 51 1 50 13 13 10 19 64 16 41 14 40 45 59 86 43 7 45 99 88 43 40 69 85 3 60 65 73 29 15 88 86 70 2 60 76 71 72 57 2 30 54 95 17 3 12 52 27 85 14 60 66 59 96 83 29 44 18 66 6 
35 70 46 53 51 12 78 48 79 0 68 15 20 6 50 33 22 87 72 3 27 34 48 89 22 94 17 91 13 26 81 23 53 52 63 28 54 70 47 88 41 13 51 85 60 36 90 16 42 18 79 63 47 35 33 40 6 36 96 99 12 99 98 17 16 57 70 70 69 27 65 0 38 95 15 88 21 28 45 0 85 67 41 58 48 28 5 12 65 56 75 72 75 32 56 94 67 17 40 24 82 89 78 65 93 63 69 21 28 54 65 28 49 96 65 65 95 41 37 69 63 52 16 23 61 34 16 70 58 24 81 93 72 7 23 99 11 31 91 40 43 66 87 82 46 31 93 15 83 49 61 14 6 90 81 83 26 98 91 61 57 6 1 74 48 49 56 61 6 48 93 60 49 97 99 19 94 70 35 33 32 14 56 95 52 33 72 81 87 68 10 62 41 24 80 51 45 31 84 52 37 94 65 81 26 97 77 70 63 0 40 98 63 7 60 65 96 45 23 29 87 32 64 41 65 68 69 99 95 53 37 12 9 14 25 69 87 63 85 72 28 49 60 15 82 88 91 52 51 54 74 2 35 99 24 71 97 63 86 19 90 95 61 20 4 86 99 37 31 80 70 4 82 73 83 11 67 94 94 23 4 52 71 96 29 23 13 4 82 98 89 34 83 89 25 32 81 88 13 64 
26 74 1 19 56 60 32 75 18 47 93 19 19 3 88 33 99 9 44 59 43 96 35 25 25 11 49 77 48 94 0 16 97 58 34 8 30 66 69 47 30 16 72 91 76 95 79 90 37 10 49 69 80 8 87 63 57 26 8 59 54 14 91 81 99 29 77 8 28 11 56 62 27 21 30 28 64 20 26 70 93 29 80 37 42 92 11 13 17 8 64 85 26 54 92 8 16 94 90 91 19 15 94 77 61 99 21 26 82 70 18 30 49 49 40 76 84 30 41 58 7 18 95 8 4 20 9 69 57 80 56 40 82 94 86 7 81 96 19 24 11 65 46 25 45 72 54 1 42 76 50 43 87 65 2 19 40 51 51 23 61 29 40 44 9 69 74 25 62 82 17 66 73 94 8 57 51 13 35 41 33 77 46 68 11 72 37 83 63 19 66 27 96 64 66 98 69 54 32 58 72 71 95 5 3 43 66 26 33 4 77 28 44 17 5 60 33 10 75 39 80 24 70 20 91 57 6 39 77 31 73 63 76 93 84 1 14 66 21 21 82 24 64 37 15 44 43 32 97 5 42 0 12 70 46 39 1 64 20 78 25 46 81 48 69 95 74 85 32 45 45 22 19 3 34 80 94 38 11 23 9 24 48 54 86 89 88 8 46 21 88 68 18 49 40 16 71 4 35 34 
91 66 78 64 27 20 77 83 6 79 94 66 39 54 62 28 10 17 50 74 70 16 45 33 71 82 74 23 62 34 92 28 6 43 64 8 82 4 71 3 58 11 84 13 82 65 68 91 40 18 65 9 18 49 8 72 76 59 38 55 23 8 25 22 70 94 82 38 56 61 42 15 63 79 9 75 31 8 6 18 73 56 61 46 21 72 85 25 74 55 98 81 25 38 65 80 85 30 17 28 50 84 75 93 83 89 97 52 5 83 32 26 52 96 41 69 48 49 68 42 80 78 84 4 1 80 66 71 35 99 21 81 91 81 37 53 24 54 15 41 84 70 93 38 97 32 43 89 53 33 68 40 54 3 28 6 46 74 30 39 10 44 18 15 35 76 54 24 70 79 32 22 44 37 18 51 41 25 9 43 58 18 87 18 5 72 72 35 16 76 50 35 52 11 32 47 67 74 64 2 47 70 89 2 22 28 95 72 95 4 16 22 47 17 75 42 47 24 55 60 63 58 2 84 8 43 94 12 66 61 32 94 65 1 27 14 85 8 92 11 80 27 44 75 94 95 69 24 79 95 52 41 0 73 86 53 7 49 69 6 72 75 38 81 40 74 25 77 57 19 69 21 94 52 44 10 37 94 97 81 6 90 48 93 66 23 17 47 19 35 93 83 54 2 50 82 34 27 98 72 
95 90 33 96 87 70 70 58 44 44 34 69 14 11 23 93 66 93 1 82 98 42 38 17 43 76 23 26 57 95 33 35 82 30 17 4 10 68 12 4 73 84 14 55 66 27 65 36 94 52 92 9 4 42 44 40 63 48 99 48 92 77 15 93 95 29 5 52 36 72 95 63 82 5 19 76 70 38 97 47 44 14 3 24 44 39 91 45 67 50 36 57 72 11 72 94 72 97 97 89 40 33 19 4 86 17 54 47 79 13 13 69 36 45 62 64 70 38 26 79 70 29 51 5 72 60 64 84 83 20 53 71 14 71 80 86 66 7 75 53 92 46 75 43 84 92 52 5 78 5 66 16 80 51 76 79 76 88 22 24 55 8 80 93 26 6 81 26 61 15 62 89 49 71 48 92 30 50 43 62 77 46 99 81 69 27 98 80 53 27 80 41 13 44 44 59 25 54 64 99 39 61 74 56 7 82 68 38 81 33 57 28 18 23 17 64 70 85 91 11 9 5 8 76 8 99 55 50 2 31 67 38 28 13 65 97 29 45 74 86 34 36 3 99 65 74 11 41 74 5 81 85 34 50 47 72 20 27 54 14 26 21 71 31 89 91 1 62 59 51 76 70 16 99 45 82 62 26 15 80 6 44 81 21 28 59 41 55 90 27 93 46 12 5 92 89 73 27 7 72 
86 59 84 82 51 50 94 89 62 79 59 4 81 44 23 48 66 54 2 41 53 83 15 43 20 93 45 53 61 42 58 25 77 99 79 66 87 97 56 73 97 60 80 65 43 30 27 65 4 28 81 76 9 27 50 49 86 2 88 14 59 30 52 61 8 58 81 60 37 28 17 62 9 67 86 0 32 42 32 81 78 6 63 57 82 7 76 6 27 41 11 93 42 40 67 55 35 96 10 95 40 83 86 23 88 91 84 9 17 69 95 12 97 10 4 10 61 20 62 41 70 52 7 29 71 69 77 96 95 33 57 89 33 50 23 65 33 28 56 43 93 81 96 81 52 30 32 15 25 12 64 80 87 81 76 91 76 95 32 44 31 25 15 51 43 65 76 3 21 2 48 83 48 32 67 17 11 52 7 44 86 76 53 60 95 34 81 34 8 48 9 30 36 60 16 80 26 17 12 62 6 5 13 28 39 56 60 23 87 30 61 24 17 24 59 24 21 85 64 8 51 2 35 62 9 22 92 68 70 4 85 38 26 26 7 39 9 7 11 80 71 83 97 43 81 49 28 89 5 41 95 14 17 51 60 58 98 64 83 65 56 80 69 34 57 19 22 67 66 84 11 72 99 94 52 46 43 25 93 46 31 5 19 50 11 70 82 3 27 36 25 8 91 7 57 62 90 41 85 17 
83 3 5 90 83 49 2 97 21 10 42 96 64 83 48 0 1 83 58 64 1 87 29 60 79 35 61 43 93 45 93 57 54 95 57 2 84 63 91 23 69 42 47 74 44 78 98 43 81 26 60 74 99 34 8 75 17 62 48 69 46 49 51 38 74 6 51 49 37 16 66 73 98 79 67 97 53 90 88 12 41 90 48 80 81 23 10 29 0 2 40 71 6 7 25 76 64 35 23 79 59 88 45 18 49 56 47 85 25 55 76 63 32 13 37 32 84 68 23 91 80 82 39 26 44 65 91 73 38 58 64 79 41 27 82 23 89 93 23 97 67 73 52 47 3 47 24 22 23 47 35 53 73 14 6 82 72 9 27 22 7 3 15 78 55 9 2 7 50 93 11 70 99 41 45 68 24 58 34 51 26 38 37 98 92 21 85 94 51 54 79 42 44 14 8 47 49 15 29 15 89 6 51 11 86 25 87 23 70 67 0 91 98 52 58 99 40 17 43 22 83 11 96 7 47 48 91 63 20 15 94 51 24 99 35 73 3 54 45 0 66 38 85 89 53 29 62 51 86 89 98 39 19 62 66 49 46 79 68 10 71 90 99 38 38 56 6 75 7 24 93 42 74 87 68 66 22 13 85 79 89 13 20 89 48 86 13 93 29 32 58 11 86 77 10 93 72 6 29 86 
92 64 37 50 13 47 80 85 10 7 31 91 41 46 2 87 12 91 93 51 46 44 7 34 62 50 68 91 32 63 24 73 40 32 22 52 99 60 6 83 67 21 39 26 58 54 88 62 26 57 37 26 80 69 73 84 70 83 49 29 13 56 27 85 71 90 28 63 41 60 86 0 24 91 23 40 89 94 42 9 51 56 11 15 0 13 41 9 94 10 65 94 11 97 30 74 51 61 39 87 10 53 44 23 86 87 61 87 5 2 47 5 25 64 17 37 11 58 10 29 67 37 31 67 15 79 8 31 26 68 42 25 6 37 24 72 71 46 70 72 42 31 41 62 67 21 92 33 10 10 70 70 60 31 1 15 72 12 26 61 51 69 26 65 58 19 25 16 45 36 5 61 33 43 82 67 38 32 79 70 21 48 59 3 93 27 93 35 94 53 0 67 63 51 87 50 85 90 97 27 16 25 88 42 33 60 11 48 12 35 56 73 30 39 74 70 31 59 0 43 22 79 2 2 73 70 53 85 7 92 78 16 67 46 45 63 98 76 60 42 40 99 5 22 19 33 95 55 49 94 50 46 55 77 20 86 37 10 24 61 0 12 25 4 66 61 74 59 9 41 76 25 18 97 75 24 31 25 22 47 99 60 74 77 89 18 98 82 92 91 36 63 73 90 13 18 85 72 5 58 
41 18 65 80 55 59 22 39 35 63 43 78 13 57 74 91 81 92 63 62 52 29 92 66 61 46 76 27 49 5 74 77 66 82 13 64 38 55 2 89 98 39 61 87 68 45 84 69 50 34 0 35 8 8 5 67 25 16 60 7 53 58 55 92 49 99 65 77 95 16 11 83 80 1 73 19 19 88 81 83 40 96 9 89 29 44 51 58 24 52 70 73 77 58 22 70 85 76 49 22 3 41 76 92 69 5 24 93 31 79 73 24 96 46 14 15 65 85 46 82 10 54 30 82 73 64 21 32 62 5 12 79 49 28 98 70 50 96 11 70 14 76 7 80 84 0 22 78 7 43 42 12 31 6 80 97 10 70 98 61 64 94 24 69 65 72 49 33 98 28 25 18 58 40 69 92 71 58 95 53 59 99 58 39 28 41 84 91 31 99 74 26 36 35 39 52 27 1 33 90 89 10 33 12 31 60 73 28 14 0 15 53 6 95 55 52 40 37 89 7 93 75 0 23 17 64 66 95 24 11 26 37 56 31 30 1 43 58 80 43 35 90 83 2 39 77 25 90 95 60 32 66 63 54 70 71 8 37 65 7 55 94 75 61 94 93 93 40 84 92 46 86 49 8 19 59 98 19 0 54 90 20 1 27 53 24 42 46 7 59 84 71 65 74 61 7 28 86 22 25 
58 80 35 96 32 14 30 97 32 63 80 68 44 79 4 91 55 73 81 49 37 80 22 76 9 11 4 10 8 8 1 30 39 12 78 66 89 21 46 55 4 83 68 11 41 15 69 66 2 85 55 4 15 37 69 54 55 61 92 63 84 49 33 97 57 71 77 52 87 51 45 54 86 53 5 55 58 86 11 31 9 81 0 58 59 47 31 40 79 13 17 17 95 4 44 78 11 8 38 29 54 82 60 49 63 76 36 30 34 99 63 79 33 75 55 84 40 40 33 14 42 53 6 77 46 92 12 66 50 41 34 65 11 4 79 9 29 24 2 53 69 46 13 37 44 52 30 14 30 34 23 61 43 2 25 11 0 43 66 29 65 85 77 18 77 55 42 69 95 33 58 71 92 66 69 42 56 61 39 63 93 60 0 41 62 81 40 38 17 72 57 74 92 56 14 69 64 25 8 46 42 71 87 14 93 13 91 5 97 48 95 79 90 61 18 21 24 72 24 71 18 75 55 45 48 66 31 93 45 52 22 92 4 6 12 74 91 58 91 11 1 27 54 27 41 3 47 74 64 61 17 81 49 96 19 36 91 27 14 52 55 87 84 34 88 38 26 0 63 89 4 20 86 76 35 3 28 61 48 84 98 62 94 61 93 95 88 72 59 19 52 66 58 34 46 41 15 31 57 32 
87 38 47 95 12 41 32 86 29 95 33 2 51 25 37 62 83 84 27 92 36 19 41 80 11 77 80 56 79 85 69 65 30 58 96 12 81 97 39 17 15 81 33 28 26 29 96 93 21 20 52 70 81 69 76 29 0 48 78 28 94 29 66 19 88 47 43 85 47 88 21 27 23 43 34 63 71 22 24 17 2 77 98 26 34 78 91 7 8 31 51 48 12 25 83 40 90 54 31 99 1 86 46 37 44 89 6 51 46 48 45 95 14 12 23 85 11 19 88 95 8 22 64 45 99 34 97 61 87 12 62 53 52 99 86 90 2 7 42 11 24 51 82 71 10 30 33 11 41 66 40 36 6 69 69 26 65 85 84 77 95 99 86 81 83 67 12 59 81 1 86 36 20 7 33 48 69 53 25 11 31 25 23 23 65 68 70 36 2 68 60 2 91 77 8 59 22 94 5 0 30 59 34 21 63 92 64 91 95 83 79 98 65 98 49 83 81 64 23 27 4 77 73 76 78 24 88 4 77 84 46 32 20 18 5 43 24 14 76 15 61 6 31 27 40 91 65 26 7 83 39 26 21 67 78 64 56 2 69 8 33 5 80 96 55 60 69 14 55 13 41 65 62 92 0 59 63 3 61 20 94 34 83 34 41 94 33 54 54 17 17 70 21 61 66 55 32 87 16 21 
48 93 67 40 22 87 32 61 86 37 87 26 18 10 71 58 30 81 28 57 59 63 14 26 13 84 59 66 42 49 23 60 80 27 33 33 62 61 49 78 5 27 36 64 88 17 39 15 2 14 96 10 55 79 65 26 66 43 82 8 5 44 86 0 2 17 20 56 29 61 68 58 33 72 3 73 67 13 79 61 16 48 0 72 23 21 62 88 75 0 36 86 70 18 88 17 42 0 13 48 99 15 21 60 53 68 86 86 55 1 31 23 5 99 46 96 66 61 13 72 49 21 49 92 12 69 99 94 77 77 97 6 76 39 63 81 98 47 83 90 73 36 58 73 84 87 36 86 88 19 49 15 10 68 61 77 3 8 41 56 58 83 99 81 93 93 0 92 43 5 36 2 72 56 77 56 77 60 83 77 17 31 88 24 56 71 8 18 76 31 55 35 17 13 78 86 77 21 58 6 44 70 15 57 68 44 56 24 88 34 95 89 46 17 64 16 30 89 65 46 90 45 73 34 95 37 97 20 17 83 18 10 33 35 64 16 33 68 51 68 98 26 24 3 94 9 34 15 89 17 45 86 1 44 74 33 79 82 57 76 27 87 44 29 87 94 65 67 72 80 69 21 66 78 86 91 74 59 74 84 64 81 96 17 93 35 28 53 1 80 94 69 21 26 24 66 29 4 65 49 
80 76 8 58 64 71 68 44 60 64 79 60 67 4 70 76 11 10 89 22 5 90 48 72 71 2 61 62 59 90 19 63 86 40 46 60 73 50 63 15 58 38 98 90 87 78 19 94 94 6 66 71 12 10 95 49 44 8 16 33 22 42 48 32 9 0 52 47 88 25 99 47 0 78 68 59 26 91 71 88 11 77 51 13 21 63 46 87 4 81 33 34 9 82 12 73 29 36 82 82 81 74 40 5 76 97 43 27 95 31 49 70 24 28 28 27 45 9 19 99 39 71 44 62 52 28 39 21 58 77 7 34 1 67 18 13 44 89 64 61 19 18 18 71 23 79 28 38 71 73 64 84 38 52 1 88 0 38 96 41 69 97 57 46 43 82 4 86 52 64 58 1 32 72 14 16 96 63 41 42 67 9 37 71 43 39 40 57 76 95 16 84 25 25 10 2 47 58 40 93 78 81 43 96 81 46 73 20 53 98 5 10 45 42 64 75 33 31 88 20 48 82 40 28 22 70 35 96 66 31 0 65 60 48 49 70 58 22 98 56 40 18 13 54 94 92 72 5 77 14 86 38 33 85 74 6 17 87 84 90 59 40 65 87 33 88 33 50 32 49 71 51 25 1 81 59 85 80 92 57 5 83 34 43 53 19 30 44 93 15 97 24 34 55 50 2 58 43 35 41 
18 12 66 62 38 49 72 53 62 24 25 54 76 54 48 42 47 32 22 90 62 12 65 11 79 43 77 11 58 64 15 87 8 21 68 97 41 73 8 67 50 10 43 41 79 55 32 16 28 4 0 83 97 13 37 7 55 72 64 37 53 91 84 7 7 94 97 91 54 32 59 78 20 52 18 89 29 66 41 88 90 47 53 20 69 37 77 71 73 11 9 65 87 76 79 57 62 6 40 4 59 76 54 98 16 36 29 91 2 11 52 19 72 74 70 89 38 90 5 71 50 22 2 99 69 55 85 38 33 68 23 18 2 60 1 50 35 77 90 98 38 70 97 80 55 27 12 1 64 19 25 85 52 38 75 34 2 76 8 58 61 58 8 70 18 96 35 30 76 86 15 19 2 99 56 80 65 83 74 56 32 60 97 27 90 55 34 59 83 76 72 96 61 19 60 63 12 72 74 75 23 45 93 54 57 7 33 39 12 18 58 83 25 61 64 53 49 2 13 17 70 33 59 73 93 91 79 47 74 64 88 61 36 97 12 90 92 16 15 12 76 73 66 62 16 18 91 64 95 41 90 45 18 48 99 52 97 14 36 34 31 28 2 75 88 22 31 7 57 99 12 99 19 18 4 36 44 15 98 63 39 98 71 98 72 98 45 2 26 28 41 61 64 32 96 6 58 28 48 78 
66 77 86 73 83 95 13 34 41 45 53 95 37 99 40 97 46 81 37 98 39 37 36 88 23 1 98 21 11 91 93 99 91 52 86 82 52 6 40 11 31 86 16 48 22 70 15 77 43 7 63 93 13 45 34 30 47 33 59 61 50 19 3 85 2 46 11 45 20 89 67 48 39 99 30 13 5 65 15 8 95 3 71 43 99 88 55 64 36 81 17 38 59 85 50 81 29 90 51 91 97 79 12 13 80 61 24 59 42 78 95 39 30 76 88 79 57 34 83 85 91 82 30 7 2 59 74 87 63 35 12 56 34 76 64 33 98 62 50 93 1 28 84 52 37 88 4 42 99 52 42 18 35 14 39 28 84 82 54 94 25 83 91 47 96 15 47 24 34 12 76 64 63 35 78 15 68 10 85 43 10 72 59 6 88 11 8 38 24 23 72 14 62 13 32 48 58 94 57 64 19 29 94 28 83 87 9 55 65 66 56 3 21 95 95 90 99 88 20 49 18 84 78 56 50 89 71 84 40 12 22 50 85 23 80 48 98 68 80 57 38 60 60 49 8 18 50 94 11 72 45 40 75 67 93 80 26 91 60 19 38 33 45 5 53 13 61 60 55 30 97 61 86 12 63 18 92 3 28 37 60 77 5 4 14 38 40 73 88 79 74 24 33 85 63 7 10 66 86 77 
10 89 2 98 6 26 79 82 4 48 65 95 47 30 41 73 31 99 49 12 67 33 71 80 76 97 16 96 68 72 27 51 35 93 40 24 56 86 45 60 88 44 72 66 30 7 85 18 71 44 14 32 80 77 65 70 68 95 48 65 35 30 4 5 11 90 58 88 23 60 17 41 33 87 26 7 68 68 16 51 85 7 37 90 13 87 20 91 84 72 39 34 16 56 92 8 97 29 78 90 52 64 39 20 38 32 75 33 42 21 4 93 5 51 52 38 77 56 58 43 16 20 4 78 6 50 53 31 65 52 18 93 21 98 39 38 47 9 71 46 98 54 35 72 76 68 67 79 44 86 50 33 28 32 97 61 98 60 69 91 96 72 72 82 65 75 64 6 84 37 70 42 75 7 86 87 84 22 92 77 83 2 55 9 1 62 8 45 47 15 73 76 85 34 98 33 16 25 19 77 50 8 59 42 41 68 17 15 64 37 38 89 89 9 50 65 90 32 94 39 33 61 53 13 37 12 29 77 67 62 24 42 56 10 68 54 93 41 76 71 93 73 88 23 18 25 35 26 63 96 18 86 0 59 84 39 66 48 96 38 41 44 87 70 95 95 27 45 54 79 30 12 93 54 27 50 91 20 62 67 1 8 14 80 21 21 60 29 38 49 73 97 18 17 72 69 65 84 37 71 
45 16 33 1 31 4 11 95 87 45 66 30 26 55 48 5 27 40 59 35 56 54 98 26 11 72 22 18 49 27 65 50 44 2 91 44 19 44 63 10 46 67 41 67 77 85 93 74 14 54 18 51 73 69 80 20 91 16 42 10 4 41 89 20 93 71 65 82 82 96 81 66 41 36 29 71 31 49 57 87 71 25 21 39 84 65 67 32 26 43 84 4 0 78 47 9 64 5 67 5 87 13 27 95 35 15 63 9 82 97 84 67 81 55 8 71 97 10 75 37 44 56 56 73 84 19 56 38 19 98 64 37 46 48 70 86 20 52 91 55 33 44 22 99 24 2 6 28 28 8 55 36 70 11 18 60 48 10 96 50 20 68 10 77 20 51 14 87 16 11 84 22 65 2 54 54 73 37 60 66 78 91 33 56 19 44 18 50 65 33 19 15 86 74 75 2 76 8 99 97 8 68 32 68 5 19 1 29 31 44 70 76 54 27 63 42 40 43 19 35 82 99 17 90 2 60 20 60 94 66 69 13 3 19 45 53 25 72 55 43 58 26 88 94 9 80 78 70 8 8 78 14 59 51 77 25 43 53 57 69 3 8 3 18 10 72 52 81 5 71 8 77 82 1 86 98 74 83 6 99 55 91 99 27 68 67 33 60 49 95 49 96 70 80 54 89 60 19 37 95 
42 25 24 31 88 36 56 33 57 98 18 86 81 25 74 23 94 90 11 59 53 45 18 75 11 97 38 22 81 36 67 11 39 78 2 32 23 79 9 94 82 54 52 74 79 24 50 54 29 60 15 8 49 75 98 19 87 3 15 8 61 12 0 58 48 3 11 61 32 63 42 43 46 80 46 64 68 21 93 84 47 85 51 54 95 42 50 43 68 74 9 27 21 17 42 32 98 6 60 93 14 66 75 84 60 2 81 15 28 61 21 47 98 69 58 99 75 16 50 40 73 22 83 85 72 9 58 40 60 25 54 25 5 85 12 98 12 46 37 44 72 6 71 22 45 52 79 67 36 18 98 77 59 87 34 7 54 22 60 95 54 66 8 80 97 64 77 37 3 70 97 59 3 2 3 23 29 70 63 80 50 16 41 59 68 45 35 80 36 42 52 84 9 31 37 35 11 64 45 92 44 32 15 55 21 7 60 10 32 59 58 7 53 31 53 33 15 68 87 13 81 3 85 36 32 23 24 62 98 95 81 68 91 55 81 20 19 99 76 81 88 55 88 83 78 61 88 20 64 96 1 9 81 91 5 86 75 42 26 20 2 46 69 36 12 58 88 68 20 1 65 73 5 91 72 61 48 56 91 84 88 34 20 54 56 37 2 43 3 87 35 25 28 94 13 13 20 31 0 0 
8 21 0 1 65 1 72 24 83 14 26 24 6 16 59 64 87 89 57 91 90 28 11 86 11 94 69 55 7 93 49 43 95 14 5 18 71 14 50 38 32 17 72 85 46 48 71 80 18 11 6 53 59 92 86 71 79 17 45 57 71 28 70 15 54 86 88 51 96 31 39 99 70 60 3 14 17 28 40 62 51 83 68 93 39 79 91 99 57 85 4 23 30 56 5 56 21 24 48 70 93 47 7 24 69 22 73 40 38 26 26 97 52 65 49 85 40 49 67 51 96 1 63 66 7 25 60 99 90 64 35 47 63 57 61 57 93 97 23 90 73 4 88 30 48 69 43 6 49 67 86 67 76 49 90 70 38 84 48 32 55 91 83 35 82 55 75 29 39 96 17 5 31 32 92 60 27 87 95 43 34 23 92 38 37 65 73 26 72 15 85 2 99 39 17 22 4 36 27 97 95 11 2 65 99 5 68 80 74 95 73 90 72 78 97 16 16 65 55 3 68 63 86 77 70 57 45 71 31 91 34 8 75 14 16 21 9 51 21 6 0 17 61 79 50 24 52 78 12 81 98 40 31 8 77 23 77 45 62 23 38 78 12 67 61 65 77 2 6 34 23 77 10 94 98 55 5 18 10 92 50 61 48 50 75 95 12 53 59 84 54 53 18 20 49 2 24 68 94 75 
41 14 17 89 38 12 77 98 11 50 59 13 48 69 42 89 62 34 20 14 44 68 51 50 70 9 36 64 32 43 95 81 50 83 49 32 82 45 11 99 62 10 27 22 25 17 32 20 64 67 33 68 29 47 78 6 38 29 34 97 82 31 28 71 41 1 1 15 98 43 61 19 58 16 74 90 22 65 93 43 63 37 82 7 65 11 43 20 14 36 7 2 97 14 60 34 7 92 26 41 36 12 82 65 9 90 0 82 13 94 87 72 21 15 73 12 4 6 73 68 35 51 55 71 30 61 45 33 79 12 12 3 46 34 77 46 77 83 40 82 61 26 24 20 45 43 12 55 55 90 50 31 44 88 14 15 27 57 89 73 37 17 51 84 36 43 37 81 29 47 31 1 62 71 41 82 20 92 8 95 93 73 40 65 2 68 92 11 98 68 53 66 70 96 2 26 72 90 7 31 46 66 49 40 73 19 90 88 73 66 9 89 82 10 0 65 11 72 64 51 47 8 49 63 81 67 67 57 56 71 51 28 19 19 6 22 9 44 11 10 80 1 31 76 19 73 34 4 17 50 43 90 36 8 44 25 83 83 44 2 79 66 85 79 52 92 13 31 18 32 63 97 26 65 26 25 27 86 38 58 16 48 45 72 59 15 24 51 66 97 38 73 62 7 13 33 93 96 92 73 
5 25 91 33 41 26 49 28 58 85 23 9 10 12 90 66 71 23 95 82 0 92 56 5 20 70 58 9 3 44 93 10 40 38 64 49 0 84 25 0 56 22 90 20 13 56 98 96 21 11 50 33 32 83 44 27 65 83 97 40 17 14 41 30 86 43 63 9 56 39 86 45 98 33 60 89 89 90 96 77 20 39 33 93 55 52 44 23 33 90 26 25 56 83 64 10 32 56 31 95 75 19 60 60 87 34 71 21 72 92 77 18 72 47 76 58 40 14 78 99 25 15 61 77 75 95 58 54 0 77 91 16 64 24 50 33 52 61 15 99 48 1 9 14 45 95 98 31 67 12 64 90 36 98 38 79 50 91 22 53 37 54 54 3 79 15 62 75 83 27 74 76 44 29 92 22 68 55 4 89 97 28 22 86 22 32 44 25 29 45 25 23 20 55 85 14 85 86 2 87 38 30 10 15 33 80 62 18 28 83 18 83 1 5 14 32 68 19 25 76 9 62 75 6 15 56 36 57 93 99 15 28 97 83 76 17 98 94 62 5 46 51 52 38 63 19 70 99 53 48 7 42 61 51 12 63 93 89 79 9 91 76 49 47 2 51 44 93 3 75 2 75 33 79 2 21 75 46 88 15 49 24 71 35 5 79 52 21 11 31 2 26 80 47 20 52 59 41 6 60 
88 95 28 81 97 36 20 37 78 59 2 34 93 30 52 42 38 17 6 54 23 76 84 31 71 99 15 6 68 48 74 42 38 22 93 95 6 40 9 33 23 0 53 30 16 1 72 92 30 3 28 34 48 33 54 61 20 55 91 30 87 82 43 38 16 24 81 16 93 25 26 66 71 38 80 71 74 55 73 21 40 68 40 54 94 27 65 55 96 5 8 71 74 34 67 53 30 38 15 33 13 41 15 28 28 81 97 14 88 91 80 36 25 48 99 98 70 32 50 30 41 36 62 30 12 43 48 66 33 26 24 26 54 86 72 22 80 98 50 6 73 57 9 21 31 38 33 41 43 6 68 73 18 0 21 34 14 67 11 98 24 90 69 29 33 6 12 25 91 23 24 21 69 16 60 33 77 8 73 48 5 84 94 49 92 81 53 68 19 9 31 76 11 92 16 5 89 99 41 20 67 94 7 52 16 82 53 72 96 53 21 42 84 89 23 62 45 67 29 39 95 57 74 37 15 30 33 72 30 44 77 64 62 41 23 21 47 82 59 41 95 34 79 36 29 23 72 55 0 70 26 44 70 15 54 53 67 30 94 39 52 1 33 88 8 66 32 72 53 29 76 53 30 81 56 1 56 73 77 49 30 42 56 75 73 99 76 75 79 90 41 37 84 45 37 33 43 0 97 5 
59 13 46 27 1 87 60 98 35 39 26 99 13 31 67 43 19 46 96 27 72 1 84 23 49 38 69 43 57 6 19 79 44 11 1 24 17 44 6 79 40 37 94 42 43 82 11 53 25 70 22 39 45 23 5 12 28 51 32 37 49 14 66 74 56 79 99 12 69 13 76 87 66 67 43 81 60 73 75 64 97 4 18 48 10 79 57 73 36 44 47 12 28 87 14 67 67 26 7 98 21 16 24 87 74 9 87 1 42 85 84 97 73 28 31 1 56 27 91 69 9 22 22 67 49 17 3 18 78 38 52 98 22 42 71 70 82 95 95 54 19 27 66 91 53 7 30 16 17 90 69 21 83 71 85 11 44 32 80 50 84 88 47 70 91 48 45 85 8 69 19 3 63 74 85 15 28 51 71 85 40 88 81 69 23 96 52 59 25 24 26 40 77 61 88 7 0 89 6 35 60 28 2 16 56 1 9 24 53 90 62 77 14 78 92 80 16 49 87 36 81 49 61 91 74 28 63 16 26 48 53 17 77 46 38 7 60 50 5 0 11 67 31 0 41 74 70 47 50 67 45 69 79 32 41 28 90 72 39 74 60 15 56 83 59 84 73 89 15 92 51 12 47 5 57 1 36 65 51 17 38 64 99 67 32 95 90 34 65 27 78 68 38 37 53 44 66 51 40 89 
39 98 53 26 31 82 77 37 87 67 42 63 23 74 45 38 94 91 35 86 4 76 54 88 9 34 17 32 23 1 27 5 26 74 60 58 67 21 12 35 67 65 85 12 73 79 27 69 35 9 42 12 69 50 0 34 95 85 28 8 77 12 6 9 19 23 19 19 81 94 67 68 23 37 94 53 21 77 44 85 71 99 45 35 23 63 32 15 3 76 65 20 76 3 36 82 71 13 52 10 63 57 37 11 79 33 50 30 26 47 18 21 88 83 49 67 83 10 85 79 78 50 14 39 60 77 30 44 9 44 13 55 32 78 1 85 8 31 73 10 8 16 19 18 92 39 26 14 99 71 53 45 50 88 93 30 98 88 57 22 9 84 95 69 69 45 26 45 57 13 50 86 52 98 8 55 63 21 87 65 50 6 10 46 86 68 95 13 86 7 30 52 59 97 26 24 44 26 65 29 54 53 43 73 33 84 29 57 59 75 14 43 5 24 85 82 70 99 80 67 46 82 92 76 56 16 38 17 31 73 58 38 36 97 78 12 91 50 82 84 86 83 89 18 66 51 62 63 99 25 75 24 36 13 66 43 75 35 99 36 58 50 97 90 22 20 88 98 58 20 50 75 23 24 65 26 59 60 76 76 8 23 50 13 99 52 31 12 72 51 80 56 52 42 61 5 36 62 5 88 
31 2 38 39 99 42 98 88 76 75 17 43 50 31 39 50 48 59 52 45 80 93 90 82 65 11 16 10 54 31 37 25 97 84 6 27 85 49 47 84 99 37 59 65 51 22 83 74 49 18 81 46 74 87 73 70 45 70 80 10 93 99 55 46 45 70 98 32 29 21 10 53 42 96 31 81 53 37 22 18 4 58 86 64 10 91 9 71 5 16 58 81 48 38 5 11 49 17 10 53 59 34 85 56 45 58 49 3 40 11 4 2 5 21 95 83 89 99 82 57 12 59 42 38 60 84 33 35 88 23 94 95 16 28 5 12 10 41 13 53 74 15 76 4 75 68 15 30 54 33 79 61 2 93 75 73 80 41 56 27 95 41 85 73 15 43 46 30 67 47 10 93 97 19 92 95 62 12 11 38 97 16 58 3 68 61 59 20 4 9 61 18 0 8 76 8 53 52 80 9 76 27 18 23 60 22 70 69 10 39 68 50 83 4 77 94 33 86 40 48 8 25 6 65 30 2 75 28 68 25 18 74 19 45 95 88 96 92 71 11 28 27 19 47 27 16 33 39 13 10 59 71 13 51 81 79 37 25 14 68 14 67 9 73 82 16 22 4 12 61 22 92 47 98 91 84 85 6 25 97 20 56 4 77 14 89 83 97 1 56 72 5 87 79 74 45 4 38 99 26 
28 60 21 81 63 90 91 94 93 93 91 17 95 60 55 26 55 1 80 47 35 90 23 22 61 63 95 18 26 90 13 86 76 88 34 33 0 90 50 77 64 93 1 42 5 78 71 53 57 53 40 80 43 9 53 44 22 53 64 14 11 0 6 58 33 38 67 93 11 1 81 80 25 59 32 69 15 78 6 66 83 3 67 72 87 4 39 34 34 16 11 6 19 80 68 51 18 39 26 0 76 77 56 20 77 69 28 90 80 12 26 14 13 81 36 21 65 87 77 65 39 47 30 1 6 23 80 56 0 87 88 15 33 17 95 56 34 40 73 48 88 48 24 57 0 14 28 84 64 50 47 17 59 12 22 85 89 35 42 95 53 38 32 58 20 73 73 89 59 84 83 48 51 3 40 54 78 94 24 8 1 33 52 9 57 74 23 10 79 41 38 4 36 21 76 68 36 41 88 58 85 82 13 85 46 75 37 14 58 44 73 99 87 60 13 70 78 29 41 81 16 49 75 60 46 90 38 13 5 5 50 44 98 76 88 76 44 77 65 12 29 90 98 49 30 3 38 31 41 1 16 30 33 80 78 43 97 3 75 51 48 94 96 3 57 12 69 64 41 74 90 37 93 19 22 47 62 50 55 37 82 54 63 76 61 72 28 76 12 82 79 95 80 86 82 62 34 64 53 82 
98 76 37 81 61 55 40 1 16 5 12 35 9 44 96 32 56 79 18 56 91 81 46 52 46 78 11 57 46 74 7 86 70 81 46 43 58 83 49 10 79 21 41 50 15 95 33 97 3 35 3 54 82 18 7 16 48 78 81 2 87 16 70 23 73 63 44 31 50 89 49 35 39 32 65 45 63 99 99 68 49 94 54 15 42 15 31 39 89 15 38 42 32 64 13 33 84 48 81 94 87 58 44 87 77 56 89 57 2 76 81 92 70 19 94 22 39 55 59 66 94 27 47 72 62 21 13 10 10 79 55 56 93 74 5 75 0 91 41 98 18 83 45 46 35 29 36 4 55 22 61 65 20 8 96 89 43 59 50 7 15 12 23 44 3 22 78 58 44 87 33 87 50 38 53 58 75 54 8 93 80 64 17 59 84 28 25 68 14 14 40 67 63 19 57 95 65 80 41 93 42 6 64 85 43 95 74 51 82 9 62 96 53 29 41 65 66 77 25 19 28 54 2 24 79 55 17 88 71 66 75 24 53 30 56 55 87 4 12 38 12 22 2 62 55 65 19 54 72 94 45 30 48 47 93 2 78 58 18 8 26 58 36 82 65 86 47 42 52 83 39 22 46 5 83 10 45 84 69 91 4 95 82 63 82 93 38 50 9 48 25 79 13 34 75 95 59 86 62 57 
53 14 34 96 27 86 82 5 95 98 49 95 57 51 21 19 50 56 99 8 79 91 59 68 56 41 22 13 82 89 13 25 15 79 11 79 28 41 95 82 53 83 19 11 60 80 69 9 17 36 72 3 88 40 26 80 95 18 67 73 2 37 32 74 8 25 52 12 48 95 6 86 80 83 77 43 28 81 17 78 26 30 95 91 36 27 50 98 15 11 79 42 55 89 38 7 16 32 78 94 83 22 83 32 83 7 54 14 9 70 76 89 97 96 38 50 48 68 45 75 7 27 58 6 70 17 68 37 29 12 77 14 21 11 49 81 78 61 21 9 47 80 11 68 63 67 11 13 11 28 77 6 80 6 7 9 2 78 82 11 53 40 9 88 47 3 46 65 26 51 83 67 47 21 74 87 35 68 88 7 5 17 64 28 17 20 36 56 4 42 56 90 71 94 37 83 8 84 0 55 2 83 16 53 4 90 69 95 1 89 17 82 43 1 44 16 46 41 87 39 18 30 22 73 12 86 26 64 8 92 96 32 22 63 31 54 15 99 20 8 94 60 52 42 60 22 73 23 75 5 41 41 90 78 96 1 78 18 44 82 52 77 33 51 51 57 14 51 66 9 70 21 93 68 76 20 24 42 1 37 57 16 82 2 52 71 49 17 91 67 99 78 3 77 1 5 28 71 79 80 
7 94 84 67 86 68 48 4 28 36 54 25 87 43 30 56 2 75 38 46 11 69 31 87 85 39 6 98 73 4 51 0 50 15 79 21 10 18 93 5 95 59 54 92 74 84 9 57 98 40 7 16 77 33 83 34 51 30 78 36 51 56 18 95 33 77 88 32 76 5 43 28 41 57 35 85 36 8 42 85 96 32 84 94 9 57 73 99 83 32 27 38 0 27 12 74 90 71 6 23 8 13 62 96 47 49 22 89 7 12 62 9 74 97 20 57 35 14 83 53 24 76 89 62 79 49 61 37 53 0 40 55 74 30 53 62 84 7 58 99 27 26 33 24 10 66 85 88 32 5 34 93 75 6 18 37 81 50 32 4 40 54 17 68 23 4 90 34 88 51 41 84 50 16 59 16 8 50 33 12 83 28 18 38 6 18 52 70 20 94 30 89 41 36 90 5 46 87 79 75 87 53 53 20 10 40 44 90 34 43 41 92 88 85 26 33 8 56 21 38 47 9 63 31 67 30 59 51 12 95 1 9 74 29 31 54 51 96 63 48 14 56 37 69 87 7 91 45 38 80 67 28 30 23 7 56 27 36 80 97 4 41 35 49 0 79 31 42 23 43 61 14 39 13 37 55 69 90 46 99 42 99 90 69 14 60 42 16 24 74 28 12 78 3 3 31 81 23 29 86 
32 73 54 99 58 90 8 69 66 97 93 78 2 35 12 93 18 81 51 20 86 72 65 35 42 30 92 18 58 90 21 87 85 10 94 8 81 75 7 40 52 90 5 87 90 97 4 43 79 8 20 4 9 82 37 47 77 67 57 27 34 62 54 24 7 77 33 73 19 76 74 67 85 64 25 58 41 6 57 99 39 67 71 87 78 32 49 36 42 88 95 33 42 69 65 83 65 64 30 41 1 13 69 27 96 79 99 10 47 32 84 18 56 76 65 54 76 34 85 97 77 71 70 69 72 89 42 24 3 95 47 92 61 91 8 67 30 59 9 56 36 97 49 0 66 25 61 9 80 84 20 66 67 22 81 27 50 84 93 80 13 20 10 92 86 60 59 12 41 28 8 63 25 67 4 44 47 32 29 78 60 59 16 89 71 51 66 18 56 96 14 27 64 92 24 98 64 57 5 25 99 79 16 92 60 64 20 99 89 51 67 52 50 17 19 79 29 97 31 83 0 87 84 12 35 31 56 93 76 99 91 11 48 30 93 26 52 19 55 81 63 1 48 37 78 36 62 31 25 96 53 49 24 96 4 91 19 21 48 46 61 16 73 14 11 38 66 38 34 15 19 17 50 62 80 70 66 2 65 42 24 19 80 69 59 46 31 94 82 11 42 24 59 94 35 53 24 24 68 28 
72 50 77 39 73 18 7 74 32 25 36 19 66 4 92 18 2 79 34 91 42 15 84 45 99 96 72 89 99 70 31 83 93 71 13 88 36 85 45 66 88 91 98 40 33 54 76 33 8 82 12 58 91 15 56 85 8 65 74 53 29 98 27 16 50 74 94 80 55 75 9 49 40 74 0 25 59 33 22 69 97 91 8 48 31 57 10 81 6 99 11 54 81 90 64 30 26 39 82 2 23 0 20 24 58 57 7 72 51 77 88 43 13 94 89 52 12 55 4 57 78 9 44 39 3 28 18 18 29 58 15 51 11 40 70 74 37 44 36 46 29 83 35 95 33 91 76 71 61 84 28 96 98 87 17 65 56 63 36 99 67 7 58 94 0 71 19 80 70 19 62 25 26 17 31 52 24 3 41 45 83 87 12 71 41 77 62 60 74 38 35 14 73 46 95 44 52 69 63 10 76 14 8 57 81 40 7 35 19 24 76 53 29 10 18 13 72 35 30 95 8 3 35 63 6 16 25 85 73 11 33 55 67 13 53 66 19 17 5 23 8 7 28 84 23 24 15 75 21 1 94 47 83 1 24 1 59 71 74 40 47 35 3 31 55 80 94 83 2 42 95 49 45 81 95 33 10 37 42 5 43 99 78 99 5 76 98 8 78 53 16 77 1 83 75 48 9 27 51 80 
44 40 26 40 46 60 95 69 68 89 5 2 22 65 94 12 89 40 16 89 81 48 12 34 43 57 94 36 28 86 60 34 97 72 42 13 53 73 1 68 32 16 50 94 7 87 38 49 32 33 11 72 72 25 78 56 21 99 35 47 73 34 45 1 63 97 94 39 72 65 37 49 3 58 22 98 69 2 94 19 68 95 88 76 53 5 14 2 35 43 52 30 30 29 17 4 20 2 72 84 35 95 15 0 39 15 73 54 45 92 33 1 20 2 48 10 22 55 44 62 58 91 27 20 17 16 73 80 23 13 62 1 68 70 66 54 99 24 55 29 97 27 12 16 45 59 2 42 2 26 39 40 10 46 49 78 46 88 98 68 9 85 93 4 29 20 39 19 59 51 91 76 87 21 75 92 53 68 61 95 50 16 28 45 53 40 42 20 19 83 57 85 89 70 93 61 34 48 42 38 72 29 43 43 99 8 50 0 95 2 72 81 77 40 59 60 97 37 2 89 74 91 45 86 19 88 30 99 61 78 95 32 37 91 37 65 15 66 88 13 67 30 20 77 59 62 32 43 61 5 93 82 7 51 37 68 4 59 39 35 52 82 10 97 94 99 42 70 45 93 59 50 78 50 93 75 69 62 98 91 78 72 14 90 4 50 60 35 54 67 26 45 6 12 50 32 32 51 58 11 
92 68 49 68 11 0 47 62 69 68 35 43 22 2 70 26 19 58 31 98 32 60 65 92 56 40 33 13 50 9 92 28 57 51 71 98 34 11 77 51 90 56 33 76 84 23 69 26 67 62 54 74 3 22 37 64 88 82 93 57 24 67 86 20 67 17 85 45 20 46 13 73 85 54 5 81 61 27 87 53 21 94 49 90 85 33 22 78 60 6 87 20 43 20 50 12 42 28 39 57 23 71 21 89 72 70 51 80 31 42 4 23 84 70 23 79 37 73 39 2 16 96 59 33 6 24 33 83 35 23 36 85 42 49 38 47 26 29 23 9 17 61 35 81 52 58 42 80 95 23 10 63 99 85 68 1 57 39 87 38 88 26 97 58 54 8 4 86 23 69 60 77 51 38 69 59 53 6 16 42 76 57 25 14 13 51 0 67 20 21 0 73 43 78 30 75 13 8 94 2 96 79 87 0 46 99 27 80 40 74 50 53 7 57 45 31 54 59 21 52 96 58 27 71 68 29 63 13 86 77 54 52 8 32 85 65 25 30 34 61 28 78 96 8 60 61 2 45 19 54 20 83 64 74 65 44 58 20 76 87 50 71 34 80 15 46 15 5 56 21 53 37 62 79 61 43 84 47 28 80 27 98 73 93 81 21 11 25 5 67 37 54 28 18 51 53 38 91 32 55 
52 90 51 73 44 87 75 35 42 54 94 17 26 1 39 22 14 19 62 6 25 43 33 77 20 38 61 0 88 18 71 28 4 91 27 21 76 59 16 68 6 53 73 28 97 54 68 53 11 20 25 66 35 26 37 61 70 56 24 1 73 26 59 75 12 7 22 56 18 40 17 34 61 86 77 40 42 32 26 75 96 41 71 46 10 54 77 18 71 90 99 99 66 33 37 89 60 22 8 14 60 52 34 95 1 88 50 42 0 61 2 51 74 64 11 41 50 37 65 99 90 29 52 58 62 70 5 70 5 84 65 21 52 69 71 62 37 63 76 73 60 44 36 50 24 38 90 72 24 77 0 97 7 26 49 99 21 49 47 25 19 9 72 22 74 78 87 45 18 79 7 38 16 5 88 83 38 12 24 15 23 85 4 47 79 63 63 2 63 2 31 3 80 45 83 60 64 18 63 64 10 4 66 24 51 12 37 35 89 96 33 73 67 88 47 54 77 26 33 70 5 5 48 23 18 68 48 96 60 7 32 49 52 70 78 16 14 53 85 34 24 72 73 71 72 0 22 1 45 97 37 32 90 54 7 50 68 58 60 85 57 16 44 33 33 77 71 86 76 96 82 75 71 83 99 56 51 12 41 77 80 58 89 35 91 89 72 19 46 27 11 5 12 61 71 26 15 21 45 29 
41 93 37 35 67 72 76 37 8 68 4 10 49 56 71 24 38 38 59 7 49 15 33 56 80 10 75 44 76 3 67 66 73 41 41 25 63 81 68 77 9 56 26 71 36 3 37 31 30 42 36 65 80 67 89 68 41 43 30 11 4 13 43 8 97 90 8 1 19 85 43 97 16 52 48 5 65 79 75 11 20 55 26 18 24 53 52 86 35 60 69 58 97 17 79 56 68 5 68 93 75 92 73 76 52 12 62 27 9 60 47 44 94 18 39 66 75 83 26 52 3 73 44 89 65 5 20 69 66 99 75 67 48 6 30 15 69 72 76 30 51 90 48 36 63 52 1 48 39 59 87 98 76 47 59 17 32 39 82 32 68 66 99 35 69 99 93 10 80 21 90 81 52 77 9 80 35 91 29 9 3 23 15 80 78 56 70 94 96 41 45 49 13 52 64 14 11 75 7 8 92 93 88 85 51 29 99 63 79 57 22 72 28 74 58 41 34 97 88 47 3 5 32 51 65 83 52 28 57 38 92 18 74 73 5 89 32 18 58 26 58 17 70 30 89 15 67 17 59 79 79 77 9 50 32 94 21 69 57 8 39 21 0 71 88 30 66 82 23 52 25 4 96 54 47 86 38 16 31 37 98 92 57 91 80 67 74 24 0 1 65 95 97 58 54 56 28 78 47 24 
65 68 82 87 81 34 15 49 72 8 42 85 21 78 26 6 98 42 83 74 22 19 46 32 20 82 48 52 14 51 12 18 41 36 7 23 94 72 52 35 34 59 60 68 98 91 76 9 86 30 30 7 63 79 25 8 3 26 76 64 92 28 76 41 51 58 85 17 78 32 58 35 76 65 84 51 24 73 50 33 13 47 82 73 32 53 9 18 90 20 71 52 40 72 77 76 0 68 4 65 2 94 91 82 98 90 80 25 56 43 11 78 58 45 10 44 64 93 0 27 34 94 4 67 29 29 37 12 75 68 56 54 33 50 85 43 41 30 86 35 13 4 40 91 81 40 59 21 20 71 76 15 2 11 45 18 24 26 97 16 72 56 65 93 31 48 6 35 28 81 75 52 39 74 73 57 50 48 5 92 59 39 10 93 34 62 5 36 20 39 53 93 4 98 30 85 16 12 28 9 24 35 59 37 79 56 66 67 82 18 32 4 33 61 90 21 22 45 59 46 5 28 21 55 86 25 84 87 41 50 20 26 39 21 81 78 0 98 94 54 68 60 92 93 22 57 60 28 99 83 24 95 63 1 68 89 54 65 63 15 17 55 1 54 31 93 63 14 66 0 19 93 12 23 36 89 3 91 80 54 41 0 52 20 71 46 83 87 48 13 7 8 49 65 9 32 32 12 19 46 
37 10 87 97 99 16 25 73 11 44 1 43 38 20 94 16 4 71 74 55 93 31 92 30 3 69 70 12 52 67 74 97 66 56 35 22 20 17 19 24 46 78 56 13 24 67 12 36 95 96 1 62 52 78 29 71 77 40 61 47 17 12 88 16 4 55 15 95 47 36 82 8 69 7 69 59 46 61 64 24 75 57 48 63 38 47 3 4 63 28 50 5 95 37 21 6 91 97 70 20 33 79 82 45 31 25 48 79 93 22 47 11 0 11 79 76 74 28 30 36 75 71 53 85 64 93 40 32 68 27 26 74 69 88 54 20 84 42 21 49 67 70 97 90 22 20 81 1 24 10 2 56 31 19 41 68 82 99 47 45 66 74 29 73 63 70 40 69 5 17 99 19 14 57 14 76 22 6 63 75 36 85 7 51 38 74 40 6 53 73 80 22 82 76 48 44 68 61 50 87 33 57 88 42 62 68 74 6 43 99 85 78 99 37 9 59 65 51 92 58 87 34 12 99 2 91 35 16 11 33 61 27 68 20 6 49 78 17 52 43 53 49 91 25 16 23 71 44 43 14 62 88 46 94 23 31 12 93 30 65 32 21 92 0 7 13 93 41 42 53 93 76 85 18 16 45 99 93 62 32 64 11 34 73 33 37 60 35 91 4 92 34 51 63 29 39 36 56 11 33 
82 57 81 81 98 56 46 37 73 33 18 64 85 70 11 61 97 75 41 18 12 59 34 11 65 90 58 68 78 21 39 7 67 43 36 93 80 22 19 10 73 25 47 78 52 71 83 71 60 88 84 41 10 14 57 25 49 39 8 70 42 92 76 55 47 89 77 68 79 60 28 43 15 87 60 70 44 74 60 68 33 88 50 60 49 36 43 12 56 4 39 49 6 5 11 10 49 6 66 60 40 97 53 61 56 34 3 56 30 55 39 87 93 19 63 86 86 43 64 11 84 86 51 2 69 12 48 48 10 38 97 38 34 43 58 24 67 78 26 42 80 6 0 5 70 90 86 19 7 70 82 7 44 81 44 17 63 46 79 12 16 60 99 69 30 21 26 3 64 66 50 99 21 67 82 74 3 75 21 52 95 29 39 92 53 18 89 5 49 53 51 59 58 46 44 71 55 39 98 42 39 44 63 13 73 31 39 17 8 15 2 37 23 88 68 93 81 91 95 67 10 66 98 84 77 3 0 92 65 86 66 59 97 55 92 97 25 0 13 34 14 19 70 13 29 92 53 50 35 62 6 94 31 66 34 56 24 39 42 65 44 32 38 11 89 43 99 58 20 64 33 99 28 89 33 77 12 71 98 8 39 21 2 71 54 79 68 19 27 22 48 86 73 98 14 33 8 16 50 88 
98 57 47 89 66 31 71 84 32 2 95 55 26 62 3 38 49 51 56 88 94 92 32 70 59 52 10 63 93 82 14 41 96 33 23 63 61 48 31 15 78 46 51 82 74 39 24 90 84 76 78 55 78 18 43 58 70 15 97 49 96 14 95 59 77 94 17 10 84 75 67 70 65 45 68 26 6 46 95 84 85 96 29 85 6 66 0 81 71 85 64 44 9 18 69 42 65 22 0 69 23 46 65 12 5 92 92 90 23 34 70 31 42 2 62 18 23 37 97 96 21 80 23 44 77 31 47 47 81 52 69 14 6 96 18 89 71 28 27 95 71 91 82 68 6 34 81 33 79 68 56 14 4 30 2 84 47 90 79 90 72 96 4 29 78 57 86 11 62 40 99 92 41 5 62 86 54 15 42 83 72 85 10 8 37 17 52 9 51 65 79 42 14 18 5 40 90 93 0 75 74 35 47 14 2 60 48 38 93 51 57 96 14 89 55 2 63 36 43 98 98 90 36 31 11 66 91 8 75 68 30 40 32 67 2 97 33 8 10 63 59 61 21 6 55 77 63 83 18 66 61 12 39 99 41 79 96 0 72 39 76 10 10 83 87 39 81 20 26 97 26 62 80 81 84 56 97 76 70 91 3 69 51 82 38 58 88 27 96 64 38 13 13 83 49 43 19 35 84 32 
85 43 74 23 49 32 84 28 16 81 19 27 77 20 41 13 72 98 7 14 32 18 70 18 86 11 23 14 69 59 67 28 91 94 66 25 17 12 42 47 98 18 24 15 96 79 47 17 92 82 31 94 55 38 0 76 72 91 11 80 71 91 5 5 3 31 24 73 65 38 34 40 45 14 95 67 44 54 36 81 66 76 64 83 41 80 48 26 62 45 99 19 28 31 28 6 93 32 2 26 35 42 23 16 36 93 20 85 98 33 97 65 3 39 78 22 98 53 17 6 52 30 69 96 93 95 82 44 10 42 90 37 65 73 59 50 92 43 53 4 33 24 38 39 57 67 49 43 27 43 36 69 91 71 14 1 24 79 36 74 45 38 50 13 19 93 8 31 80 24 53 70 50 47 19 76 95 84 56 97 23 56 82 34 2 22 58 50 68 27 10 58 74 94 10 91 23 80 59 82 48 20 43 64 43 7 56 27 62 18 17 97 42 10 53 66 17 5 65 15 69 3 11 65 78 88 8 91 99 96 56 72 16 87 24 49 39 54 49 46 12 25 14 10 73 43 33 36 17 39 30 23 32 84 1 5 52 91 47 28 31 19 90 77 57 45 28 85 87 25 17 97 80 29 4 65 59 5 96 21 61 43 59 26 56 60 26 30 68 78 30 6 93 7 79 8 14 10 59 54 
37 37 1 53 10 19 10 9 44 98 96 40 49 35 22 37 1 9 87 31 47 19 70 54 27 34 89 58 47 35 56 26 96 88 29 58 95 81 30 19 96 69 46 86 30 98 92 56 92 53 4 5 16 85 79 92 0 91 73 86 25 34 97 65 0 28 13 31 2 4 94 91 48 50 10 27 95 48 48 6 80 66 49 60 15 80 41 63 73 18 39 33 63 56 60 92 82 88 52 65 75 73 35 80 92 21 72 34 48 33 40 72 73 34 81 75 96 72 7 68 37 3 15 6 86 18 94 82 0 11 0 59 43 6 25 66 82 46 0 55 69 33 82 57 16 31 13 2 92 61 66 31 8 82 12 26 32 63 19 72 45 63 95 54 5 21 72 87 32 69 53 48 87 28 64 26 76 76 14 38 10 15 79 67 35 75 0 17 83 38 22 86 62 87 98 65 9 33 52 0 21 18 72 6 37 30 40 66 81 37 66 83 3 98 40 48 56 18 29 46 98 53 97 7 97 75 85 49 16 89 44 92 21 69 89 0 72 47 38 22 92 66 73 48 2 43 13 72 77 27 72 17 50 19 38 8 89 3 24 34 61 71 1 37 97 14 52 40 14 24 24 62 91 27 65 14 83 44 68 56 26 2 56 48 22 11 10 20 71 63 30 23 60 26 7 67 44 93 29 10 
41 3 61 45 97 72 16 5 66 98 75 14 30 60 27 24 42 71 49 64 38 27 44 92 74 98 86 39 87 31 11 35 33 89 20 88 83 97 59 19 20 34 76 82 9 31 15 8 83 38 91 84 78 19 90 63 37 31 98 1 40 98 40 47 52 91 6 30 19 50 46 95 52 10 49 16 43 60 42 70 27 20 43 51 79 75 12 57 4 69 70 88 85 15 42 53 40 79 63 4 72 59 13 43 18 88 7 99 77 12 78 50 73 85 50 89 18 83 74 41 32 20 3 29 62 55 34 66 13 59 35 29 34 36 52 84 87 90 33 71 82 62 79 1 58 73 92 84 70 48 28 89 95 24 97 11 5 1 52 5 1 34 5 54 62 42 6 77 2 10 17 65 90 5 59 15 36 53 21 73 3 16 9 81 44 89 60 75 12 88 47 67 46 3 58 46 3 51 73 91 51 67 13 69 30 51 17 87 70 59 89 27 50 93 42 70 39 87 32 20 43 66 28 87 32 72 83 66 37 25 35 33 38 85 82 58 56 23 0 25 68 24 20 95 66 57 3 20 89 23 24 7 80 2 92 74 57 4 2 66 69 66 28 84 8 15 20 5 19 60 81 75 83 17 5 96 39 10 88 98 13 99 86 48 73 76 17 44 63 67 11 85 98 36 78 67 53 47 27 1 
32 56 84 91 46 68 41 28 18 98 48 81 71 53 32 82 33 19 35 88 37 57 44 56 56 70 60 47 71 32 38 99 33 78 84 65 65 75 28 87 46 51 53 84 40 83 87 37 29 45 36 71 44 6 63 2 32 87 69 92 80 86 27 70 25 82 15 66 97 0 2 26 59 80 89 68 71 59 39 3 60 13 26 64 26 10 9 4 77 61 22 49 35 61 0 83 37 4 23 37 5 41 67 85 58 81 1 28 96 79 15 53 54 4 31 12 6 29 23 98 71 43 19 67 8 38 6 58 28 28 45 96 65 56 98 31 2 61 17 37 24 9 13 58 31 8 97 2 81 91 78 79 22 65 84 73 48 63 25 42 82 91 73 28 2 7 8 53 47 82 53 75 74 12 67 8 8 34 57 63 97 57 25 63 67 47 92 0 78 85 40 72 47 39 47 67 79 53 45 98 77 83 8 29 46 84 78 51 32 6 62 26 41 49 42 63 37 85 5 87 39 17 9 75 32 73 31 17 76 50 61 71 37 88 7 23 17 21 54 28 39 65 54 0 81 92 87 11 57 27 69 51 9 1 54 36 40 5 4 57 49 90 76 68 98 38 22 63 6 83 2 71 66 65 55 37 30 11 14 30 14 5 53 11 18 82 4 98 3 36 39 72 31 29 13 40 65 83 49 86 
81 30 4 31 76 11 46 56 43 60 80 1 24 31 45 97 6 37 23 94 82 40 88 22 1 87 2 63 64 64 36 79 86 86 42 21 89 92 91 22 88 93 16 95 95 66 84 78 19 5 42 48 64 47 27 74 52 84 5 38 21 65 15 28 10 11 33 8 94 6 42 38 46 97 88 77 36 20 68 96 23 61 3 39 97 68 84 68 83 8 23 57 88 23 73 65 20 61 33 21 70 7 2 17 72 23 30 31 10 86 39 39 53 11 76 71 94 26 6 22 42 43 92 99 11 52 51 95 28 24 34 75 25 62 97 11 70 57 47 0 45 73 34 94 98 62 38 10 94 99 63 21 85 42 19 73 32 54 77 62 59 89 63 11 96 19 37 11 88 82 47 52 98 3 5 62 85 14 37 37 29 42 5 31 85 83 13 39 91 75 63 17 80 74 85 61 14 9 87 17 83 46 42 13 52 18 24 15 86 7 21 99 95 27 9 88 21 52 23 84 14 49 8 89 4 0 37 12 3 14 95 38 26 65 12 96 87 5 18 32 58 41 41 62 49 78 66 4 85 27 27 52 31 19 66 9 89 52 52 45 87 29 0 54 66 19 8 44 44 67 68 1 59 84 23 82 42 63 94 94 50 90 13 12 62 48 75 54 37 13 41 27 79 66 92 52 62 88 51 51 
22 94 71 83 36 68 57 44 23 70 87 86 63 51 71 56 89 82 28 35 31 98 79 55 58 53 13 97 50 48 97 37 53 85 13 14 38 93 72 52 95 67 2 45 84 56 23 99 90 12 5 77 28 57 81 12 61 67 92 24 82 11 74 15 61 92 66 1 99 91 0 37 98 70 11 79 18 16 35 14 4 82 2 8 99 37 28 39 23 30 13 78 51 54 46 53 99 15 88 29 26 90 40 83 92 47 6 99 15 71 69 32 64 48 38 31 24 82 76 35 36 51 79 75 28 83 44 10 14 2 25 53 43 87 2 4 74 46 66 30 38 28 26 42 96 50 18 90 0 39 45 57 24 54 44 6 65 7 38 34 83 53 74 38 47 76 56 33 27 32 57 31 24 97 77 87 95 12 2 39 62 86 31 53 72 12 50 71 23 99 2 3 41 12 55 24 81 19 15 65 67 51 97 39 59 49 32 5 74 70 98 99 94 98 93 26 59 43 94 43 77 97 77 10 56 12 36 86 69 38 59 46 71 65 59 98 70 88 65 85 15 81 6 5 56 51 33 37 25 53 56 2 75 39 42 14 52 59 9 81 44 63 71 52 10 52 99 23 66 87 93 49 25 43 42 95 89 54 85 5 7 92 72 68 50 96 47 25 86 18 85 32 17 13 73 12 84 38 65 6 
97 12 64 1 72 77 9 17 76 77 54 39 32 30 30 3 73 35 42 11 73 30 94 8 44 79 87 82 54 34 84 12 62 0 66 40 21 84 64 60 46 61 47 74 28 18 1 10 32 90 16 69 25 53 86 84 26 51 42 73 7 63 9 81 66 51 22 23 63 10 19 84 37 78 46 67 80 52 50 63 24 64 61 15 15 29 29 41 9 48 98 22 95 67 44 24 99 66 58 61 18 25 70 24 71 29 29 98 34 47 89 78 56 21 5 24 42 12 17 2 52 58 23 88 31 33 13 62 56 7 36 91 35 40 32 57 8 52 81 6 37 37 18 48 16 57 12 93 2 8 57 64 88 97 85 56 85 1 60 90 13 8 89 9 57 50 75 34 90 81 90 20 22 65 25 37 36 40 81 81 20 40 44 63 99 17 91 66 96 91 48 9 59 63 21 30 20 37 21 12 71 82 80 27 91 95 49 48 25 62 85 65 47 7 95 78 76 2 82 17 57 39 59 95 57 70 67 31 57 60 47 54 15 89 10 4 3 35 51 30 38 19 64 84 63 31 46 94 56 32 70 97 94 29 31 95 19 87 41 11 62 63 13 1 28 1 14 86 47 46 75 66 8 39 94 99 8 79 85 2 85 91 39 87 58 65 53 2 33 44 49 59 26 70 71 65 0 45 54 30 
37 70 89 85 77 83 55 62 19 99 19 3 25 24 4 59 65 60 33 11 32 64 44 90 62 57 52 65 94 87 35 19 55 64 13 55 3 5 30 48 95 27 14 36 80 77 55 36 56 48 2 27 96 39 74 9 52 12 45 61 23 22 97 26 73 68 82 15 18 99 72 58 93 7 80 50 64 28 50 7 2 42 74 29 43 93 95 75 99 43 94 91 6 10 83 15 57 71 26 50 0 87 38 15 68 71 86 32 39 19 82 79 68 7 51 38 11 82 30 77 7 38 91 60 43 11 71 73 37 43 87 15 75 59 85 32 68 32 88 11 77 96 15 53 12 53 90 9 43 26 40 23 37 65 52 19 78 17 11 45 37 6 98 38 75 33 44 16 37 84 25 91 92 97 85 17 56 10 63 15 99 13 58 80 48 13 9 58 68 84 20 66 75 26 10 61 46 31 14 96 12 36 59 47 82 32 59 54 52 52 33 92 12 63 14 73 25 80 49 5 12 73 22 29 65 25 61 26 82 39 94 23 28 17 68 64 87 4 46 33 74 41 14 59 97 93 80 49 46 19 81 33 23 34 9 18 15 34 41 17 82 7 57 43 77 33 89 33 21 20 90 85 96 84 8 69 11 21 62 13 89 63 29 86 91 24 40 71 95 0 63 63 95 18 11 21 84 10 38 19 
50 18 35 27 53 37 0 85 56 64 2 96 58 59 9 51 18 32 81 23 3 93 55 28 80 56 36 83 32 18 91 62 13 33 33 38 38 39 66 44 82 35 81 19 15 70 52 85 84 40 66 28 98 56 37 87 5 1 44 45 33 47 39 41 31 1 68 83 42 48 66 25 81 84 15 90 22 78 12 91 11 70 32 31 1 21 77 88 55 33 18 78 28 68 64 44 31 54 95 21 49 31 79 45 55 89 56 12 98 78 59 74 5 68 55 35 27 64 98 85 52 32 47 47 84 1 28 64 57 96 75 33 39 76 39 96 54 96 92 78 60 13 22 17 46 52 10 1 20 13 45 75 70 10 23 40 65 13 52 5 61 56 68 27 89 52 32 45 6 83 14 67 19 77 45 9 24 4 10 48 52 12 46 61 25 12 70 64 95 58 7 6 76 32 42 30 30 9 31 96 81 93 19 87 79 45 92 78 45 6 76 49 56 54 85 85 44 76 52 91 95 67 87 20 9 21 29 31 31 12 95 67 29 2 40 72 9 9 50 95 56 1 22 4 27 9 30 67 31 15 36 14 12 56 34 2 16 51 68 73 46 77 70 75 13 17 6 72 67 41 88 68 86 69 8 68 53 70 36 96 38 70 23 13 55 89 81 17 62 87 68 57 33 37 54 19 70 12 60 67 
80 66 34 87 38 54 92 89 55 42 81 40 94 43 89 31 95 15 80 37 58 19 37 10 4 70 1 33 19 26 9 26 97 18 96 37 60 0 37 72 8 11 91 70 38 76 74 33 28 28 99 73 92 73 59 81 69 38 13 93 88 31 28 9 32 86 74 89 16 47 42 77 57 83 15 67 86 39 58 70 50 5 66 78 65 75 50 78 2 87 50 84 85 32 98 67 24 74 84 81 43 71 8 91 0 8 21 18 39 70 89 59 82 43 88 11 88 83 61 96 67 75 58 30 95 95 71 5 77 99 29 93 60 44 75 55 35 56 96 84 0 36 18 0 7 48 31 8 49 52 54 91 90 12 32 94 81 57 99 90 20 59 66 46 28 7 82 37 21 10 17 68 89 4 2 20 69 13 77 11 85 70 51 76 29 92 91 84 52 18 37 11 80 8 7 36 53 62 11 60 79 33 77 11 38 76 97 72 9 79 31 66 7 57 17 51 67 18 72 14 26 79 83 79 41 8 80 30 21 14 8 72 20 11 22 33 56 51 67 27 58 69 80 29 7 0 83 79 17 14 67 33 1 2 27 99 88 41 36 73 64 32 90 46 56 71 52 53 94 61 39 53 80 54 2 65 85 53 55 41 18 52 83 40 89 89 6 31 28 2 9 80 84 50 13 10 24 61 57 40 
53 66 51 40 32 88 27 10 90 64 3 81 70 52 54 1 40 66 20 94 65 70 57 44 39 2 33 51 54 41 7 29 8 66 37 66 33 42 68 43 13 51 36 62 6 18 26 24 88 31 40 28 99 75 21 60 25 55 10 46 76 91 64 1 79 21 6 35 27 68 97 80 23 95 66 40 80 34 72 26 76 43 12 67 59 56 97 69 16 4 7 30 78 67 6 75 34 92 2 76 58 98 2 83 2 44 77 97 14 0 12 31 61 29 78 0 65 9 1 83 34 51 93 60 43 14 34 44 82 69 37 9 95 83 22 82 45 46 17 66 88 68 58 2 6 83 87 10 67 6 32 89 10 55 4 88 47 54 31 11 14 81 26 73 1 58 55 53 85 46 9 77 45 35 38 76 59 60 91 99 11 71 47 79 89 80 44 49 98 28 39 49 94 17 58 68 69 68 15 9 8 54 10 82 53 83 99 0 73 20 9 27 36 76 86 91 90 86 25 43 65 25 48 74 71 99 21 56 54 10 3 37 73 16 16 57 44 74 78 59 19 83 35 51 10 77 45 30 81 65 90 23 7 15 71 9 64 85 75 78 36 64 39 2 52 38 23 33 79 54 63 81 5 73 59 11 30 43 72 15 38 77 24 69 84 20 40 51 77 25 48 77 59 90 98 72 62 66 99 66 
13 17 62 97 91 74 14 74 19 28 99 0 18 46 12 80 81 38 71 3 23 77 39 47 96 1 74 90 97 2 47 73 94 41 71 15 46 74 68 65 30 97 13 49 88 96 7 85 77 59 3 78 25 24 50 40 78 87 81 41 32 56 41 90 67 84 69 52 81 58 89 99 9 71 55 67 61 15 4 0 80 46 62 27 19 17 51 1 33 26 84 48 16 31 23 80 70 89 26 64 56 8 85 81 66 80 85 66 91 24 62 32 95 50 90 75 86 74 19 30 86 4 39 44 47 31 74 96 6 43 28 10 40 9 63 74 37 42 51 97 16 77 12 77 85 1 52 58 85 42 30 86 52 99 50 69 96 60 9 13 68 56 48 31 80 10 4 99 52 52 16 21 48 60 23 60 10 82 64 47 84 5 67 50 43 61 44 2 52 86 50 0 46 47 13 71 36 89 92 63 73 89 2 69 77 23 99 25 90 53 97 59 99 7 12 61 68 32 67 95 42 77 15 80 59 20 5 45 13 96 11 40 87 83 47 18 73 52 80 43 74 94 41 13 59 96 87 84 93 63 85 45 10 33 33 2 20 95 22 13 58 73 17 83 43 45 44 47 20 61 9 39 73 65 38 6 31 84 49 38 17 90 83 88 40 18 64 6 36 8 17 8 31 66 1 78 84 35 5 13 
4 32 36 0 60 42 53 41 68 80 90 36 61 97 32 63 33 64 8 87 11 76 98 38 5 86 92 97 82 61 62 12 67 80 75 67 97 17 34 63 60 94 41 78 83 84 26 55 64 68 33 66 73 97 57 82 63 41 22 72 5 47 98 47 56 17 47 72 18 67 17 88 17 67 36 91 26 99 43 19 53 92 42 86 83 88 38 29 65 71 59 53 82 1 54 94 32 87 40 70 75 10 89 7 87 76 77 24 35 74 12 56 1 97 44 84 60 46 8 6 20 83 7 91 0 11 86 39 98 70 81 9 87 87 95 20 96 23 69 84 12 89 21 2 83 44 52 51 20 17 84 18 74 19 73 84 80 49 6 39 70 6 0 27 34 55 63 32 22 50 56 36 24 8 38 68 87 91 75 4 40 98 6 4 93 15 3 60 33 35 46 97 77 39 27 85 88 12 73 59 81 91 50 67 64 39 23 43 50 32 68 83 23 34 66 85 17 41 75 37 67 6 54 47 57 77 67 2 18 16 29 52 67 88 98 58 86 47 83 18 47 54 49 51 69 16 8 85 97 34 74 52 50 12 69 73 28 92 56 87 22 98 83 76 58 72 54 45 73 70 52 93 2 48 76 96 39 87 95 67 97 62 51 76 47 54 80 96 54 24 38 7 91 9 10 63 37 78 4 19 
37 70 44 14 16 4 75 0 56 73 12 72 57 25 0 58 49 81 99 76 38 10 88 20 78 15 71 56 37 8 9 0 51 85 64 91 36 41 75 60 36 81 31 43 98 24 11 49 76 60 86 84 0 88 24 38 65 99 14 39 97 61 61 61 14 73 67 48 50 11 44 7 91 99 8 37 51 89 82 51 9 2 60 60 36 91 28 2 59 21 39 69 5 33 59 2 22 5 31 50 62 34 49 91 62 99 55 81 92 86 43 56 27 5 23 90 55 24 89 8 33 97 66 78 94 88 37 46 68 68 50 33 53 62 31 84 16 1 32 8 74 9 30 17 30 48 97 64 76 18 62 75 86 55 34 37 38 90 65 38 66 32 41 8 46 75 99 87 50 77 58 62 64 24 85 10 54 90 91 46 95 40 45 80 10 71 36 91 27 99 16 18 99 84 40 59 14 57 63 88 55 75 2 90 70 22 14 34 24 77 1 9 56 88 96 58 61 5 88 27 93 12 2 77 40 56 35 48 68 57 71 34 51 99 88 85 49 62 63 78 31 32 43 65 12 61 53 66 56 65 86 6 79 51 34 35 59 32 33 4 36 85 45 61 82 97 56 42 0 74 78 89 24 31 16 69 95 18 50 88 38 12 18 96 41 9 66 69 55 12 64 70 54 90 35 31 61 2 37 33 
67 13 80 72 14 30 9 45 15 57 27 63 16 80 55 36 79 11 12 11 85 8 42 60 7 49 71 61 23 60 13 4 74 3 88 23 41 70 66 62 26 73 94 87 88 62 23 42 6 47 65 52 3 20 36 94 54 4 75 62 0 68 86 73 54 0 28 93 73 1 79 64 95 90 29 50 20 95 32 8 45 71 49 5 59 92 98 69 67 33 47 32 85 7 77 0 86 92 58 58 7 64 96 99 67 0 50 93 32 65 83 91 96 37 28 9 97 53 71 21 63 42 21 27 65 3 94 86 95 99 11 19 34 43 17 90 28 96 39 55 78 42 59 66 40 67 65 61 52 13 49 93 69 73 68 96 24 66 32 71 16 41 19 68 70 75 97 65 48 0 21 26 72 9 66 42 0 12 98 13 60 97 10 2 25 33 59 43 39 23 73 38 61 3 54 84 32 74 9 65 7 1 51 58 53 33 26 74 80 55 29 40 13 14 55 39 83 58 71 31 17 13 51 8 54 35 19 76 27 10 45 34 92 87 27 24 62 64 52 84 24 82 35 79 36 22 72 37 40 19 20 45 22 62 51 12 68 86 28 4 91 93 21 23 7 11 79 55 26 1 8 8 29 40 91 53 44 59 33 36 68 54 86 60 87 9 17 19 82 41 91 55 25 25 0 60 96 59 40 9 
5 24 42 20 94 45 83 10 85 16 97 79 53 30 88 13 30 74 41 72 88 10 57 73 52 85 72 11 52 17 50 27 88 61 94 65 36 9 57 92 63 60 78 90 25 83 52 60 74 29 2 92 91 75 46 27 28 64 39 82 78 99 49 83 89 24 51 1 82 80 3 61 83 81 74 94 59 77 32 84 96 26 2 71 6 14 13 9 2 12 62 57 86 91 13 69 19 41 58 56 0 2 75 37 41 14 38 63 75 81 93 21 38 1 59 72 93 73 84 34 17 52 53 89 36 40 89 37 83 88 11 34 42 52 70 65 59 7 73 36 38 89 98 72 35 70 14 71 25 27 21 43 45 60 76 9 33 25 94 93 15 57 58 10 69 72 15 13 59 96 41 98 91 66 85 21 19 2 90 13 16 52 53 31 54 28 50 87 25 28 48 72 10 89 71 36 52 39 80 8 88 97 84 4 55 41 57 79 47 43 37 90 97 56 84 87 73 28 48 32 70 92 7 96 88 74 2 69 7 26 31 98 87 38 35 87 28 8 21 15 42 58 49 26 37 79 18 91 57 84 27 30 42 97 31 46 70 49 62 45 99 71 41 25 94 3 78 83 20 28 54 88 17 28 16 59 58 61 94 10 91 32 96 5 56 83 15 57 67 39 12 99 31 16 22 86 43 85 85 7 
23 94 40 47 14 79 40 32 51 38 57 4 53 29 22 25 73 94 24 25 51 42 68 80 23 63 50 4 58 30 12 75 99 97 26 0 39 93 45 95 93 82 56 58 54 73 88 60 63 70 62 72 95 48 30 75 72 50 8 89 62 99 2 17 62 92 2 10 59 92 13 40 34 97 72 44 59 85 97 93 49 20 65 36 26 56 53 13 17 44 81 45 3 33 89 30 35 5 22 98 67 90 39 97 72 15 60 29 34 34 6 42 88 46 45 53 36 17 78 93 10 80 58 65 61 58 19 93 87 23 47 43 86 42 6 39 15 5 43 66 70 98 27 72 90 21 10 12 78 97 2 28 84 92 29 1 41 48 97 84 61 34 41 82 0 56 55 81 50 33 12 71 87 79 88 50 70 82 43 97 35 11 67 66 46 47 90 60 10 25 46 27 49 90 36 6 86 20 74 40 5 64 32 79 34 56 5 52 60 31 93 43 47 55 9 98 16 73 71 75 96 95 76 87 88 75 67 68 19 73 7 79 24 63 35 50 85 92 49 64 69 2 84 82 18 9 50 20 26 70 6 1 91 45 49 32 88 77 8 7 67 37 49 64 96 92 89 69 47 1 73 40 80 97 72 0 17 1 28 6 53 66 1 51 80 78 14 41 12 8 1 24 90 80 53 39 51 81 2 12 
85 42 57 12 25 14 48 6 35 75 37 1 16 89 26 64 43 80 7 98 93 88 23 7 17 20 56 53 68 57 45 78 25 91 25 21 81 51 14 3 61 59 55 92 84 68 61 33 86 86 84 97 13 61 90 67 99 26 43 30 32 11 67 24 58 8 97 10 66 74 32 81 77 25 51 5 99 93 84 10 15 44 84 35 99 75 21 77 49 46 93 65 13 73 48 29 33 1 36 37 47 78 75 56 98 33 40 8 83 89 46 6 57 54 5 55 87 43 70 64 41 12 69 31 54 98 40 66 61 26 35 23 33 91 47 69 25 24 64 42 72 17 66 18 41 64 61 71 62 43 95 45 81 41 50 39 44 10 63 62 82 55 67 6 46 73 91 16 64 16 81 23 40 63 33 5 85 70 85 35 15 85 57 31 69 59 41 10 18 65 8 70 64 44 57 62 85 52 21 16 74 83 36 42 49 85 7 80 7 53 33 12 86 43 20 19 27 48 62 68 88 19 37 66 4 61 24 39 95 20 19 18 47 11 61 60 31 69 15 82 15 71 44 38 60 27 83 1 13 34 89 16 10 56 44 17 25 95 99 59 99 33 2 53 68 2 8 48 64 1 59 40 47 5 80 88 28 12 52 24 75 95 82 58 21 32 66 48 47 12 1 21 61 83 94 50 84 74 12 51 
74 68 37 42 6 12 55 47 66 1 33 92 91 90 24 79 0 64 39 6 83 29 7 27 97 59 19 24 3 61 35 56 64 54 90 95 49 34 34 6 91 68 35 2 99 58 81 67 40 2 2 64 8 47 9 58 28 79 4 84 61 46 83 20 47 42 26 67 34 29 5 98 97 16 6 38 34 93 7 85 7 95 64 85 58 81 87 97 57 32 82 26 91 25 57 11 14 82 21 83 43 35 8 26 95 49 94 11 25 66 43 70 19 28 6 54 66 26 73 4 96 71 54 41 17 14 73 36 37 53 91 27 91 42 34 7 34 35 18 22 27 97 16 66 68 79 10 51 91 64 54 49 70 14 90 5 93 9 34 76 96 39 19 70 83 53 65 93 12 74 36 27 60 58 40 23 56 62 60 75 21 90 35 2 82 43 62 24 37 86 30 18 52 16 26 9 89 56 63 11 72 66 38 77 68 69 13 68 33 56 82 87 5 79 8 47 12 9 52 23 56 41 71 27 76 97 36 32 4 50 17 98 99 11 53 8 60 98 56 67 59 36 31 34 86 61 21 37 21 59 70 89 58 50 54 70 17 92 41 82 21 57 30 61 23 5 13 54 39 61 9 61 72 84 70 89 36 11 70 3 76 75 33 96 8 37 27 60 2 78 41 95 59 40 64 17 90 81 53 64 
70 95 64 61 90 71 64 51 23 85 74 83 61 36 61 40 1 78 94 12 3 95 31 96 30 83 25 89 20 65 11 84 76 10 33 24 72 73 81 41 76 23 38 50 68 86 78 14 94 62 42 20 4 20 85 37 46 50 50 10 43 87 61 50 45 7 15 45 27 98 24 2 82 50 87 26 38 37 76 98 69 95 80 81 34 23 73 89 76 22 19 16 5 5 48 22 25 99 95 25 70 50 3 71 62 68 30 35 50 65 82 95 8 63 4 1 32 78 72 85 51 93 40 54 62 13 20 79 93 80 45 75 29 1 92 76 26 30 2 9 69 46 66 34 83 4 30 96 82 87 93 13 68 76 1 8 44 69 93 97 52 96 57 12 48 23 76 32 84 8 50 86 98 52 94 66 96 4 58 17 17 56 86 83 77 31 13 8 33 31 86 73 38 73 75 60 76 16 35 80 36 87 45 17 53 59 71 68 13 29 76 93 39 52 1 2 64 67 42 51 17 54 92 95 75 21 30 18 44 16 57 51 80 97 12 52 66 71 72 39 22 33 59 28 7 43 95 60 41 42 2 48 62 25 35 74 88 31 39 91 60 92 98 2 42 92 59 24 42 61 43 72 45 11 32 29 46 96 92 42 78 98 30 45 50 34 47 15 61 43 42 26 45 42 85 12 42 66 18 64 

